/* Generated Atkinson glyph subset, OFL-1.1; see home_font.h. */
#include "home_font.h"
const uint8_t home_font_bits[] = {
0xc0,0xc0,0xc0,0xc0,0xc0,0x00,0xc0,0xc0,0xf0,0xf0,0x12,0x00,0x12,0x00,0x7f,0x80,0x36,0x00,0x36,0x00,0xff,0x00,0x24,0x00,
0x24,0x00,0x10,0x7c,0xde,0xd0,0xf8,0x1e,0x16,0xd6,0x7c,0x10,0x70,0x80,0x99,0x00,0x9a,0x00,0x76,0x00,0x0d,0xc0,0x0b,0x20,
0x13,0x20,0x21,0xc0,0x38,0x6c,0x6c,0x38,0x73,0xce,0xce,0x7b,0xc0,0xc0,0x20,0x60,0x40,0xc0,0xc0,0xc0,0xc0,0x40,0x60,0x20,
0x80,0xc0,0x40,0x60,0x60,0x60,0x60,0x40,0xc0,0x80,0x20,0xf8,0x20,0x50,0x30,0x30,0x30,0xfc,0x30,0x30,0xc0,0xc0,0x80,0xf0,
0xc0,0xc0,0x18,0x10,0x10,0x30,0x20,0x20,0x60,0x40,0x40,0xc0,0x38,0x4c,0xe6,0xd6,0xd6,0xce,0x6c,0x38,0x30,0xf0,0x30,0x30,
0x30,0x30,0x30,0x30,0x78,0xcc,0x0c,0x0c,0x18,0x30,0x60,0xfc,0x7c,0xc6,0x06,0x38,0x06,0x06,0xc6,0x7c,0x0c,0x1c,0x3c,0x6c,
0xcc,0xfe,0x0c,0x0c,0xfc,0x80,0x80,0xf8,0x8c,0x0c,0x8c,0x78,0x78,0x48,0xc0,0xf8,0xcc,0xcc,0xcc,0x78,0xfc,0x0c,0x08,0x18,
0x10,0x30,0x20,0x60,0x38,0x4c,0x4c,0x7c,0xc6,0xc6,0xc6,0x7c,0x78,0xcc,0xcc,0xcc,0xc8,0x78,0x10,0x30,0xc0,0xc0,0x00,0x00,
0xc0,0xc0,0xc0,0xc0,0x00,0x00,0x00,0xc0,0xc0,0x80,0x04,0x3c,0xe0,0xe0,0x3c,0x04,0xfc,0x00,0xfc,0x80,0xf0,0x1c,0x1c,0xf0,
0x80,0xf8,0x8c,0x0c,0x38,0x60,0x00,0x60,0x60,0x3e,0x00,0x61,0x00,0xdc,0x80,0xa4,0x80,0xa4,0x80,0x9b,0x00,0x60,0x00,0x3c,
0x00,0x18,0x1c,0x3c,0x24,0x66,0x7e,0x42,0xc3,0xf8,0xcc,0xcc,0xf8,0xc6,0xc6,0xc6,0xfc,0x3c,0x66,0xc0,0xc0,0xc0,0xc0,0x62,
0x3c,0xf8,0xcc,0xc6,0xc6,0xc6,0xc6,0xcc,0xf8,0xfc,0xc0,0xc0,0xf8,0xc0,0xc0,0xc0,0xfc,0xfc,0xc0,0xc0,0xc0,0xfc,0xc0,0xc0,
0xc0,0x3c,0x66,0xc0,0xc0,0xcf,0xc3,0x67,0x3f,0xc6,0xc6,0xc6,0xfe,0xc6,0xc6,0xc6,0xc6,0xf0,0x60,0x60,0x60,0x60,0x60,0x60,
0xf0,0x0c,0x0c,0x0c,0x0c,0x0c,0x0c,0xcc,0x78,0xc6,0xcc,0xd8,0xf0,0xf8,0xcc,0xcc,0xc6,0xc0,0xc0,0xc0,0xc0,0xc0,0xc0,0xc0,
0xfc,0xe3,0x80,0xe3,0x80,0xf7,0x80,0xd5,0x80,0xd5,0x80,0xd5,0x80,0xdd,0x80,0xc9,0x80,0xe6,0xe6,0xf6,0xd6,0xd6,0xde,0xce,
0xce,0x3c,0x66,0xc3,0xc3,0xc3,0xc3,0x66,0x3c,0xfc,0xc6,0xc6,0xc6,0xfc,0xc0,0xc0,0xc0,0x3c,0x00,0x66,0x00,0xc3,0x00,0xc3,
0x00,0xcb,0x00,0xcf,0x00,0x66,0x00,0x3f,0x80,0xfc,0xc6,0xc6,0xc6,0xfc,0xd8,0xcc,0xc6,0x7c,0xc4,0xc0,0xfc,0x3e,0x06,0xc6,
0x7c,0xfe,0x30,0x30,0x30,0x30,0x30,0x30,0x30,0xc6,0xc6,0xc6,0xc6,0xc6,0xc6,0xc6,0x7c,0xc2,0x46,0x66,0x64,0x2c,0x3c,0x38,
0x18,0xcc,0x40,0x4c,0xc0,0x4e,0xc0,0x6a,0xc0,0x7a,0x80,0x3a,0x80,0x33,0x80,0x33,0x80,0x66,0x66,0x3c,0x18,0x18,0x3c,0x66,
0xc3,0xc3,0x66,0x2c,0x3c,0x18,0x18,0x18,0x18,0xfc,0x0c,0x18,0x30,0x30,0x60,0xc0,0xfc,0xf0,0xc0,0xc0,0xc0,0xc0,0xc0,0xc0,
0xc0,0xc0,0xf0,0xc0,0x40,0x60,0x60,0x20,0x30,0x30,0x10,0x18,0x18,0xf0,0x30,0x30,0x30,0x30,0x30,0x30,0x30,0x30,0xf0,0x20,
0x70,0xd0,0x88,0xf8,0x80,0x78,0x4c,0x3c,0xec,0xcc,0x7c,0xc0,0xc0,0xf8,0xcc,0xcc,0xcc,0xcc,0xf8,0x78,0xc8,0xc0,0xc0,0xc8,
0x78,0x0c,0x0c,0x7c,0xcc,0xcc,0xcc,0xcc,0x7c,0x78,0xcc,0xfc,0xc0,0xc8,0x78,0x70,0x60,0xf0,0x60,0x60,0x60,0x60,0x60,0x7c,
0xcc,0xcc,0xcc,0xcc,0x7c,0x0c,0x78,0xc0,0xc0,0xf8,0xcc,0xcc,0xcc,0xcc,0xcc,0x60,0x60,0x00,0xe0,0x60,0x60,0x60,0x60,0x60,
0x30,0x30,0x00,0x30,0x30,0x30,0x30,0x30,0x30,0x30,0xe0,0xc0,0xc0,0xcc,0xd8,0xf0,0xf0,0xd8,0xcc,0xc0,0xc0,0xc0,0xc0,0xc0,
0xc0,0xc0,0xe0,0xfb,0x80,0xcc,0xc0,0xcc,0xc0,0xcc,0xc0,0xcc,0xc0,0xcc,0xc0,0xf8,0xcc,0xcc,0xcc,0xcc,0xcc,0x78,0xcc,0xcc,
0xcc,0xcc,0x78,0xf8,0xcc,0xcc,0xcc,0xcc,0xf8,0xc0,0xc0,0x7c,0xcc,0xcc,0xcc,0xcc,0x7c,0x0c,0x0f,0xf0,0xe0,0xc0,0xc0,0xc0,
0xc0,0x78,0xc0,0xf0,0x38,0x88,0x78,0x60,0x60,0xf0,0x60,0x60,0x60,0x60,0x70,0xcc,0xcc,0xcc,0xcc,0xcc,0x7c,0xcc,0x4c,0x68,
0x78,0x38,0x30,0xc9,0x59,0x57,0x77,0x76,0x36,0x4c,0x78,0x30,0x30,0x78,0xcc,0x98,0xd8,0xd0,0x50,0x70,0x60,0x60,0xc0,0xf8,
0x18,0x30,0x60,0xc0,0xf8,0x70,0x60,0x60,0x60,0xc0,0x60,0x60,0x60,0x60,0x70,0xc0,0xc0,0xc0,0xc0,0xc0,0xc0,0xc0,0xc0,0xc0,
0xc0,0xc0,0xc0,0xe0,0x60,0x60,0x60,0x30,0x60,0x60,0x60,0x60,0xe0,0xc8,0xb8,0xc0,0xc0,0x00,0xc0,0xc0,0xc0,0xc0,0xc0,0x20,
0x70,0xe8,0xe0,0xe0,0xe8,0x78,0x20,0x78,0xc8,0xc0,0xf0,0x60,0x40,0xc0,0xfc,0xfc,0xcc,0xcc,0xcc,0xfc,0xc6,0x66,0x6c,0x3c,
0x18,0x7c,0x7c,0x18,0xc0,0xc0,0xc0,0xc0,0x00,0x00,0x00,0xc0,0xc0,0xc0,0xc0,0x78,0x48,0x60,0xf8,0x8c,0xec,0x7c,0x18,0x48,
0x78,0xf0,0x3c,0x42,0x99,0xa1,0xa1,0x99,0x42,0x3c,0x60,0x70,0xb0,0xf0,0x6c,0xd8,0xb0,0xd8,0x6c,0xfe,0x06,0x06,0x06,0xfc,
0x84,0xdc,0xd4,0xa4,0xb4,0xd4,0x8c,0xfc,0x3c,0x42,0xb9,0xb9,0xa9,0xad,0x42,0x3c,0xf0,0x60,0x90,0x90,0x60,0x30,0x30,0xfc,
0x30,0x00,0xfc,0x70,0x10,0x60,0xf0,0xe0,0x40,0x20,0xe0,0x80,0xfc,0x84,0xdc,0xd4,0xa4,0xb4,0xd4,0x8c,0xfc,0x7c,0x68,0xe8,
0x68,0x28,0x28,0x28,0x28,0x28,0x28,0xc0,0xc0,0x80,0xc0,0xc0,0x40,0x40,0x40,0xc0,0xa0,0xa0,0xe0,0xd8,0x78,0x6c,0x78,0xd8,
0x42,0x00,0xc6,0x00,0x44,0x00,0x48,0x00,0x13,0x00,0x35,0x00,0x27,0x80,0x41,0x00,0x43,0x00,0xc6,0x00,0x44,0x00,0x4b,0x80,
0x18,0x80,0x31,0x80,0x23,0x00,0x47,0x80,0x61,0x00,0x23,0x00,0x62,0x00,0x34,0x00,0xe9,0x80,0x1b,0x80,0x13,0xc0,0x20,0x80,
0x30,0x30,0x00,0x30,0x60,0xc0,0xc8,0x78,0x20,0x10,0x00,0x18,0x1c,0x3c,0x24,0x66,0x7e,0x42,0xc3,0x04,0x08,0x00,0x18,0x1c,
0x3c,0x24,0x66,0x7e,0x42,0xc3,0x18,0x3c,0x00,0x18,0x1c,0x3c,0x24,0x66,0x7e,0x42,0xc3,0x34,0x2c,0x00,0x18,0x1c,0x3c,0x24,
0x66,0x7e,0x42,0xc3,0x3c,0x00,0x18,0x18,0x3c,0x24,0x64,0x7e,0x42,0xc3,0x38,0x48,0x38,0x38,0x28,0x6c,0x6c,0x7c,0xc6,0xc2,
0x0f,0xe0,0x1e,0x00,0x16,0x00,0x37,0x80,0x66,0x00,0x7e,0x00,0xc6,0x00,0xc7,0xe0,0x3c,0x66,0xc0,0xc0,0xc0,0xc0,0x62,0x3c,
0x10,0x18,0x20,0x30,0x00,0xfc,0xc0,0xc0,0xf8,0xc0,0xc0,0xc0,0xfc,0x08,0x18,0x00,0xfc,0xc0,0xc0,0xf8,0xc0,0xc0,0xc0,0xfc,
0x30,0x68,0x00,0xfc,0xc0,0xc0,0xf8,0xc0,0xc0,0xc0,0xfc,0x6c,0x00,0xfe,0xc0,0xc0,0xf8,0xc0,0xc0,0xc0,0xfe,0x80,0x40,0x00,
0xf0,0x60,0x60,0x60,0x60,0x60,0x60,0xf0,0x10,0x20,0x00,0xf0,0x60,0x60,0x60,0x60,0x60,0x60,0xf0,0x60,0xf0,0x00,0xf0,0x60,
0x60,0x60,0x60,0x60,0x60,0xf0,0xf0,0x00,0xf0,0x60,0x60,0x60,0x60,0x60,0x60,0xf0,0x7c,0x66,0x63,0xf3,0x63,0x63,0x66,0x7c,
0x34,0x2c,0x00,0xe6,0xe6,0xf6,0xd6,0xd6,0xde,0xce,0xce,0x10,0x00,0x3c,0x66,0xc3,0xc3,0xc3,0xc3,0x66,0x3c,0x08,0x00,0x3c,
0x66,0xc3,0xc3,0xc3,0xc3,0x66,0x3c,0x18,0x00,0x3c,0x66,0xc3,0xc3,0xc3,0xc3,0x66,0x3c,0x14,0x2c,0x00,0x3c,0x66,0xc3,0xc3,
0xc3,0xc3,0x66,0x3c,0x3c,0x00,0x3c,0x66,0xc3,0xc3,0xc3,0xc3,0x66,0x3c,0x80,0xd8,0x70,0x70,0xd8,0x80,0x3e,0x66,0xc7,0xcb,
0xd3,0xe3,0x66,0x7c,0x30,0x00,0xc6,0xc6,0xc6,0xc6,0xc6,0xc6,0xc6,0x7c,0x18,0x00,0xc6,0xc6,0xc6,0xc6,0xc6,0xc6,0xc6,0x7c,
0x10,0x28,0x00,0xc6,0xc6,0xc6,0xc6,0xc6,0xc6,0xc6,0x7c,0x6c,0x00,0xc6,0xc6,0xc6,0xc6,0xc6,0xc6,0xc6,0x7c,0x04,0x08,0x00,
0xc3,0x66,0x2c,0x3c,0x18,0x18,0x18,0x18,0xc0,0xc0,0xfc,0xc6,0xc6,0xfc,0xc0,0xc0,0x78,0xcc,0xcc,0xd8,0xc6,0xc6,0xc6,0xdc,
0x20,0x00,0x78,0x4c,0x3c,0xec,0xcc,0x7c,0x10,0x00,0x78,0x4c,0x3c,0xec,0xcc,0x7c,0x38,0x00,0x78,0x4c,0x3c,0xec,0xcc,0x7c,
0x38,0x58,0x00,0x78,0x4c,0x3c,0xec,0xcc,0x7c,0x78,0x00,0x78,0x4c,0x3c,0xec,0xcc,0x7c,0x30,0x28,0x30,0x00,0x78,0x4c,0x3c,
0xec,0xcc,0x7c,0x7f,0x80,0x0c,0xc0,0x7f,0xc0,0xcc,0x00,0xcc,0x80,0x77,0x80,0x78,0xc8,0xc0,0xc0,0xc8,0x78,0x20,0x38,0x20,
0x00,0x78,0xcc,0xfc,0xc0,0xc8,0x78,0x18,0x00,0x78,0xcc,0xfc,0xc0,0xc8,0x78,0x38,0x00,0x78,0xcc,0xfc,0xc0,0xc8,0x78,0x78,
0x00,0x78,0xcc,0xfc,0xc0,0xc0,0x78,0xc0,0x00,0xe0,0x60,0x60,0x60,0x60,0x60,0x30,0x00,0xe0,0x60,0x60,0x60,0x60,0x60,0xf0,
0x00,0xe0,0x60,0x60,0x60,0x60,0x60,0xf0,0x00,0xe0,0x60,0x60,0x60,0x60,0x60,0x38,0x18,0x0c,0x7c,0xcc,0xcc,0xcc,0x78,0x68,
0x58,0x00,0xf8,0xcc,0xcc,0xcc,0xcc,0xcc,0x20,0x00,0x78,0xcc,0xcc,0xcc,0xcc,0x78,0x10,0x00,0x78,0xcc,0xcc,0xcc,0xcc,0x78,
0x30,0x00,0x78,0xcc,0xcc,0xcc,0xcc,0x78,0x30,0x58,0x00,0x78,0xcc,0xcc,0xcc,0xcc,0x78,0x78,0x00,0x78,0xcc,0xcc,0xcc,0xcc,
0x78,0x30,0x30,0x00,0xfc,0x30,0x30,0x7c,0xdc,0xdc,0xec,0xec,0xf8,0x20,0x00,0xcc,0xcc,0xcc,0xcc,0xcc,0x7c,0x10,0x00,0xcc,
0xcc,0xcc,0xcc,0xcc,0x7c,0x78,0x00,0xcc,0xcc,0xcc,0xcc,0xcc,0x7c,0xd8,0x00,0xcc,0xcc,0xcc,0xcc,0xcc,0x7c,0x30,0x00,0x98,
0xd8,0xd0,0x50,0x70,0x60,0x60,0xc0,0xc0,0xc0,0xf8,0xcc,0xcc,0xcc,0xcc,0xf8,0xc0,0xc0,0x78,0x00,0xcc,0x48,0x78,0x78,0x30,
0x30,0x20,0xe0,0x3c,0x00,0x18,0x3c,0x3c,0x24,0x66,0x7e,0xc3,0xc3,0x78,0x00,0x78,0x4c,0x3c,0xec,0xcc,0x7c,0x1c,0x00,0x18,
0x1c,0x3c,0x24,0x66,0x7e,0x42,0xc3,0x38,0x00,0x78,0x4c,0x3c,0xec,0xcc,0x7c,0x38,0x38,0x28,0x6c,0x4c,0xfc,0xc6,0x86,0x04,
0x06,0x78,0x4c,0x3c,0xec,0xcc,0x7c,0x18,0x0c,0x0c,0x00,0x3c,0x66,0xc0,0xc0,0xc0,0xc0,0x62,0x3c,0x18,0x00,0x78,0xc8,0xc0,
0xc0,0xc8,0x78,0xfc,0x84,0xdc,0xd4,0xa4,0xb4,0xd4,0x8c,0xfc,0xfc,0x84,0xdc,0xd4,0xa4,0xb4,0xd4,0x8c,0xfc,0x18,0x00,0x3c,
0x66,0xc0,0xc0,0xc0,0xc0,0x62,0x3c,0x30,0x00,0x78,0xc8,0xc0,0xc0,0xc8,0x78,0x24,0x18,0x00,0x3c,0x66,0xc0,0xc0,0xc0,0xc0,
0x62,0x3c,0x38,0x00,0x78,0xc8,0xc0,0xc0,0xc8,0x78,0x38,0x30,0x00,0xf8,0xcc,0xc6,0xc6,0xc6,0xc6,0xcc,0xf8,0x0d,0x0d,0x7c,
0xcc,0xcc,0xcc,0xcc,0x7c,0x7c,0x66,0x63,0xf3,0x63,0x63,0x66,0x7c,0x1e,0x0c,0x7c,0xcc,0xcc,0xcc,0xcc,0x7c,0x78,0x00,0xfc,
0xc0,0xc0,0xf8,0xc0,0xc0,0xc0,0xfc,0x78,0x00,0x78,0x8c,0xfc,0x80,0xc8,0x78,0xfc,0x84,0xdc,0xd4,0xa4,0xb4,0xd4,0x8c,0xfc,
0xfc,0x84,0xdc,0xd4,0xa4,0xb4,0xd4,0x8c,0xfc,0x30,0x00,0xfc,0xc0,0xc0,0xf8,0xc0,0xc0,0xc0,0xfc,0x30,0x00,0x78,0xcc,0xfc,
0x80,0xc8,0x78,0xfc,0xc0,0xc0,0xf0,0xc0,0xc0,0xc0,0xfc,0x08,0x0c,0x78,0xcc,0xfc,0xc0,0xc8,0x78,0x10,0x18,0x68,0x30,0x00,
0xfc,0xc0,0xc0,0xf8,0xc0,0xc0,0xc0,0xfc,0x38,0x00,0x78,0xcc,0xfc,0xc0,0xc8,0x78,0xfc,0x84,0xdc,0xd4,0xa4,0xb4,0xd4,0x8c,
0xfc,0xfc,0x84,0xdc,0xd4,0xa4,0xb4,0xd4,0x8c,0xfc,0x18,0x00,0x3c,0x66,0xc0,0xc0,0xcf,0xc3,0x67,0x3f,0x28,0x30,0x00,0x7c,
0xcc,0xcc,0xcc,0xcc,0x7c,0x0c,0x78,0x18,0x00,0x3c,0x66,0xc0,0xc0,0xcf,0xc3,0x63,0x3f,0x30,0x00,0x7c,0xcc,0xcc,0xcc,0xcc,
0x7c,0x0c,0x78,0x3c,0x66,0xc0,0xc0,0xcf,0xc3,0x67,0x3f,0x00,0x18,0x08,0x10,0x30,0x30,0x00,0x7c,0xcc,0xcc,0xcc,0xcc,0x7c,
0x0c,0x78,0xfc,0x84,0xdc,0xd4,0xa4,0xb4,0xd4,0x8c,0xfc,0xfc,0x84,0xdc,0xd4,0xa4,0xb4,0xd4,0x8c,0xfc,0xc3,0xff,0xc3,0xff,
0xc3,0xc3,0xc3,0xc3,0x60,0xf0,0x7c,0x66,0x66,0x66,0x66,0x66,0xfc,0x84,0xdc,0xd4,0xa4,0xb4,0xd4,0x8c,0xfc,0xfc,0x84,0xdc,
0xd4,0xa4,0xb4,0xd4,0x8c,0xfc,0xf0,0x00,0xf0,0x60,0x60,0x60,0x60,0x60,0x60,0xf0,0xf0,0x00,0xe0,0x60,0x60,0x60,0x60,0x60,
0xfc,0x84,0xdc,0xd4,0xa4,0xb4,0xd4,0x8c,0xfc,0xfc,0x84,0xdc,0xd4,0xa4,0xb4,0xd4,0x8c,0xfc,0xf0,0x60,0x60,0x60,0x60,0x60,
0x60,0xf0,0x20,0x30,0x60,0x60,0x00,0xe0,0x60,0x60,0x60,0x60,0x60,0x40,0x60,0x60,0x00,0xf0,0x60,0x60,0x60,0x60,0x60,0x60,
0xf0,0xe0,0x60,0x60,0x60,0x60,0x60,0xf0,0x60,0x60,0x60,0x60,0x60,0x60,0x60,0x60,0x60,0x60,0x60,0x66,0x60,0xf3,0xc0,0x6c,
0x6c,0x00,0xec,0x6c,0x6c,0x6c,0x6c,0x6c,0x0c,0x1c,0xfc,0x84,0xdc,0xd4,0xa4,0xb4,0xd4,0x8c,0xfc,0xfc,0x84,0xdc,0xd4,0xa4,
0xb4,0xd4,0x8c,0xfc,0xcc,0xcc,0xd8,0xf0,0xf8,0xd8,0xcc,0xc6,0x00,0x10,0x10,0xc0,0xc0,0xd8,0xd0,0xe0,0xf0,0xd8,0xd8,0x00,
0x20,0x20,0xfc,0x84,0xdc,0xd4,0xa4,0xb4,0xd4,0x8c,0xfc,0x18,0x10,0x00,0xc0,0xc0,0xc0,0xc0,0xc0,0xc0,0xc0,0xfc,0x20,0x40,
0x00,0xc0,0xc0,0xc0,0xc0,0xc0,0xc0,0xc0,0xe0,0xc0,0xc0,0xc0,0xc0,0xc0,0xc0,0xc0,0xf8,0x00,0x20,0x20,0xc0,0xc0,0xc0,0xc0,
0xc0,0xc0,0xc0,0xe0,0x00,0x40,0xc0,0xd0,0xd0,0xc0,0xc0,0xc0,0xc0,0xc0,0xfc,0xd0,0xd0,0xc0,0xc0,0xc0,0xc0,0xc0,0xe0,0xfc,
0x84,0xdc,0xd4,0xa4,0xb4,0xd4,0x8c,0xfc,0xfc,0x84,0xdc,0xd4,0xa4,0xb4,0xd4,0x8c,0xfc,0x60,0x60,0x68,0x70,0x60,0xe0,0x60,
0x7e,0x60,0x60,0x60,0x70,0xe0,0xe0,0x60,0x70,0x08,0x18,0x00,0xe6,0xe6,0xf6,0xd6,0xd6,0xde,0xce,0xce,0x10,0x00,0xf8,0xcc,
0xcc,0xcc,0xcc,0xcc,0xe6,0xe6,0xf6,0xd6,0xd6,0xde,0xce,0xce,0x00,0x10,0x10,0xf8,0xcc,0xcc,0xcc,0xcc,0xcc,0x00,0x30,0x30,
0x28,0x10,0x00,0xe6,0xe6,0xf6,0xd6,0xd6,0xde,0xce,0xce,0x78,0x00,0xf8,0xcc,0xcc,0xcc,0xcc,0xcc,0xfc,0x84,0xdc,0xd4,0xa4,
0xb4,0xd4,0x8c,0xfc,0xfc,0x84,0xdc,0xd4,0xa4,0xb4,0xd4,0x8c,0xfc,0xfc,0x84,0xdc,0xd4,0xa4,0xb4,0xd4,0x8c,0xfc,0xfc,0x84,
0xdc,0xd4,0xa4,0xb4,0xd4,0x8c,0xfc,0xfc,0x84,0xdc,0xd4,0xa4,0xb4,0xd4,0x8c,0xfc,0xfc,0x84,0xdc,0xd4,0xa4,0xb4,0xd4,0x8c,
0xfc,0xfc,0x84,0xdc,0xd4,0xa4,0xb4,0xd4,0x8c,0xfc,0x14,0x00,0x3c,0x66,0xc3,0xc3,0xc3,0xc3,0x66,0x3c,0x28,0x00,0x78,0xcc,
0xcc,0xcc,0xcc,0x78,0x3f,0xf0,0x67,0x00,0xc3,0x00,0xc3,0xc0,0xc3,0x00,0xc3,0x00,0x67,0x00,0x3f,0xf0,0x7b,0xc0,0xc6,0x60,
0xc7,0xe0,0xc6,0x00,0xc6,0x40,0x7b,0xc0,0x08,0x18,0x00,0xfc,0xc6,0xc6,0xc6,0xfc,0xd8,0xcc,0xc6,0x20,0x00,0xf0,0xe0,0xc0,
0xc0,0xc0,0xc0,0xfc,0x84,0xdc,0xd4,0xa4,0xb4,0xd4,0x8c,0xfc,0xfc,0x84,0xdc,0xd4,0xa4,0xb4,0xd4,0x8c,0xfc,0x38,0x00,0xfc,
0xc6,0xc6,0xc6,0xfc,0xd8,0xcc,0xc6,0xe0,0x00,0xf0,0xe0,0xc0,0xc0,0xc0,0xc0,0x18,0x00,0x7c,0xc4,0xc0,0xfc,0x3e,0x06,0xc6,
0x7c,0x10,0x00,0x78,0xc0,0xf0,0x38,0x88,0x78,0xfc,0x84,0xdc,0xd4,0xa4,0xb4,0xd4,0x8c,0xfc,0xfc,0x84,0xdc,0xd4,0xa4,0xb4,
0xd4,0x8c,0xfc,0x7c,0xc4,0xc0,0xfc,0x3e,0x06,0xc6,0x7c,0x20,0x38,0x78,0xc0,0xf0,0x38,0x88,0x78,0x20,0x30,0x6c,0x30,0x00,
0x7c,0xc4,0xc0,0xfc,0x3e,0x06,0xc6,0x7c,0x70,0x00,0x78,0xc0,0xf0,0x38,0x88,0x78,0xfe,0x30,0x30,0x30,0x30,0x30,0x30,0x30,
0x20,0x30,0x60,0x60,0xf0,0x60,0x60,0x60,0x60,0x70,0x20,0x70,0x78,0x30,0x00,0xfe,0x30,0x30,0x30,0x30,0x30,0x30,0x30,0x08,
0x10,0x60,0xf0,0x60,0x60,0x60,0x60,0x70,0xfc,0x84,0xdc,0xd4,0xa4,0xb4,0xd4,0x8c,0xfc,0xfc,0x84,0xdc,0xd4,0xa4,0xb4,0xd4,
0x8c,0xfc,0xfc,0x84,0xdc,0xd4,0xa4,0xb4,0xd4,0x8c,0xfc,0xfc,0x84,0xdc,0xd4,0xa4,0xb4,0xd4,0x8c,0xfc,0x78,0x00,0xc6,0xc6,
0xc6,0xc6,0xc6,0xc6,0xc6,0x7c,0x78,0x00,0xcc,0xcc,0xcc,0xcc,0xcc,0x7c,0xfc,0x84,0xdc,0xd4,0xa4,0xb4,0xd4,0x8c,0xfc,0xfc,
0x84,0xdc,0xd4,0xa4,0xb4,0xd4,0x8c,0xfc,0x10,0x28,0x28,0xd6,0xc6,0xc6,0xc6,0xc6,0xc6,0xc6,0x7c,0x30,0x58,0x30,0x00,0xcc,
0xcc,0xcc,0xcc,0xcc,0x7c,0x04,0x3c,0x00,0xc6,0xc6,0xc6,0xc6,0xc6,0xc6,0xc6,0x7c,0x2c,0x00,0xcc,0xcc,0xcc,0xcc,0xcc,0x7c,
0xc6,0xc6,0xc6,0xc6,0xc6,0xc6,0xc6,0x7c,0x08,0x0c,0xcc,0xcc,0xcc,0xcc,0xcc,0x7c,0x18,0x1c,0x0c,0x00,0x0a,0x00,0x00,0x00,
0xcc,0x40,0x4c,0xc0,0x4e,0xc0,0x6a,0xc0,0x7a,0x80,0x3a,0x80,0x33,0x80,0x33,0x80,0x1c,0x00,0xc9,0x59,0x57,0x77,0x76,0x36,
0x3c,0x00,0xc3,0x66,0x2c,0x3c,0x18,0x18,0x18,0x18,0x70,0x00,0x98,0xd8,0xd0,0x50,0x70,0x60,0x60,0xc0,0x3c,0x00,0xc3,0x66,
0x3c,0x3c,0x18,0x18,0x18,0x18,0x08,0x10,0x00,0xfc,0x0c,0x18,0x30,0x30,0x60,0xc0,0xfc,0x30,0x00,0xf8,0x18,0x30,0x60,0xc0,
0xf8,0x30,0x00,0xfc,0x0c,0x18,0x30,0x30,0x60,0xc0,0xfc,0x30,0x00,0xf8,0x18,0x30,0x60,0xe0,0xf8,0x78,0x30,0x00,0xfc,0x0c,
0x18,0x30,0x30,0x60,0xc0,0xfc,0x70,0x00,0xf8,0x18,0x30,0x60,0xc0,0xf8,0xfc,0x84,0xdc,0xd4,0xa4,0xb4,0xd4,0x8c,0xfc,0xfc,
0x84,0xdc,0xd4,0xa4,0xb4,0xd4,0x8c,0xfc,0xfc,0x84,0xdc,0xd4,0xa4,0xb4,0xd4,0x8c,0xfc,0xf8,0xff,0x80,0x40,0xc0,0xc0,0xc0,
0xc0,0x80,0x50,0xd0,0xf0,0xd8,0xd0,0x90,0x60,0xf0,0xf0,0x60,0xdb,0xdb,0xfc,0x84,0xdc,0xd4,0xa4,0xb4,0xd4,0x8c,0xfc,0xfc,
0x84,0xdc,0xd4,0xa4,0xb4,0xd4,0x8c,0xfc,0x1e,0x33,0x60,0xf8,0xf0,0x60,0x33,0x1e,0xfc,0xc0,0xc0,0xc0,0xc0,0xc0,0xc0,0xc0,
0x00,0xe0,0xe0,0xe0,0xd8,0xd8,0xd8,0x19,0x80,0x19,0x80,0x31,0x80,0xff,0xc0,0x33,0x00,0x33,0x00,0x33,0x00,0xff,0xc0,0x63,
0x00,0x66,0x00,0x66,0x00,0x08,0x00,0x3e,0x00,0x7f,0x00,0xc9,0x00,0xc8,0x00,0xf8,0x00,0x3f,0x00,0x0f,0x80,0x09,0x80,0xc9,
0x80,0xff,0x00,0x3e,0x00,0x08,0x00,0x78,0x30,0xcc,0x60,0xcc,0xc0,0xcc,0x80,0xcd,0x80,0x7b,0x38,0x02,0xee,0x06,0xc6,0x0c,
0xc6,0x08,0xee,0x10,0x38,0x1e,0x00,0x33,0x00,0x33,0x00,0x3f,0x00,0x1e,0x00,0x7c,0xc0,0xee,0xc0,0xc7,0xc0,0xc3,0x80,0x63,
0x80,0x3e,0xc0,0xc0,0xc0,0xc0,0x30,0x60,0x60,0x60,0xc0,0xc0,0xc0,0xc0,0xc0,0xc0,0xe0,0x60,0x60,0x30,0xc0,0x60,0x60,0x60,
0x30,0x30,0x30,0x30,0x30,0x30,0x60,0x60,0x60,0xc0,0x30,0xb4,0xfc,0x78,0x78,0x08,0x18,0x18,0x18,0x18,0xff,0x18,0x18,0x18,
0xe0,0xe0,0x60,0x40,0xc0,0xf8,0xe0,0xe0,0xe0,0x0c,0x0c,0x0c,0x18,0x18,0x18,0x30,0x30,0x30,0x60,0x60,0x60,0xc0,0x3e,0x00,
0x63,0x00,0x71,0x00,0xf1,0x80,0xd9,0x80,0xcd,0x80,0xcd,0x80,0xc7,0x80,0x43,0x00,0x63,0x00,0x3e,0x00,0x18,0x18,0xf8,0x18,
0x18,0x18,0x18,0x18,0x18,0x18,0x18,0x3c,0x63,0x03,0x03,0x07,0x06,0x0e,0x1c,0x38,0x60,0xff,0x3c,0x67,0x43,0x03,0x06,0x1c,
0x07,0x03,0x43,0xe6,0x3c,0x06,0x00,0x0e,0x00,0x1e,0x00,0x1e,0x00,0x36,0x00,0x66,0x00,0xe6,0x00,0xff,0x80,0x06,0x00,0x06,
0x00,0x06,0x00,0x7f,0x60,0x40,0xc0,0xfc,0xe6,0x03,0x03,0x43,0xe6,0x3c,0x3e,0x66,0x40,0xc0,0xfc,0xe6,0xc3,0xc3,0xc3,0x66,
0x3c,0xff,0x07,0x06,0x06,0x0e,0x0c,0x1c,0x18,0x38,0x30,0x70,0x3c,0x66,0x66,0x66,0x66,0x7e,0xe7,0xc3,0xc3,0xe7,0x3c,0x3c,
0x66,0xc3,0xc3,0xc3,0xe7,0x7e,0x3e,0x0c,0x1c,0x18,0xe0,0xe0,0xe0,0x00,0x00,0xe0,0xe0,0xe0,0xe0,0xe0,0xe0,0x00,0x00,0x00,
0xe0,0xe0,0x60,0x40,0xc0,0x01,0x0f,0x3e,0xf0,0xf0,0x3c,0x0f,0x03,0xff,0x00,0x00,0xff,0x80,0xf0,0x7c,0x0f,0x0f,0x3c,0xf0,
0xc0,0x7e,0xe3,0x03,0x07,0x1e,0x18,0x38,0x00,0x38,0x38,0x38,0x1f,0x00,0x20,0xc0,0x40,0x40,0x9f,0x20,0xb3,0x20,0xb3,0x20,
0xb3,0x20,0x9d,0xc0,0x40,0x00,0x30,0x00,0x1f,0x00,0x0e,0x00,0x0e,0x00,0x1f,0x00,0x1b,0x00,0x3b,0x00,0x3b,0x80,0x33,0x80,
0x71,0x80,0x7f,0xc0,0x60,0xc0,0xe0,0xc0,0xfe,0x00,0xc3,0x00,0xc3,0x00,0xc3,0x00,0xc3,0x00,0xfe,0x00,0xc3,0x80,0xc1,0x80,
0xc1,0x80,0xc3,0x80,0xfe,0x00,0x1f,0x00,0x63,0x80,0x61,0x00,0xc0,0x00,0xc0,0x00,0xc0,0x00,0xc0,0x00,0xc0,0x00,0x61,0x00,
0x63,0x80,0x1f,0x00,0xfc,0x00,0xc7,0x00,0xc3,0x00,0xc1,0x80,0xc1,0x80,0xc1,0x80,0xc1,0x80,0xc1,0x80,0xc3,0x00,0xc7,0x00,
0xfc,0x00,0xff,0xc0,0xc0,0xc0,0xc0,0xfc,0xc0,0xc0,0xc0,0xc0,0xff,0xff,0xc0,0xc0,0xc0,0xc0,0xff,0xc0,0xc0,0xc0,0xc0,0xc0,
0x1f,0x00,0x71,0x80,0x60,0x00,0xc0,0x00,0xc0,0x00,0xc7,0xc0,0xc0,0xc0,0xc0,0xc0,0x60,0xc0,0x71,0xc0,0x1f,0xc0,0xc1,0x80,
0xc1,0x80,0xc1,0x80,0xc1,0x80,0xc1,0x80,0xff,0x80,0xc1,0x80,0xc1,0x80,0xc1,0x80,0xc1,0x80,0xc1,0x80,0xf8,0x30,0x30,0x30,
0x30,0x30,0x30,0x30,0x30,0x30,0xf8,0x06,0x06,0x06,0x06,0x06,0x06,0x06,0x06,0xc6,0xcc,0x78,0xc3,0x00,0xc7,0x00,0xce,0x00,
0xdc,0x00,0xf8,0x00,0xf8,0x00,0xfc,0x00,0xce,0x00,0xc6,0x00,0xc3,0x00,0xc3,0x80,0xc0,0xc0,0xc0,0xc0,0xc0,0xc0,0xc0,0xc0,
0xc0,0xc0,0xff,0xf0,0xf0,0xf0,0xf0,0xf0,0xf0,0xf0,0xf0,0xd9,0xb0,0xd9,0xb0,0xd9,0xb0,0xcf,0x30,0xcf,0x30,0xcf,0x30,0xc6,
0x30,0xe1,0x80,0xf1,0x80,0xf1,0x80,0xf9,0x80,0xd9,0x80,0xdd,0x80,0xcd,0x80,0xcf,0x80,0xc7,0x80,0xc7,0x80,0xc3,0x80,0x1f,
0x00,0x31,0x80,0x60,0xc0,0xc0,0x60,0xc0,0x60,0xc0,0x60,0xc0,0x60,0xc0,0x60,0x60,0xc0,0x31,0x80,0x1f,0x00,0xfc,0xc6,0xc3,
0xc3,0xc3,0xc6,0xfc,0xc0,0xc0,0xc0,0xc0,0x1f,0x00,0x31,0x80,0x60,0xc0,0xc0,0x60,0xc0,0x60,0xc2,0x60,0xc7,0x60,0xc3,0xe0,
0x61,0xe0,0x31,0xc0,0x1f,0xf0,0xfc,0xc6,0xc3,0xc3,0xc3,0xc7,0xfe,0xcc,0xce,0xc6,0xc3,0x3e,0x47,0xc0,0xe0,0xfc,0x7f,0x3f,
0x03,0x43,0xc2,0x7c,0xff,0x80,0x0c,0x00,0x0c,0x00,0x0c,0x00,0x0c,0x00,0x0c,0x00,0x0c,0x00,0x0c,0x00,0x0c,0x00,0x0c,0x00,
0x0c,0x00,0xc1,0x80,0xc1,0x80,0xc1,0x80,0xc1,0x80,0xc1,0x80,0xc1,0x80,0xc1,0x80,0xc1,0x80,0xc1,0x80,0x63,0x00,0x3e,0x00,
0xe0,0xc0,0x61,0xc0,0x61,0x80,0x71,0x80,0x33,0x80,0x33,0x00,0x33,0x00,0x1f,0x00,0x1e,0x00,0x1e,0x00,0x0e,0x00,0xe3,0x1c,
0x63,0x9c,0x67,0x98,0x67,0x98,0x67,0x98,0x34,0xb8,0x3c,0xf0,0x3c,0xf0,0x3c,0xf0,0x3c,0xf0,0x18,0x60,0x61,0xc0,0x71,0x80,
0x3b,0x80,0x1f,0x00,0x1e,0x00,0x0e,0x00,0x1f,0x00,0x1b,0x00,0x3b,0x80,0x71,0xc0,0xe0,0xc0,0xe1,0xc0,0x61,0x80,0x73,0x80,
0x33,0x00,0x1e,0x00,0x1e,0x00,0x0c,0x00,0x0c,0x00,0x0c,0x00,0x0c,0x00,0x0c,0x00,0xff,0x07,0x0e,0x0c,0x1c,0x18,0x38,0x30,
0x70,0xe0,0xff,0xf0,0xc0,0xc0,0xc0,0xc0,0xc0,0xc0,0xc0,0xc0,0xc0,0xc0,0xc0,0xc0,0xf0,0xe0,0x60,0x60,0x70,0x30,0x30,0x18,
0x18,0x18,0x0c,0x0c,0x0c,0x06,0xf0,0x30,0x30,0x30,0x30,0x30,0x30,0x30,0x30,0x30,0x30,0x30,0x30,0xf0,0x10,0x38,0x3c,0x6c,
0x66,0xc6,0xfc,0xc0,0x40,0x7c,0x46,0x06,0x3e,0xf6,0xc6,0xce,0x7e,0xc0,0xc0,0xc0,0xfc,0xe6,0xc3,0xc3,0xc3,0xc3,0xe6,0xfc,
0x3c,0x66,0xc0,0xc0,0xc0,0xc0,0x66,0x3c,0x03,0x03,0x03,0x3f,0x67,0xc3,0xc3,0xc3,0xc3,0x67,0x3f,0x3c,0x66,0xc3,0xff,0xc0,
0xc0,0x66,0x3e,0x38,0x60,0x60,0xf8,0x60,0x60,0x60,0x60,0x60,0x60,0x60,0x3f,0x67,0xc3,0xc3,0xc3,0xc3,0x67,0x3f,0x03,0x62,
0x3c,0xc0,0xc0,0xc0,0xfc,0xe6,0xc6,0xc6,0xc6,0xc6,0xc6,0xc6,0x60,0x00,0x00,0xe0,0x60,0x60,0x60,0x60,0x60,0x60,0x60,0x30,
0x00,0x00,0x30,0x30,0x30,0x30,0x30,0x30,0x30,0x30,0x30,0x30,0xe0,0xc0,0xc0,0xc0,0xce,0xdc,0xd8,0xf0,0xf8,0xdc,0xce,0xc6,
0xc0,0xc0,0xc0,0xc0,0xc0,0xc0,0xc0,0xc0,0xc0,0xc0,0xf0,0xfd,0xe0,0xe7,0x30,0xc6,0x30,0xc6,0x30,0xc6,0x30,0xc6,0x30,0xc6,
0x30,0xc6,0x30,0xfc,0xe6,0xc6,0xc6,0xc6,0xc6,0xc6,0xc6,0x3c,0x66,0xc3,0xc3,0xc3,0xc3,0x66,0x3c,0xfc,0xe6,0xc3,0xc3,0xc3,
0xc3,0xe6,0xfc,0xc0,0xc0,0xc0,0x3f,0x00,0x67,0x00,0xc3,0x00,0xc3,0x00,0xc3,0x00,0xc3,0x00,0x67,0x00,0x3f,0x00,0x03,0x00,
0x03,0x00,0x01,0xc0,0xd8,0xf8,0xe0,0xc0,0xc0,0xc0,0xc0,0xc0,0x7c,0xc4,0xe0,0xfc,0x7e,0x06,0xc6,0x7c,0x60,0x60,0xf8,0x60,
0x60,0x60,0x60,0x60,0x60,0x78,0xc6,0xc6,0xc6,0xc6,0xc6,0xc6,0xc6,0x7e,0xe3,0x67,0x66,0x66,0x36,0x3c,0x3c,0x1c,0xc6,0x60,
0x6e,0x60,0x6e,0x60,0x6f,0x60,0x6b,0xc0,0x39,0xc0,0x39,0xc0,0x39,0xc0,0x67,0x76,0x3c,0x1c,0x1c,0x3e,0x76,0xe3,0xe3,0x66,
0x66,0x66,0x3c,0x3c,0x3c,0x18,0x18,0x18,0x70,0xfe,0x0e,0x1c,0x38,0x38,0x70,0xe0,0xfe,0x1c,0x30,0x30,0x30,0x30,0x30,0x30,
0xe0,0x30,0x30,0x30,0x30,0x30,0x1c,0xc0,0xc0,0xc0,0xc0,0xc0,0xc0,0xc0,0xc0,0xc0,0xc0,0xc0,0xc0,0xc0,0xc0,0xc0,0xc0,0xe0,
0x30,0x30,0x30,0x30,0x30,0x30,0x1c,0x30,0x30,0x30,0x30,0x30,0xe0,0x73,0xcf,0xe0,0xe0,0xe0,0x00,0xc0,0xc0,0xc0,0xc0,0xc0,
0xc0,0xc0,0x10,0x38,0x7e,0xd0,0xd0,0xd0,0xd0,0x7e,0x38,0x10,0x3e,0x63,0x60,0x60,0x60,0xfc,0x30,0x30,0x30,0x61,0xff,0xfe,
0xee,0xc6,0xc6,0xc6,0xee,0xfe,0x80,0xe0,0xe0,0x61,0xc0,0x73,0x80,0x33,0x80,0x3f,0x00,0x1e,0x00,0x0e,0x00,0x3f,0x80,0x0c,
0x00,0x3f,0x80,0x0c,0x00,0xc0,0xc0,0xc0,0xc0,0xc0,0xc0,0x00,0x00,0x00,0x00,0xc0,0xc0,0xc0,0xc0,0xc0,0xc0,0x3c,0x66,0x60,
0x70,0x7c,0xce,0xc7,0xf3,0x7f,0x3e,0x0e,0x06,0x66,0x3c,0xd8,0x1f,0x00,0x20,0x80,0x40,0x40,0x9e,0x60,0xb2,0x20,0xb0,0x20,
0xb0,0x20,0x9e,0x20,0x40,0x40,0x20,0x80,0x1f,0x00,0x70,0x10,0xf8,0xd8,0xf8,0x37,0x66,0xec,0xec,0x66,0x33,0xff,0x80,0x01,
0x80,0x01,0x80,0x01,0x80,0x01,0x80,0xff,0x81,0xc7,0xa5,0xa9,0x99,0x99,0xa9,0xa5,0xc5,0x83,0xff,0x1f,0x00,0x20,0x80,0x40,
0x40,0x9f,0x60,0x9b,0x20,0x9e,0x20,0x9e,0x20,0x9b,0x20,0x40,0x40,0x20,0x80,0x1f,0x00,0xf8,0x70,0xd8,0xd8,0xd8,0x70,0x18,
0x18,0xff,0x18,0x18,0x00,0x00,0xff,0x70,0xc8,0x08,0x18,0x30,0xe0,0xf8,0xe0,0x90,0x10,0x60,0x10,0x90,0xf0,0x60,0xc0,0xff,
0x81,0xc7,0xa5,0xa9,0x99,0x99,0xa9,0xa5,0xc5,0x83,0xff,0x3f,0x7b,0x7b,0xfb,0x7b,0x3b,0x1b,0x1b,0x1b,0x1b,0x1b,0x1b,0x1b,
0x1b,0xe0,0xe0,0xe0,0x80,0xe0,0xe0,0x20,0x60,0xe0,0x20,0x20,0x20,0x20,0xe0,0xb0,0x90,0xb0,0xe0,0xec,0x66,0x33,0x33,0x66,
0xec,0x60,0xc0,0xe1,0x80,0x63,0x80,0x63,0x00,0x66,0x00,0x6e,0x60,0x0c,0xe0,0x19,0x60,0x3b,0x60,0x33,0xe0,0x60,0x60,0x60,
0xc0,0xe1,0x80,0x63,0x00,0x63,0x00,0x66,0x00,0x6c,0xe0,0x0c,0x30,0x18,0x30,0x38,0x60,0x30,0xc0,0x61,0xf0,0x70,0x60,0x98,
0xc0,0x19,0xc0,0x71,0x80,0x1b,0x00,0xf7,0x30,0x06,0x70,0x0c,0xb0,0x1d,0xb0,0x19,0xf0,0x30,0x30,0x1c,0x1c,0x1c,0x00,0x1c,
0x38,0x78,0xe0,0xc0,0xc7,0x7e,0x18,0x00,0x0c,0x00,0x00,0x00,0x0e,0x00,0x0e,0x00,0x1f,0x00,0x1b,0x00,0x3b,0x00,0x3b,0x80,
0x33,0x80,0x71,0x80,0x7f,0xc0,0x60,0xc0,0xe0,0xc0,0x03,0x00,0x06,0x00,0x00,0x00,0x0e,0x00,0x0e,0x00,0x1f,0x00,0x1b,0x00,
0x3b,0x00,0x3b,0x80,0x33,0x80,0x71,0x80,0x7f,0xc0,0x60,0xc0,0xe0,0xc0,0x0e,0x00,0x1b,0x00,0x00,0x00,0x0e,0x00,0x0e,0x00,
0x1f,0x00,0x1b,0x00,0x3b,0x00,0x3b,0x80,0x33,0x80,0x71,0x80,0x7f,0xc0,0x60,0xc0,0xe0,0xc0,0x1d,0x00,0x17,0x00,0x00,0x00,
0x0e,0x00,0x0e,0x00,0x1f,0x00,0x1b,0x00,0x3b,0x00,0x3b,0x80,0x33,0x80,0x71,0x80,0x7f,0xc0,0x60,0xc0,0xe0,0xc0,0x36,0x00,
0x00,0x00,0x1c,0x00,0x1c,0x00,0x3e,0x00,0x36,0x00,0x36,0x00,0x77,0x00,0x63,0x00,0x63,0x00,0xff,0x80,0xc1,0x80,0xc1,0x80,
0x0c,0x00,0x12,0x00,0x1e,0x00,0x0c,0x00,0x1e,0x00,0x1e,0x00,0x33,0x00,0x33,0x00,0x33,0x00,0x73,0x80,0x7f,0x80,0xe1,0xc0,
0xc0,0xc0,0x07,0xfe,0x07,0x80,0x0d,0x80,0x0d,0x80,0x1d,0x80,0x19,0xf8,0x39,0x80,0x31,0x80,0x7f,0x80,0x61,0x80,0xc1,0xfe,
0x1f,0x00,0x71,0x80,0x60,0x00,0xc0,0x00,0xc0,0x00,0xc0,0x00,0xc0,0x00,0xc0,0x00,0x60,0x00,0x71,0x80,0x1f,0x00,0x08,0x00,
0x06,0x00,0x1e,0x00,0x60,0x30,0x00,0xff,0xc0,0xc0,0xc0,0xc0,0xfc,0xc0,0xc0,0xc0,0xc0,0xff,0x0c,0x1c,0x00,0xff,0xc0,0xc0,
0xc0,0xc0,0xfc,0xc0,0xc0,0xc0,0xc0,0xff,0x3c,0x66,0x00,0xff,0xc0,0xc0,0xc0,0xc0,0xfc,0xc0,0xc0,0xc0,0xc0,0xff,0x66,0x00,
0xff,0xc0,0xc0,0xc0,0xc0,0xfc,0xc0,0xc0,0xc0,0xc0,0xff,0x60,0x60,0x00,0xf8,0x30,0x30,0x30,0x30,0x30,0x30,0x30,0x30,0x30,
0xf8,0x18,0x18,0x00,0xf8,0x30,0x30,0x30,0x30,0x30,0x30,0x30,0x30,0x30,0xf8,0x20,0x70,0xd8,0x00,0xf8,0x30,0x30,0x30,0x30,
0x30,0x30,0x30,0x30,0x30,0xf8,0xd8,0x00,0xf8,0x30,0x30,0x30,0x30,0x30,0x30,0x30,0x30,0x30,0xf8,0x7e,0x00,0x63,0x80,0x61,
0x80,0x60,0xc0,0x60,0xc0,0xfc,0xc0,0x60,0xc0,0x60,0xc0,0x61,0x80,0x63,0x80,0x7e,0x00,0x3a,0x00,0x2e,0x00,0x00,0x00,0xe1,
0x80,0xf1,0x80,0xf1,0x80,0xf9,0x80,0xd9,0x80,0xdd,0x80,0xcd,0x80,0xcf,0x80,0xc7,0x80,0xc7,0x80,0xc3,0x80,0x18,0x00,0x0c,
0x00,0x00,0x00,0x1f,0x00,0x31,0x80,0x60,0xc0,0xc0,0x60,0xc0,0x60,0xc0,0x60,0xc0,0x60,0xc0,0x60,0x60,0xc0,0x31,0x80,0x1f,
0x00,0x03,0x00,0x06,0x00,0x00,0x00,0x1f,0x00,0x31,0x80,0x60,0xc0,0xc0,0x60,0xc0,0x60,0xc0,0x60,0xc0,0x60,0xc0,0x60,0x60,
0xc0,0x31,0x80,0x1f,0x00,0x0e,0x00,0x1b,0x00,0x00,0x00,0x1f,0x00,0x31,0x80,0x60,0xc0,0xc0,0x60,0xc0,0x60,0xc0,0x60,0xc0,
0x60,0xc0,0x60,0x60,0xc0,0x31,0x80,0x1f,0x00,0x1d,0x00,0x37,0x00,0x00,0x00,0x1f,0x00,0x31,0x80,0x60,0xc0,0xc0,0x60,0xc0,
0x60,0xc0,0x60,0xc0,0x60,0xc0,0x60,0x60,0xc0,0x31,0x80,0x1f,0x00,0x1b,0x00,0x00,0x00,0x1f,0x00,0x31,0x80,0x60,0xc0,0xc0,
0x60,0xc0,0x60,0xc0,0x60,0xc0,0x60,0xc0,0x60,0x60,0xc0,0x31,0x80,0x1f,0x00,0xc6,0xec,0x78,0x38,0x7c,0xce,0x04,0x1f,0xc0,
0x31,0xc0,0x61,0xe0,0xc3,0x60,0xc6,0x60,0xc4,0x60,0xcc,0x60,0xd8,0x60,0xf0,0xc0,0x71,0x80,0x7f,0x00,0x30,0x00,0x18,0x00,
0x00,0x00,0xc1,0x80,0xc1,0x80,0xc1,0x80,0xc1,0x80,0xc1,0x80,0xc1,0x80,0xc1,0x80,0xc1,0x80,0xc1,0x80,0x63,0x00,0x3e,0x00,
0x06,0x00,0x0c,0x00,0x00,0x00,0xc1,0x80,0xc1,0x80,0xc1,0x80,0xc1,0x80,0xc1,0x80,0xc1,0x80,0xc1,0x80,0xc1,0x80,0xc1,0x80,
0x63,0x00,0x3e,0x00,0x1c,0x00,0x36,0x00,0x00,0x00,0xc1,0x80,0xc1,0x80,0xc1,0x80,0xc1,0x80,0xc1,0x80,0xc1,0x80,0xc1,0x80,
0xc1,0x80,0xc1,0x80,0x63,0x00,0x3e,0x00,0x36,0x00,0x00,0x00,0xc1,0x80,0xc1,0x80,0xc1,0x80,0xc1,0x80,0xc1,0x80,0xc1,0x80,
0xc1,0x80,0xc1,0x80,0xc1,0x80,0x63,0x00,0x3e,0x00,0x06,0x00,0x04,0x00,0x00,0x00,0xe1,0xc0,0x61,0x80,0x73,0x80,0x33,0x00,
0x1e,0x00,0x1e,0x00,0x0c,0x00,0x0c,0x00,0x0c,0x00,0x0c,0x00,0x0c,0x00,0xc0,0xc0,0xc0,0xfe,0xc7,0xc3,0xc3,0xc3,0xfe,0xc0,
0xc0,0x7c,0xc6,0xc6,0xc6,0xdc,0xc6,0xc3,0xc3,0xc3,0xc7,0xde,0x60,0x30,0x00,0x7c,0x46,0x06,0x3e,0xf6,0xc6,0xce,0x7e,0x0c,
0x18,0x00,0x7c,0x46,0x06,0x3e,0xf6,0xc6,0xce,0x7e,0x18,0x6c,0x00,0x7c,0x46,0x06,0x3e,0xf6,0xc6,0xce,0x7e,0x36,0x7c,0x00,
0x7c,0x46,0x06,0x3e,0xf6,0xc6,0xce,0x7e,0x66,0x00,0x00,0x7c,0xc6,0x06,0x3e,0xf6,0xc6,0xce,0x7e,0x18,0x24,0x24,0x18,0x00,
0x3c,0x46,0x06,0x3e,0xf6,0xc6,0xce,0x7e,0x3d,0xf0,0x67,0x18,0x07,0x18,0x3f,0xf8,0xe6,0x00,0xc7,0x00,0xc7,0x10,0x7d,0xf0,
0x3c,0x66,0xc0,0xc0,0xc0,0xc0,0x66,0x3c,0x10,0x08,0x38,0x30,0x10,0x00,0x3c,0x66,0xc3,0xff,0xc0,0xc0,0x66,0x3e,0x04,0x0c,
0x00,0x3c,0x66,0xc3,0xff,0xc0,0xc0,0x66,0x3e,0x18,0x34,0x00,0x3c,0x66,0xc3,0xff,0xc0,0xc0,0x66,0x3e,0x36,0x00,0x00,0x3c,
0x62,0xe3,0xff,0xe0,0xe0,0x62,0x3e,0x80,0xc0,0x00,0xe0,0x60,0x60,0x60,0x60,0x60,0x60,0x60,0x30,0x20,0x00,0xe0,0x60,0x60,
0x60,0x60,0x60,0x60,0x60,0x30,0xd8,0x00,0x70,0x30,0x30,0x30,0x30,0x30,0x30,0x30,0xd8,0x00,0x00,0x70,0x30,0x30,0x30,0x30,
0x30,0x30,0x30,0x3e,0x0e,0x1e,0x03,0x3f,0x67,0xc3,0xc3,0xc3,0x66,0x3c,0x74,0x5c,0x00,0xfc,0xe6,0xc6,0xc6,0xc6,0xc6,0xc6,
0xc6,0x20,0x30,0x00,0x3c,0x66,0xc3,0xc3,0xc3,0xc3,0x66,0x3c,0x04,0x0c,0x00,0x3c,0x66,0xc3,0xc3,0xc3,0xc3,0x66,0x3c,0x18,
0x3c,0x00,0x3c,0x66,0xc3,0xc3,0xc3,0xc3,0x66,0x3c,0x36,0x6c,0x00,0x3c,0x66,0xc3,0xc3,0xc3,0xc3,0x66,0x3c,0x66,0x00,0x00,
0x3c,0x66,0xc3,0xc3,0xc3,0xc3,0x66,0x3c,0x18,0x00,0x00,0x00,0xff,0x00,0x00,0x18,0x3f,0x67,0xcf,0xcb,0xd3,0xf3,0xe6,0xfc,
0x60,0x30,0x00,0xc6,0xc6,0xc6,0xc6,0xc6,0xc6,0xc6,0x7e,0x0c,0x18,0x00,0xc6,0xc6,0xc6,0xc6,0xc6,0xc6,0xc6,0x7e,0x38,0x6c,
0x00,0xc6,0xc6,0xc6,0xc6,0xc6,0xc6,0xc6,0x7e,0x6c,0x00,0x00,0xc6,0xc6,0xc6,0xc6,0xc6,0xc6,0xc6,0x7e,0x04,0x0c,0x00,0xe3,
0x66,0x66,0x66,0x3c,0x3c,0x3c,0x18,0x18,0x18,0x70,0xc0,0xc0,0xc0,0xfc,0xe6,0xc3,0xc3,0xc3,0xc3,0xe6,0xfc,0xc0,0xc0,0xc0,
0x6c,0x00,0x00,0xc6,0xc6,0xec,0x6c,0x6c,0x68,0x38,0x38,0x30,0x30,0xe0,0x1f,0x00,0x00,0x00,0x0e,0x00,0x0e,0x00,0x1f,0x00,
0x1b,0x00,0x1b,0x00,0x3b,0x80,0x31,0x80,0x71,0xc0,0x7f,0xc0,0x60,0xc0,0xe0,0xe0,0x7c,0x00,0x00,0x7c,0xc6,0x06,0x3e,0xf6,
0xc6,0xce,0x7e,0x13,0x00,0x0e,0x00,0x00,0x00,0x0e,0x00,0x0e,0x00,0x1f,0x00,0x1b,0x00,0x3b,0x00,0x3b,0x80,0x33,0x80,0x71,
0x80,0x7f,0xc0,0x60,0xc0,0xe0,0xc0,0x2c,0x38,0x00,0x7c,0x46,0x06,0x3e,0xf6,0xc6,0xce,0x7e,0x0c,0x00,0x1e,0x00,0x1e,0x00,
0x3e,0x00,0x37,0x00,0x33,0x00,0x73,0x80,0x73,0x80,0x7f,0x80,0xe1,0xc0,0xc0,0xc0,0x01,0x80,0x01,0x80,0x01,0xc0,0x7c,0x46,
0x06,0x3e,0xf6,0xc6,0xce,0x7e,0x0c,0x0e,0x02,0x00,0x06,0x00,0x00,0x00,0x1f,0x00,0x63,0x80,0x61,0x00,0xc0,0x00,0xc0,0x00,
0xc0,0x00,0xc0,0x00,0xc0,0x00,0x61,0x00,0x63,0x80,0x1f,0x00,0x04,0x0c,0x00,0x3c,0x66,0xc0,0xc0,0xc0,0xc0,0x66,0x3c,0xff,
0x81,0xc7,0xa5,0xa9,0x99,0x99,0xa9,0xa5,0xc5,0x83,0xff,0xff,0x81,0xc7,0xa5,0xa9,0x99,0x99,0xa9,0xa5,0xc5,0x83,0xff,0x0c,
0x00,0x00,0x00,0x1f,0x00,0x63,0x80,0x61,0x00,0xc0,0x00,0xc0,0x00,0xc0,0x00,0xc0,0x00,0xc0,0x00,0x61,0x00,0x63,0x80,0x1f,
0x00,0x18,0x00,0x00,0x3c,0x66,0xc0,0xc0,0xc0,0xc0,0x66,0x3c,0x33,0x00,0x1e,0x00,0x0c,0x00,0x00,0x00,0x1f,0x00,0x63,0x80,
0x61,0x00,0xc0,0x00,0xc0,0x00,0xc0,0x00,0xc0,0x00,0xc0,0x00,0x61,0x00,0x63,0x80,0x1f,0x00,0x3c,0x18,0x00,0x3c,0x66,0xc0,
0xc0,0xc0,0xc0,0x66,0x3c,0x34,0x00,0x18,0x00,0x00,0x00,0xfc,0x00,0xc7,0x00,0xc3,0x00,0xc1,0x80,0xc1,0x80,0xc1,0x80,0xc1,
0x80,0xc1,0x80,0xc3,0x00,0xc7,0x00,0xfc,0x00,0x03,0x60,0x03,0x40,0x03,0x40,0x3f,0x00,0x67,0x00,0xc3,0x00,0xc3,0x00,0xc3,
0x00,0xc3,0x00,0x67,0x00,0x3f,0x00,0x7e,0x00,0x63,0x80,0x61,0x80,0x60,0xc0,0x60,0xc0,0xfc,0xc0,0x60,0xc0,0x60,0xc0,0x61,
0x80,0x63,0x80,0x7e,0x00,0x03,0x00,0x0f,0xc0,0x03,0x00,0x3f,0x00,0x67,0x00,0xc3,0x00,0xc3,0x00,0xc3,0x00,0xc3,0x00,0x67,
0x00,0x3f,0x00,0x7c,0x00,0xff,0xc0,0xc0,0xc0,0xc0,0xfc,0xc0,0xc0,0xc0,0xc0,0xff,0x3e,0x00,0x00,0x3c,0x62,0xc3,0xff,0xc0,
0xe0,0x62,0x3e,0xff,0x81,0xc7,0xa5,0xa9,0x99,0x99,0xa9,0xa5,0xc5,0x83,0xff,0xff,0x81,0xc7,0xa5,0xa9,0x99,0x99,0xa9,0xa5,
0xc5,0x83,0xff,0x18,0x00,0xff,0xc0,0xc0,0xc0,0xc0,0xfc,0xc0,0xc0,0xc0,0xc0,0xff,0x18,0x00,0x00,0x3c,0x66,0xc3,0xff,0xc0,
0xc0,0x66,0x3e,0xff,0xc0,0xc0,0xc0,0xc0,0xfc,0xc0,0xc0,0xc0,0xc0,0xff,0x06,0x06,0x07,0x3c,0x62,0xc3,0xff,0xc0,0xe0,0x62,
0x3e,0x0c,0x0c,0x0e,0x2c,0x18,0x00,0xff,0xc0,0xc0,0xc0,0xc0,0xfc,0xc0,0xc0,0xc0,0xc0,0xff,0x3c,0x18,0x00,0x3c,0x66,0xc3,
0xff,0xc0,0xc0,0x66,0x3e,0xff,0x81,0xc7,0xa5,0xa9,0x99,0x99,0xa9,0xa5,0xc5,0x83,0xff,0xff,0x81,0xc7,0xa5,0xa9,0x99,0x99,
0xa9,0xa5,0xc5,0x83,0xff,0x33,0x00,0x1e,0x00,0x00,0x00,0x1f,0x00,0x71,0x80,0x60,0x00,0xc0,0x00,0xc0,0x00,0xc7,0xc0,0xc0,
0xc0,0xc0,0xc0,0x60,0xc0,0x71,0xc0,0x1f,0xc0,0x24,0x1c,0x00,0x3f,0x67,0xc3,0xc3,0xc3,0xc3,0x67,0x3f,0x03,0x62,0x3c,0x0c,
0x00,0x00,0x00,0x1f,0x00,0x71,0x80,0x60,0x00,0xc0,0x00,0xc0,0x00,0xc7,0xc0,0xc0,0xc0,0xc0,0xc0,0x60,0xc0,0x71,0xc0,0x1f,
0xc0,0x18,0x00,0x00,0x3f,0x67,0xc3,0xc3,0xc3,0xc3,0x67,0x3f,0x03,0x62,0x3c,0x1f,0x00,0x71,0x80,0x60,0x00,0xc0,0x00,0xc0,
0x00,0xc7,0xc0,0xc0,0xc0,0xc0,0xc0,0x60,0xc0,0x71,0xc0,0x1f,0xc0,0x00,0x00,0x0c,0x00,0x06,0x00,0x0e,0x00,0x0c,0x18,0x1c,
0x00,0x3f,0x67,0xc3,0xc3,0xc3,0xc3,0x67,0x3f,0x03,0x62,0x3c,0xff,0x81,0xc7,0xa5,0xa9,0x99,0x99,0xa9,0xa5,0xc5,0x83,0xff,
0xff,0x81,0xc7,0xa5,0xa9,0x99,0x99,0xa9,0xa5,0xc5,0x83,0xff,0x60,0xc0,0x60,0xc0,0xff,0xe0,0x60,0xc0,0x60,0xc0,0x7f,0xc0,
0x60,0xc0,0x60,0xc0,0x60,0xc0,0x60,0xc0,0x60,0xc0,0x60,0x00,0xfc,0x00,0x60,0x00,0x7f,0x00,0x71,0x80,0x61,0x80,0x61,0x80,
0x61,0x80,0x61,0x80,0x61,0x80,0x61,0x80,0xff,0x81,0xc7,0xa5,0xa9,0x99,0x99,0xa9,0xa5,0xc5,0x83,0xff,0xff,0x81,0xc7,0xa5,
0xa9,0x99,0x99,0xa9,0xa5,0xc5,0x83,0xff,0xf8,0x00,0xf8,0x30,0x30,0x30,0x30,0x30,0x30,0x30,0x30,0x30,0xf8,0xf8,0x00,0x00,
0xe0,0x60,0x60,0x60,0x60,0x60,0x60,0x60,0xff,0x81,0xc7,0xa5,0xa9,0x99,0x99,0xa9,0xa5,0xc5,0x83,0xff,0xff,0x81,0xc7,0xa5,
0xa9,0x99,0x99,0xa9,0xa5,0xc5,0x83,0xff,0xf8,0x30,0x30,0x30,0x30,0x30,0x30,0x30,0x30,0x30,0xf8,0x10,0x30,0x18,0x60,0x00,
0x00,0xe0,0x60,0x60,0x60,0x60,0x60,0x60,0x60,0xc0,0xe0,0x30,0x00,0xf8,0x30,0x30,0x30,0x30,0x30,0x30,0x30,0x30,0x30,0xf8,
0xe0,0x60,0x60,0x60,0x60,0x60,0x60,0x60,0xf8,0x0c,0x30,0x0c,0x30,0x0c,0x30,0x0c,0x30,0x0c,0x30,0x0c,0x30,0x0c,0x30,0x0c,
0x33,0x0c,0x33,0x98,0xf9,0xf0,0x66,0x00,0x00,0xe6,0x66,0x66,0x66,0x66,0x66,0x66,0x66,0x06,0x06,0x1c,0xff,0x81,0xc7,0xa5,
0xa9,0x99,0x99,0xa9,0xa5,0xc5,0x83,0xff,0xff,0x81,0xc7,0xa5,0xa9,0x99,0x99,0xa9,0xa5,0xc5,0x83,0xff,0xc3,0x80,0xc7,0x00,
0xce,0x00,0xdc,0x00,0xf8,0x00,0xf8,0x00,0xfc,0x00,0xce,0x00,0xc7,0x00,0xc3,0x00,0xc1,0x80,0x00,0x00,0x18,0x00,0x0c,0x00,
0x1c,0x00,0xc0,0xc0,0xc0,0xce,0xcc,0xd8,0xf0,0xf8,0xdc,0xce,0xc6,0x00,0x30,0x18,0x38,0xff,0x81,0xc7,0xa5,0xa9,0x99,0x99,
0xa9,0xa5,0xc5,0x83,0xff,0x0c,0x18,0x00,0xc0,0xc0,0xc0,0xc0,0xc0,0xc0,0xc0,0xc0,0xc0,0xc0,0xff,0x60,0x60,0x00,0xc0,0xc0,
0xc0,0xc0,0xc0,0xc0,0xc0,0xc0,0xc0,0xc0,0xf0,0xc0,0xc0,0xc0,0xc0,0xc0,0xc0,0xc0,0xc0,0xc0,0xc0,0xff,0x00,0x30,0x18,0x38,
0xc0,0xc0,0xc0,0xc0,0xc0,0xc0,0xc0,0xc0,0xc0,0xc0,0xf0,0x00,0xc0,0x60,0xe0,0xc8,0xd8,0xd8,0xc0,0xc0,0xc0,0xc0,0xc0,0xc0,
0xc0,0xff,0xd8,0xd0,0xd0,0xc0,0xc0,0xc0,0xc0,0xc0,0xc0,0xc0,0xf0,0xff,0x81,0xc7,0xa5,0xa9,0x99,0x99,0xa9,0xa5,0xc5,0x83,
0xff,0xff,0x81,0xc7,0xa5,0xa9,0x99,0x99,0xa9,0xa5,0xc5,0x83,0xff,0x30,0x00,0x30,0x00,0x30,0x00,0x32,0x00,0x3e,0x00,0x3c,
0x00,0x70,0x00,0xf0,0x00,0xb0,0x00,0x30,0x00,0x3f,0xc0,0x60,0x60,0x60,0x60,0x78,0x70,0xe0,0xe0,0x60,0x60,0x78,0x06,0x00,
0x0c,0x00,0x00,0x00,0xe1,0x80,0xf1,0x80,0xf1,0x80,0xf9,0x80,0xd9,0x80,0xdd,0x80,0xcd,0x80,0xcf,0x80,0xc7,0x80,0xc7,0x80,
0xc3,0x80,0x0c,0x18,0x00,0xfc,0xe6,0xc6,0xc6,0xc6,0xc6,0xc6,0xc6,0xe1,0x80,0xe1,0x80,0xf1,0x80,0xf1,0x80,0xd9,0x80,0xdd,
0x80,0xcd,0x80,0xcf,0x80,0xc7,0x80,0xc7,0x80,0xc3,0x80,0x00,0x00,0x18,0x00,0x0c,0x00,0x1c,0x00,0xfc,0xe6,0xc6,0xc6,0xc6,
0xc6,0xc6,0xc6,0x00,0x30,0x18,0x38,0x36,0x00,0x1c,0x00,0x00,0x00,0xe1,0x80,0xf1,0x80,0xf1,0x80,0xf9,0x80,0xd9,0x80,0xdd,
0x80,0xcd,0x80,0xcf,0x80,0xc7,0x80,0xc7,0x80,0xc3,0x80,0x6c,0x38,0x00,0xfc,0xe6,0xc6,0xc6,0xc6,0xc6,0xc6,0xc6,0xff,0x81,
0xc7,0xa5,0xa9,0x99,0x99,0xa9,0xa5,0xc5,0x83,0xff,0xff,0x81,0xc7,0xa5,0xa9,0x99,0x99,0xa9,0xa5,0xc5,0x83,0xff,0xff,0x81,
0xc7,0xa5,0xa9,0x99,0x99,0xa9,0xa5,0xc5,0x83,0xff,0xff,0x81,0xc7,0xa5,0xa9,0x99,0x99,0xa9,0xa5,0xc5,0x83,0xff,0xff,0x81,
0xc7,0xa5,0xa9,0x99,0x99,0xa9,0xa5,0xc5,0x83,0xff,0xff,0x81,0xc7,0xa5,0xa9,0x99,0x99,0xa9,0xa5,0xc5,0x83,0xff,0xff,0x81,
0xc7,0xa5,0xa9,0x99,0x99,0xa9,0xa5,0xc5,0x83,0xff,0x04,0xc0,0x19,0x80,0x00,0x00,0x1f,0x00,0x31,0x80,0x60,0xc0,0xc0,0x60,
0xc0,0x60,0xc0,0x60,0xc0,0x60,0xc0,0x60,0x60,0xc0,0x31,0x80,0x1f,0x00,0x1b,0x36,0x00,0x3c,0x66,0xc3,0xc3,0xc3,0xc3,0x66,
0x3c,0x1f,0xfe,0x61,0xc0,0x61,0xc0,0xc0,0xc0,0xc0,0xc0,0xc0,0xf8,0xc0,0xc0,0xc0,0xc0,0x61,0xc0,0x61,0xc0,0x1f,0xfe,0x3e,
0xf0,0x67,0x98,0xc3,0x0c,0xc3,0xfc,0xc3,0x00,0xc3,0x00,0x67,0x98,0x3e,0xf8,0x0c,0x0c,0x00,0xfc,0xc6,0xc3,0xc3,0xc3,0xc7,
0xfe,0xcc,0xce,0xc6,0xc3,0x18,0x30,0x00,0xd8,0xf8,0xe0,0xc0,0xc0,0xc0,0xc0,0xc0,0xff,0x81,0xc7,0xa5,0xa9,0x99,0x99,0xa9,
0xa5,0xc5,0x83,0xff,0xff,0x81,0xc7,0xa5,0xa9,0x99,0x99,0xa9,0xa5,0xc5,0x83,0xff,0x3c,0x00,0xfc,0xc6,0xc3,0xc3,0xc3,0xc7,
0xfe,0xcc,0xce,0xc6,0xc3,0xd8,0x60,0x00,0xd8,0xf8,0xe0,0xc0,0xc0,0xc0,0xc0,0xc0,0x04,0x0c,0x00,0x3e,0x47,0xc0,0xe0,0xfc,
0x7f,0x3f,0x03,0x43,0xc2,0x7c,0x0c,0x18,0x00,0x7c,0xc4,0xe0,0xfc,0x7e,0x06,0xc6,0x7c,0xff,0x81,0xc7,0xa5,0xa9,0x99,0x99,
0xa9,0xa5,0xc5,0x83,0xff,0xff,0x81,0xc7,0xa5,0xa9,0x99,0x99,0xa9,0xa5,0xc5,0x83,0xff,0x3e,0x47,0xc0,0xe0,0xfc,0x7e,0x3f,
0x03,0x43,0xc2,0x7c,0x10,0x0c,0x38,0x7c,0xc4,0xe0,0xfc,0x7e,0x06,0xc6,0x7c,0x10,0x08,0x38,0x66,0x3c,0x18,0x00,0x3e,0x47,
0xc0,0xe0,0xfc,0x7f,0x3f,0x03,0x43,0xc2,0x7c,0x6c,0x30,0x00,0x7c,0xc4,0xe0,0xfc,0x7e,0x06,0xc6,0x7c,0xff,0x80,0x0c,0x00,
0x0c,0x00,0x0c,0x00,0x0c,0x00,0x0c,0x00,0x0c,0x00,0x0c,0x00,0x0c,0x00,0x0c,0x00,0x0c,0x00,0x08,0x00,0x06,0x00,0x0c,0x00,
0x60,0x60,0xf8,0x60,0x60,0x60,0x60,0x60,0x60,0x78,0x20,0x18,0x78,0x3e,0x00,0x0c,0x00,0x00,0x00,0xff,0x80,0x0c,0x00,0x0c,
0x00,0x0c,0x00,0x0c,0x00,0x0c,0x00,0x0c,0x00,0x0c,0x00,0x0c,0x00,0x0c,0x00,0x0c,0x00,0x0c,0x0c,0x68,0x60,0xf8,0x60,0x60,
0x60,0x60,0x60,0x60,0x78,0xff,0x81,0xc7,0xa5,0xa9,0x99,0x99,0xa9,0xa5,0xc5,0x83,0xff,0xff,0x81,0xc7,0xa5,0xa9,0x99,0x99,
0xa9,0xa5,0xc5,0x83,0xff,0xff,0x81,0xc7,0xa5,0xa9,0x99,0x99,0xa9,0xa5,0xc5,0x83,0xff,0xff,0x81,0xc7,0xa5,0xa9,0x99,0x99,
0xa9,0xa5,0xc5,0x83,0xff,0x3e,0x00,0x00,0x00,0xc1,0x80,0xc1,0x80,0xc1,0x80,0xc1,0x80,0xc1,0x80,0xc1,0x80,0xc1,0x80,0xc1,
0x80,0xc1,0x80,0x63,0x00,0x3e,0x00,0x7c,0x00,0x00,0xc6,0xc6,0xc6,0xc6,0xc6,0xc6,0xc6,0x7e,0xff,0x81,0xc7,0xa5,0xa9,0x99,
0x99,0xa9,0xa5,0xc5,0x83,0xff,0xff,0x81,0xc7,0xa5,0xa9,0x99,0x99,0xa9,0xa5,0xc5,0x83,0xff,0x1c,0x00,0x14,0x00,0x1c,0x00,
0xc9,0x80,0xc1,0x80,0xc1,0x80,0xc1,0x80,0xc1,0x80,0xc1,0x80,0xc1,0x80,0xc1,0x80,0xc1,0x80,0x63,0x00,0x3e,0x00,0x10,0x28,
0x28,0x10,0x00,0xc6,0xc6,0xc6,0xc6,0xc6,0xc6,0xc6,0x7e,0x09,0x00,0x1b,0x00,0x00,0x00,0xc1,0x80,0xc1,0x80,0xc1,0x80,0xc1,
0x80,0xc1,0x80,0xc1,0x80,0xc1,0x80,0xc1,0x80,0xc1,0x80,0x63,0x00,0x3e,0x00,0x12,0x36,0x00,0xc6,0xc6,0xc6,0xc6,0xc6,0xc6,
0xc6,0x7e,0xc1,0x80,0xc1,0x80,0xc1,0x80,0xc1,0x80,0xc1,0x80,0xc1,0x80,0xc1,0x80,0xc1,0x80,0xc1,0x80,0x63,0x00,0x3c,0x00,
0x0c,0x00,0x0f,0x00,0xc6,0xc6,0xc6,0xc6,0xc6,0xc6,0xc6,0x7e,0x0c,0x0e,0x03,0x80,0x04,0xc0,0x00,0x00,0xe3,0x1c,0x63,0x9c,
0x67,0x98,0x67,0x98,0x67,0x98,0x34,0xb8,0x3c,0xf0,0x3c,0xf0,0x3c,0xf0,0x3c,0xf0,0x18,0x60,0x06,0x00,0x1b,0x00,0x00,0x00,
0xc6,0x60,0x6e,0x60,0x6e,0x60,0x6f,0x60,0x6b,0xc0,0x39,0xc0,0x39,0xc0,0x39,0xc0,0x0c,0x00,0x1e,0x00,0x00,0x00,0xe1,0xc0,
0x61,0x80,0x73,0x80,0x33,0x00,0x1e,0x00,0x1e,0x00,0x0c,0x00,0x0c,0x00,0x0c,0x00,0x0c,0x00,0x0c,0x00,0x18,0x34,0x00,0xe3,
0x66,0x66,0x66,0x3c,0x3c,0x3c,0x18,0x18,0x18,0x70,0x36,0x00,0x00,0x00,0xc1,0x80,0x63,0x80,0x63,0x00,0x37,0x00,0x16,0x00,
0x1e,0x00,0x0c,0x00,0x0c,0x00,0x0c,0x00,0x0c,0x00,0x0c,0x00,0x0c,0x0c,0x00,0xff,0x07,0x0e,0x0c,0x1c,0x18,0x38,0x30,0x70,
0xe0,0xff,0x0c,0x18,0x00,0xfe,0x0e,0x1c,0x38,0x38,0x70,0xe0,0xfe,0x18,0x00,0xff,0x07,0x0e,0x0c,0x1c,0x18,0x38,0x70,0x70,
0xe0,0xff,0x30,0x00,0x00,0xfe,0x1e,0x1c,0x38,0x30,0x60,0xe0,0xfe,0x34,0x18,0x00,0xff,0x07,0x0e,0x0c,0x1c,0x18,0x38,0x30,
0x70,0xe0,0xff,0x6c,0x38,0x00,0xfe,0x0e,0x1c,0x38,0x38,0x70,0xe0,0xfe,0xff,0x81,0xc7,0xa5,0xa9,0x99,0x99,0xa9,0xa5,0xc5,
0x83,0xff,0xff,0x81,0xc7,0xa5,0xa9,0x99,0x99,0xa9,0xa5,0xc5,0x83,0xff,0xff,0x81,0xc7,0xa5,0xa9,0x99,0x99,0xa9,0xa5,0xc5,
0x83,0xff,0xfe,0xff,0xf0,0x60,0x40,0xe0,0xe0,0xe0,0xe0,0xe0,0x60,0x40,0xc0,0x6c,0x48,0xfc,0xfc,0xfc,0xfc,0xfc,0x6c,0x48,
0xd8,0x70,0xf8,0xf8,0xf8,0x70,0xee,0xe0,0xee,0xe0,0xee,0xe0,0xff,0x81,0xc7,0xa5,0xa9,0x99,0x99,0xa9,0xa5,0xc5,0x83,0xff,
0xff,0x81,0xc7,0xa5,0xa9,0x99,0x99,0xa9,0xa5,0xc5,0x83,0xff,0x0f,0x00,0x31,0x80,0x30,0x80,0x60,0x00,0xfc,0x00,0x60,0x00,
0xf8,0x00,0x60,0x00,0x30,0x00,0x31,0x80,0x1f,0x00,0xff,0xff,0xe0,0xe0,0xe0,0xe0,0xe0,0xe0,0xe0,0xe0,0x40,0x00,0x60,0xf0,
0xf0,0x60,0xfc,0xfc,0xfc,0xfc,0xfc,0x0e,0x30,0x0e,0x70,0x0c,0x70,0x7f,0xfe,0x7f,0xfe,0x1c,0x70,0x1c,0x60,0x1c,0x60,0x1c,
0xe0,0xff,0xfc,0xff,0xfc,0x38,0xe0,0x38,0xe0,0x38,0xc0,0x04,0x00,0x04,0x00,0x1f,0x80,0x7f,0xe0,0xf5,0xe0,0xe4,0x00,0xe4,
0x00,0xfc,0x00,0x7f,0x80,0x1f,0xe0,0x05,0xf0,0x04,0x70,0xe4,0x70,0xf4,0xe0,0x7f,0xe0,0x3f,0x80,0x04,0x00,0x04,0x00,0x3e,
0x03,0x00,0x7f,0x06,0x00,0xe3,0x8c,0x00,0xe3,0x8c,0x00,0xe3,0x98,0x00,0x7f,0x30,0x00,0x3e,0x67,0xc0,0x00,0x6f,0xe0,0x00,
0xde,0xf0,0x01,0x9c,0x70,0x03,0x1c,0x70,0x03,0x1e,0xf0,0x06,0x0f,0xe0,0x0c,0x07,0xc0,0x0f,0x80,0x3f,0xc0,0x38,0xe0,0x38,
0xe0,0x18,0xc0,0x1d,0x80,0x3f,0x1c,0x7f,0x9c,0xe3,0xd8,0xe1,0xf8,0xe0,0xf0,0xf1,0xf8,0x7f,0xfc,0x1f,0x1e,0xe0,0xe0,0xe0,
0xe0,0xe0,0x1c,0x38,0x38,0x70,0x70,0x60,0xe0,0xe0,0xe0,0xe0,0xe0,0xe0,0xe0,0x60,0x70,0x70,0x38,0x38,0x1c,0xe0,0x70,0x70,
0x38,0x38,0x38,0x1c,0x1c,0x1c,0x1c,0x1c,0x1c,0x1c,0x38,0x38,0x38,0x70,0x70,0xe0,0x18,0x18,0xdb,0xff,0x3c,0x3c,0x66,0x0e,
0x00,0x0e,0x00,0x0e,0x00,0x0e,0x00,0x0e,0x00,0xff,0xe0,0xff,0xe0,0x0e,0x00,0x0e,0x00,0x0e,0x00,0x0e,0x00,0x60,0xf0,0xf0,
0x20,0x60,0x40,0xfe,0xfe,0x60,0xf0,0xf0,0x60,0x07,0x07,0x06,0x0e,0x0e,0x0c,0x1c,0x1c,0x18,0x38,0x38,0x30,0x70,0x70,0x60,
0xe0,0xe0,0xc0,0x1f,0x80,0x3f,0xc0,0x71,0xe0,0x70,0xe0,0xf8,0x70,0xec,0x70,0xe6,0x70,0xe6,0x70,0xe3,0x70,0xe1,0xf0,0x71,
0xe0,0x70,0xe0,0x3f,0xc0,0x1f,0x80,0x06,0x0e,0xfe,0xfe,0x0e,0x0e,0x0e,0x0e,0x0e,0x0e,0x0e,0x0e,0x0e,0x0e,0x1f,0x80,0x3f,
0xc0,0x71,0xe0,0x20,0xe0,0x00,0xe0,0x00,0xe0,0x01,0xc0,0x03,0xc0,0x07,0x80,0x1e,0x00,0x3c,0x00,0x78,0x00,0xff,0xe0,0xff,
0xe0,0x1f,0x80,0x7f,0xc0,0xf1,0xe0,0x00,0xe0,0x01,0xe0,0x0f,0x80,0x0f,0x80,0x01,0xc0,0x00,0xe0,0x00,0xe0,0x60,0xe0,0xf1,
0xe0,0x7f,0xc0,0x1f,0x00,0x01,0xc0,0x03,0xc0,0x07,0xc0,0x0f,0xc0,0x0f,0xc0,0x1d,0xc0,0x39,0xc0,0x71,0xc0,0x61,0xc0,0xff,
0xf0,0xff,0xf0,0x01,0xc0,0x01,0xc0,0x01,0xc0,0x7f,0xc0,0x7f,0xc0,0x60,0x00,0xe0,0x00,0xff,0x00,0xff,0xc0,0xf1,0xc0,0x20,
0xe0,0x00,0xe0,0x00,0xe0,0x60,0xe0,0xe1,0xc0,0x7f,0x80,0x1f,0x00,0x1f,0x80,0x3f,0xc0,0x71,0x80,0x60,0x00,0xef,0x00,0xff,
0xc0,0xf1,0xc0,0xe0,0xe0,0xe0,0xe0,0xe0,0xe0,0xe0,0xe0,0x71,0xc0,0x3f,0xc0,0x1f,0x00,0xff,0xe0,0xff,0xe0,0x00,0xe0,0x01,
0xc0,0x01,0xc0,0x03,0x80,0x03,0x80,0x07,0x00,0x0f,0x00,0x0e,0x00,0x1e,0x00,0x1c,0x00,0x3c,0x00,0x38,0x00,0x1f,0x00,0x3f,
0x80,0x71,0xc0,0x71,0xc0,0x71,0xc0,0x3f,0x80,0x7f,0xe0,0xf0,0xe0,0xe0,0x70,0xe0,0x70,0xe0,0x70,0xf0,0xf0,0x7f,0xe0,0x1f,
0x80,0x1f,0x00,0x3f,0x80,0x71,0xc0,0xe0,0xe0,0xe0,0xe0,0xe0,0xe0,0xf1,0xe0,0x7f,0xc0,0x3f,0xc0,0x0f,0x80,0x07,0x80,0x07,
0x00,0x0e,0x00,0x0e,0x00,0x60,0xf0,0xf0,0x60,0x00,0x00,0x00,0x60,0xf0,0xf0,0x60,0x60,0xf0,0xf0,0x60,0x00,0x00,0x00,0x00,
0x00,0x60,0xf0,0xf0,0x20,0x60,0x40,0x00,0x60,0x01,0xe0,0x07,0xe0,0x1f,0x80,0xfc,0x00,0xf0,0x00,0xfc,0x00,0x3f,0x00,0x0f,
0xe0,0x01,0xe0,0x00,0x60,0xff,0xe0,0xff,0xe0,0x00,0x00,0x00,0x00,0xff,0xe0,0xff,0xe0,0x80,0x00,0xe0,0x00,0xfc,0x00,0x3f,
0x00,0x0f,0xc0,0x01,0xe0,0x07,0xe0,0x3f,0x00,0xfc,0x00,0xf0,0x00,0xc0,0x00,0x1f,0x80,0x7f,0xc0,0xf1,0xe0,0x20,0xe0,0x01,
0xe0,0x07,0xc0,0x0f,0x00,0x1e,0x00,0x1c,0x00,0x00,0x00,0x0c,0x00,0x1e,0x00,0x1e,0x00,0x0c,0x00,0x07,0xe0,0x1f,0xf8,0x3c,
0x1c,0x70,0x0e,0x63,0xe6,0xe7,0xe3,0xce,0x63,0xcc,0x63,0xcc,0x63,0xcc,0xe7,0xe7,0xfe,0x67,0x9c,0x70,0x00,0x3c,0x00,0x1f,
0xe0,0x07,0xc0,0x07,0x80,0x07,0xc0,0x07,0xc0,0x0e,0xc0,0x0e,0xe0,0x0c,0xe0,0x1c,0x70,0x1c,0x70,0x38,0x70,0x3f,0xf8,0x3f,
0xf8,0x70,0x1c,0x70,0x1c,0xf0,0x1c,0xff,0x80,0xff,0xc0,0xe1,0xe0,0xe0,0xe0,0xe0,0xe0,0xe1,0xe0,0xff,0xc0,0xff,0xe0,0xe0,
0xf0,0xe0,0x70,0xe0,0x70,0xe0,0xf0,0xff,0xe0,0xff,0xc0,0x0f,0xc0,0x3f,0xf0,0x78,0x78,0x70,0x20,0xe0,0x00,0xe0,0x00,0xe0,
0x00,0xe0,0x00,0xe0,0x00,0xe0,0x00,0x70,0x20,0x78,0x78,0x3f,0xf0,0x0f,0xc0,0xff,0x00,0xff,0xe0,0xe0,0xf0,0xe0,0x70,0xe0,
0x38,0xe0,0x38,0xe0,0x38,0xe0,0x38,0xe0,0x38,0xe0,0x38,0xe0,0x70,0xe0,0xf0,0xff,0xe0,0xff,0x00,0xff,0xe0,0xff,0xe0,0xe0,
0x00,0xe0,0x00,0xe0,0x00,0xe0,0x00,0xff,0x00,0xff,0x00,0xe0,0x00,0xe0,0x00,0xe0,0x00,0xe0,0x00,0xff,0xe0,0xff,0xe0,0xff,
0xc0,0xff,0xc0,0xe0,0x00,0xe0,0x00,0xe0,0x00,0xe0,0x00,0xff,0xc0,0xff,0xc0,0xe0,0x00,0xe0,0x00,0xe0,0x00,0xe0,0x00,0xe0,
0x00,0xe0,0x00,0x0f,0xe0,0x1f,0xf0,0x78,0x78,0x70,0x00,0xe0,0x00,0xe0,0x00,0xe1,0xfc,0xe1,0xfc,0xe0,0x1c,0xe0,0x1c,0x70,
0x3c,0x78,0x7c,0x3f,0xfc,0x0f,0xcc,0xe0,0x38,0xe0,0x38,0xe0,0x38,0xe0,0x38,0xe0,0x38,0xe0,0x38,0xff,0xf8,0xff,0xf8,0xe0,
0x38,0xe0,0x38,0xe0,0x38,0xe0,0x38,0xe0,0x38,0xe0,0x38,0xfe,0xfe,0x38,0x38,0x38,0x38,0x38,0x38,0x38,0x38,0x38,0x38,0xfe,
0xfe,0x00,0xe0,0x00,0xe0,0x00,0xe0,0x00,0xe0,0x00,0xe0,0x00,0xe0,0x00,0xe0,0x00,0xe0,0x00,0xe0,0x00,0xe0,0xf0,0xe0,0x71,
0xc0,0x7f,0xc0,0x1f,0x00,0xe0,0xf0,0xe1,0xe0,0xe3,0xc0,0xe7,0x80,0xef,0x00,0xfe,0x00,0xfe,0x00,0xff,0x00,0xf7,0x80,0xe3,
0x80,0xe1,0xc0,0xe1,0xe0,0xe0,0xf0,0xe0,0x70,0xe0,0x00,0xe0,0x00,0xe0,0x00,0xe0,0x00,0xe0,0x00,0xe0,0x00,0xe0,0x00,0xe0,
0x00,0xe0,0x00,0xe0,0x00,0xe0,0x00,0xe0,0x00,0xff,0xe0,0xff,0xe0,0xf8,0x1f,0xf8,0x1f,0xf8,0x1f,0xfc,0x3f,0xec,0x37,0xec,
0x37,0xee,0x77,0xe6,0x67,0xe6,0x67,0xe7,0xe7,0xe3,0xc7,0xe3,0xc7,0xe3,0xc7,0xe1,0x87,0xf0,0x38,0xf8,0x38,0xf8,0x38,0xfc,
0x38,0xee,0x38,0xee,0x38,0xe7,0x38,0xe7,0x38,0xe3,0xb8,0xe3,0xb8,0xe1,0xf8,0xe0,0xf8,0xe0,0xf8,0xe0,0x78,0x0f,0xe0,0x1f,
0xf0,0x38,0x38,0x70,0x1c,0xe0,0x1e,0xe0,0x0e,0xe0,0x0e,0xe0,0x0e,0xe0,0x0e,0xf0,0x1e,0x70,0x1c,0x38,0x38,0x1f,0xf0,0x0f,
0xe0,0xff,0x80,0xff,0xe0,0xe0,0xf0,0xe0,0x70,0xe0,0x70,0xe0,0xf0,0xff,0xe0,0xff,0x80,0xe0,0x00,0xe0,0x00,0xe0,0x00,0xe0,
0x00,0xe0,0x00,0xe0,0x00,0x0f,0xe0,0x1f,0xf0,0x38,0x38,0x70,0x1c,0xe0,0x1e,0xe0,0x0e,0xe0,0x8e,0xe1,0xce,0xe1,0xee,0xf0,
0xfe,0x70,0x7c,0x38,0x3c,0x1f,0xfe,0x0f,0xe7,0x00,0x02,0xff,0x80,0xff,0xe0,0xe0,0xf0,0xe0,0x70,0xe0,0x70,0xe0,0xf0,0xff,
0xe0,0xff,0x80,0xe7,0x80,0xe3,0xc0,0xe1,0xc0,0xe1,0xe0,0xe0,0xf0,0xe0,0x70,0x1f,0x80,0x7f,0xe0,0xf0,0xf0,0xe0,0x00,0xe0,
0x00,0xfe,0x00,0x7f,0xc0,0x1f,0xe0,0x01,0xf0,0x00,0x70,0x60,0x70,0xf0,0xe0,0x7f,0xe0,0x1f,0x80,0xff,0xf8,0xff,0xf8,0x07,
0x00,0x07,0x00,0x07,0x00,0x07,0x00,0x07,0x00,0x07,0x00,0x07,0x00,0x07,0x00,0x07,0x00,0x07,0x00,0x07,0x00,0x07,0x00,0xe0,
0x70,0xe0,0x70,0xe0,0x70,0xe0,0x70,0xe0,0x70,0xe0,0x70,0xe0,0x70,0xe0,0x70,0xe0,0x70,0xe0,0x70,0xe0,0x70,0x70,0xe0,0x7f,
0xe0,0x1f,0x80,0xf0,0x3c,0x70,0x38,0x70,0x38,0x78,0x78,0x38,0x70,0x38,0x70,0x1c,0xe0,0x1c,0xe0,0x1c,0xe0,0x0f,0xc0,0x0f,
0xc0,0x0f,0xc0,0x07,0x80,0x07,0x80,0xf0,0xe0,0xe0,0x70,0xf0,0xe0,0x71,0xf1,0xc0,0x71,0xf1,0xc0,0x31,0xb1,0xc0,0x39,0xb9,
0xc0,0x39,0xbb,0x80,0x3b,0x9b,0x80,0x1b,0x9b,0x80,0x1f,0x1b,0x80,0x1f,0x1f,0x00,0x1f,0x0f,0x00,0x0f,0x0f,0x00,0x0e,0x0f,
0x00,0xf0,0x78,0x70,0x70,0x78,0xe0,0x3d,0xe0,0x1f,0xc0,0x0f,0x80,0x0f,0x00,0x0f,0x80,0x1f,0xc0,0x1d,0xc0,0x39,0xe0,0x78,
0xf0,0xf0,0x78,0xe0,0x38,0xe0,0x38,0xf0,0x78,0x70,0xf0,0x38,0xe0,0x3d,0xe0,0x1d,0xc0,0x0f,0x80,0x0f,0x80,0x07,0x00,0x07,
0x00,0x07,0x00,0x07,0x00,0x07,0x00,0x07,0x00,0xff,0xe0,0xff,0xe0,0x01,0xc0,0x03,0xc0,0x07,0x80,0x07,0x00,0x0f,0x00,0x1e,
0x00,0x1c,0x00,0x38,0x00,0x78,0x00,0xf0,0x00,0xff,0xf0,0xff,0xf0,0xfc,0xfc,0xe0,0xe0,0xe0,0xe0,0xe0,0xe0,0xe0,0xe0,0xe0,
0xe0,0xe0,0xe0,0xe0,0xe0,0xe0,0xfc,0xfc,0xe0,0x00,0x70,0x00,0x70,0x00,0x70,0x00,0x38,0x00,0x38,0x00,0x38,0x00,0x1c,0x00,
0x1c,0x00,0x1c,0x00,0x0e,0x00,0x0e,0x00,0x0e,0x00,0x07,0x00,0x07,0x00,0x07,0x00,0x03,0x80,0x03,0x80,0xfc,0xfc,0x1c,0x1c,
0x1c,0x1c,0x1c,0x1c,0x1c,0x1c,0x1c,0x1c,0x1c,0x1c,0x1c,0x1c,0x1c,0xfc,0xfc,0x0c,0x00,0x0e,0x00,0x1f,0x00,0x1f,0x00,0x3b,
0x80,0x33,0x80,0x71,0xc0,0xe1,0xc0,0xff,0x80,0xff,0x80,0xc0,0xe0,0x70,0x1f,0x00,0x7f,0x80,0x73,0xc0,0x01,0xc0,0x07,0xc0,
0x7f,0xc0,0xf1,0xc0,0xe1,0xc0,0xe3,0xc0,0xff,0xc0,0x3d,0xc0,0xe0,0x00,0xe0,0x00,0xe0,0x00,0xe0,0x00,0xef,0x00,0xff,0xc0,
0xf1,0xc0,0xe0,0xe0,0xe0,0xe0,0xe0,0xe0,0xe0,0xe0,0xe0,0xe0,0xf1,0xc0,0xff,0xc0,0xef,0x00,0x1f,0x00,0x3f,0x80,0x71,0xc0,
0xe0,0x00,0xe0,0x00,0xe0,0x00,0xe0,0x00,0xe0,0x00,0x71,0xc0,0x7f,0xc0,0x1f,0x00,0x00,0xe0,0x00,0xe0,0x00,0xe0,0x00,0xe0,
0x1e,0xe0,0x7f,0xe0,0x71,0xe0,0xe0,0xe0,0xe0,0xe0,0xe0,0xe0,0xe0,0xe0,0xe0,0xe0,0x71,0xe0,0x7f,0xe0,0x1e,0xe0,0x1f,0x00,
0x3f,0x80,0x71,0xc0,0xe0,0xe0,0xff,0xe0,0xff,0xe0,0xe0,0x00,0xe0,0x00,0x71,0x80,0x3f,0xc0,0x1f,0x00,0x1e,0x3e,0x38,0x38,
0xfe,0xfe,0x38,0x38,0x38,0x38,0x38,0x38,0x38,0x38,0x38,0x1e,0xe0,0x7f,0xe0,0x71,0xe0,0xe0,0xe0,0xe0,0xe0,0xe0,0xe0,0xe0,
0xe0,0xe0,0xe0,0x71,0xe0,0x7f,0xe0,0x1e,0xe0,0x00,0xe0,0x00,0xe0,0x71,0xc0,0x3f,0xc0,0x1f,0x00,0xe0,0x00,0xe0,0x00,0xe0,
0x00,0xe0,0x00,0xef,0x80,0xff,0x80,0xf3,0xc0,0xe1,0xc0,0xe1,0xc0,0xe1,0xc0,0xe1,0xc0,0xe1,0xc0,0xe1,0xc0,0xe1,0xc0,0xe1,
0xc0,0x70,0x70,0x70,0x00,0x00,0xf0,0xf0,0x70,0x70,0x70,0x70,0x70,0x70,0x70,0x70,0x70,0x1c,0x1c,0x1c,0x00,0x1c,0x1c,0x1c,
0x1c,0x1c,0x1c,0x1c,0x1c,0x1c,0x1c,0x1c,0x1c,0x1c,0xfc,0xf8,0xe0,0x00,0xe0,0x00,0xe0,0x00,0xe0,0x00,0xe3,0xc0,0xe3,0x80,
0xe7,0x00,0xee,0x00,0xfc,0x00,0xfe,0x00,0xfe,0x00,0xe7,0x00,0xe7,0x80,0xe3,0xc0,0xe1,0xc0,0xe0,0xe0,0xe0,0xe0,0xe0,0xe0,
0xe0,0xe0,0xe0,0xe0,0xe0,0xe0,0xe0,0xe0,0xf8,0x78,0xef,0x9e,0x00,0xff,0xff,0x00,0xf3,0xe7,0x80,0xe1,0xc3,0x80,0xe1,0xc3,
0x80,0xe1,0xc3,0x80,0xe1,0xc3,0x80,0xe1,0xc3,0x80,0xe1,0xc3,0x80,0xe1,0xc3,0x80,0xe1,0xc3,0x80,0xef,0x80,0xff,0x80,0xf3,
0xc0,0xe1,0xc0,0xe1,0xc0,0xe1,0xc0,0xe1,0xc0,0xe1,0xc0,0xe1,0xc0,0xe1,0xc0,0xe1,0xc0,0x1f,0x00,0x7f,0x80,0x71,0xc0,0xe0,
0xe0,0xe0,0xe0,0xe0,0xe0,0xe0,0xe0,0xe0,0xe0,0x71,0xc0,0x7f,0x80,0x1f,0x00,0xef,0x00,0xff,0xc0,0xf1,0xc0,0xe0,0xe0,0xe0,
0xe0,0xe0,0xe0,0xe0,0xe0,0xe0,0xe0,0xf1,0xc0,0xff,0xc0,0xef,0x80,0xe0,0x00,0xe0,0x00,0xe0,0x00,0xe0,0x00,0x1e,0xe0,0x7f,
0xe0,0x71,0xe0,0xe0,0xe0,0xe0,0xe0,0xe0,0xe0,0xe0,0xe0,0xe0,0xe0,0x71,0xe0,0x7f,0xe0,0x3e,0xe0,0x00,0xe0,0x00,0xe0,0x00,
0xfc,0x00,0x7c,0xce,0xfe,0xfe,0xf0,0xe0,0xe0,0xe0,0xe0,0xe0,0xe0,0xe0,0x3f,0x00,0x7f,0x80,0xe3,0x80,0xe0,0x00,0xfe,0x00,
0x7f,0x80,0x0f,0xc0,0x01,0xc0,0xe1,0xc0,0xff,0x80,0x3f,0x00,0x38,0x38,0x38,0xfe,0xfe,0x38,0x38,0x38,0x38,0x38,0x38,0x38,
0x3e,0x1e,0xe1,0xc0,0xe1,0xc0,0xe1,0xc0,0xe1,0xc0,0xe1,0xc0,0xe1,0xc0,0xe1,0xc0,0xe1,0xc0,0xf3,0xc0,0x7f,0xc0,0x3d,0xc0,
0xe0,0xe0,0x70,0xe0,0x71,0xc0,0x71,0xc0,0x39,0xc0,0x3b,0x80,0x1b,0x80,0x1f,0x80,0x1f,0x00,0x0f,0x00,0x0e,0x00,0xe1,0xc7,
0x73,0xc6,0x73,0xce,0x73,0xce,0x73,0xce,0x3e,0x6c,0x3e,0x7c,0x3e,0x7c,0x1e,0x7c,0x1e,0x38,0x1c,0x38,0xe1,0xc0,0x73,0x80,
0x77,0x00,0x3f,0x00,0x1e,0x00,0x1e,0x00,0x3e,0x00,0x3f,0x00,0x77,0x80,0xe3,0x80,0xe1,0xc0,0xe1,0xc0,0xe1,0xc0,0x71,0xc0,
0x73,0x80,0x73,0x80,0x3b,0x80,0x3b,0x00,0x1f,0x00,0x1f,0x00,0x1e,0x00,0x0e,0x00,0x0e,0x00,0x1c,0x00,0x7c,0x00,0x78,0x00,
0xff,0x80,0xff,0x80,0x07,0x80,0x0f,0x00,0x1e,0x00,0x1c,0x00,0x38,0x00,0x78,0x00,0xf0,0x00,0xff,0xc0,0xff,0xc0,0x1e,0x3e,
0x38,0x38,0x38,0x38,0x38,0x38,0x38,0xf0,0xf0,0x38,0x38,0x38,0x38,0x38,0x38,0x3e,0x1e,0xe0,0xe0,0xe0,0xe0,0xe0,0xe0,0xe0,
0xe0,0xe0,0xe0,0xe0,0xe0,0xe0,0xe0,0xe0,0xe0,0xe0,0xe0,0xe0,0xe0,0xe0,0xf0,0xf8,0x38,0x38,0x38,0x38,0x38,0x38,0x38,0x1e,
0x1e,0x38,0x38,0x38,0x38,0x38,0x38,0xf8,0xf0,0x70,0xc0,0xfc,0xc0,0xcf,0xc0,0xc3,0x80,0x60,0xf0,0xf0,0x60,0x00,0x00,0x40,
0xe0,0xe0,0xe0,0xe0,0xe0,0xe0,0xe0,0xe0,0x04,0x00,0x04,0x00,0x3f,0x80,0x7f,0xc0,0x75,0x80,0xe4,0x00,0xe4,0x00,0xe4,0x00,
0xe4,0x00,0x75,0x80,0x7f,0xc0,0x3f,0x80,0x04,0x00,0x04,0x00,0x1f,0x80,0x7f,0xe0,0x70,0xf0,0x70,0x00,0x38,0x00,0xff,0x80,
0xff,0x80,0x1c,0x00,0x1c,0x00,0x1c,0x00,0x38,0x00,0x7e,0x00,0xff,0xf0,0x63,0xf0,0xde,0xc0,0x7f,0x80,0x73,0x80,0xe1,0xc0,
0xe1,0xc0,0xe1,0xc0,0x73,0x80,0x7f,0x80,0xde,0xc0,0xe0,0x38,0xf0,0x78,0x78,0xf0,0x38,0xe0,0x3d,0xe0,0x1d,0xc0,0x0f,0x80,
0x0f,0x80,0x3f,0xe0,0x3f,0xe0,0x07,0x00,0x3f,0xe0,0x3f,0xe0,0x07,0x00,0xe0,0xe0,0xe0,0xe0,0xe0,0xe0,0xe0,0xe0,0x00,0x00,
0x00,0x00,0x00,0xe0,0xe0,0xe0,0xe0,0xe0,0xe0,0xe0,0xe0,0x1f,0x00,0x3f,0x80,0x71,0xc0,0x71,0x00,0x78,0x00,0x3e,0x00,0x7f,
0x80,0xe7,0xc0,0xe1,0xe0,0xf0,0xe0,0x7c,0xe0,0x3f,0xc0,0x0f,0x80,0x03,0xc0,0x11,0xc0,0x71,0xc0,0x3f,0x80,0x1f,0x00,0xee,
0xee,0xee,0x07,0xc0,0x1f,0xf0,0x3c,0x38,0x73,0xcc,0x67,0xe4,0xce,0x62,0xcc,0x02,0xcc,0x02,0xcc,0x02,0xce,0x42,0x67,0xe4,
0x73,0xcc,0x38,0x38,0x1f,0xf0,0x07,0xc0,0x78,0x4c,0x3c,0xcc,0xdc,0x7c,0x1c,0xe0,0x3d,0xe0,0x39,0xc0,0x73,0x80,0xe7,0x80,
0x73,0x80,0x39,0xc0,0x3d,0xe0,0x1c,0xe0,0xff,0xf0,0xff,0xf0,0x00,0x70,0x00,0x70,0x00,0x70,0x00,0x70,0x00,0x70,0xff,0xc0,
0x80,0x40,0xc1,0xc0,0xa1,0x40,0xa2,0x40,0x92,0x40,0x94,0x40,0x8c,0x40,0x8c,0x40,0x94,0x40,0x92,0x40,0xa2,0x40,0xa1,0x40,
0xc1,0x40,0x80,0xc0,0xff,0xc0,0x07,0xc0,0x1f,0xf0,0x3c,0x38,0x7f,0xcc,0x6f,0xe4,0xcc,0x62,0xcf,0xe2,0xcf,0xc2,0xcd,0xc2,
0xcc,0xe2,0x6c,0x64,0x70,0x0c,0x38,0x38,0x1f,0xf0,0x07,0xc0,0xfc,0xfc,0x38,0x7c,0xc6,0xc6,0xc6,0x7c,0x38,0x0e,0x00,0x0e,
0x00,0x0e,0x00,0xff,0xe0,0xff,0xe0,0x0e,0x00,0x0e,0x00,0x00,0x00,0x00,0x00,0xff,0xe0,0xff,0xe0,0x78,0xfc,0x0c,0x1c,0x38,
0x70,0xfc,0xfc,0x78,0xfc,0x0c,0x38,0x3c,0x0c,0xfc,0x78,0x30,0x70,0xe0,0xff,0xc0,0x80,0x40,0xc1,0xc0,0xa1,0x40,0xa2,0x40,
0x92,0x40,0x94,0x40,0x8c,0x40,0x8c,0x40,0x94,0x40,0x92,0x40,0xa2,0x40,0xa1,0x40,0xc1,0x40,0x80,0xc0,0xff,0xc0,0x3f,0xc0,
0x7f,0xc0,0xf9,0x80,0xf9,0x80,0xf9,0x80,0xf9,0x80,0x79,0x80,0x79,0x80,0x19,0x80,0x19,0x80,0x19,0x80,0x19,0x80,0x19,0x80,
0x19,0x80,0x19,0x80,0x19,0x80,0x19,0x80,0x19,0x80,0x60,0xf0,0xf0,0x60,0x40,0xf0,0x30,0xe0,0x30,0xf0,0xf0,0x30,0x30,0x30,
0x30,0x30,0x30,0x78,0xcc,0xcc,0xcc,0xfc,0x78,0xe7,0x00,0xf7,0x80,0x73,0x80,0x39,0xc0,0x3c,0xe0,0x39,0xc0,0x73,0x80,0xf7,
0x80,0xe7,0x00,0xf0,0x1c,0xf0,0x18,0x30,0x30,0x30,0x70,0x30,0xe0,0x30,0xc0,0x31,0xc6,0x33,0x8e,0x07,0x1e,0x06,0x36,0x0e,
0x7f,0x1c,0x7f,0x38,0x06,0x30,0x06,0xf0,0x1c,0xf0,0x38,0x30,0x30,0x30,0x60,0x30,0xe0,0x30,0xce,0x31,0x9f,0x33,0xb3,0x07,
0x03,0x06,0x06,0x0c,0x0c,0x1c,0x18,0x38,0x3f,0x30,0x3f,0xf8,0x0e,0x00,0x0c,0x0c,0x00,0x38,0x18,0x00,0x3c,0x38,0x00,0x0c,
0x70,0x00,0x4c,0x60,0x00,0xfc,0xc3,0x00,0x79,0xc7,0x00,0x03,0x8f,0x00,0x03,0x1b,0x00,0x07,0x3f,0x80,0x0e,0x3f,0x80,0x0c,
0x03,0x00,0x18,0x03,0x00,0x06,0x00,0x0f,0x00,0x0f,0x00,0x06,0x00,0x00,0x00,0x07,0x00,0x07,0x00,0x1f,0x00,0x3e,0x00,0x78,
0x00,0xf0,0x00,0xe0,0x80,0xf1,0xe0,0x7f,0xc0,0x3f,0x00,0x0c,0x00,0x0e,0x00,0x07,0x00,0x00,0x00,0x00,0x00,0x07,0x80,0x07,
0xc0,0x07,0xc0,0x0e,0xc0,0x0e,0xe0,0x0c,0xe0,0x1c,0x70,0x1c,0x70,0x38,0x70,0x3f,0xf8,0x3f,0xf8,0x70,0x1c,0x70,0x1c,0xf0,
0x1c,0x00,0xc0,0x01,0xc0,0x03,0x80,0x00,0x00,0x00,0x00,0x07,0x80,0x0f,0x80,0x0f,0x80,0x0d,0xc0,0x1d,0xc0,0x1d,0xc0,0x38,
0xe0,0x38,0xe0,0x38,0x70,0x7f,0xf0,0x7f,0xf0,0xf0,0x38,0xe0,0x38,0xe0,0x3c,0x03,0x80,0x07,0xc0,0x0c,0xe0,0x00,0x00,0x00,
0x00,0x07,0x80,0x07,0xc0,0x07,0xc0,0x0e,0xc0,0x0e,0xe0,0x0c,0xe0,0x1c,0x70,0x1c,0x70,0x38,0x70,0x3f,0xf8,0x3f,0xf8,0x70,
0x1c,0x70,0x1c,0xf0,0x1c,0x0e,0x20,0x0f,0xe0,0x19,0xc0,0x00,0x00,0x00,0x00,0x07,0x80,0x07,0x80,0x0f,0xc0,0x0f,0xc0,0x0e,
0xe0,0x1c,0xe0,0x1c,0xe0,0x38,0x70,0x38,0x70,0x3f,0xf8,0x7f,0xf8,0x70,0x38,0xf0,0x1c,0xe0,0x1c,0x1d,0xc0,0x1d,0xc0,0x1d,
0xc0,0x00,0x00,0x00,0x00,0x07,0x00,0x0f,0x80,0x0f,0x80,0x0d,0x80,0x1d,0xc0,0x1d,0xc0,0x38,0xe0,0x38,0xe0,0x38,0xe0,0x7f,
0xf0,0x7f,0xf0,0xf0,0x78,0xe0,0x38,0xe0,0x38,0x07,0x80,0x0f,0xc0,0x0c,0xc0,0x0c,0xc0,0x04,0x80,0x07,0x80,0x0f,0xc0,0x0f,
0xc0,0x1f,0xe0,0x1d,0xe0,0x1c,0xe0,0x3c,0xf0,0x38,0x70,0x38,0x70,0x7f,0xf8,0x7f,0xf8,0xf0,0x3c,0xe0,0x1c,0xe0,0x1c,0x00,
0xff,0xf0,0x01,0xff,0xf0,0x01,0xf8,0x00,0x03,0xb8,0x00,0x03,0xb8,0x00,0x07,0x38,0x00,0x0f,0x3f,0xc0,0x0e,0x3f,0xc0,0x1e,
0x38,0x00,0x1f,0xf8,0x00,0x3f,0xf8,0x00,0x78,0x38,0x00,0x70,0x3f,0xf0,0xf0,0x3f,0xf0,0x0f,0xc0,0x3f,0xf0,0x78,0x78,0x70,
0x20,0xe0,0x00,0xe0,0x00,0xe0,0x00,0xe0,0x00,0xe0,0x00,0xe0,0x00,0x70,0x20,0x78,0x78,0x3f,0xf0,0x0f,0xc0,0x02,0x00,0x03,
0x80,0x00,0x80,0x07,0x80,0x30,0x00,0x38,0x00,0x1c,0x00,0x00,0x00,0x00,0x00,0xff,0xe0,0xff,0xe0,0xe0,0x00,0xe0,0x00,0xe0,
0x00,0xe0,0x00,0xff,0x00,0xff,0x00,0xe0,0x00,0xe0,0x00,0xe0,0x00,0xe0,0x00,0xff,0xe0,0xff,0xe0,0x01,0x80,0x03,0x80,0x06,
0x00,0x00,0x00,0x00,0x00,0xff,0xe0,0xff,0xe0,0xe0,0x00,0xe0,0x00,0xe0,0x00,0xe0,0x00,0xff,0x00,0xff,0x00,0xe0,0x00,0xe0,
0x00,0xe0,0x00,0xe0,0x00,0xff,0xe0,0xff,0xe0,0x0e,0x00,0x1f,0x00,0x3b,0x80,0x00,0x00,0x00,0x00,0xff,0xe0,0xff,0xe0,0xe0,
0x00,0xe0,0x00,0xe0,0x00,0xe0,0x00,0xff,0x00,0xff,0x00,0xe0,0x00,0xe0,0x00,0xe0,0x00,0xe0,0x00,0xff,0xe0,0xff,0xe0,0x3b,
0x80,0x3b,0x80,0x3b,0x80,0x00,0x00,0x00,0x00,0xff,0xe0,0xff,0xe0,0xe0,0x00,0xe0,0x00,0xe0,0x00,0xe0,0x00,0xff,0x00,0xff,
0x00,0xe0,0x00,0xe0,0x00,0xe0,0x00,0xe0,0x00,0xff,0xe0,0xff,0xe0,0xc0,0xe0,0x70,0x00,0x00,0xfe,0xfe,0x38,0x38,0x38,0x38,
0x38,0x38,0x38,0x38,0x38,0x38,0xfe,0xfe,0x06,0x0e,0x1c,0x00,0x00,0xfe,0xfe,0x38,0x38,0x38,0x38,0x38,0x38,0x38,0x38,0x38,
0x38,0xfe,0xfe,0x38,0x7c,0xee,0x00,0x00,0xfe,0xfe,0x38,0x38,0x38,0x38,0x38,0x38,0x38,0x38,0x38,0x38,0xfe,0xfe,0xee,0xee,
0xee,0x00,0x00,0xfe,0xfe,0x38,0x38,0x38,0x38,0x38,0x38,0x38,0x38,0x38,0x38,0xfe,0xfe,0x7f,0xc0,0x7f,0xf0,0x70,0x78,0x70,
0x38,0x70,0x1c,0x70,0x1c,0xff,0x1c,0xff,0x1c,0x70,0x1c,0x70,0x1c,0x70,0x38,0x70,0x78,0x7f,0xf0,0x7f,0x80,0x0c,0x40,0x1f,
0xc0,0x11,0x80,0x00,0x00,0x00,0x00,0xf0,0x38,0xf8,0x38,0xf8,0x38,0xfc,0x38,0xee,0x38,0xee,0x38,0xe7,0x38,0xe7,0x38,0xe3,
0xb8,0xe3,0xb8,0xe1,0xf8,0xe0,0xf8,0xe0,0xf8,0xe0,0x78,0x0e,0x00,0x0e,0x00,0x07,0x00,0x00,0x00,0x00,0x00,0x0f,0xe0,0x1f,
0xf0,0x38,0x38,0x70,0x1c,0xe0,0x1e,0xe0,0x0e,0xe0,0x0e,0xe0,0x0e,0xe0,0x0e,0xf0,0x1e,0x70,0x1c,0x38,0x38,0x1f,0xf0,0x0f,
0xe0,0x00,0xe0,0x00,0xe0,0x01,0xc0,0x00,0x00,0x00,0x00,0x0f,0xe0,0x1f,0xf0,0x38,0x38,0x70,0x1c,0xe0,0x1e,0xe0,0x0e,0xe0,
0x0e,0xe0,0x0e,0xe0,0x0e,0xf0,0x1e,0x70,0x1c,0x38,0x38,0x1f,0xf0,0x0f,0xe0,0x01,0x00,0x03,0x80,0x07,0xc0,0x0c,0x60,0x00,
0x00,0x00,0x00,0x0f,0xe0,0x1f,0xf0,0x38,0x38,0x70,0x1c,0xe0,0x1e,0xe0,0x0e,0xe0,0x0e,0xe0,0x0e,0xe0,0x0e,0xf0,0x1e,0x70,
0x1c,0x38,0x38,0x1f,0xf0,0x0f,0xe0,0x06,0x20,0x0f,0xf0,0x18,0xe0,0x00,0x00,0x00,0x00,0x0f,0xe0,0x1f,0xf0,0x38,0x38,0x70,
0x1c,0xe0,0x1e,0xe0,0x0e,0xe0,0x0e,0xe0,0x0e,0xe0,0x0e,0xf0,0x1e,0x70,0x1c,0x38,0x38,0x1f,0xf0,0x0f,0xe0,0x0e,0xe0,0x0e,
0xe0,0x0e,0xe0,0x00,0x00,0x00,0x00,0x0f,0xe0,0x1f,0xf0,0x38,0x38,0x70,0x1c,0xe0,0x1e,0xe0,0x0e,0xe0,0x0e,0xe0,0x0e,0xe0,
0x0e,0xf0,0x1e,0x70,0x1c,0x38,0x38,0x1f,0xf0,0x0f,0xe0,0x41,0x80,0xf3,0xc0,0x7f,0x80,0x3f,0x00,0x1e,0x00,0x3f,0x00,0x7f,
0x80,0xf3,0xc0,0x61,0x80,0x07,0xe4,0x1f,0xfc,0x38,0x3c,0x70,0x3c,0xe0,0x7e,0xe0,0xce,0xe1,0x8e,0xe3,0x0e,0xe6,0x0e,0xfc,
0x1e,0x78,0x1c,0x78,0x38,0x7f,0xf0,0x4f,0xe0,0x18,0x00,0x1c,0x00,0x0e,0x00,0x00,0x00,0x00,0x00,0xe0,0x70,0xe0,0x70,0xe0,
0x70,0xe0,0x70,0xe0,0x70,0xe0,0x70,0xe0,0x70,0xe0,0x70,0xe0,0x70,0xe0,0x70,0xf0,0x70,0x70,0xe0,0x7f,0xe0,0x1f,0x80,0x01,
0x80,0x03,0x80,0x07,0x00,0x00,0x00,0x00,0x00,0xe0,0x70,0xe0,0x70,0xe0,0x70,0xe0,0x70,0xe0,0x70,0xe0,0x70,0xe0,0x70,0xe0,
0x70,0xe0,0x70,0xe0,0x70,0xe0,0x70,0x70,0xe0,0x7f,0xe0,0x1f,0x80,0x0f,0x00,0x0f,0x80,0x19,0x80,0x00,0x00,0x00,0x00,0xe0,
0x70,0xe0,0x70,0xe0,0x70,0xe0,0x70,0xe0,0x70,0xe0,0x70,0xe0,0x70,0xe0,0x70,0xe0,0x70,0xe0,0x70,0xe0,0x70,0x70,0xe0,0x7f,
0xe0,0x1f,0x80,0x1d,0xc0,0x1d,0xc0,0x1d,0xc0,0x00,0x00,0x00,0x00,0xe0,0x70,0xe0,0x70,0xe0,0x70,0xe0,0x70,0xe0,0x70,0xe0,
0x70,0xe0,0x70,0xe0,0x70,0xe0,0x70,0xe0,0x70,0xe0,0x70,0x70,0xe0,0x7f,0xe0,0x1f,0x80,0x00,0xc0,0x01,0xc0,0x03,0x80,0x00,
0x00,0x00,0x00,0xe0,0x38,0xf0,0x78,0x70,0x70,0x38,0xe0,0x3d,0xe0,0x1d,0xc0,0x0f,0x80,0x0f,0x80,0x07,0x00,0x07,0x00,0x07,
0x00,0x07,0x00,0x07,0x00,0x07,0x00,0xe0,0x00,0xe0,0x00,0xff,0x80,0xff,0xe0,0xe0,0xf0,0xe0,0x70,0xe0,0x70,0xe0,0x70,0xe0,
0xf0,0xff,0xe0,0xff,0x80,0xe0,0x00,0xe0,0x00,0xe0,0x00,0x3f,0x00,0x7f,0xc0,0xf1,0xc0,0xe1,0xc0,0xe7,0x80,0xe7,0xc0,0xe1,
0xe0,0xe0,0xf0,0xe0,0x70,0xe0,0x70,0xe0,0x70,0xe0,0xe0,0xe7,0xe0,0xe7,0x80,0x30,0x00,0x38,0x00,0x18,0x00,0x0c,0x00,0x00,
0x00,0x1f,0x00,0x7f,0x80,0x73,0xc0,0x01,0xc0,0x07,0xc0,0x7f,0xc0,0xf1,0xc0,0xe1,0xc0,0xe3,0xc0,0xff,0xc0,0x3d,0xc0,0x03,
0x00,0x07,0x00,0x0e,0x00,0x00,0x00,0x1f,0x00,0x7f,0x80,0x73,0xc0,0x01,0xc0,0x07,0xc0,0x7f,0xc0,0xf1,0xc0,0xe1,0xc0,0xe3,
0xc0,0xff,0xc0,0x3d,0xc0,0x0c,0x00,0x1e,0x00,0x3b,0x00,0x71,0x80,0x00,0x00,0x1f,0x00,0x7f,0x80,0x73,0xc0,0x01,0xc0,0x07,
0xc0,0x7f,0xc0,0xf1,0xc0,0xe1,0xc0,0xe3,0xc0,0xff,0xc0,0x3d,0xc0,0x18,0x80,0x3f,0x80,0x23,0x00,0x00,0x00,0x1f,0x00,0x7f,
0x80,0x73,0xc0,0x01,0xc0,0x07,0xc0,0x7f,0xc0,0xf1,0xc0,0xe1,0xc0,0xe3,0xc0,0xff,0xc0,0x3d,0xc0,0x3b,0x80,0x3b,0x80,0x3b,
0x80,0x00,0x00,0x00,0x00,0x1f,0x00,0x7f,0x80,0x71,0xc0,0x01,0xc0,0x07,0xc0,0x7f,0xc0,0xf1,0xc0,0xe1,0xc0,0xe3,0xc0,0xff,
0xc0,0x3d,0xc0,0x1e,0x00,0x3f,0x00,0x33,0x00,0x33,0x00,0x3f,0x00,0x1e,0x00,0x00,0x00,0x1f,0x00,0x7f,0x80,0x73,0xc0,0x01,
0xc0,0x07,0xc0,0x7f,0xc0,0xf1,0xc0,0xe1,0xc0,0xe3,0xc0,0xff,0xc0,0x3d,0xc0,0x1f,0x3e,0x00,0x7f,0xff,0x00,0x71,0xe1,0x80,
0x01,0xc1,0xc0,0x1f,0xff,0xc0,0x7f,0xff,0xc0,0xf1,0xc0,0x00,0xe1,0xe0,0x00,0xe1,0xe1,0x00,0x7f,0x7f,0x80,0x3e,0x3e,0x00,
0x1f,0x00,0x3f,0xc0,0x71,0xc0,0xe0,0x00,0xe0,0x00,0xe0,0x00,0xe0,0x00,0xe0,0x00,0x71,0xc0,0x7f,0xc0,0x1f,0x00,0x0c,0x00,
0x0f,0x00,0x03,0x00,0x1e,0x00,0x18,0x00,0x18,0x00,0x1c,0x00,0x06,0x00,0x00,0x00,0x1f,0x00,0x3f,0x80,0x71,0xc0,0xe0,0xe0,
0xff,0xe0,0xff,0xe0,0xe0,0x00,0xe0,0x00,0x71,0x80,0x3f,0xc0,0x1f,0x00,0x01,0x80,0x03,0x80,0x07,0x00,0x06,0x00,0x00,0x00,
0x1f,0x00,0x3f,0x80,0x71,0xc0,0xe0,0xe0,0xff,0xe0,0xff,0xe0,0xe0,0x00,0xe0,0x00,0x71,0x80,0x3f,0xc0,0x1f,0x00,0x06,0x00,
0x0f,0x00,0x1b,0x80,0x31,0xc0,0x00,0x00,0x1f,0x00,0x3f,0x80,0x71,0xc0,0xe0,0xe0,0xff,0xe0,0xff,0xe0,0xe0,0x00,0xe0,0x00,
0x71,0x80,0x3f,0xc0,0x1f,0x00,0x3b,0x80,0x3b,0x80,0x3b,0x80,0x00,0x00,0x00,0x00,0x1f,0x00,0x3f,0x80,0x71,0xc0,0xe0,0xe0,
0xff,0xe0,0xff,0xe0,0xe0,0x00,0xe0,0x00,0x71,0x80,0x3f,0xc0,0x1f,0x00,0xe0,0x70,0x30,0x00,0xf8,0xf8,0x38,0x38,0x38,0x38,
0x38,0x38,0x38,0x38,0x38,0x0c,0x1c,0x38,0x00,0xf8,0xf8,0x38,0x38,0x38,0x38,0x38,0x38,0x38,0x38,0x38,0x1c,0x36,0xe3,0x00,
0x7c,0x7c,0x1c,0x1c,0x1c,0x1c,0x1c,0x1c,0x1c,0x1c,0x1c,0xee,0xee,0xee,0x00,0x78,0x78,0x38,0x38,0x38,0x38,0x38,0x38,0x38,
0x38,0x38,0x1c,0x80,0x1f,0x00,0x07,0x80,0x07,0xc0,0x05,0xc0,0x00,0xe0,0x1e,0xe0,0x7f,0xe0,0x71,0xe0,0xe0,0xe0,0xe0,0xe0,
0xe0,0xe0,0xe0,0xc0,0x71,0xc0,0x7f,0x80,0x1f,0x00,0x39,0x80,0x7f,0x80,0x67,0x00,0x00,0x00,0xef,0x80,0xff,0x80,0xf3,0xc0,
0xe1,0xc0,0xe1,0xc0,0xe1,0xc0,0xe1,0xc0,0xe1,0xc0,0xe1,0xc0,0xe1,0xc0,0xe1,0xc0,0x10,0x00,0x38,0x00,0x1c,0x00,0x0c,0x00,
0x00,0x00,0x1f,0x00,0x7f,0x80,0x71,0xc0,0xe0,0xe0,0xe0,0xe0,0xe0,0xe0,0xe0,0xe0,0xe0,0xe0,0x71,0xc0,0x7f,0x80,0x1f,0x00,
0x01,0x00,0x03,0x00,0x07,0x00,0x06,0x00,0x00,0x00,0x1f,0x00,0x7f,0x80,0x71,0xc0,0xe0,0xe0,0xe0,0xe0,0xe0,0xe0,0xe0,0xe0,
0xe0,0xe0,0x71,0xc0,0x7f,0x80,0x1f,0x00,0x0e,0x00,0x1f,0x00,0x3b,0x00,0x31,0x80,0x00,0x00,0x1f,0x00,0x7f,0x80,0x71,0xc0,
0xe0,0xe0,0xe0,0xe0,0xe0,0xe0,0xe0,0xe0,0xe0,0xe0,0x71,0xc0,0x7f,0x80,0x1f,0x00,0x18,0x80,0x3f,0x80,0x33,0x00,0x00,0x00,
0x1f,0x00,0x7f,0x80,0x71,0xc0,0xe0,0xe0,0xe0,0xe0,0xe0,0xe0,0xe0,0xe0,0xe0,0xe0,0x71,0xc0,0x7f,0x80,0x1f,0x00,0x3b,0x80,
0x3b,0x80,0x3b,0x80,0x00,0x00,0x00,0x00,0x1f,0x00,0x7f,0x80,0x71,0xc0,0xe0,0xe0,0xe0,0xe0,0xe0,0xe0,0xe0,0xe0,0xe0,0xe0,
0x71,0xc0,0x7f,0x80,0x1f,0x00,0x0e,0x00,0x0e,0x00,0x0e,0x00,0x00,0x00,0x00,0x00,0xff,0xe0,0xff,0xe0,0x00,0x00,0x0e,0x00,
0x0e,0x00,0x0e,0x00,0x1f,0x40,0x3f,0xc0,0x71,0xc0,0xe3,0xe0,0xe6,0xe0,0xe4,0xe0,0xec,0xe0,0xf8,0xe0,0x71,0xc0,0x7f,0x80,
0x5f,0x00,0x30,0x00,0x38,0x00,0x18,0x00,0x0c,0x00,0x00,0x00,0xe1,0xc0,0xe1,0xc0,0xe1,0xc0,0xe1,0xc0,0xe1,0xc0,0xe1,0xc0,
0xe1,0xc0,0xe1,0xc0,0xf3,0xc0,0x7f,0xc0,0x3d,0xc0,0x03,0x00,0x07,0x00,0x06,0x00,0x0c,0x00,0x00,0x00,0xe1,0xc0,0xe1,0xc0,
0xe1,0xc0,0xe1,0xc0,0xe1,0xc0,0xe1,0xc0,0xe1,0xc0,0xe1,0xc0,0xf3,0xc0,0x7f,0xc0,0x3d,0xc0,0x0c,0x00,0x1e,0x00,0x3f,0x00,
0x73,0x80,0x00,0x00,0xe1,0xc0,0xe1,0xc0,0xe1,0xc0,0xe1,0xc0,0xe1,0xc0,0xe1,0xc0,0xe1,0xc0,0xe1,0xc0,0xf3,0xc0,0x7f,0xc0,
0x3d,0xc0,0x73,0x80,0x73,0x80,0x73,0x80,0x00,0x00,0x00,0x00,0xe1,0xc0,0xe1,0xc0,0xe1,0xc0,0xe1,0xc0,0xe1,0xc0,0xe1,0xc0,
0xe1,0xc0,0xe1,0xc0,0xf3,0xc0,0x7f,0xc0,0x3d,0xc0,0x03,0x00,0x07,0x00,0x06,0x00,0x00,0x00,0xe1,0xc0,0xe1,0xc0,0x71,0xc0,
0x71,0x80,0x73,0x80,0x3b,0x80,0x3b,0x00,0x1f,0x00,0x1f,0x00,0x1e,0x00,0x0e,0x00,0x0e,0x00,0x0c,0x00,0x7c,0x00,0x78,0x00,
0xe0,0x00,0xe0,0x00,0xe0,0x00,0xe0,0x00,0xef,0x00,0xff,0xc0,0xf1,0xc0,0xe0,0xe0,0xe0,0xe0,0xe0,0xe0,0xe0,0xe0,0xe0,0xe0,
0xf1,0xc0,0xff,0xc0,0xef,0x80,0xe0,0x00,0xe0,0x00,0xe0,0x00,0xe0,0x00,0x77,0x00,0x77,0x00,0x77,0x00,0x00,0x00,0xe3,0xc0,
0xe3,0x80,0xe3,0x80,0x63,0x80,0x77,0x00,0x77,0x00,0x36,0x00,0x36,0x00,0x3e,0x00,0x1c,0x00,0x1c,0x00,0x1c,0x00,0x18,0x00,
0xf8,0x00,0xf0,0x00,0x0f,0xc0,0x0f,0xc0,0x00,0x00,0x00,0x00,0x07,0x80,0x07,0x80,0x0f,0xc0,0x0f,0xc0,0x0f,0xc0,0x1c,0xe0,
0x1c,0xe0,0x1c,0x70,0x38,0x70,0x3f,0xf0,0x7f,0xf8,0x70,0x38,0x70,0x38,0xe0,0x1c,0x3f,0x00,0x3f,0x00,0x00,0x00,0x1f,0x00,
0x7f,0x80,0x73,0xc0,0x01,0xc0,0x07,0xc0,0x7f,0xc0,0xf1,0xc0,0xe1,0xc0,0xe3,0xc0,0xff,0xc0,0x7d,0xc0,0x0c,0x60,0x07,0xc0,
0x07,0x80,0x00,0x00,0x00,0x00,0x07,0x80,0x07,0xc0,0x07,0xc0,0x0e,0xc0,0x0e,0xe0,0x0c,0xe0,0x1c,0x70,0x1c,0x70,0x38,0x70,
0x3f,0xf8,0x3f,0xf8,0x70,0x1c,0x70,0x1c,0xf0,0x1c,0x3f,0x00,0x1e,0x00,0x00,0x00,0x1f,0x00,0x7f,0x80,0x73,0xc0,0x01,0xc0,
0x07,0xc0,0x7f,0xc0,0xf1,0xc0,0xe1,0xc0,0xe3,0xc0,0xff,0xc0,0x3d,0xc0,0x07,0x80,0x07,0x80,0x07,0xc0,0x0f,0xc0,0x0e,0xe0,
0x1c,0xe0,0x1c,0xe0,0x1c,0x70,0x38,0x70,0x3f,0xf8,0x7f,0xf8,0x70,0x38,0x70,0x1c,0xe0,0x1c,0x00,0x18,0x00,0x38,0x00,0x3e,
0x00,0x1e,0x1f,0x00,0x7f,0x80,0x73,0xc0,0x01,0xc0,0x07,0xc0,0x7f,0xc0,0xf1,0xc0,0xe1,0xc0,0xe3,0xc0,0xff,0xc0,0x3c,0xc0,
0x03,0x80,0x03,0x80,0x03,0xe0,0x01,0xe0,0x00,0xc0,0x01,0xc0,0x03,0x80,0x00,0x00,0x00,0x00,0x0f,0xc0,0x3f,0xf0,0x78,0x78,
0x70,0x20,0xe0,0x00,0xe0,0x00,0xe0,0x00,0xe0,0x00,0xe0,0x00,0xe0,0x00,0x70,0x20,0x78,0x78,0x3f,0xf0,0x0f,0xc0,0x01,0x80,
0x03,0x80,0x07,0x00,0x06,0x00,0x00,0x00,0x1f,0x00,0x3f,0xc0,0x71,0xc0,0xe0,0x00,0xe0,0x00,0xe0,0x00,0xe0,0x00,0xe0,0x00,
0x71,0xc0,0x7f,0xc0,0x1f,0x00,0xff,0xc0,0x80,0x40,0xc1,0xc0,0xa1,0x40,0xa2,0x40,0x92,0x40,0x94,0x40,0x8c,0x40,0x8c,0x40,
0x94,0x40,0x92,0x40,0xa2,0x40,0xa1,0x40,0xc1,0x40,0x80,0xc0,0xff,0xc0,0xff,0xc0,0x80,0x40,0xc1,0xc0,0xa1,0x40,0xa2,0x40,
0x92,0x40,0x94,0x40,0x8c,0x40,0x8c,0x40,0x94,0x40,0x92,0x40,0xa2,0x40,0xa1,0x40,0xc1,0x40,0x80,0xc0,0xff,0xc0,0x03,0x80,
0x03,0x80,0x03,0x80,0x00,0x00,0x00,0x00,0x0f,0xc0,0x3f,0xf0,0x78,0x78,0x70,0x10,0xe0,0x00,0xe0,0x00,0xe0,0x00,0xe0,0x00,
0xe0,0x00,0xe0,0x00,0x70,0x10,0x78,0x78,0x3f,0xf0,0x0f,0xc0,0x0e,0x00,0x0e,0x00,0x0e,0x00,0x00,0x00,0x00,0x00,0x1f,0x00,
0x7f,0x80,0x71,0xc0,0xe0,0x00,0xe0,0x00,0xe0,0x00,0xe0,0x00,0xe0,0x00,0x71,0xc0,0x7f,0x80,0x1f,0x00,0x1c,0xe0,0x07,0x80,
0x03,0x00,0x00,0x00,0x00,0x00,0x0f,0xc0,0x3f,0xf0,0x78,0x78,0x70,0x20,0xe0,0x00,0xe0,0x00,0xe0,0x00,0xe0,0x00,0xe0,0x00,
0xe0,0x00,0x70,0x20,0x78,0x78,0x3f,0xf0,0x0f,0xc0,0x31,0xc0,0x1b,0x80,0x0e,0x00,0x00,0x00,0x00,0x00,0x1f,0x00,0x3f,0x80,
0x71,0xc0,0xe0,0x00,0xe0,0x00,0xe0,0x00,0xe0,0x00,0xe0,0x00,0x71,0xc0,0x7f,0xc0,0x1f,0x00,0x39,0xc0,0x1f,0x00,0x06,0x00,
0x00,0x00,0x00,0x00,0xff,0x00,0xff,0xe0,0xe0,0xf0,0xe0,0x70,0xe0,0x38,0xe0,0x38,0xe0,0x38,0xe0,0x38,0xe0,0x38,0xe0,0x38,
0xe0,0x70,0xe0,0xf0,0xff,0xe0,0xff,0x00,0x00,0xe6,0x00,0xee,0x00,0xec,0x00,0xec,0x1e,0xe0,0x7f,0xe0,0x71,0xe0,0xe0,0xe0,
0xe0,0xe0,0xe0,0xe0,0xe0,0xe0,0xe0,0xe0,0x71,0xe0,0x7f,0xe0,0x1e,0xe0,0x7f,0xc0,0x7f,0xf0,0x70,0x78,0x70,0x38,0x70,0x1c,
0x70,0x1c,0xff,0x1c,0xff,0x1c,0x70,0x1c,0x70,0x1c,0x70,0x38,0x70,0x78,0x7f,0xf0,0x7f,0x80,0x00,0xe0,0x00,0xe0,0x07,0xf8,
0x07,0xf8,0x00,0xe0,0x1e,0xe0,0x7f,0xe0,0x71,0xe0,0xe0,0xe0,0xe0,0xe0,0xe0,0xe0,0xe0,0xe0,0xe0,0xe0,0x71,0xe0,0x7f,0xe0,
0x1e,0xe0,0x3f,0x00,0x3f,0x00,0x00,0x00,0x00,0x00,0xff,0xe0,0xff,0xe0,0xe0,0x00,0xe0,0x00,0xe0,0x00,0xe0,0x00,0xff,0x00,
0xff,0x00,0xe0,0x00,0xe0,0x00,0xe0,0x00,0xe0,0x00,0xff,0xe0,0xff,0xe0,0x1f,0x80,0x1f,0x80,0x00,0x00,0x1f,0x00,0x3f,0x80,
0x70,0xc0,0xe0,0xe0,0xff,0xe0,0xff,0xe0,0xe0,0x00,0xf0,0x00,0x78,0x80,0x3f,0xc0,0x1f,0x00,0xff,0xc0,0x80,0x40,0xc1,0xc0,
0xa1,0x40,0xa2,0x40,0x92,0x40,0x94,0x40,0x8c,0x40,0x8c,0x40,0x94,0x40,0x92,0x40,0xa2,0x40,0xa1,0x40,0xc1,0x40,0x80,0xc0,
0xff,0xc0,0xff,0xc0,0x80,0x40,0xc1,0xc0,0xa1,0x40,0xa2,0x40,0x92,0x40,0x94,0x40,0x8c,0x40,0x8c,0x40,0x94,0x40,0x92,0x40,
0xa2,0x40,0xa1,0x40,0xc1,0x40,0x80,0xc0,0xff,0xc0,0x0e,0x00,0x0e,0x00,0x0e,0x00,0x00,0x00,0x00,0x00,0xff,0xe0,0xff,0xe0,
0xe0,0x00,0xe0,0x00,0xe0,0x00,0xe0,0x00,0xff,0x00,0xff,0x00,0xe0,0x00,0xe0,0x00,0xe0,0x00,0xe0,0x00,0xff,0xe0,0xff,0xe0,
0x0e,0x00,0x0e,0x00,0x0e,0x00,0x00,0x00,0x00,0x00,0x1f,0x00,0x3f,0x80,0x71,0xc0,0xe0,0xe0,0xff,0xe0,0xff,0xe0,0xe0,0x00,
0xe0,0x00,0x71,0x80,0x3f,0xc0,0x1f,0x00,0xff,0xe0,0xff,0xe0,0xe0,0x00,0xe0,0x00,0xe0,0x00,0xe0,0x00,0xff,0x00,0xff,0x00,
0xe0,0x00,0xe0,0x00,0xe0,0x00,0xe0,0x00,0xff,0xe0,0xff,0xe0,0x01,0xc0,0x03,0x80,0x03,0xe0,0x01,0xe0,0x1f,0x00,0x3f,0x80,
0x70,0xc0,0xe0,0x60,0xff,0xe0,0xff,0xe0,0xe0,0x00,0xe0,0x00,0x70,0xc0,0x7f,0xc0,0x1f,0x80,0x07,0x00,0x07,0x00,0x07,0xc0,
0x03,0xc0,0x3b,0x80,0x1f,0x00,0x0e,0x00,0x00,0x00,0x00,0x00,0xff,0xe0,0xff,0xe0,0xe0,0x00,0xe0,0x00,0xe0,0x00,0xe0,0x00,
0xff,0x00,0xff,0x00,0xe0,0x00,0xe0,0x00,0xe0,0x00,0xe0,0x00,0xff,0xe0,0xff,0xe0,0x31,0xc0,0x1b,0x80,0x0e,0x00,0x00,0x00,
0x00,0x00,0x1f,0x00,0x3f,0x80,0x71,0xc0,0xe0,0xe0,0xff,0xe0,0xff,0xe0,0xe0,0x00,0xe0,0x00,0x71,0x80,0x3f,0xc0,0x1f,0x00,
0xff,0xc0,0x80,0x40,0xc1,0xc0,0xa1,0x40,0xa2,0x40,0x92,0x40,0x94,0x40,0x8c,0x40,0x8c,0x40,0x94,0x40,0x92,0x40,0xa2,0x40,
0xa1,0x40,0xc1,0x40,0x80,0xc0,0xff,0xc0,0xff,0xc0,0x80,0x40,0xc1,0xc0,0xa1,0x40,0xa2,0x40,0x92,0x40,0x94,0x40,0x8c,0x40,
0x8c,0x40,0x94,0x40,0x92,0x40,0xa2,0x40,0xa1,0x40,0xc1,0x40,0x80,0xc0,0xff,0xc0,0x0c,0xc0,0x0f,0xc0,0x07,0x80,0x00,0x00,
0x00,0x00,0x0f,0xe0,0x1f,0xf0,0x78,0x78,0x70,0x00,0xe0,0x00,0xe0,0x00,0xe1,0xfc,0xe1,0xfc,0xe0,0x1c,0xe0,0x1c,0x70,0x3c,
0x78,0x7c,0x3f,0xfc,0x0f,0xcc,0x1f,0x80,0x0f,0x00,0x00,0x00,0x1e,0xe0,0x7f,0xe0,0x71,0xe0,0xe0,0xe0,0xe0,0xe0,0xe0,0xe0,
0xe0,0xe0,0xe0,0xe0,0x71,0xe0,0x7f,0xe0,0x1e,0xe0,0x00,0xe0,0x00,0xe0,0x71,0xc0,0x3f,0xc0,0x1f,0x00,0x03,0x80,0x03,0x80,
0x03,0x80,0x00,0x00,0x00,0x00,0x0f,0xe0,0x1f,0xf0,0x78,0x78,0x70,0x00,0xe0,0x00,0xe0,0x00,0xe0,0xfc,0xe0,0xfc,0xe0,0x1c,
0xe0,0x1c,0x70,0x3c,0x78,0x7c,0x3f,0xfc,0x0f,0xcc,0x0e,0x00,0x0e,0x00,0x0e,0x00,0x00,0x00,0x1e,0xe0,0x7f,0xe0,0x71,0xe0,
0xe0,0xe0,0xe0,0xe0,0xe0,0xe0,0xe0,0xe0,0xe0,0xe0,0x71,0xe0,0x7f,0xe0,0x1e,0xe0,0x00,0xe0,0x00,0xe0,0x71,0xc0,0x3f,0xc0,
0x1f,0x00,0x0f,0xe0,0x1f,0xf0,0x78,0x78,0x70,0x00,0xe0,0x00,0xe0,0x00,0xe1,0xfc,0xe1,0xfc,0xe0,0x1c,0xe0,0x1c,0x70,0x3c,
0x78,0x7c,0x3f,0xfc,0x0f,0xcc,0x00,0x00,0x03,0x00,0x01,0x80,0x01,0x80,0x07,0x00,0x0f,0x00,0x0c,0x00,0x0c,0x00,0x06,0x00,
0x00,0x00,0x1e,0xe0,0x7f,0xe0,0x71,0xe0,0xe0,0xe0,0xe0,0xe0,0xe0,0xe0,0xe0,0xe0,0xe0,0xe0,0x71,0xe0,0x7f,0xe0,0x1e,0xe0,
0x00,0xe0,0x00,0xe0,0x71,0xc0,0x3f,0xc0,0x1f,0x00,0xff,0xc0,0x80,0x40,0xc1,0xc0,0xa1,0x40,0xa2,0x40,0x92,0x40,0x94,0x40,
0x8c,0x40,0x8c,0x40,0x94,0x40,0x92,0x40,0xa2,0x40,0xa1,0x40,0xc1,0x40,0x80,0xc0,0xff,0xc0,0xff,0xc0,0x80,0x40,0xc1,0xc0,
0xa1,0x40,0xa2,0x40,0x92,0x40,0x94,0x40,0x8c,0x40,0x8c,0x40,0x94,0x40,0x92,0x40,0xa2,0x40,0xa1,0x40,0xc1,0x40,0x80,0xc0,
0xff,0xc0,0x70,0x1c,0xff,0xfe,0xff,0xfe,0x70,0x1c,0x70,0x1c,0x70,0x1c,0x7f,0xfc,0x7f,0xfc,0x70,0x1c,0x70,0x1c,0x70,0x1c,
0x70,0x1c,0x70,0x1c,0x70,0x1c,0x38,0x00,0xff,0x00,0xff,0x00,0x38,0x00,0x3b,0xe0,0x3f,0xe0,0x3c,0xf0,0x38,0x70,0x38,0x70,
0x38,0x70,0x38,0x70,0x38,0x70,0x38,0x70,0x38,0x70,0x38,0x70,0xff,0xc0,0x80,0x40,0xc1,0xc0,0xa1,0x40,0xa2,0x40,0x92,0x40,
0x94,0x40,0x8c,0x40,0x8c,0x40,0x94,0x40,0x92,0x40,0xa2,0x40,0xa1,0x40,0xc1,0x40,0x80,0xc0,0xff,0xc0,0xff,0xc0,0x80,0x40,
0xc1,0xc0,0xa1,0x40,0xa2,0x40,0x92,0x40,0x94,0x40,0x8c,0x40,0x8c,0x40,0x94,0x40,0x92,0x40,0xa2,0x40,0xa1,0x40,0xc1,0x40,
0x80,0xc0,0xff,0xc0,0x7e,0x7e,0x00,0x00,0xfe,0xfe,0x38,0x38,0x38,0x38,0x38,0x38,0x38,0x38,0x38,0x38,0xfe,0xfe,0xfc,0xfc,
0x00,0xf8,0xf8,0x38,0x38,0x38,0x38,0x38,0x38,0x38,0x38,0x38,0xff,0xc0,0x80,0x40,0xc1,0xc0,0xa1,0x40,0xa2,0x40,0x92,0x40,
0x94,0x40,0x8c,0x40,0x8c,0x40,0x94,0x40,0x92,0x40,0xa2,0x40,0xa1,0x40,0xc1,0x40,0x80,0xc0,0xff,0xc0,0xff,0xc0,0x80,0x40,
0xc1,0xc0,0xa1,0x40,0xa2,0x40,0x92,0x40,0x94,0x40,0x8c,0x40,0x8c,0x40,0x94,0x40,0x92,0x40,0xa2,0x40,0xa1,0x40,0xc1,0x40,
0x80,0xc0,0xff,0xc0,0xfe,0xfe,0x38,0x38,0x38,0x38,0x38,0x38,0x38,0x38,0x38,0x38,0xfe,0xfe,0x1c,0x38,0x3e,0x1e,0x70,0x70,
0x70,0x00,0x00,0xf0,0xf0,0x70,0x70,0x70,0x70,0x70,0x70,0x70,0x70,0x70,0xe0,0xe0,0xf0,0x70,0x38,0x38,0x38,0x00,0x00,0xfe,
0xfe,0x38,0x38,0x38,0x38,0x38,0x38,0x38,0x38,0x38,0x38,0xfe,0xfe,0xf8,0xf8,0x38,0x38,0x38,0x38,0x38,0x38,0x38,0x38,0x38,
0xfe,0x00,0xe0,0xfe,0x00,0xe0,0x38,0x00,0xe0,0x38,0x00,0xe0,0x38,0x00,0xe0,0x38,0x00,0xe0,0x38,0x00,0xe0,0x38,0x00,0xe0,
0x38,0x00,0xe0,0x38,0x00,0xe0,0x38,0xe0,0xe0,0x38,0x71,0xc0,0xfe,0x7f,0xc0,0xfe,0x1f,0x00,0x71,0xc0,0x71,0xc0,0x71,0xc0,
0x00,0x00,0xf1,0xc0,0xf1,0xc0,0x71,0xc0,0x71,0xc0,0x71,0xc0,0x71,0xc0,0x71,0xc0,0x71,0xc0,0x71,0xc0,0x71,0xc0,0x71,0xc0,
0x01,0xc0,0x01,0xc0,0x0f,0xc0,0x0f,0x00,0xff,0xc0,0x80,0x40,0xc1,0xc0,0xa1,0x40,0xa2,0x40,0x92,0x40,0x94,0x40,0x8c,0x40,
0x8c,0x40,0x94,0x40,0x92,0x40,0xa2,0x40,0xa1,0x40,0xc1,0x40,0x80,0xc0,0xff,0xc0,0xff,0xc0,0x80,0x40,0xc1,0xc0,0xa1,0x40,
0xa2,0x40,0x92,0x40,0x94,0x40,0x8c,0x40,0x8c,0x40,0x94,0x40,0x92,0x40,0xa2,0x40,0xa1,0x40,0xc1,0x40,0x80,0xc0,0xff,0xc0,
0xe0,0xf0,0xe1,0xe0,0xe3,0xc0,0xe7,0x80,0xef,0x00,0xfe,0x00,0xfe,0x00,0xff,0x00,0xf7,0x80,0xe3,0x80,0xe1,0xc0,0xe1,0xe0,
0xe0,0xf0,0xe0,0x70,0x00,0x00,0x06,0x00,0x03,0x00,0x03,0x00,0x06,0x00,0x08,0x00,0xe0,0x00,0xe0,0x00,0xe0,0x00,0xe0,0x00,
0xe3,0xc0,0xe3,0x80,0xe7,0x00,0xee,0x00,0xfc,0x00,0xfe,0x00,0xff,0x00,0xf7,0x00,0xe3,0x80,0xe3,0xc0,0xe1,0xc0,0x00,0x00,
0x0c,0x00,0x06,0x00,0x06,0x00,0x1c,0x00,0xff,0xc0,0x80,0x40,0xc1,0xc0,0xa1,0x40,0xa2,0x40,0x92,0x40,0x94,0x40,0x8c,0x40,
0x8c,0x40,0x94,0x40,0x92,0x40,0xa2,0x40,0xa1,0x40,0xc1,0x40,0x80,0xc0,0xff,0xc0,0x03,0x00,0x07,0x00,0x0e,0x00,0x00,0x00,
0x00,0x00,0xe0,0x00,0xe0,0x00,0xe0,0x00,0xe0,0x00,0xe0,0x00,0xe0,0x00,0xe0,0x00,0xe0,0x00,0xe0,0x00,0xe0,0x00,0xe0,0x00,
0xe0,0x00,0xff,0xe0,0xff,0xe0,0x18,0x38,0x70,0x00,0xe0,0xe0,0xe0,0xe0,0xe0,0xe0,0xe0,0xe0,0xe0,0xe0,0xe0,0xe0,0xe0,0xe0,
0xf8,0x78,0xe0,0x00,0xe0,0x00,0xe0,0x00,0xe0,0x00,0xe0,0x00,0xe0,0x00,0xe0,0x00,0xe0,0x00,0xe0,0x00,0xe0,0x00,0xe0,0x00,
0xe0,0x00,0xff,0xe0,0xff,0xe0,0x00,0x00,0x0c,0x00,0x06,0x00,0x06,0x00,0x1c,0x00,0x10,0x00,0xe0,0xe0,0xe0,0xe0,0xe0,0xe0,
0xe0,0xe0,0xe0,0xe0,0xe0,0xe0,0xe0,0xe0,0xf8,0x78,0x00,0x60,0x30,0x30,0x60,0x80,0xe6,0x00,0xe6,0x00,0xe6,0x00,0xe4,0x00,
0xe0,0x00,0xe0,0x00,0xe0,0x00,0xe0,0x00,0xe0,0x00,0xe0,0x00,0xe0,0x00,0xe0,0x00,0xff,0xe0,0xff,0xe0,0xe4,0xec,0xec,0xec,
0xe0,0xe0,0xe0,0xe0,0xe0,0xe0,0xe0,0xe0,0xe0,0xf8,0x78,0xff,0xc0,0x80,0x40,0xc1,0xc0,0xa1,0x40,0xa2,0x40,0x92,0x40,0x94,
0x40,0x8c,0x40,0x8c,0x40,0x94,0x40,0x92,0x40,0xa2,0x40,0xa1,0x40,0xc1,0x40,0x80,0xc0,0xff,0xc0,0xff,0xc0,0x80,0x40,0xc1,
0xc0,0xa1,0x40,0xa2,0x40,0x92,0x40,0x94,0x40,0x8c,0x40,0x8c,0x40,0x94,0x40,0x92,0x40,0xa2,0x40,0xa1,0x40,0xc1,0x40,0x80,
0xc0,0xff,0xc0,0x38,0x00,0x38,0x00,0x38,0x00,0x38,0x80,0x3b,0x80,0x3f,0x80,0x3e,0x00,0x78,0x00,0xf8,0x00,0xf8,0x00,0x38,
0x00,0x38,0x00,0x3f,0xf8,0x3f,0xf8,0x70,0x70,0x70,0x70,0x70,0x70,0x7c,0x7c,0x78,0xf0,0xf0,0x70,0x70,0x70,0x7c,0x3c,0x00,
0xc0,0x01,0xc0,0x03,0x80,0x00,0x00,0x00,0x00,0xf0,0x38,0xf8,0x38,0xfc,0x38,0xfc,0x38,0xee,0x38,0xee,0x38,0xe7,0x38,0xe7,
0x38,0xe3,0xb8,0xe1,0xf8,0xe1,0xf8,0xe0,0xf8,0xe0,0xf8,0xe0,0x78,0x03,0x00,0x07,0x00,0x0c,0x00,0x00,0x00,0xef,0x80,0xff,
0x80,0xf3,0xc0,0xe1,0xc0,0xe1,0xc0,0xe1,0xc0,0xe1,0xc0,0xe1,0xc0,0xe1,0xc0,0xe1,0xc0,0xe1,0xc0,0xf0,0x38,0xf8,0x38,0xf8,
0x38,0xfc,0x38,0xee,0x38,0xee,0x38,0xe7,0x38,0xe7,0x38,0xe3,0xb8,0xe3,0xb8,0xe1,0xf8,0xe1,0xf8,0xe0,0xf8,0xe0,0xf8,0x00,
0x00,0x02,0x00,0x07,0x00,0x03,0x00,0x06,0x00,0xef,0x80,0xff,0x80,0xf3,0xc0,0xe1,0xc0,0xe1,0xc0,0xe1,0xc0,0xe1,0xc0,0xe1,
0xc0,0xe1,0xc0,0xe1,0xc0,0xe1,0xc0,0x00,0x00,0x0c,0x00,0x06,0x00,0x06,0x00,0x0c,0x00,0x10,0x00,0x1d,0xc0,0x0f,0x80,0x07,
0x00,0x00,0x00,0x00,0x00,0xf0,0x38,0xf8,0x38,0xf8,0x38,0xfc,0x38,0xee,0x38,0xee,0x38,0xe7,0x38,0xe7,0x38,0xe3,0xb8,0xe3,
0xb8,0xe1,0xf8,0xe0,0xf8,0xe0,0xf8,0xe0,0x78,0x73,0x80,0x3f,0x00,0x1e,0x00,0x00,0x00,0x00,0x00,0xef,0x80,0xff,0x80,0xf3,
0xc0,0xe1,0xc0,0xe1,0xc0,0xe1,0xc0,0xe1,0xc0,0xe1,0xc0,0xe1,0xc0,0xe1,0xc0,0xe1,0xc0,0xff,0xc0,0x80,0x40,0xc1,0xc0,0xa1,
0x40,0xa2,0x40,0x92,0x40,0x94,0x40,0x8c,0x40,0x8c,0x40,0x94,0x40,0x92,0x40,0xa2,0x40,0xa1,0x40,0xc1,0x40,0x80,0xc0,0xff,
0xc0,0xff,0xc0,0x80,0x40,0xc1,0xc0,0xa1,0x40,0xa2,0x40,0x92,0x40,0x94,0x40,0x8c,0x40,0x8c,0x40,0x94,0x40,0x92,0x40,0xa2,
0x40,0xa1,0x40,0xc1,0x40,0x80,0xc0,0xff,0xc0,0xff,0xc0,0x80,0x40,0xc1,0xc0,0xa1,0x40,0xa2,0x40,0x92,0x40,0x94,0x40,0x8c,
0x40,0x8c,0x40,0x94,0x40,0x92,0x40,0xa2,0x40,0xa1,0x40,0xc1,0x40,0x80,0xc0,0xff,0xc0,0xff,0xc0,0x80,0x40,0xc1,0xc0,0xa1,
0x40,0xa2,0x40,0x92,0x40,0x94,0x40,0x8c,0x40,0x8c,0x40,0x94,0x40,0x92,0x40,0xa2,0x40,0xa1,0x40,0xc1,0x40,0x80,0xc0,0xff,
0xc0,0xff,0xc0,0x80,0x40,0xc1,0xc0,0xa1,0x40,0xa2,0x40,0x92,0x40,0x94,0x40,0x8c,0x40,0x8c,0x40,0x94,0x40,0x92,0x40,0xa2,
0x40,0xa1,0x40,0xc1,0x40,0x80,0xc0,0xff,0xc0,0xff,0xc0,0x80,0x40,0xc1,0xc0,0xa1,0x40,0xa2,0x40,0x92,0x40,0x94,0x40,0x8c,
0x40,0x8c,0x40,0x94,0x40,0x92,0x40,0xa2,0x40,0xa1,0x40,0xc1,0x40,0x80,0xc0,0xff,0xc0,0xff,0xc0,0x80,0x40,0xc1,0xc0,0xa1,
0x40,0xa2,0x40,0x92,0x40,0x94,0x40,0x8c,0x40,0x8c,0x40,0x94,0x40,0x92,0x40,0xa2,0x40,0xa1,0x40,0xc1,0x40,0x80,0xc0,0xff,
0xc0,0x01,0x00,0x03,0xb8,0x07,0x70,0x0e,0x60,0x00,0x00,0x00,0x00,0x0f,0xe0,0x1f,0xf0,0x38,0x38,0x70,0x1c,0xe0,0x1e,0xe0,
0x0e,0xe0,0x0e,0xe0,0x0e,0xe0,0x0e,0xf0,0x1e,0x70,0x1c,0x38,0x38,0x1f,0xf0,0x0f,0xe0,0x04,0x40,0x0e,0xe0,0x1d,0xc0,0x1b,
0x80,0x00,0x00,0x1f,0x00,0x7f,0x80,0x71,0xc0,0xe0,0xe0,0xe0,0xe0,0xe0,0xe0,0xe0,0xe0,0xe0,0xe0,0x71,0xc0,0x7f,0x80,0x1f,
0x00,0x0f,0xdf,0xf8,0x3f,0xff,0xf8,0x78,0x7c,0x00,0x70,0x3c,0x00,0xe0,0x1c,0x00,0xe0,0x1f,0xc0,0xe0,0x1f,0xc0,0xe0,0x1c,
0x00,0xe0,0x1c,0x00,0xe0,0x1c,0x00,0x70,0x3c,0x00,0x78,0x7c,0x00,0x3f,0xff,0xf8,0x0f,0xdf,0xf8,0x1f,0x1f,0x00,0x7f,0xbf,
0x80,0x71,0xf1,0xc0,0xe0,0xe0,0xe0,0xe0,0xff,0xe0,0xe0,0xff,0xe0,0xe0,0xe0,0x00,0xe0,0xe0,0x00,0x71,0xf1,0x80,0x7f,0xbf,
0xc0,0x1f,0x1f,0x00,0x01,0x80,0x03,0x80,0x07,0x00,0x00,0x00,0x00,0x00,0xff,0x80,0xff,0xe0,0xe0,0xf0,0xe0,0x70,0xe0,0x70,
0xe0,0xf0,0xff,0xe0,0xff,0x80,0xe7,0x80,0xe3,0xc0,0xe1,0xc0,0xe1,0xe0,0xe0,0xf0,0xe0,0x70,0x0c,0x1c,0x38,0x00,0xce,0xfe,
0xfe,0xf0,0xe0,0xe0,0xe0,0xe0,0xe0,0xe0,0xe0,0xff,0xc0,0x80,0x40,0xc1,0xc0,0xa1,0x40,0xa2,0x40,0x92,0x40,0x94,0x40,0x8c,
0x40,0x8c,0x40,0x94,0x40,0x92,0x40,0xa2,0x40,0xa1,0x40,0xc1,0x40,0x80,0xc0,0xff,0xc0,0xff,0xc0,0x80,0x40,0xc1,0xc0,0xa1,
0x40,0xa2,0x40,0x92,0x40,0x94,0x40,0x8c,0x40,0x8c,0x40,0x94,0x40,0x92,0x40,0xa2,0x40,0xa1,0x40,0xc1,0x40,0x80,0xc0,0xff,
0xc0,0x39,0xc0,0x1f,0x80,0x0f,0x00,0x00,0x00,0x00,0x00,0xff,0x80,0xff,0xe0,0xe0,0xf0,0xe0,0x70,0xe0,0x70,0xe0,0xf0,0xff,
0xe0,0xff,0x80,0xe7,0x80,0xe3,0xc0,0xe1,0xc0,0xe1,0xe0,0xe0,0xf0,0xe0,0x70,0xe3,0x76,0x1c,0x08,0x00,0x67,0x7f,0x7f,0x78,
0x70,0x70,0x70,0x70,0x70,0x70,0x70,0x01,0x80,0x03,0x80,0x07,0x00,0x00,0x00,0x00,0x00,0x1f,0x80,0x7f,0xe0,0xf0,0xf0,0xe0,
0x00,0xe0,0x00,0xfe,0x00,0x7f,0xc0,0x1f,0xe0,0x01,0xf0,0x00,0x70,0x60,0x70,0xf0,0xe0,0x7f,0xe0,0x1f,0x80,0x03,0x00,0x07,
0x00,0x06,0x00,0x0c,0x00,0x00,0x00,0x3f,0x00,0x7f,0x80,0xe3,0x80,0xe0,0x00,0xfe,0x00,0x7f,0x80,0x0f,0xc0,0x01,0xc0,0xe1,
0xc0,0xff,0x80,0x3f,0x00,0xff,0xc0,0x80,0x40,0xc1,0xc0,0xa1,0x40,0xa2,0x40,0x92,0x40,0x94,0x40,0x8c,0x40,0x8c,0x40,0x94,
0x40,0x92,0x40,0xa2,0x40,0xa1,0x40,0xc1,0x40,0x80,0xc0,0xff,0xc0,0xff,0xc0,0x80,0x40,0xc1,0xc0,0xa1,0x40,0xa2,0x40,0x92,
0x40,0x94,0x40,0x8c,0x40,0x8c,0x40,0x94,0x40,0x92,0x40,0xa2,0x40,0xa1,0x40,0xc1,0x40,0x80,0xc0,0xff,0xc0,0x1f,0x80,0x7f,
0xe0,0xf0,0xf0,0xe0,0x00,0xe0,0x00,0xfe,0x00,0x7f,0xc0,0x1f,0xe0,0x01,0xf0,0x00,0x70,0x60,0x70,0xf0,0xf0,0x7f,0xe0,0x1f,
0x80,0x04,0x00,0x0f,0x00,0x03,0x00,0x0f,0x00,0x3f,0x00,0x7f,0x80,0xe3,0x80,0xe0,0x00,0xfe,0x00,0x7f,0x80,0x0f,0xc0,0x01,
0xc0,0xe1,0xc0,0xff,0x80,0x3f,0x00,0x08,0x00,0x0e,0x00,0x02,0x00,0x1e,0x00,0x39,0x80,0x1f,0x00,0x06,0x00,0x00,0x00,0x00,
0x00,0x1f,0x80,0x7f,0xe0,0xf0,0xf0,0xe0,0x00,0xe0,0x00,0xfe,0x00,0x7f,0xc0,0x1f,0xe0,0x01,0xf0,0x00,0x70,0x60,0x70,0xf0,
0xe0,0x7f,0xe0,0x1f,0x80,0x73,0x80,0x3f,0x00,0x1e,0x00,0x00,0x00,0x00,0x00,0x3f,0x00,0x7f,0x80,0xe3,0x80,0xe0,0x00,0xfe,
0x00,0x7f,0x80,0x0f,0xc0,0x01,0xc0,0xe1,0xc0,0xff,0x80,0x3f,0x00,0xff,0xf8,0xff,0xf8,0x07,0x00,0x07,0x00,0x07,0x00,0x07,
0x00,0x07,0x00,0x07,0x00,0x07,0x00,0x07,0x00,0x07,0x00,0x07,0x00,0x07,0x00,0x07,0x00,0x02,0x00,0x07,0x80,0x01,0x80,0x0f,
0x00,0x38,0x38,0x38,0xfe,0xfe,0x38,0x38,0x38,0x38,0x38,0x38,0x38,0x3e,0x1e,0x08,0x1c,0x06,0x3c,0x1d,0xc0,0x0f,0x80,0x07,
0x00,0x00,0x00,0x00,0x00,0xff,0xf8,0xff,0xf8,0x07,0x00,0x07,0x00,0x07,0x00,0x07,0x00,0x07,0x00,0x07,0x00,0x07,0x00,0x07,
0x00,0x07,0x00,0x07,0x00,0x07,0x00,0x07,0x00,0x03,0x03,0x03,0x3a,0x38,0x38,0xfe,0xfe,0x38,0x38,0x38,0x38,0x38,0x38,0x38,
0x3e,0x1e,0xff,0xc0,0x80,0x40,0xc1,0xc0,0xa1,0x40,0xa2,0x40,0x92,0x40,0x94,0x40,0x8c,0x40,0x8c,0x40,0x94,0x40,0x92,0x40,
0xa2,0x40,0xa1,0x40,0xc1,0x40,0x80,0xc0,0xff,0xc0,0xff,0xc0,0x80,0x40,0xc1,0xc0,0xa1,0x40,0xa2,0x40,0x92,0x40,0x94,0x40,
0x8c,0x40,0x8c,0x40,0x94,0x40,0x92,0x40,0xa2,0x40,0xa1,0x40,0xc1,0x40,0x80,0xc0,0xff,0xc0,0xff,0xc0,0x80,0x40,0xc1,0xc0,
0xa1,0x40,0xa2,0x40,0x92,0x40,0x94,0x40,0x8c,0x40,0x8c,0x40,0x94,0x40,0x92,0x40,0xa2,0x40,0xa1,0x40,0xc1,0x40,0x80,0xc0,
0xff,0xc0,0xff,0xc0,0x80,0x40,0xc1,0xc0,0xa1,0x40,0xa2,0x40,0x92,0x40,0x94,0x40,0x8c,0x40,0x8c,0x40,0x94,0x40,0x92,0x40,
0xa2,0x40,0xa1,0x40,0xc1,0x40,0x80,0xc0,0xff,0xc0,0x1f,0x80,0x1f,0x80,0x00,0x00,0x00,0x00,0x00,0x00,0xe0,0x70,0xe0,0x70,
0xe0,0x70,0xe0,0x70,0xe0,0x70,0xe0,0x70,0xe0,0x70,0xe0,0x70,0xe0,0x70,0xe0,0x70,0xe0,0x70,0x70,0xe0,0x7f,0xe0,0x1f,0x80,
0x3f,0x00,0x3f,0x00,0x00,0x00,0xe1,0xc0,0xe1,0xc0,0xe1,0xc0,0xe1,0xc0,0xe1,0xc0,0xe1,0xc0,0xe1,0xc0,0xe1,0xc0,0xf3,0xc0,
0x7f,0xc0,0x3d,0xc0,0xff,0xc0,0x80,0x40,0xc1,0xc0,0xa1,0x40,0xa2,0x40,0x92,0x40,0x94,0x40,0x8c,0x40,0x8c,0x40,0x94,0x40,
0x92,0x40,0xa2,0x40,0xa1,0x40,0xc1,0x40,0x80,0xc0,0xff,0xc0,0xff,0xc0,0x80,0x40,0xc1,0xc0,0xa1,0x40,0xa2,0x40,0x92,0x40,
0x94,0x40,0x8c,0x40,0x8c,0x40,0x94,0x40,0x92,0x40,0xa2,0x40,0xa1,0x40,0xc1,0x40,0x80,0xc0,0xff,0xc0,0x0f,0x00,0x1f,0x80,
0x19,0x80,0x19,0x80,0x1f,0x80,0x0f,0x00,0x00,0x00,0xe0,0x70,0xe0,0x70,0xe0,0x70,0xe0,0x70,0xe0,0x70,0xe0,0x70,0xe0,0x70,
0xe0,0x70,0xe0,0x70,0xe0,0x70,0xe0,0x70,0x70,0xe0,0x7f,0xe0,0x1f,0x80,0x1e,0x00,0x3f,0x00,0x33,0x00,0x33,0x00,0x3f,0x00,
0x1e,0x00,0x00,0x00,0xe1,0xc0,0xe1,0xc0,0xe1,0xc0,0xe1,0xc0,0xe1,0xc0,0xe1,0xc0,0xe1,0xc0,0xe1,0xc0,0xf3,0xc0,0x7f,0xc0,
0x3d,0xc0,0x06,0x60,0x0c,0xc0,0x19,0x80,0x00,0x00,0x00,0x00,0xe0,0x70,0xe0,0x70,0xe0,0x70,0xe0,0x70,0xe0,0x70,0xe0,0x70,
0xe0,0x70,0xe0,0x70,0xe0,0x70,0xe0,0x70,0xe0,0x70,0x70,0xe0,0x7f,0xe0,0x1f,0x80,0x0c,0xc0,0x1d,0xc0,0x19,0x80,0x33,0x00,
0x00,0x00,0xe1,0xc0,0xe1,0xc0,0xe1,0xc0,0xe1,0xc0,0xe1,0xc0,0xe1,0xc0,0xe1,0xc0,0xe1,0xc0,0xf3,0xc0,0x7f,0xc0,0x3d,0xc0,
0xe0,0x70,0xe0,0x70,0xe0,0x70,0xe0,0x70,0xe0,0x70,0xe0,0x70,0xe0,0x70,0xe0,0x70,0xe0,0x70,0xe0,0x70,0xe0,0x70,0x70,0xe0,
0x7f,0xe0,0x1f,0xc0,0x03,0x80,0x03,0x80,0x03,0xc0,0x01,0xc0,0xe1,0xc0,0xe1,0xc0,0xe1,0xc0,0xe1,0xc0,0xe1,0xc0,0xe1,0xc0,
0xe1,0xc0,0xe1,0xc0,0xf3,0xc0,0x7f,0xc0,0x3d,0xc0,0x03,0x00,0x07,0x00,0x07,0xc0,0x03,0xc0,0x00,0xe0,0x00,0x01,0xf0,0x00,
0x03,0x98,0x00,0x00,0x00,0x00,0x00,0x00,0x00,0xf0,0xe0,0xe0,0x70,0xf0,0xe0,0x71,0xf1,0xc0,0x71,0xf1,0xc0,0x31,0xb1,0xc0,
0x39,0xb9,0xc0,0x39,0xbb,0x80,0x3b,0x9b,0x80,0x1b,0x9b,0x80,0x1f,0x1b,0x80,0x1f,0x1f,0x00,0x1f,0x0f,0x00,0x0f,0x0f,0x00,
0x0e,0x0f,0x00,0x03,0xc0,0x07,0xe0,0x0e,0x30,0x00,0x00,0xe1,0xc7,0x73,0xc6,0x73,0xce,0x73,0xce,0x73,0xce,0x3e,0x6c,0x3e,
0x7c,0x3e,0x7c,0x1e,0x7c,0x1e,0x38,0x1c,0x38,0x07,0x00,0x0f,0x80,0x1d,0xc0,0x00,0x00,0x00,0x00,0xe0,0x38,0xf0,0x78,0x70,
0xf0,0x38,0xe0,0x3d,0xe0,0x1d,0xc0,0x0f,0x80,0x0f,0x80,0x07,0x00,0x07,0x00,0x07,0x00,0x07,0x00,0x07,0x00,0x07,0x00,0x0c,
0x00,0x1f,0x00,0x33,0x80,0x00,0x00,0xe1,0xc0,0xe1,0xc0,0x71,0xc0,0x73,0x80,0x73,0x80,0x3b,0x80,0x3b,0x00,0x1f,0x00,0x1f,
0x00,0x1e,0x00,0x0e,0x00,0x0e,0x00,0x1c,0x00,0x7c,0x00,0x78,0x00,0x1d,0xc0,0x1d,0xc0,0x1d,0xc0,0x00,0x00,0x00,0x00,0xe0,
0x38,0x70,0x70,0x78,0xf0,0x38,0xe0,0x3d,0xe0,0x1d,0xc0,0x0f,0x80,0x0f,0x80,0x07,0x00,0x07,0x00,0x07,0x00,0x07,0x00,0x07,
0x00,0x07,0x00,0x01,0x80,0x03,0x80,0x06,0x00,0x00,0x00,0x00,0x00,0xff,0xe0,0xff,0xe0,0x01,0xc0,0x03,0xc0,0x07,0x80,0x07,
0x00,0x0f,0x00,0x1e,0x00,0x1c,0x00,0x38,0x00,0x78,0x00,0xf0,0x00,0xff,0xf0,0xff,0xf0,0x02,0x00,0x07,0x00,0x0e,0x00,0x1c,
0x00,0x00,0x00,0xff,0x80,0xff,0x80,0x07,0x80,0x0f,0x00,0x1e,0x00,0x1c,0x00,0x38,0x00,0x78,0x00,0xf0,0x00,0xff,0xc0,0xff,
0xc0,0x0e,0x00,0x0e,0x00,0x0e,0x00,0x00,0x00,0x00,0x00,0xff,0xe0,0xff,0xe0,0x01,0xc0,0x03,0xc0,0x07,0x80,0x07,0x00,0x0f,
0x00,0x1e,0x00,0x1c,0x00,0x38,0x00,0x78,0x00,0xf0,0x00,0xff,0xf0,0xff,0xf0,0x1c,0x00,0x1c,0x00,0x1c,0x00,0x00,0x00,0xff,
0x80,0xff,0x80,0x07,0x80,0x0f,0x00,0x0e,0x00,0x1c,0x00,0x38,0x00,0x78,0x00,0xf0,0x00,0xff,0xc0,0xff,0xc0,0x3b,0x80,0x1f,
0x00,0x0e,0x00,0x00,0x00,0x00,0x00,0xff,0xe0,0xff,0xe0,0x01,0xc0,0x03,0xc0,0x07,0x80,0x07,0x00,0x0f,0x00,0x1e,0x00,0x1c,
0x00,0x38,0x00,0x78,0x00,0xf0,0x00,0xff,0xf0,0xff,0xf0,0xe3,0x00,0x76,0x00,0x1c,0x00,0x08,0x00,0x00,0x00,0xff,0x80,0xff,
0x80,0x07,0x80,0x0f,0x00,0x1e,0x00,0x1c,0x00,0x38,0x00,0x78,0x00,0xf0,0x00,0xff,0xc0,0xff,0xc0,0xff,0xc0,0x80,0x40,0xc1,
0xc0,0xa1,0x40,0xa2,0x40,0x92,0x40,0x94,0x40,0x8c,0x40,0x8c,0x40,0x94,0x40,0x92,0x40,0xa2,0x40,0xa1,0x40,0xc1,0x40,0x80,
0xc0,0xff,0xc0,0xff,0xc0,0x80,0x40,0xc1,0xc0,0xa1,0x40,0xa2,0x40,0x92,0x40,0x94,0x40,0x8c,0x40,0x8c,0x40,0x94,0x40,0x92,
0x40,0xa2,0x40,0xa1,0x40,0xc1,0x40,0x80,0xc0,0xff,0xc0,0xff,0xc0,0x80,0x40,0xc1,0xc0,0xa1,0x40,0xa2,0x40,0x92,0x40,0x94,
0x40,0x8c,0x40,0x8c,0x40,0x94,0x40,0x92,0x40,0xa2,0x40,0xa1,0x40,0xc1,0x40,0x80,0xc0,0xff,0xc0,0xff,0x80,0xff,0x80,0xff,
0xff,0xff,0xff,0x20,0x60,0x40,0xf0,0xf0,0x60,0x60,0xf0,0xf0,0x60,0x60,0x40,0x22,0x66,0x44,0xff,0xff,0x66,0x66,0xff,0xff,
0x66,0x66,0x44,0x38,0x7c,0xfe,0xfe,0xfe,0x7c,0x38,0x63,0x18,0xf7,0xbc,0xf7,0xbc,0x63,0x18,0xff,0xc0,0x80,0x40,0xc1,0xc0,
0xa1,0x40,0xa2,0x40,0x92,0x40,0x94,0x40,0x8c,0x40,0x8c,0x40,0x94,0x40,0x92,0x40,0xa2,0x40,0xa1,0x40,0xc1,0x40,0x80,0xc0,
0xff,0xc0,0xff,0xc0,0x80,0x40,0xc1,0xc0,0xa1,0x40,0xa2,0x40,0x92,0x40,0x94,0x40,0x8c,0x40,0x8c,0x40,0x94,0x40,0x92,0x40,
0xa2,0x40,0xa1,0x40,0xc1,0x40,0x80,0xc0,0xff,0xc0,0x03,0xe0,0x0f,0xf8,0x1e,0x1c,0x3c,0x00,0x7f,0xc0,0xff,0x80,0x38,0x00,
0x7f,0x00,0xff,0x00,0x38,0x00,0x1c,0x18,0x1e,0x3c,0x0f,0xf8,0x03,0xe0,0xff,0xe0,0xff,0xe0,0x78,0x78,0x78,0x78,0x78,0x78,
0x78,0x78,0x78,0x78,0x30,0x30,0x30,0x00,0x00,0x78,0xfc,0xfc,0xfc,0x78,0xf7,0x80,0xf7,0x80,0xf7,0x80,0xf7,0x80,0xf7,0x80,
0xf7,0x80,0xf7,0x80,0x03,0xc3,0xc0,0x03,0xc3,0xc0,0x03,0xc3,0x80,0x07,0x87,0x80,0x3f,0xff,0xf8,0x7f,0xff,0xf8,0x7f,0xff,
0xf8,0x7f,0xff,0xf8,0x07,0x87,0x80,0x07,0x87,0x00,0x0f,0x0f,0x00,0x0f,0x0f,0x00,0xff,0xff,0xf0,0xff,0xff,0xf0,0xff,0xff,
0xf0,0xff,0xff,0xe0,0x0f,0x0e,0x00,0x1e,0x1e,0x00,0x1e,0x1e,0x00,0x1e,0x1e,0x00,0x01,0x80,0x01,0x80,0x07,0xf0,0x3f,0xfc,
0x7f,0xfe,0x7d,0xfe,0xf1,0x9e,0xf1,0x80,0xf1,0x80,0xfd,0x80,0x7f,0xc0,0x7f,0xf8,0x1f,0xfe,0x03,0xfe,0x01,0xbf,0x01,0x8f,
0x21,0x8f,0xf1,0x8f,0xf9,0x9f,0x7f,0xfe,0x7f,0xfc,0x1f,0xf8,0x03,0xc0,0x01,0x80,0x01,0x80,0x1f,0x80,0x1c,0x00,0x3f,0xc0,
0x38,0x00,0x7f,0xe0,0x78,0x00,0xf9,0xf0,0xf0,0x00,0xf0,0xf0,0xe0,0x00,0xf0,0xf1,0xe0,0x00,0xf0,0xf3,0xc0,0x00,0xf9,0xf3,
0x80,0x00,0x7f,0xe7,0x00,0x00,0x3f,0xcf,0x1f,0x00,0x1f,0x0e,0x7f,0xc0,0x00,0x1c,0xff,0xe0,0x00,0x39,0xf1,0xf0,0x00,0x39,
0xe0,0xf0,0x00,0x71,0xe0,0xf0,0x00,0xe1,0xe0,0xf0,0x00,0xe1,0xf1,0xf0,0x01,0xc0,0xff,0xe0,0x03,0x80,0x7f,0xc0,0x03,0x00,
0x1f,0x00,0x03,0xf0,0x00,0x07,0xf8,0x00,0x0f,0xfc,0x00,0x1f,0x3e,0x00,0x1e,0x1e,0x00,0x1e,0x1e,0x00,0x1f,0x3e,0x00,0x1f,
0xfe,0x00,0x0f,0xfc,0x00,0x0f,0xf8,0x00,0x0f,0xf0,0x00,0x3f,0xe1,0xe0,0x7f,0xf1,0xe0,0x78,0xf9,0xc0,0xf0,0x7f,0xc0,0xf0,
0x3f,0xc0,0xf0,0x1f,0x80,0xf8,0x3f,0x80,0x7f,0xff,0xc0,0x3f,0xfb,0xe0,0x0f,0xe1,0xf0,0xf0,0xf0,0xf0,0xf0,0xf0,0xf0,0xf0,
0x0f,0x1e,0x3c,0x3c,0x3c,0x78,0x78,0x78,0xf0,0xf0,0xf0,0xf0,0xf0,0xf0,0xf0,0xf0,0xf0,0x78,0x78,0x78,0x3c,0x3c,0x3e,0x1e,
0x0f,0xf0,0x78,0x7c,0x3c,0x3c,0x1e,0x1e,0x1e,0x0f,0x0f,0x0f,0x0f,0x0f,0x0f,0x0f,0x0f,0x0f,0x1e,0x1e,0x1e,0x3c,0x3c,0x7c,
0x78,0xf0,0x0e,0x00,0x0e,0x00,0x0e,0x00,0xee,0xe0,0xff,0xe0,0x7f,0x80,0x1f,0x00,0x3f,0x80,0x7b,0xc0,0x31,0x80,0x03,0xc0,
0x03,0xc0,0x03,0xc0,0x03,0xc0,0x03,0xc0,0x03,0xc0,0xff,0xfe,0xff,0xfe,0xff,0xfe,0x03,0xc0,0x03,0xc0,0x03,0xc0,0x03,0xc0,
0x03,0xc0,0x03,0xc0,0x78,0xfc,0xfc,0xfc,0x78,0x38,0x38,0x70,0x70,0xff,0xc0,0xff,0xc0,0xff,0xc0,0x78,0xfc,0xfc,0xfc,0x78,
0x00,0xf0,0x01,0xe0,0x01,0xe0,0x01,0xe0,0x03,0xc0,0x03,0xc0,0x03,0xc0,0x07,0x80,0x07,0x80,0x0f,0x80,0x0f,0x00,0x0f,0x00,
0x1f,0x00,0x1e,0x00,0x1e,0x00,0x3e,0x00,0x3c,0x00,0x3c,0x00,0x7c,0x00,0x78,0x00,0x78,0x00,0xf8,0x00,0xf0,0x00,0xf0,0x00,
0x07,0xf0,0x00,0x1f,0xfc,0x00,0x3f,0xfe,0x00,0x3e,0x1e,0x00,0x7e,0x0f,0x00,0x7e,0x0f,0x00,0xff,0x07,0x80,0xf7,0x87,0x80,
0xf3,0x87,0x80,0xf3,0xc7,0x80,0xf1,0xe7,0x80,0xf0,0xf7,0x80,0xf0,0x77,0x80,0xf0,0x3f,0x80,0x78,0x3f,0x00,0x78,0x1f,0x00,
0x3c,0x1e,0x00,0x3f,0xfe,0x00,0x1f,0xfc,0x00,0x07,0xf0,0x00,0x03,0x80,0x07,0x80,0x0f,0x80,0xff,0x80,0xff,0x80,0xff,0x80,
0x07,0x80,0x07,0x80,0x07,0x80,0x07,0x80,0x07,0x80,0x07,0x80,0x07,0x80,0x07,0x80,0x07,0x80,0x07,0x80,0x07,0x80,0x07,0x80,
0x07,0x80,0x07,0x80,0x07,0xe0,0x1f,0xf8,0x3f,0xfc,0x7c,0x3e,0x78,0x1e,0x08,0x1e,0x00,0x1e,0x00,0x1e,0x00,0x3c,0x00,0x7c,
0x00,0xf8,0x01,0xf8,0x03,0xf0,0x07,0xe0,0x1f,0x80,0x3f,0x00,0x7c,0x00,0xff,0xfe,0xff,0xfe,0xff,0xfe,0x0f,0xe0,0x3f,0xf8,
0x7f,0xfc,0x7c,0x3e,0x78,0x1e,0x00,0x1e,0x00,0x1e,0x00,0x7c,0x07,0xf8,0x07,0xf0,0x07,0xfc,0x00,0x7c,0x00,0x1e,0x00,0x1e,
0x10,0x1e,0xf8,0x1e,0x7c,0x3c,0x7f,0xfc,0x3f,0xf8,0x0f,0xe0,0x00,0x3c,0x00,0x00,0x7c,0x00,0x00,0xfc,0x00,0x01,0xfc,0x00,
0x03,0xfc,0x00,0x03,0xfc,0x00,0x07,0xbc,0x00,0x0f,0x3c,0x00,0x1f,0x3c,0x00,0x3e,0x3c,0x00,0x3c,0x3c,0x00,0x78,0x3c,0x00,
0xff,0xff,0x80,0xff,0xff,0x80,0xff,0xff,0x80,0x00,0x3c,0x00,0x00,0x3c,0x00,0x00,0x3c,0x00,0x00,0x3c,0x00,0x00,0x3c,0x00,
0x7f,0xfc,0x7f,0xfc,0x7f,0xfc,0x78,0x00,0x78,0x00,0x78,0x00,0x77,0xe0,0xff,0xf8,0xff,0xfc,0xf8,0x7c,0x30,0x3e,0x00,0x1e,
0x00,0x1e,0x00,0x1e,0x10,0x1e,0xf0,0x3e,0xf8,0x7c,0x7f,0xf8,0x3f,0xf0,0x0f,0xc0,0x07,0xe0,0x1f,0xf8,0x3f,0xfc,0x3c,0x38,
0x78,0x00,0x70,0x00,0xf3,0xe0,0xff,0xf8,0xff,0xfc,0xfc,0x7c,0xf8,0x3e,0xf0,0x1e,0xf0,0x1e,0xf0,0x1e,0xf0,0x1e,0x78,0x3e,
0x7c,0x7c,0x3f,0xf8,0x1f,0xf0,0x07,0xc0,0xff,0xfe,0xff,0xfe,0xff,0xfe,0x00,0x3e,0x00,0x3c,0x00,0x7c,0x00,0x78,0x00,0xf8,
0x00,0xf0,0x01,0xf0,0x01,0xf0,0x03,0xe0,0x03,0xe0,0x07,0xc0,0x07,0xc0,0x0f,0x80,0x0f,0x80,0x1f,0x00,0x1f,0x00,0x3e,0x00,
0x07,0xe0,0x0f,0xf0,0x1f,0xf8,0x3e,0x7c,0x3c,0x3c,0x3c,0x3c,0x3c,0x3c,0x3e,0x7c,0x1f,0xf8,0x3f,0xfc,0x7f,0xfe,0x7c,0x3e,
0xf0,0x0f,0xf0,0x0f,0xf0,0x0f,0xf0,0x0f,0x7c,0x3e,0x7f,0xfe,0x3f,0xfc,0x0f,0xe0,0x07,0xc0,0x1f,0xf0,0x3f,0xf8,0x7c,0x7c,
0xf8,0x3c,0xf0,0x1e,0xf0,0x1e,0xf0,0x1e,0xf0,0x1e,0xf8,0x3e,0x7c,0x7c,0x3f,0xfc,0x1f,0xf8,0x07,0xf8,0x00,0xf0,0x01,0xe0,
0x03,0xe0,0x03,0xc0,0x07,0xc0,0x07,0x80,0x78,0xfc,0xfc,0xfc,0x78,0x00,0x00,0x00,0x00,0x00,0x78,0xfc,0xfc,0xfc,0x78,0x78,
0xfc,0xfc,0xfc,0x78,0x00,0x00,0x00,0x00,0x78,0xfc,0xfc,0xfc,0x78,0x38,0x38,0x70,0x70,0x00,0x06,0x00,0x1e,0x00,0x7e,0x03,
0xfe,0x0f,0xf8,0x3f,0xc0,0xff,0x00,0xf8,0x00,0xfe,0x00,0x7f,0xc0,0x1f,0xf0,0x03,0xfe,0x00,0xfe,0x00,0x3e,0x00,0x06,0xff,
0xfe,0xff,0xfe,0xff,0xfe,0x00,0x00,0x00,0x00,0x00,0x00,0xff,0xfe,0xff,0xfe,0xff,0xfe,0x80,0x00,0xe0,0x00,0xfc,0x00,0xff,
0x00,0x7f,0xc0,0x0f,0xf8,0x01,0xfe,0x00,0x7e,0x00,0xfe,0x07,0xf8,0x3f,0xe0,0xff,0x80,0xfe,0x00,0xf0,0x00,0xc0,0x00,0x0f,
0xe0,0x3f,0xf8,0x7f,0xfc,0xfc,0x3e,0x38,0x1e,0x00,0x1e,0x00,0x3e,0x00,0xfc,0x01,0xfc,0x03,0xf0,0x07,0xe0,0x07,0x80,0x07,
0x80,0x00,0x00,0x00,0x00,0x07,0x80,0x0f,0xc0,0x0f,0xc0,0x0f,0xc0,0x07,0x80,0x01,0xfc,0x00,0x07,0xff,0x00,0x0f,0x03,0xc0,
0x1c,0x00,0xe0,0x30,0x00,0x60,0x70,0xfc,0x30,0x61,0xfe,0x30,0xe3,0xfe,0x18,0xc7,0x8e,0x18,0xc7,0x0e,0x18,0xc7,0x0e,0x18,
0xc7,0x0e,0x18,0xc7,0x9e,0x38,0xe3,0xff,0xf0,0x63,0xff,0xe0,0x71,0xe1,0xc0,0x38,0x00,0x00,0x1c,0x00,0x00,0x0f,0x02,0x00,
0x07,0xfe,0x00,0x01,0xfc,0x00,0x00,0xf8,0x00,0x01,0xf8,0x00,0x01,0xfc,0x00,0x03,0xfc,0x00,0x03,0xfc,0x00,0x03,0xfe,0x00,
0x07,0xde,0x00,0x07,0x9e,0x00,0x07,0x9f,0x00,0x0f,0x8f,0x00,0x0f,0x0f,0x80,0x1f,0x0f,0x80,0x1f,0x07,0x80,0x1f,0xff,0xc0,
0x3f,0xff,0xc0,0x3f,0xff,0xc0,0x7c,0x03,0xe0,0x7c,0x01,0xe0,0x78,0x01,0xf0,0xf8,0x01,0xf0,0xff,0xf0,0x00,0xff,0xfc,0x00,
0xff,0xfe,0x00,0xf0,0x1f,0x00,0xf0,0x0f,0x00,0xf0,0x0f,0x00,0xf0,0x0f,0x00,0xf0,0x1e,0x00,0xff,0xfe,0x00,0xff,0xfc,0x00,
0xff,0xff,0x00,0xf0,0x0f,0x00,0xf0,0x07,0x80,0xf0,0x07,0x80,0xf0,0x07,0x80,0xf0,0x07,0x80,0xf0,0x0f,0x00,0xff,0xff,0x00,
0xff,0xfe,0x00,0xff,0xf8,0x00,0x03,0xf8,0x00,0x0f,0xfe,0x00,0x1f,0xff,0x00,0x3e,0x1f,0x80,0x7c,0x07,0x00,0x78,0x00,0x00,
0xf8,0x00,0x00,0xf0,0x00,0x00,0xf0,0x00,0x00,0xf0,0x00,0x00,0xf0,0x00,0x00,0xf0,0x00,0x00,0xf0,0x00,0x00,0xf8,0x00,0x00,
0x78,0x00,0x00,0x7c,0x07,0x00,0x3e,0x0f,0x80,0x1f,0xff,0x00,0x0f,0xfe,0x00,0x03,0xf8,0x00,0xff,0xe0,0x00,0xff,0xfc,0x00,
0xff,0xfe,0x00,0xf0,0x3f,0x00,0xf0,0x0f,0x80,0xf0,0x07,0x80,0xf0,0x07,0xc0,0xf0,0x03,0xc0,0xf0,0x03,0xc0,0xf0,0x03,0xc0,
0xf0,0x03,0xc0,0xf0,0x03,0xc0,0xf0,0x03,0xc0,0xf0,0x07,0xc0,0xf0,0x07,0x80,0xf0,0x0f,0x80,0xf0,0x3f,0x00,0xff,0xfe,0x00,
0xff,0xfc,0x00,0xff,0xe0,0x00,0xff,0xfe,0xff,0xfe,0xff,0xfe,0xff,0xfe,0xf0,0x00,0xf0,0x00,0xf0,0x00,0xf0,0x00,0xff,0xe0,
0xff,0xe0,0xff,0xe0,0xff,0xe0,0xf0,0x00,0xf0,0x00,0xf0,0x00,0xf0,0x00,0xff,0xfe,0xff,0xfe,0xff,0xfe,0xff,0xfe,0xff,0xfc,
0xff,0xfc,0xff,0xfc,0xff,0xfc,0xf0,0x00,0xf0,0x00,0xf0,0x00,0xf0,0x00,0xf0,0x00,0xff,0xfc,0xff,0xfc,0xff,0xfc,0xff,0xfc,
0xf0,0x00,0xf0,0x00,0xf0,0x00,0xf0,0x00,0xf0,0x00,0xf0,0x00,0xf0,0x00,0x01,0xfc,0x00,0x0f,0xff,0x00,0x1f,0xff,0x80,0x3e,
0x0f,0xc0,0x7c,0x03,0x00,0x78,0x00,0x00,0xf8,0x00,0x00,0xf0,0x00,0x00,0xf0,0x00,0x00,0xf0,0x3f,0xe0,0xf0,0x3f,0xe0,0xf0,
0x3f,0xe0,0xf0,0x01,0xe0,0xf8,0x01,0xe0,0x78,0x01,0xe0,0x7c,0x03,0xe0,0x3e,0x07,0xe0,0x1f,0xff,0xe0,0x0f,0xfe,0xe0,0x03,
0xf8,0xe0,0xf0,0x07,0x80,0xf0,0x07,0x80,0xf0,0x07,0x80,0xf0,0x07,0x80,0xf0,0x07,0x80,0xf0,0x07,0x80,0xf0,0x07,0x80,0xf0,
0x07,0x80,0xff,0xff,0x80,0xff,0xff,0x80,0xff,0xff,0x80,0xff,0xff,0x80,0xf0,0x07,0x80,0xf0,0x07,0x80,0xf0,0x07,0x80,0xf0,
0x07,0x80,0xf0,0x07,0x80,0xf0,0x07,0x80,0xf0,0x07,0x80,0xf0,0x07,0x80,0xff,0xc0,0xff,0xc0,0xff,0xc0,0x1e,0x00,0x1e,0x00,
0x1e,0x00,0x1e,0x00,0x1e,0x00,0x1e,0x00,0x1e,0x00,0x1e,0x00,0x1e,0x00,0x1e,0x00,0x1e,0x00,0x1e,0x00,0x1e,0x00,0x1e,0x00,
0xff,0xc0,0xff,0xc0,0xff,0xc0,0x00,0x3c,0x00,0x3c,0x00,0x3c,0x00,0x3c,0x00,0x3c,0x00,0x3c,0x00,0x3c,0x00,0x3c,0x00,0x3c,
0x00,0x3c,0x00,0x3c,0x00,0x3c,0x00,0x3c,0x10,0x3c,0xf0,0x3c,0xf0,0x7c,0xf8,0x78,0x7f,0xf0,0x3f,0xf0,0x1f,0xc0,0xf0,0x1f,
0x00,0xf0,0x3f,0x00,0xf0,0x7e,0x00,0xf0,0xfc,0x00,0xf1,0xf8,0x00,0xf1,0xf0,0x00,0xf3,0xe0,0x00,0xf7,0xc0,0x00,0xff,0x80,
0x00,0xff,0xc0,0x00,0xff,0xe0,0x00,0xff,0xe0,0x00,0xf9,0xf0,0x00,0xf8,0xf8,0x00,0xf0,0xf8,0x00,0xf0,0x7c,0x00,0xf0,0x3e,
0x00,0xf0,0x3f,0x00,0xf0,0x1f,0x00,0xf0,0x0f,0x80,0xf0,0x00,0xf0,0x00,0xf0,0x00,0xf0,0x00,0xf0,0x00,0xf0,0x00,0xf0,0x00,
0xf0,0x00,0xf0,0x00,0xf0,0x00,0xf0,0x00,0xf0,0x00,0xf0,0x00,0xf0,0x00,0xf0,0x00,0xf0,0x00,0xff,0xfc,0xff,0xfc,0xff,0xfc,
0xff,0xfc,0xfe,0x01,0xfc,0xfe,0x01,0xfc,0xfe,0x01,0xfc,0xff,0x03,0xfc,0xff,0x03,0xfc,0xff,0x03,0xfc,0xf7,0x03,0xbc,0xf7,
0x87,0xbc,0xf7,0x87,0xbc,0xf3,0x87,0x3c,0xf3,0xcf,0x3c,0xf3,0xcf,0x3c,0xf1,0xce,0x3c,0xf1,0xfe,0x3c,0xf1,0xfe,0x3c,0xf0,
0xfc,0x3c,0xf0,0xfc,0x3c,0xf0,0xfc,0x3c,0xf0,0x78,0x3c,0xf0,0x78,0x3c,0xfc,0x03,0xc0,0xfc,0x03,0xc0,0xfe,0x03,0xc0,0xff,
0x03,0xc0,0xff,0x03,0xc0,0xff,0x83,0xc0,0xf7,0x83,0xc0,0xf7,0xc3,0xc0,0xf3,0xc3,0xc0,0xf3,0xe3,0xc0,0xf1,0xf3,0xc0,0xf0,
0xf3,0xc0,0xf0,0xfb,0xc0,0xf0,0x7b,0xc0,0xf0,0x7f,0xc0,0xf0,0x3f,0xc0,0xf0,0x3f,0xc0,0xf0,0x1f,0xc0,0xf0,0x0f,0xc0,0xf0,
0x0f,0xc0,0x01,0xf8,0x00,0x0f,0xff,0x00,0x1f,0xff,0x80,0x3f,0x0f,0xc0,0x7c,0x03,0xe0,0x78,0x01,0xe0,0x78,0x01,0xe0,0xf0,
0x00,0xf0,0xf0,0x00,0xf0,0xf0,0x00,0xf0,0xf0,0x00,0xf0,0xf0,0x00,0xf0,0xf0,0x00,0xf0,0xf8,0x01,0xf0,0x78,0x01,0xe0,0x7c,
0x03,0xe0,0x3f,0x0f,0xc0,0x1f,0xff,0x80,0x0f,0xff,0x00,0x03,0xfc,0x00,0xff,0xf0,0xff,0xfc,0xff,0xfe,0xf0,0x3e,0xf0,0x0f,
0xf0,0x0f,0xf0,0x0f,0xf0,0x0f,0xf0,0x0f,0xf0,0x1e,0xff,0xfe,0xff,0xfc,0xff,0xf0,0xf0,0x00,0xf0,0x00,0xf0,0x00,0xf0,0x00,
0xf0,0x00,0xf0,0x00,0xf0,0x00,0x01,0xf8,0x00,0x0f,0xff,0x00,0x1f,0xff,0x80,0x3f,0x0f,0xc0,0x7c,0x03,0xc0,0x78,0x01,0xe0,
0x78,0x01,0xe0,0xf0,0x00,0xf0,0xf0,0x00,0xf0,0xf0,0x10,0xf0,0xf0,0x38,0xf0,0xf0,0x7c,0xf0,0xf0,0x3e,0xf0,0xf8,0x1f,0xf0,
0x78,0x0f,0xe0,0x7c,0x07,0xe0,0x3f,0x0f,0xe0,0x1f,0xff,0xf0,0x0f,0xff,0x78,0x01,0xfc,0x38,0x00,0x00,0x10,0xff,0xf0,0x00,
0xff,0xfc,0x00,0xff,0xfe,0x00,0xf0,0x1f,0x00,0xf0,0x0f,0x00,0xf0,0x0f,0x00,0xf0,0x0f,0x00,0xf0,0x0f,0x00,0xf0,0x1f,0x00,
0xff,0xfe,0x00,0xff,0xfc,0x00,0xff,0xf0,0x00,0xf1,0xf0,0x00,0xf0,0xf8,0x00,0xf0,0xf8,0x00,0xf0,0x7c,0x00,0xf0,0x3e,0x00,
0xf0,0x3e,0x00,0xf0,0x1f,0x00,0xf0,0x0f,0x80,0x07,0xe0,0x1f,0xfc,0x7f,0xfe,0x78,0x3e,0xf0,0x1c,0xf0,0x00,0xf8,0x00,0xff,
0x00,0x7f,0xf0,0x7f,0xfc,0x1f,0xfe,0x03,0xff,0x00,0x3f,0x00,0x0f,0x20,0x0f,0xf0,0x0f,0xf8,0x1e,0x7f,0xfc,0x3f,0xf8,0x0f,
0xe0,0xff,0xff,0x80,0xff,0xff,0x80,0xff,0xff,0x80,0xff,0xff,0x80,0x01,0xe0,0x00,0x01,0xe0,0x00,0x01,0xe0,0x00,0x01,0xe0,
0x00,0x01,0xe0,0x00,0x01,0xe0,0x00,0x01,0xe0,0x00,0x01,0xe0,0x00,0x01,0xe0,0x00,0x01,0xe0,0x00,0x01,0xe0,0x00,0x01,0xe0,
0x00,0x01,0xe0,0x00,0x01,0xe0,0x00,0x01,0xe0,0x00,0x01,0xe0,0x00,0xf0,0x07,0x80,0xf0,0x07,0x80,0xf0,0x07,0x80,0xf0,0x07,
0x80,0xf0,0x07,0x80,0xf0,0x07,0x80,0xf0,0x07,0x80,0xf0,0x07,0x80,0xf0,0x07,0x80,0xf0,0x07,0x80,0xf0,0x07,0x80,0xf0,0x07,
0x80,0xf0,0x07,0x80,0xf0,0x07,0x80,0xf0,0x07,0x80,0x78,0x0f,0x00,0x7c,0x1f,0x00,0x3f,0xfe,0x00,0x1f,0xfc,0x00,0x07,0xf0,
0x00,0xf8,0x03,0xe0,0x78,0x03,0xe0,0x7c,0x03,0xc0,0x7c,0x07,0xc0,0x3c,0x07,0x80,0x3e,0x07,0x80,0x1e,0x0f,0x80,0x1e,0x0f,
0x00,0x1f,0x0f,0x00,0x0f,0x1f,0x00,0x0f,0x1e,0x00,0x0f,0x9e,0x00,0x07,0xbe,0x00,0x07,0xbc,0x00,0x07,0xbc,0x00,0x03,0xfc,
0x00,0x03,0xf8,0x00,0x03,0xf8,0x00,0x01,0xf8,0x00,0x01,0xf0,0x00,0xf0,0x3e,0x07,0x80,0xf0,0x3e,0x0f,0x80,0xf0,0x7e,0x0f,
0x80,0xf8,0x7e,0x0f,0x00,0x78,0x7f,0x0f,0x00,0x78,0x7f,0x0f,0x00,0x78,0x77,0x1f,0x00,0x78,0xf7,0x1e,0x00,0x3c,0xf7,0x1e,
0x00,0x3c,0xe7,0x9e,0x00,0x3c,0xe7,0xbe,0x00,0x3d,0xe3,0xbc,0x00,0x1f,0xe3,0xbc,0x00,0x1f,0xe3,0xfc,0x00,0x1f,0xc3,0xfc,
0x00,0x1f,0xc1,0xf8,0x00,0x1f,0xc1,0xf8,0x00,0x0f,0xc1,0xf8,0x00,0x0f,0x81,0xf8,0x00,0x0f,0x81,0xf0,0x00,0xf8,0x07,0xc0,
0x7c,0x0f,0xc0,0x7e,0x0f,0x80,0x3e,0x1f,0x00,0x1f,0x3f,0x00,0x0f,0xbe,0x00,0x0f,0xfc,0x00,0x07,0xfc,0x00,0x03,0xf8,0x00,
0x03,0xf0,0x00,0x03,0xf0,0x00,0x07,0xf8,0x00,0x07,0xfc,0x00,0x0f,0xfe,0x00,0x1f,0x3e,0x00,0x1f,0x1f,0x00,0x3e,0x1f,0x80,
0x7c,0x0f,0x80,0xfc,0x07,0xc0,0xf8,0x03,0xe0,0xf8,0x07,0xc0,0xf8,0x07,0xc0,0x7c,0x0f,0x80,0x3c,0x0f,0x00,0x3e,0x1f,0x00,
0x1f,0x3e,0x00,0x1f,0x3e,0x00,0x0f,0xfc,0x00,0x07,0xf8,0x00,0x07,0xf8,0x00,0x03,0xf0,0x00,0x01,0xe0,0x00,0x01,0xe0,0x00,
0x01,0xe0,0x00,0x01,0xe0,0x00,0x01,0xe0,0x00,0x01,0xe0,0x00,0x01,0xe0,0x00,0x01,0xe0,0x00,0x01,0xe0,0x00,0xff,0xff,0x00,
0xff,0xff,0x00,0xff,0xff,0x00,0xff,0xff,0x00,0x00,0x3e,0x00,0x00,0x7c,0x00,0x00,0xf8,0x00,0x01,0xf8,0x00,0x01,0xf0,0x00,
0x03,0xe0,0x00,0x07,0xc0,0x00,0x0f,0x80,0x00,0x1f,0x00,0x00,0x3f,0x00,0x00,0x3e,0x00,0x00,0x7c,0x00,0x00,0xff,0xff,0x80,
0xff,0xff,0x80,0xff,0xff,0x80,0xff,0xff,0x80,0xff,0xff,0xff,0xf0,0xf0,0xf0,0xf0,0xf0,0xf0,0xf0,0xf0,0xf0,0xf0,0xf0,0xf0,
0xf0,0xf0,0xf0,0xf0,0xf0,0xf0,0xf0,0xf0,0xff,0xff,0xff,0xf0,0x00,0xf0,0x00,0xf0,0x00,0x78,0x00,0x78,0x00,0x78,0x00,0x3c,
0x00,0x3c,0x00,0x3c,0x00,0x1e,0x00,0x1e,0x00,0x1e,0x00,0x0f,0x00,0x0f,0x00,0x0f,0x00,0x07,0x80,0x07,0x80,0x07,0x80,0x03,
0xc0,0x03,0xc0,0x03,0xc0,0x01,0xe0,0x01,0xe0,0x01,0xe0,0xff,0xff,0xff,0x0f,0x0f,0x0f,0x0f,0x0f,0x0f,0x0f,0x0f,0x0f,0x0f,
0x0f,0x0f,0x0f,0x0f,0x0f,0x0f,0x0f,0x0f,0x0f,0x0f,0xff,0xff,0xff,0x07,0x00,0x07,0x80,0x0f,0x80,0x0f,0xc0,0x1f,0xc0,0x3d,
0xe0,0x3c,0xe0,0x78,0xf0,0x78,0x78,0xf0,0x78,0xf0,0x3c,0xff,0xf0,0xff,0xf0,0xff,0xf0,0x40,0xe0,0xf0,0x78,0x3c,0x0f,0xe0,
0x1f,0xf0,0x3f,0xf8,0x78,0x7c,0x10,0x3c,0x00,0x3c,0x07,0xfc,0x3f,0xfc,0x7e,0x3c,0xf0,0x3c,0xf0,0x3c,0xf8,0x7c,0xff,0xfc,
0x7f,0xbc,0x1f,0x3c,0xf0,0x00,0xf0,0x00,0xf0,0x00,0xf0,0x00,0xf0,0x00,0xf0,0x00,0xf3,0xe0,0xf7,0xf8,0xff,0xfc,0xfc,0x7c,
0xf8,0x3e,0xf0,0x1e,0xf0,0x1e,0xf0,0x1e,0xf0,0x1e,0xf0,0x1e,0xf8,0x3e,0xfc,0x7c,0xff,0xfc,0xf7,0xf8,0xf3,0xe0,0x0f,0xc0,
0x1f,0xf0,0x3f,0xf8,0x7c,0x7c,0xf8,0x20,0xf0,0x00,0xf0,0x00,0xf0,0x00,0xf0,0x00,0xf0,0x00,0xf8,0x00,0x7c,0x78,0x3f,0xf8,
0x1f,0xf0,0x0f,0xc0,0x00,0x1e,0x00,0x1e,0x00,0x1e,0x00,0x1e,0x00,0x1e,0x00,0x1e,0x0f,0x9e,0x3f,0xde,0x7f,0xfe,0x7c,0x7e,
0xf8,0x3e,0xf0,0x1e,0xf0,0x1e,0xf0,0x1e,0xf0,0x1e,0xf0,0x1e,0xf8,0x3e,0x7c,0x7e,0x7f,0xfe,0x3f,0xfe,0x0f,0x8e,0x07,0xc0,
0x1f,0xf0,0x3f,0xf8,0x7c,0x3c,0x78,0x1c,0xf0,0x1e,0xff,0xfe,0xff,0xfe,0xff,0xfe,0xf0,0x00,0xf8,0x00,0x7c,0x30,0x3f,0xfc,
0x1f,0xf8,0x07,0xe0,0x07,0xc0,0x0f,0xc0,0x1f,0xc0,0x1e,0x00,0x1e,0x00,0x1e,0x00,0xff,0xc0,0xff,0xc0,0xff,0xc0,0x1e,0x00,
0x1e,0x00,0x1e,0x00,0x1e,0x00,0x1e,0x00,0x1e,0x00,0x1e,0x00,0x1e,0x00,0x1e,0x00,0x1e,0x00,0x1e,0x00,0x1e,0x00,0x0f,0x9e,
0x3f,0xde,0x7f,0xfe,0x7c,0x7e,0xf8,0x3e,0xf0,0x1e,0xf0,0x1e,0xf0,0x1e,0xf0,0x1e,0xf0,0x1e,0xf8,0x3e,0x7c,0x7e,0x7f,0xfe,
0x3f,0xde,0x0f,0x9e,0x00,0x1e,0x00,0x1e,0x3c,0x3c,0x3f,0xfc,0x1f,0xf8,0x0f,0xe0,0xf0,0x00,0xf0,0x00,0xf0,0x00,0xf0,0x00,
0xf0,0x00,0xf0,0x00,0xf3,0xf0,0xf7,0xf8,0xff,0xf8,0xf8,0x7c,0xf8,0x3c,0xf0,0x3c,0xf0,0x3c,0xf0,0x3c,0xf0,0x3c,0xf0,0x3c,
0xf0,0x3c,0xf0,0x3c,0xf0,0x3c,0xf0,0x3c,0xf0,0x3c,0x1c,0x3e,0x3e,0x3e,0x1c,0x00,0x00,0xfe,0xfe,0xfe,0x1e,0x1e,0x1e,0x1e,
0x1e,0x1e,0x1e,0x1e,0x1e,0x1e,0x1e,0x1e,0x07,0x00,0x0f,0x80,0x0f,0x80,0x0f,0x80,0x07,0x00,0x00,0x00,0x00,0x00,0x07,0x80,
0x07,0x80,0x07,0x80,0x07,0x80,0x07,0x80,0x07,0x80,0x07,0x80,0x07,0x80,0x07,0x80,0x07,0x80,0x07,0x80,0x07,0x80,0x07,0x80,
0x07,0x80,0x07,0x80,0x07,0x80,0x07,0x80,0xff,0x80,0xff,0x00,0xfc,0x00,0xf0,0x00,0xf0,0x00,0xf0,0x00,0xf0,0x00,0xf0,0x00,
0xf0,0x00,0xf0,0x7c,0xf0,0xf8,0xf1,0xf0,0xf3,0xe0,0xf7,0xc0,0xff,0x80,0xff,0x80,0xff,0x80,0xff,0xc0,0xfb,0xe0,0xf3,0xe0,
0xf1,0xf0,0xf0,0xf8,0xf0,0x7c,0xf0,0x7c,0xf0,0xf0,0xf0,0xf0,0xf0,0xf0,0xf0,0xf0,0xf0,0xf0,0xf0,0xf0,0xf0,0xf0,0xf0,0xf0,
0xf0,0xf0,0xff,0xff,0x7f,0xf3,0xf0,0xfc,0xf7,0xfb,0xfe,0xff,0xff,0xfe,0xf8,0x7e,0x1f,0xf8,0x3e,0x0f,0xf0,0x3c,0x0f,0xf0,
0x3c,0x0f,0xf0,0x3c,0x0f,0xf0,0x3c,0x0f,0xf0,0x3c,0x0f,0xf0,0x3c,0x0f,0xf0,0x3c,0x0f,0xf0,0x3c,0x0f,0xf0,0x3c,0x0f,0xf0,
0x3c,0x0f,0xf3,0xf0,0xf7,0xf8,0xff,0xf8,0xf8,0x7c,0xf8,0x3c,0xf0,0x3c,0xf0,0x3c,0xf0,0x3c,0xf0,0x3c,0xf0,0x3c,0xf0,0x3c,
0xf0,0x3c,0xf0,0x3c,0xf0,0x3c,0xf0,0x3c,0x07,0xc0,0x1f,0xf0,0x3f,0xf8,0x7c,0x7c,0xf8,0x3e,0xf0,0x1e,0xf0,0x1e,0xf0,0x1e,
0xf0,0x1e,0xf0,0x1e,0xf8,0x3e,0x7c,0x7c,0x3f,0xf8,0x1f,0xf0,0x07,0xc0,0xf3,0xe0,0xf7,0xf8,0xff,0xfc,0xfc,0x7c,0xf8,0x3e,
0xf0,0x1e,0xf0,0x1e,0xf0,0x1e,0xf0,0x1e,0xf0,0x1e,0xf8,0x3e,0xfc,0x7c,0xff,0xfc,0xf7,0xf8,0xf3,0xe0,0xf0,0x00,0xf0,0x00,
0xf0,0x00,0xf0,0x00,0xf0,0x00,0x0f,0x9e,0x00,0x3f,0xde,0x00,0x7f,0xfe,0x00,0x7c,0x7e,0x00,0xf8,0x3e,0x00,0xf0,0x1e,0x00,
0xf0,0x1e,0x00,0xf0,0x1e,0x00,0xf0,0x1e,0x00,0xf0,0x1e,0x00,0xf8,0x3e,0x00,0x7c,0x7e,0x00,0x7f,0xfe,0x00,0x3f,0xde,0x00,
0x0f,0x9e,0x00,0x00,0x1e,0x00,0x00,0x1e,0x00,0x00,0x1f,0xe0,0x00,0x0f,0xe0,0x00,0x07,0xe0,0xe3,0x80,0xf7,0x80,0xff,0x80,
0xff,0x80,0xf8,0x00,0xf0,0x00,0xf0,0x00,0xf0,0x00,0xf0,0x00,0xf0,0x00,0xf0,0x00,0xf0,0x00,0xf0,0x00,0xf0,0x00,0xf0,0x00,
0x1f,0xc0,0x7f,0xf0,0x7f,0xf8,0xf0,0x78,0xf0,0x00,0xf8,0x00,0x7f,0xe0,0x3f,0xf8,0x0f,0xfc,0x00,0x7c,0x20,0x3c,0xf0,0x7c,
0xff,0xf8,0x7f,0xf0,0x1f,0xc0,0x1e,0x00,0x1e,0x00,0x1e,0x00,0x1e,0x00,0xff,0xc0,0xff,0xc0,0xff,0xc0,0x1e,0x00,0x1e,0x00,
0x1e,0x00,0x1e,0x00,0x1e,0x00,0x1e,0x00,0x1e,0x00,0x1e,0x00,0x1e,0x00,0x1f,0xc0,0x1f,0xc0,0x0f,0xc0,0xf0,0x3c,0xf0,0x3c,
0xf0,0x3c,0xf0,0x3c,0xf0,0x3c,0xf0,0x3c,0xf0,0x3c,0xf0,0x3c,0xf0,0x3c,0xf0,0x3c,0xf0,0x3c,0xf8,0x7c,0x7f,0xfc,0x7f,0xbc,
0x1f,0x3c,0xf8,0x1e,0x78,0x1e,0x78,0x3e,0x3c,0x3c,0x3c,0x3c,0x3c,0x3c,0x1e,0x78,0x1e,0x78,0x1e,0x78,0x0f,0xf0,0x0f,0xf0,
0x0f,0xf0,0x07,0xe0,0x07,0xe0,0x07,0xc0,0xf0,0xf0,0xf8,0xf0,0xf0,0xf0,0xf0,0xf8,0xf0,0xf1,0xf8,0xf0,0x79,0xf8,0xf0,0x79,
0xf9,0xe0,0x79,0xd9,0xe0,0x79,0x9d,0xe0,0x3f,0x9d,0xe0,0x3f,0x9f,0xc0,0x3f,0x9f,0xc0,0x3f,0x8f,0xc0,0x1f,0x0f,0xc0,0x1f,
0x0f,0x80,0x1f,0x0f,0x80,0xf8,0x7c,0x78,0x78,0x7c,0xf8,0x3f,0xf0,0x1f,0xe0,0x0f,0xe0,0x0f,0xc0,0x07,0xc0,0x0f,0xc0,0x1f,
0xe0,0x3f,0xf0,0x3c,0xf0,0x7c,0x78,0xf8,0x7c,0xf0,0x3e,0xf8,0x1e,0x78,0x3e,0x7c,0x3c,0x3c,0x3c,0x3c,0x7c,0x3e,0x78,0x1e,
0x78,0x1e,0x78,0x1e,0xf0,0x0f,0xf0,0x0f,0xe0,0x07,0xe0,0x07,0xe0,0x07,0xc0,0x03,0xc0,0x03,0xc0,0x07,0x80,0x3f,0x80,0x3f,
0x00,0x3e,0x00,0xff,0xf8,0xff,0xf8,0xff,0xf8,0x01,0xf8,0x03,0xf0,0x07,0xe0,0x07,0xc0,0x0f,0x80,0x1f,0x00,0x3e,0x00,0x7c,
0x00,0xfc,0x00,0xff,0xfc,0xff,0xfc,0xff,0xfc,0x07,0xc0,0x0f,0xc0,0x1f,0xc0,0x1e,0x00,0x1e,0x00,0x1e,0x00,0x1e,0x00,0x1e,
0x00,0x1e,0x00,0x1e,0x00,0x1e,0x00,0x3e,0x00,0xfc,0x00,0xf0,0x00,0xfc,0x00,0x3e,0x00,0x1e,0x00,0x1e,0x00,0x1e,0x00,0x1e,
0x00,0x1e,0x00,0x1e,0x00,0x1e,0x00,0x1f,0xc0,0x0f,0xc0,0x07,0xc0,0xf0,0xf0,0xf0,0xf0,0xf0,0xf0,0xf0,0xf0,0xf0,0xf0,0xf0,
0xf0,0xf0,0xf0,0xf0,0xf0,0xf0,0xf0,0xf0,0xf0,0xf0,0xf0,0xf0,0xf0,0xf0,0xf0,0xf0,0xf0,0xf0,0xf8,0x00,0xfc,0x00,0xfe,0x00,
0x1e,0x00,0x1e,0x00,0x1e,0x00,0x1e,0x00,0x1e,0x00,0x1e,0x00,0x1e,0x00,0x1e,0x00,0x1f,0x00,0x0f,0xc0,0x03,0xc0,0x0f,0xc0,
0x1f,0x00,0x1e,0x00,0x1e,0x00,0x1e,0x00,0x1e,0x00,0x1e,0x00,0x1e,0x00,0x1e,0x00,0xfe,0x00,0xfc,0x00,0xf8,0x00,0x3c,0x1c,
0x7f,0x1c,0xff,0xf8,0xe3,0xf8,0xe0,0xf0,0x78,0xfc,0xfc,0xfc,0x78,0x00,0x00,0x30,0x30,0x30,0x78,0x78,0x78,0x78,0x78,0x78,
0x78,0x78,0x78,0x78,0x03,0x00,0x03,0x00,0x07,0x80,0x1f,0xe0,0x3f,0xf8,0x7f,0xf8,0x7b,0x70,0xf3,0x00,0xf3,0x00,0xf3,0x00,
0xf3,0x00,0xf3,0x00,0xf3,0x00,0x7b,0x30,0x7f,0xf8,0x3f,0xf8,0x1f,0xe0,0x07,0x80,0x03,0x00,0x03,0x00,0x07,0xf0,0x1f,0xfc,
0x3f,0xfe,0x7c,0x3f,0x78,0x0c,0x78,0x00,0x78,0x00,0x3c,0x00,0x3c,0x00,0xff,0xf0,0xff,0xf0,0x0f,0x00,0x0f,0x00,0x0f,0x00,
0x0e,0x00,0x1c,0x00,0x7f,0x82,0xff,0xff,0x7f,0xff,0x60,0xfe,0xe7,0xce,0x7f,0xfc,0x3f,0xf8,0x3c,0x78,0x78,0x3c,0x78,0x3c,
0x78,0x3c,0x78,0x3c,0x78,0x3c,0x3c,0x78,0x3f,0xf8,0x7f,0xfc,0xf7,0xce,0xf8,0x07,0xc0,0xf8,0x07,0xc0,0x7c,0x0f,0x80,0x3c,
0x0f,0x00,0x3e,0x1f,0x00,0x1e,0x1e,0x00,0x1f,0x3e,0x00,0x0f,0xfc,0x00,0x0f,0xfc,0x00,0x07,0xf8,0x00,0x03,0xf0,0x00,0x03,
0xf0,0x00,0x1f,0xfe,0x00,0x1f,0xfe,0x00,0x01,0xe0,0x00,0x01,0xe0,0x00,0x1f,0xfe,0x00,0x1f,0xfe,0x00,0x01,0xe0,0x00,0x01,
0xe0,0x00,0xf0,0xf0,0xf0,0xf0,0xf0,0xf0,0xf0,0xf0,0xf0,0xf0,0xf0,0x00,0x00,0x00,0x00,0x00,0x00,0x00,0xf0,0xf0,0xf0,0xf0,
0xf0,0xf0,0xf0,0xf0,0xf0,0xf0,0xf0,0x07,0xe0,0x0f,0xf8,0x1f,0xfc,0x3e,0x3c,0x3c,0x18,0x3c,0x00,0x3f,0x00,0x1f,0xc0,0x3f,
0xf0,0x7f,0xfc,0xf1,0xfe,0xf0,0x7f,0xf8,0x1f,0xfe,0x0f,0x7f,0x8f,0x3f,0xfe,0x0f,0xfc,0x03,0xf8,0x00,0xfc,0x00,0x7c,0x18,
0x3c,0x3c,0x7c,0x3f,0xf8,0x1f,0xf0,0x07,0xe0,0x61,0x80,0xf3,0xc0,0xf3,0xc0,0x61,0x80,0x01,0xfc,0x00,0x07,0xff,0x00,0x0e,
0x07,0x80,0x18,0x01,0xc0,0x30,0xf8,0x60,0x61,0xfc,0x30,0x63,0xfe,0x30,0xc7,0x8e,0x18,0xc7,0x00,0x18,0xc7,0x00,0x18,0xc7,
0x00,0x18,0xc7,0x00,0x18,0xc7,0x8c,0x18,0x63,0xfe,0x30,0x61,0xfc,0x30,0x30,0xf8,0x60,0x1c,0x01,0xe0,0x0f,0x07,0x80,0x07,
0xff,0x00,0x01,0xfc,0x00,0x3e,0x7f,0x27,0x1f,0x7f,0xe7,0xe7,0xff,0x7f,0x0f,0x1f,0x1f,0x3e,0x3e,0x7c,0x7c,0xf8,0x78,0xf8,
0xf9,0xf0,0xf9,0xf0,0x78,0xf8,0x7c,0xf8,0x3e,0x7c,0x1f,0x3e,0x0f,0x1f,0xff,0xff,0xff,0xff,0xff,0xff,0x00,0x0f,0x00,0x0f,
0x00,0x0f,0x00,0x0f,0x00,0x0f,0x00,0x0f,0x00,0x0f,0xff,0xf8,0x80,0x18,0xc0,0x18,0xa0,0x28,0xa0,0x48,0x90,0x48,0x90,0x88,
0x88,0x88,0x89,0x08,0x86,0x08,0x82,0x08,0x86,0x08,0x85,0x08,0x88,0x88,0x88,0x88,0x90,0x48,0xa0,0x48,0xa0,0x28,0xc0,0x18,
0xc0,0x18,0xff,0xf8,0x01,0xfc,0x00,0x07,0xff,0x00,0x0e,0x07,0x80,0x18,0x01,0xc0,0x33,0xf8,0x60,0x63,0xfe,0x30,0x63,0x8e,
0x30,0xc3,0x8e,0x18,0xc3,0x8e,0x18,0xc3,0xfc,0x18,0xc3,0xf8,0x18,0xc3,0xb8,0x18,0xc3,0x9c,0x18,0x63,0x9e,0x30,0x63,0x8e,
0x30,0x30,0x00,0x60,0x1c,0x01,0xe0,0x0f,0x07,0x80,0x07,0xff,0x00,0x01,0xfc,0x00,0xff,0x80,0xff,0x80,0xff,0x80,0x1e,0x00,
0x7f,0x80,0x7f,0x80,0xf3,0xc0,0xe1,0xc0,0xe1,0xc0,0xf3,0xc0,0x7f,0x80,0x7f,0x80,0x1e,0x00,0x03,0xc0,0x03,0xc0,0x03,0xc0,
0x03,0xc0,0xff,0xfe,0xff,0xfe,0xff,0xfe,0x03,0xc0,0x03,0xc0,0x00,0x00,0x00,0x00,0x00,0x00,0xff,0xfe,0xff,0xfe,0xff,0xfe,
0x3e,0x00,0x7f,0x00,0xe3,0x80,0x03,0x80,0x03,0x80,0x07,0x80,0x0f,0x00,0x1e,0x00,0x3c,0x00,0x78,0x00,0xff,0x80,0xff,0x80,
0x3e,0x00,0x7f,0x00,0x63,0x80,0x03,0x80,0x03,0x80,0x1f,0x00,0x1f,0x00,0x03,0x80,0x03,0x80,0xe3,0x80,0x7f,0x00,0x3e,0x00,
0x1c,0x3c,0x78,0xf0,0xff,0xf8,0x80,0x18,0xc0,0x18,0xa0,0x28,0xa0,0x48,0x90,0x48,0x90,0x88,0x88,0x88,0x89,0x08,0x86,0x08,
0x82,0x08,0x86,0x08,0x85,0x08,0x88,0x88,0x88,0x88,0x90,0x48,0xa0,0x48,0xa0,0x28,0xc0,0x18,0xc0,0x18,0xff,0xf8,0x0f,0xfe,
0x3f,0xfe,0x7f,0x38,0x7f,0x38,0x7f,0x38,0xff,0x38,0x7f,0x38,0x7f,0x38,0x7f,0x38,0x3f,0x38,0x1f,0x38,0x07,0x38,0x07,0x38,
0x07,0x38,0x07,0x38,0x07,0x38,0x07,0x38,0x07,0x38,0x07,0x38,0x07,0x38,0x07,0x38,0x07,0x38,0x07,0x38,0x07,0x38,0x07,0x38,
0x78,0xfc,0xfc,0xfc,0x78,0x30,0x20,0x7c,0x0e,0x0e,0xfc,0x1c,0x1c,0xfc,0xfc,0x1c,0x1c,0x1c,0x1c,0x1c,0x1c,0x1c,0x1c,0x3e,
0x00,0x7f,0x00,0xf7,0x80,0xe3,0x80,0xe3,0x80,0xe3,0x80,0xf7,0x80,0x7f,0x00,0x3e,0x00,0xf9,0xf0,0x7c,0xf8,0x7c,0xf8,0x3e,
0x7c,0x1f,0x3e,0x0f,0x1f,0x0f,0x1f,0x1f,0x3e,0x3e,0x7c,0x7c,0xf8,0x7c,0xf8,0xf9,0xf0,0x1c,0x00,0xf0,0xfc,0x01,0xe0,0xfc,
0x01,0xc0,0xfc,0x03,0x80,0x1c,0x07,0x80,0x1c,0x0f,0x00,0x1c,0x0e,0x00,0x1c,0x1e,0x00,0x1c,0x3c,0x00,0x1c,0x38,0x38,0x1c,
0x78,0x78,0x00,0xf0,0xf8,0x00,0xe1,0xf8,0x01,0xe3,0xb8,0x03,0xc3,0x38,0x07,0x87,0xfe,0x07,0x07,0xfe,0x0f,0x07,0xfe,0x1e,
0x00,0x38,0x1c,0x00,0x38,0x1c,0x00,0xf0,0xfc,0x01,0xe0,0xfc,0x01,0xc0,0xfc,0x03,0xc0,0x1c,0x07,0x80,0x1c,0x0f,0x00,0x1c,
0x0e,0x00,0x1c,0x1e,0x00,0x1c,0x3c,0x00,0x1c,0x38,0xf8,0x1c,0x79,0xfe,0x00,0xf0,0x8e,0x01,0xe0,0x0e,0x01,0xe0,0x1c,0x03,
0xc0,0x3c,0x07,0x80,0x70,0x07,0x01,0xe0,0x0f,0x03,0xfe,0x1e,0x03,0xfe,0x1c,0x03,0xfe,0x3e,0x00,0x3c,0x00,0x7f,0x80,0x78,
0x00,0x63,0x80,0x70,0x00,0x03,0x80,0xf0,0x00,0x1f,0x01,0xe0,0x00,0x1f,0x01,0xc0,0x00,0x1f,0x83,0x80,0x00,0x03,0x87,0x80,
0x00,0x23,0x8f,0x00,0x00,0xff,0x0e,0x0e,0x00,0x3e,0x1e,0x1e,0x00,0x00,0x3c,0x3e,0x00,0x00,0x38,0x7e,0x00,0x00,0x70,0xee,
0x00,0x00,0xf0,0xce,0x00,0x01,0xe1,0xff,0x80,0x01,0xc1,0xff,0x80,0x03,0x81,0xff,0x80,0x07,0x80,0x0e,0x00,0x07,0x00,0x0e,
0x00,0x01,0xe0,0x03,0xf0,0x03,0xf0,0x03,0xf0,0x01,0xe0,0x00,0x00,0x00,0x00,0x01,0xe0,0x03,0xe0,0x07,0xe0,0x1f,0xc0,0x3f,
0x80,0x7e,0x00,0xf8,0x00,0xf0,0x00,0xf0,0x1c,0xf8,0x3e,0x7f,0xfe,0x3f,0xfc,0x0f,0xe0,0x07,0x00,0x00,0x07,0x80,0x00,0x07,
0xc0,0x00,0x03,0xc0,0x00,0x00,0xe0,0x00,0x00,0x00,0x00,0x01,0xf0,0x00,0x01,0xf8,0x00,0x03,0xf8,0x00,0x03,0xf8,0x00,0x03,
0xfc,0x00,0x07,0xbc,0x00,0x07,0xbe,0x00,0x0f,0x9e,0x00,0x0f,0x1e,0x00,0x0f,0x1f,0x00,0x1f,0x0f,0x00,0x1e,0x0f,0x00,0x1e,
0x0f,0x80,0x3f,0xff,0x80,0x3f,0xff,0xc0,0x7f,0xff,0xc0,0x7c,0x03,0xc0,0x78,0x03,0xe0,0xf8,0x03,0xe0,0xf8,0x01,0xe0,0x00,
0x1c,0x00,0x00,0x3c,0x00,0x00,0x7c,0x00,0x00,0x78,0x00,0x00,0xe0,0x00,0x00,0x00,0x00,0x01,0xf0,0x00,0x03,0xf0,0x00,0x03,
0xf8,0x00,0x03,0xf8,0x00,0x07,0xf8,0x00,0x07,0xbc,0x00,0x0f,0xbc,0x00,0x0f,0x3e,0x00,0x0f,0x1e,0x00,0x1f,0x1e,0x00,0x1e,
0x1f,0x00,0x1e,0x0f,0x00,0x3e,0x0f,0x80,0x3f,0xff,0x80,0x7f,0xff,0x80,0x7f,0xff,0xc0,0x78,0x07,0xc0,0xf8,0x03,0xc0,0xf8,
0x03,0xe0,0xf0,0x03,0xe0,0x00,0x70,0x00,0x00,0xf8,0x00,0x01,0xfc,0x00,0x03,0x9e,0x00,0x0f,0x0f,0x00,0x00,0x00,0x00,0x00,
0xf8,0x00,0x01,0xf8,0x00,0x01,0xfc,0x00,0x03,0xfc,0x00,0x03,0xfc,0x00,0x03,0xfe,0x00,0x07,0xde,0x00,0x07,0x9e,0x00,0x07,
0x9f,0x00,0x0f,0x8f,0x00,0x0f,0x0f,0x80,0x1f,0x0f,0x80,0x1f,0x07,0x80,0x1f,0xff,0xc0,0x3f,0xff,0xc0,0x3f,0xff,0xc0,0x7c,
0x03,0xe0,0x7c,0x01,0xe0,0x78,0x01,0xf0,0xf8,0x01,0xf0,0x07,0xce,0x00,0x07,0xfe,0x00,0x0e,0x3c,0x00,0x00,0x00,0x00,0x00,
0x00,0x00,0x01,0xf0,0x00,0x01,0xf8,0x00,0x03,0xf8,0x00,0x03,0xf8,0x00,0x07,0xfc,0x00,0x07,0xbc,0x00,0x07,0xbc,0x00,0x0f,
0xbe,0x00,0x0f,0x1e,0x00,0x0f,0x1f,0x00,0x1f,0x1f,0x00,0x1e,0x0f,0x00,0x3e,0x0f,0x80,0x3f,0xff,0x80,0x3f,0xff,0x80,0x7f,
0xff,0xc0,0x78,0x03,0xc0,0x78,0x03,0xe0,0xf8,0x03,0xe0,0xf8,0x01,0xe0,0x03,0x0c,0x00,0x07,0x9e,0x00,0x07,0x9e,0x00,0x03,
0x0c,0x00,0x00,0x00,0x00,0x01,0xf8,0x00,0x01,0xf8,0x00,0x01,0xf8,0x00,0x03,0xfc,0x00,0x03,0xfc,0x00,0x03,0xfc,0x00,0x07,
0x9e,0x00,0x07,0x9e,0x00,0x0f,0x9f,0x00,0x0f,0x0f,0x00,0x0f,0x0f,0x00,0x1f,0x0f,0x80,0x1e,0x07,0x80,0x1f,0xff,0x80,0x3f,
0xff,0xc0,0x3f,0xff,0xc0,0x7c,0x03,0xe0,0x7c,0x03,0xe0,0x78,0x01,0xe0,0xf8,0x01,0xf0,0x00,0xe0,0x00,0x01,0xf0,0x00,0x03,
0xf8,0x00,0x03,0x18,0x00,0x03,0x18,0x00,0x03,0x18,0x00,0x01,0xf0,0x00,0x01,0xf0,0x00,0x03,0xf8,0x00,0x03,0xf8,0x00,0x03,
0xf8,0x00,0x07,0xbc,0x00,0x07,0xbc,0x00,0x07,0xbc,0x00,0x0f,0x1e,0x00,0x0f,0x1e,0x00,0x1f,0x1f,0x00,0x1e,0x0f,0x00,0x1e,
0x0f,0x00,0x3f,0xff,0x80,0x3f,0xff,0x80,0x3f,0xff,0x80,0x7c,0x07,0xc0,0x78,0x03,0xc0,0xf8,0x03,0xe0,0xf8,0x03,0xe0,0x00,
0x3f,0xff,0xe0,0x00,0x3f,0xff,0xe0,0x00,0x7f,0xff,0xe0,0x00,0x7f,0xff,0xe0,0x00,0xff,0x80,0x00,0x01,0xf7,0x80,0x00,0x01,
0xf7,0x80,0x00,0x03,0xe7,0x80,0x00,0x03,0xc7,0xfe,0x00,0x07,0xc7,0xfe,0x00,0x07,0x87,0xfe,0x00,0x0f,0x87,0xfe,0x00,0x1f,
0x07,0x80,0x00,0x1f,0xff,0x80,0x00,0x3f,0xff,0x80,0x00,0x3f,0xff,0x80,0x00,0x7c,0x07,0xff,0xe0,0x78,0x07,0xff,0xe0,0xf8,
0x07,0xff,0xe0,0xf0,0x07,0xff,0xe0,0x03,0xf8,0x00,0x0f,0xfe,0x00,0x1f,0xff,0x80,0x3e,0x0f,0xc0,0x7c,0x07,0x80,0x78,0x00,
0x00,0xf8,0x00,0x00,0xf0,0x00,0x00,0xf0,0x00,0x00,0xf0,0x00,0x00,0xf0,0x00,0x00,0xf0,0x00,0x00,0xf0,0x00,0x00,0xf8,0x00,
0x00,0x78,0x00,0x00,0x7c,0x07,0x80,0x3e,0x0f,0xc0,0x1f,0xff,0x80,0x0f,0xfe,0x00,0x03,0xf8,0x00,0x00,0xc0,0x00,0x01,0xf0,
0x00,0x00,0x38,0x00,0x00,0x38,0x00,0x03,0xf0,0x00,0x1c,0x00,0x1c,0x00,0x1e,0x00,0x0f,0x00,0x07,0x80,0x00,0x00,0xff,0xfe,
0xff,0xfe,0xff,0xfe,0xff,0xfe,0xf0,0x00,0xf0,0x00,0xf0,0x00,0xf0,0x00,0xff,0xe0,0xff,0xe0,0xff,0xe0,0xff,0xe0,0xf0,0x00,
0xf0,0x00,0xf0,0x00,0xf0,0x00,0xff,0xfe,0xff,0xfe,0xff,0xfe,0xff,0xfe,0x00,0x70,0x00,0xf8,0x01,0xf0,0x01,0xe0,0x03,0x80,
0x00,0x00,0xff,0xfe,0xff,0xfe,0xff,0xfe,0xff,0xfe,0xf0,0x00,0xf0,0x00,0xf0,0x00,0xf0,0x00,0xff,0xe0,0xff,0xe0,0xff,0xe0,
0xff,0xe0,0xf0,0x00,0xf0,0x00,0xf0,0x00,0xf0,0x00,0xff,0xfe,0xff,0xfe,0xff,0xfe,0xff,0xfe,0x03,0x80,0x07,0xc0,0x0f,0xe0,
0x1c,0xf0,0x38,0x78,0x00,0x00,0xff,0xfe,0xff,0xfe,0xff,0xfe,0xff,0xfe,0xf0,0x00,0xf0,0x00,0xf0,0x00,0xf0,0x00,0xff,0xe0,
0xff,0xe0,0xff,0xe0,0xff,0xe0,0xf0,0x00,0xf0,0x00,0xf0,0x00,0xf0,0x00,0xff,0xfe,0xff,0xfe,0xff,0xfe,0xff,0xfe,0x0c,0x30,
0x1e,0x78,0x1e,0x78,0x0c,0x30,0x00,0x00,0xff,0xfe,0xff,0xfe,0xff,0xfe,0xff,0xfe,0xf0,0x00,0xf0,0x00,0xf0,0x00,0xf0,0x00,
0xff,0xf0,0xff,0xf0,0xff,0xf0,0xff,0xf0,0xf0,0x00,0xf0,0x00,0xf0,0x00,0xf0,0x00,0xff,0xfe,0xff,0xfe,0xff,0xfe,0xff,0xfe,
0x60,0x00,0xf0,0x00,0x78,0x00,0x3c,0x00,0x1e,0x00,0x00,0x00,0xff,0xc0,0xff,0xc0,0xff,0xc0,0x1e,0x00,0x1e,0x00,0x1e,0x00,
0x1e,0x00,0x1e,0x00,0x1e,0x00,0x1e,0x00,0x1e,0x00,0x1e,0x00,0x1e,0x00,0x1e,0x00,0x1e,0x00,0x1e,0x00,0x1e,0x00,0xff,0xc0,
0xff,0xc0,0xff,0xc0,0x01,0x80,0x03,0xc0,0x07,0x80,0x0f,0x00,0x1e,0x00,0x00,0x00,0xff,0xc0,0xff,0xc0,0xff,0xc0,0x1e,0x00,
0x1e,0x00,0x1e,0x00,0x1e,0x00,0x1e,0x00,0x1e,0x00,0x1e,0x00,0x1e,0x00,0x1e,0x00,0x1e,0x00,0x1e,0x00,0x1e,0x00,0x1e,0x00,
0x1e,0x00,0xff,0xc0,0xff,0xc0,0xff,0xc0,0x06,0x00,0x0f,0x00,0x3f,0xc0,0x79,0xe0,0xf0,0xf0,0x00,0x00,0x7f,0xe0,0x7f,0xe0,
0x7f,0xe0,0x0f,0x00,0x0f,0x00,0x0f,0x00,0x0f,0x00,0x0f,0x00,0x0f,0x00,0x0f,0x00,0x0f,0x00,0x0f,0x00,0x0f,0x00,0x0f,0x00,
0x0f,0x00,0x0f,0x00,0x0f,0x00,0x7f,0xe0,0x7f,0xe0,0x7f,0xe0,0x61,0x80,0xf3,0xc0,0xf3,0xc0,0x61,0x80,0x00,0x00,0xff,0xc0,
0xff,0xc0,0xff,0xc0,0x1e,0x00,0x1e,0x00,0x1e,0x00,0x1e,0x00,0x1e,0x00,0x1e,0x00,0x1e,0x00,0x1e,0x00,0x1e,0x00,0x1e,0x00,
0x1e,0x00,0x1e,0x00,0x1e,0x00,0x1e,0x00,0xff,0xc0,0xff,0xc0,0xff,0xc0,0x3f,0xf8,0x00,0x3f,0xff,0x00,0x3f,0xff,0x80,0x3c,
0x0f,0xc0,0x3c,0x03,0xe0,0x3c,0x01,0xe0,0x3c,0x01,0xf0,0x3c,0x00,0xf0,0xff,0xe0,0xf0,0xff,0xe0,0xf0,0xff,0xe0,0xf0,0x3c,
0x00,0xf0,0x3c,0x00,0xf0,0x3c,0x01,0xf0,0x3c,0x01,0xe0,0x3c,0x03,0xe0,0x3c,0x0f,0xc0,0x3f,0xff,0x80,0x3f,0xff,0x00,0x3f,
0xf8,0x00,0x0f,0xce,0x00,0x0f,0xfc,0x00,0x1c,0x78,0x00,0x00,0x00,0x00,0x00,0x00,0x00,0xfc,0x03,0xc0,0xfc,0x03,0xc0,0xfe,
0x03,0xc0,0xff,0x03,0xc0,0xff,0x03,0xc0,0xff,0x83,0xc0,0xf7,0x83,0xc0,0xf7,0xc3,0xc0,0xf3,0xc3,0xc0,0xf3,0xe3,0xc0,0xf1,
0xf3,0xc0,0xf0,0xf3,0xc0,0xf0,0xfb,0xc0,0xf0,0x7b,0xc0,0xf0,0x7f,0xc0,0xf0,0x3f,0xc0,0xf0,0x3f,0xc0,0xf0,0x1f,0xc0,0xf0,
0x0f,0xc0,0xf0,0x0f,0xc0,0x02,0x00,0x00,0x07,0x80,0x00,0x07,0xc0,0x00,0x03,0xc0,0x00,0x01,0xe0,0x00,0x00,0x00,0x00,0x00,
0x00,0x00,0x01,0xf8,0x00,0x0f,0xff,0x00,0x1f,0xff,0x80,0x3f,0x0f,0xc0,0x7c,0x03,0xe0,0x78,0x01,0xe0,0x78,0x01,0xe0,0xf0,
0x00,0xf0,0xf0,0x00,0xf0,0xf0,0x00,0xf0,0xf0,0x00,0xf0,0xf0,0x00,0xf0,0xf0,0x00,0xf0,0xf8,0x01,0xf0,0x78,0x01,0xe0,0x7c,
0x03,0xe0,0x3f,0x0f,0xc0,0x1f,0xff,0x80,0x0f,0xff,0x00,0x03,0xfc,0x00,0x00,0x1e,0x00,0x00,0x1e,0x00,0x00,0x3c,0x00,0x00,
0x78,0x00,0x00,0x00,0x00,0x00,0x00,0x00,0x01,0xf8,0x00,0x0f,0xff,0x00,0x1f,0xff,0x80,0x3f,0x0f,0xc0,0x7c,0x03,0xe0,0x78,
0x01,0xe0,0x78,0x01,0xe0,0xf0,0x00,0xf0,0xf0,0x00,0xf0,0xf0,0x00,0xf0,0xf0,0x00,0xf0,0xf0,0x00,0xf0,0xf0,0x00,0xf0,0xf8,
0x01,0xf0,0x78,0x01,0xe0,0x7c,0x03,0xe0,0x3f,0x0f,0xc0,0x1f,0xff,0x80,0x0f,0xff,0x00,0x03,0xfc,0x00,0x00,0xf0,0x00,0x01,
0xf8,0x00,0x03,0xfc,0x00,0x0f,0x0f,0x00,0x00,0x00,0x00,0x00,0x00,0x00,0x01,0xf8,0x00,0x0f,0xff,0x00,0x1f,0xff,0x80,0x3f,
0x0f,0xc0,0x7c,0x03,0xe0,0x78,0x01,0xe0,0x78,0x01,0xe0,0xf0,0x00,0xf0,0xf0,0x00,0xf0,0xf0,0x00,0xf0,0xf0,0x00,0xf0,0xf0,
0x00,0xf0,0xf0,0x00,0xf0,0xf8,0x01,0xf0,0x78,0x01,0xe0,0x7c,0x03,0xe0,0x3f,0x0f,0xc0,0x1f,0xff,0x80,0x0f,0xff,0x00,0x03,
0xfc,0x00,0x07,0xe7,0x00,0x07,0xff,0x00,0x0e,0x3c,0x00,0x00,0x00,0x00,0x00,0x00,0x00,0x01,0xf8,0x00,0x0f,0xff,0x00,0x1f,
0xff,0x80,0x3f,0x0f,0xc0,0x7c,0x03,0xe0,0x78,0x01,0xe0,0x78,0x01,0xe0,0xf0,0x00,0xf0,0xf0,0x00,0xf0,0xf0,0x00,0xf0,0xf0,
0x00,0xf0,0xf0,0x00,0xf0,0xf0,0x00,0xf0,0xf8,0x01,0xf0,0x78,0x01,0xe0,0x7c,0x03,0xe0,0x3f,0x0f,0xc0,0x1f,0xff,0x80,0x0f,
0xff,0x00,0x03,0xfc,0x00,0x03,0x0c,0x00,0x07,0x9e,0x00,0x07,0x9e,0x00,0x03,0x0c,0x00,0x00,0x00,0x00,0x00,0x00,0x00,0x01,
0xf8,0x00,0x0f,0xff,0x00,0x1f,0xff,0x80,0x3f,0x0f,0xc0,0x7c,0x03,0xe0,0x78,0x01,0xe0,0x78,0x01,0xe0,0xf0,0x00,0xf0,0xf0,
0x00,0xf0,0xf0,0x00,0xf0,0xf0,0x00,0xf0,0xf0,0x00,0xf0,0xf0,0x00,0xf0,0xf8,0x01,0xf0,0x78,0x01,0xe0,0x7c,0x03,0xe0,0x3f,
0x0f,0xc0,0x1f,0xff,0x80,0x0f,0xff,0x00,0x03,0xfc,0x00,0x20,0x10,0x70,0x38,0xf8,0x7c,0x7c,0xf8,0x3f,0xf0,0x1f,0xe0,0x0f,
0xc0,0x0f,0xc0,0x1f,0xe0,0x3f,0xf0,0x7c,0xf8,0x78,0x78,0x30,0x30,0x01,0xfc,0x40,0x07,0xff,0xe0,0x1f,0xff,0xc0,0x3f,0x0f,
0xc0,0x3c,0x07,0xe0,0x78,0x07,0xe0,0x78,0x0f,0xf0,0xf0,0x1c,0xf0,0xf0,0x38,0xf0,0xf0,0x70,0xf0,0xf0,0xe0,0xf0,0xf1,0xc0,
0xf0,0xf3,0x80,0xf0,0xff,0x01,0xe0,0x7e,0x01,0xe0,0x7e,0x03,0xc0,0x3f,0x0f,0xc0,0x3f,0xff,0x80,0x7f,0xfe,0x00,0x23,0xf8,
0x00,0x0e,0x00,0x00,0x0f,0x00,0x00,0x0f,0x80,0x00,0x03,0xc0,0x00,0x00,0x00,0x00,0x00,0x00,0x00,0xf0,0x07,0x80,0xf0,0x07,
0x80,0xf0,0x07,0x80,0xf0,0x07,0x80,0xf0,0x07,0x80,0xf0,0x07,0x80,0xf0,0x07,0x80,0xf0,0x07,0x80,0xf0,0x07,0x80,0xf0,0x07,
0x80,0xf0,0x07,0x80,0xf0,0x07,0x80,0xf0,0x07,0x80,0xf0,0x07,0x80,0xf0,0x07,0x80,0x78,0x0f,0x00,0x7c,0x1f,0x00,0x3f,0xfe,
0x00,0x1f,0xfc,0x00,0x07,0xf0,0x00,0x00,0x38,0x00,0x00,0x78,0x00,0x00,0xf8,0x00,0x01,0xe0,0x00,0x00,0x00,0x00,0x00,0x00,
0x00,0xf0,0x07,0x80,0xf0,0x07,0x80,0xf0,0x07,0x80,0xf0,0x07,0x80,0xf0,0x07,0x80,0xf0,0x07,0x80,0xf0,0x07,0x80,0xf0,0x07,
0x80,0xf0,0x07,0x80,0xf0,0x07,0x80,0xf0,0x07,0x80,0xf0,0x07,0x80,0xf0,0x07,0x80,0xf0,0x07,0x80,0xf0,0x07,0x80,0x78,0x0f,
0x00,0x7c,0x1f,0x00,0x3f,0xfe,0x00,0x1f,0xfc,0x00,0x07,0xf0,0x00,0x00,0x80,0x00,0x01,0xe0,0x00,0x07,0xf0,0x00,0x0f,0x78,
0x00,0x1e,0x3c,0x00,0x00,0x00,0x00,0x00,0x00,0x00,0xf0,0x07,0x80,0xf0,0x07,0x80,0xf0,0x07,0x80,0xf0,0x07,0x80,0xf0,0x07,
0x80,0xf0,0x07,0x80,0xf0,0x07,0x80,0xf0,0x07,0x80,0xf0,0x07,0x80,0xf0,0x07,0x80,0xf0,0x07,0x80,0xf0,0x07,0x80,0xf0,0x07,
0x80,0xf0,0x07,0x80,0xf0,0x07,0x80,0x78,0x0f,0x00,0x7c,0x1f,0x00,0x3f,0xfe,0x00,0x1f,0xfc,0x00,0x07,0xf0,0x00,0x06,0x18,
0x00,0x0f,0x3c,0x00,0x0f,0x3c,0x00,0x06,0x18,0x00,0x00,0x00,0x00,0x00,0x00,0x00,0xf0,0x07,0x80,0xf0,0x07,0x80,0xf0,0x07,
0x80,0xf0,0x07,0x80,0xf0,0x07,0x80,0xf0,0x07,0x80,0xf0,0x07,0x80,0xf0,0x07,0x80,0xf0,0x07,0x80,0xf0,0x07,0x80,0xf0,0x07,
0x80,0xf0,0x07,0x80,0xf0,0x07,0x80,0xf0,0x07,0x80,0xf0,0x07,0x80,0x78,0x0f,0x00,0x7c,0x1f,0x00,0x3f,0xfe,0x00,0x1f,0xfc,
0x00,0x07,0xf0,0x00,0x00,0x1c,0x00,0x00,0x3c,0x00,0x00,0x7c,0x00,0x00,0xf0,0x00,0x01,0xe0,0x00,0x00,0x00,0x00,0xf8,0x03,
0xe0,0xf8,0x07,0xc0,0x7c,0x0f,0x80,0x3c,0x0f,0x80,0x3e,0x1f,0x00,0x1f,0x1e,0x00,0x1f,0x3e,0x00,0x0f,0xfc,0x00,0x07,0xf8,
0x00,0x07,0xf8,0x00,0x03,0xf0,0x00,0x01,0xe0,0x00,0x01,0xe0,0x00,0x01,0xe0,0x00,0x01,0xe0,0x00,0x01,0xe0,0x00,0x01,0xe0,
0x00,0x01,0xe0,0x00,0x01,0xe0,0x00,0x01,0xe0,0x00,0xf0,0x00,0xf0,0x00,0xf0,0x00,0xf0,0x00,0xff,0xf0,0xff,0xfc,0xff,0xfe,
0xf0,0x1f,0xf0,0x0f,0xf0,0x0f,0xf0,0x0f,0xf0,0x0f,0xf0,0x1e,0xff,0xfe,0xff,0xfc,0xff,0xf0,0xf0,0x00,0xf0,0x00,0xf0,0x00,
0xf0,0x00,0x0f,0xe0,0x3f,0xf0,0x7f,0xf8,0xf8,0x7c,0xf0,0x3c,0xf0,0x3c,0xf0,0x7c,0xf3,0xf8,0xf3,0xf8,0xf3,0xfc,0xf0,0x3e,
0xf0,0x1f,0xf0,0x0f,0xf0,0x0f,0xf0,0x0f,0xf0,0x0f,0xf0,0x3e,0xf3,0xfe,0xf3,0xfc,0xf1,0xf0,0x1c,0x00,0x1e,0x00,0x0f,0x00,
0x07,0x80,0x00,0x00,0x00,0x00,0x0f,0xe0,0x1f,0xf0,0x3f,0xf8,0x78,0x7c,0x10,0x3c,0x00,0x3c,0x07,0xfc,0x3f,0xfc,0x7e,0x3c,
0xf0,0x3c,0xf0,0x3c,0xf8,0x7c,0xff,0xfc,0x7f,0xbc,0x1f,0x3c,0x00,0x70,0x00,0xf0,0x01,0xe0,0x03,0xc0,0x00,0x00,0x00,0x00,
0x0f,0xe0,0x1f,0xf0,0x3f,0xf8,0x78,0x7c,0x10,0x3c,0x00,0x3c,0x07,0xfc,0x3f,0xfc,0x7e,0x3c,0xf0,0x3c,0xf0,0x3c,0xf8,0x7c,
0xff,0xfc,0x7f,0xbc,0x1f,0x3c,0x07,0x80,0x0f,0xe0,0x1c,0xf0,0x38,0x78,0x00,0x00,0x00,0x00,0x0f,0xe0,0x1f,0xf0,0x3f,0xf8,
0x78,0x7c,0x10,0x3c,0x00,0x3c,0x07,0xfc,0x3f,0xfc,0x7e,0x3c,0xf0,0x3c,0xf0,0x3c,0xf8,0x7c,0xff,0xfc,0x7f,0xbc,0x1f,0x3c,
0x1f,0x38,0x3f,0xf8,0x31,0xe0,0x00,0x00,0x00,0x00,0x0f,0xe0,0x1f,0xf0,0x3f,0xf8,0x78,0x7c,0x10,0x3c,0x00,0x3c,0x07,0xfc,
0x3f,0xfc,0x7e,0x3c,0xf0,0x3c,0xf0,0x3c,0xf8,0x7c,0xff,0xfc,0x7f,0xbc,0x1f,0x3c,0x18,0x30,0x3c,0x78,0x3c,0x78,0x18,0x30,
0x00,0x00,0x00,0x00,0x0f,0xe0,0x1f,0xf0,0x7f,0xf8,0x78,0x7c,0x10,0x3c,0x00,0x3c,0x07,0xfc,0x3f,0xfc,0x7e,0x3c,0xf0,0x3c,
0xf0,0x3c,0xf8,0x7c,0xff,0xfc,0x7f,0xbc,0x1f,0x1c,0x03,0x80,0x07,0xc0,0x0f,0xe0,0x0c,0x60,0x0c,0x60,0x0f,0xe0,0x07,0xc0,
0x03,0x80,0x00,0x00,0x0f,0xe0,0x1f,0xf0,0x3f,0xf8,0x78,0x7c,0x00,0x3c,0x00,0x3c,0x07,0xfc,0x3f,0xfc,0x7e,0x3c,0xf0,0x3c,
0xf0,0x3c,0xf8,0x7c,0xff,0xfc,0x7f,0xfc,0x1f,0x3c,0x0f,0xe1,0xf0,0x00,0x3f,0xf7,0xfc,0x00,0x7f,0xff,0xfe,0x00,0x78,0x7e,
0x0f,0x00,0x00,0x3c,0x07,0x00,0x00,0x3c,0x07,0x80,0x07,0xff,0xff,0x80,0x3f,0xff,0xff,0x80,0x7f,0xff,0xff,0x80,0xf8,0x3c,
0x00,0x00,0xf0,0x3c,0x00,0x00,0xf8,0x7e,0x0c,0x00,0xff,0xef,0xff,0x00,0x7f,0xc7,0xfc,0x00,0x1f,0x83,0xf8,0x00,0x07,0xe0,
0x1f,0xf8,0x3f,0xfc,0x7c,0x3c,0x78,0x20,0xf0,0x00,0xf0,0x00,0xf0,0x00,0xf0,0x00,0xf0,0x00,0xf8,0x00,0x7c,0x38,0x7f,0xfc,
0x3f,0xf8,0x0f,0xe0,0x03,0x00,0x07,0xc0,0x00,0xe0,0x00,0xe0,0x0f,0xc0,0x1e,0x00,0x0f,0x00,0x07,0x00,0x03,0x80,0x00,0x00,
0x00,0x00,0x07,0xc0,0x1f,0xf0,0x3f,0xf8,0x7c,0x3c,0x78,0x1c,0xf0,0x1e,0xff,0xfe,0xff,0xfe,0xff,0xfe,0xf0,0x00,0xf8,0x00,
0x7c,0x30,0x3f,0xfc,0x1f,0xf8,0x07,0xe0,0x00,0x70,0x00,0xf0,0x01,0xe0,0x03,0x80,0x00,0x00,0x00,0x00,0x07,0xc0,0x1f,0xf0,
0x3f,0xf8,0x7c,0x3c,0x78,0x1c,0xf0,0x1e,0xff,0xfe,0xff,0xfe,0xff,0xfe,0xf0,0x00,0xf8,0x00,0x7c,0x30,0x3f,0xfc,0x1f,0xf8,
0x07,0xe0,0x03,0xc0,0x07,0xe0,0x1e,0x70,0x3c,0x38,0x00,0x00,0x00,0x00,0x07,0xc0,0x1f,0xf0,0x3f,0xf8,0x7c,0x3c,0x78,0x1c,
0xf0,0x1e,0xff,0xfe,0xff,0xfe,0xff,0xfe,0xf0,0x00,0xf8,0x00,0x7c,0x30,0x3f,0xfc,0x1f,0xf8,0x07,0xe0,0x0c,0x30,0x1e,0x78,
0x1e,0x78,0x0c,0x30,0x00,0x00,0x00,0x00,0x07,0xc0,0x1f,0xf0,0x3f,0xf8,0x7c,0x3c,0x78,0x1c,0xf0,0x1e,0xff,0xfe,0xff,0xfe,
0xff,0xfe,0xf0,0x00,0xf8,0x00,0x7c,0x38,0x3f,0xfc,0x1f,0xf8,0x07,0xe0,0x70,0x70,0x78,0x1c,0x00,0x00,0xfe,0xfe,0xfe,0x1e,
0x1e,0x1e,0x1e,0x1e,0x1e,0x1e,0x1e,0x1e,0x1e,0x1e,0x1e,0x03,0x80,0x07,0x80,0x07,0x80,0x0e,0x00,0x00,0x00,0x00,0x00,0xfe,
0x00,0xfe,0x00,0xfe,0x00,0x1e,0x00,0x1e,0x00,0x1e,0x00,0x1e,0x00,0x1e,0x00,0x1e,0x00,0x1e,0x00,0x1e,0x00,0x1e,0x00,0x1e,
0x00,0x1e,0x00,0x1e,0x00,0x1c,0x00,0x3e,0x00,0x7f,0x80,0xe3,0xc0,0x00,0x00,0x00,0x00,0xfe,0x00,0xfe,0x00,0xfe,0x00,0x1e,
0x00,0x1e,0x00,0x1e,0x00,0x1e,0x00,0x1e,0x00,0x1e,0x00,0x1e,0x00,0x1e,0x00,0x1e,0x00,0x1e,0x00,0x1e,0x00,0x1e,0x00,0x61,
0x80,0xf3,0xc0,0xf3,0xc0,0x61,0x80,0x00,0x00,0x00,0x00,0x7e,0x00,0x7e,0x00,0x7e,0x00,0x1e,0x00,0x1e,0x00,0x1e,0x00,0x1e,
0x00,0x1e,0x00,0x1e,0x00,0x1e,0x00,0x1e,0x00,0x1e,0x00,0x1e,0x00,0x1e,0x00,0x1e,0x00,0x0f,0x10,0x0f,0xf0,0x0f,0xf0,0x01,
0xf8,0x03,0xf8,0x03,0x3c,0x00,0x1c,0x0f,0x9e,0x3f,0xfe,0x7f,0xfe,0x7c,0x7e,0xf8,0x3e,0xf0,0x1e,0xf0,0x1e,0xf0,0x1e,0xf0,
0x1c,0xf8,0x3c,0x7c,0x7c,0x3f,0xf8,0x1f,0xf0,0x0f,0xc0,0x3f,0x38,0x3f,0xf0,0x71,0xe0,0x00,0x00,0x00,0x00,0xf3,0xf0,0xf7,
0xf8,0xff,0xf8,0xf8,0x7c,0xf8,0x3c,0xf0,0x3c,0xf0,0x3c,0xf0,0x3c,0xf0,0x3c,0xf0,0x3c,0xf0,0x3c,0xf0,0x3c,0xf0,0x3c,0xf0,
0x3c,0xf0,0x3c,0x08,0x00,0x1c,0x00,0x1e,0x00,0x0f,0x00,0x03,0x80,0x00,0x00,0x00,0x00,0x07,0xc0,0x1f,0xf0,0x3f,0xf8,0x7c,
0x7c,0xf8,0x3e,0xf0,0x1e,0xf0,0x1e,0xf0,0x1e,0xf0,0x1e,0xf0,0x1e,0xf8,0x3e,0x7c,0x7c,0x3f,0xf8,0x1f,0xf0,0x07,0xc0,0x00,
0x70,0x00,0xf0,0x01,0xe0,0x03,0x80,0x00,0x00,0x00,0x00,0x07,0xc0,0x1f,0xf0,0x3f,0xf8,0x7c,0x7c,0xf8,0x3e,0xf0,0x1e,0xf0,
0x1e,0xf0,0x1e,0xf0,0x1e,0xf0,0x1e,0xf8,0x3e,0x7c,0x7c,0x3f,0xf8,0x1f,0xf0,0x07,0xc0,0x01,0x00,0x07,0xc0,0x0f,0xe0,0x1e,
0xf0,0x38,0x38,0x00,0x00,0x00,0x00,0x07,0xc0,0x1f,0xf0,0x3f,0xf8,0x7c,0x7c,0xf8,0x3e,0xf0,0x1e,0xf0,0x1e,0xf0,0x1e,0xf0,
0x1e,0xf0,0x1e,0xf8,0x3e,0x7c,0x7c,0x3f,0xf8,0x1f,0xf0,0x07,0xc0,0x1f,0x38,0x1f,0xf8,0x38,0xe0,0x00,0x00,0x00,0x00,0x07,
0xc0,0x1f,0xf0,0x3f,0xf8,0x7c,0x7c,0xf8,0x3e,0xf0,0x1e,0xf0,0x1e,0xf0,0x1e,0xf0,0x1e,0xf0,0x1e,0xf8,0x3e,0x7c,0x7c,0x3f,
0xf8,0x1f,0xf0,0x07,0xc0,0x0c,0x30,0x1e,0x78,0x1e,0x78,0x0c,0x30,0x00,0x00,0x00,0x00,0x07,0xc0,0x1f,0xf0,0x3f,0xf8,0x7c,
0x7c,0xf8,0x3e,0xf0,0x1e,0xf0,0x1e,0xf0,0x1e,0xf0,0x1e,0xf0,0x1e,0xf8,0x3e,0x7c,0x7c,0x3f,0xf8,0x1f,0xf0,0x07,0xc0,0x01,
0x80,0x03,0xc0,0x03,0xc0,0x01,0x80,0x00,0x00,0x00,0x00,0xff,0xfe,0xff,0xfe,0xff,0xfe,0x00,0x00,0x00,0x00,0x01,0x80,0x03,
0xc0,0x03,0xc0,0x01,0x80,0x07,0xec,0x1f,0xfc,0x3f,0xfc,0x7c,0x7c,0xf8,0x7e,0xf0,0xfe,0xf1,0xde,0xf3,0x9e,0xf7,0x1e,0xfe,
0x1e,0xfc,0x3c,0x7c,0x7c,0x7f,0xf8,0x7f,0xf0,0x6f,0xc0,0x3c,0x00,0x3e,0x00,0x0f,0x00,0x07,0x80,0x00,0x00,0x00,0x00,0xf0,
0x3c,0xf0,0x3c,0xf0,0x3c,0xf0,0x3c,0xf0,0x3c,0xf0,0x3c,0xf0,0x3c,0xf0,0x3c,0xf0,0x3c,0xf0,0x3c,0xf0,0x3c,0xf8,0x7c,0x7f,
0xfc,0x7f,0xbc,0x1f,0x3c,0x00,0xf0,0x01,0xf0,0x03,0xc0,0x07,0x80,0x00,0x00,0x00,0x00,0xf0,0x3c,0xf0,0x3c,0xf0,0x3c,0xf0,
0x3c,0xf0,0x3c,0xf0,0x3c,0xf0,0x3c,0xf0,0x3c,0xf0,0x3c,0xf0,0x3c,0xf0,0x3c,0xf8,0x7c,0x7f,0xfc,0x7f,0xbc,0x1f,0x3c,0x07,
0x80,0x0f,0xc0,0x3c,0xf0,0x78,0x78,0x00,0x00,0x00,0x00,0xf0,0x3c,0xf0,0x3c,0xf0,0x3c,0xf0,0x3c,0xf0,0x3c,0xf0,0x3c,0xf0,
0x3c,0xf0,0x3c,0xf0,0x3c,0xf0,0x3c,0xf0,0x3c,0xf8,0x7c,0x7f,0xfc,0x7f,0xbc,0x1f,0x3c,0x18,0x60,0x3c,0xf0,0x3c,0xf0,0x18,
0x60,0x00,0x00,0x00,0x00,0xf0,0x3c,0xf0,0x3c,0xf0,0x3c,0xf0,0x3c,0xf0,0x3c,0xf0,0x3c,0xf0,0x3c,0xf0,0x3c,0xf0,0x3c,0xf0,
0x3c,0xf0,0x3c,0xf8,0x7c,0x7f,0xfc,0x7f,0xbc,0x1f,0x3c,0x00,0x30,0x00,0x78,0x00,0xf0,0x01,0xe0,0x03,0xc0,0x00,0x00,0xf8,
0x1e,0x78,0x1e,0x7c,0x3e,0x3c,0x3c,0x3c,0x3c,0x3e,0x78,0x1e,0x78,0x1e,0x78,0x0f,0xf0,0x0f,0xf0,0x0f,0xf0,0x07,0xe0,0x07,
0xe0,0x07,0xc0,0x03,0xc0,0x03,0xc0,0x07,0x80,0x3f,0x80,0x3f,0x00,0x3e,0x00,0xf0,0x00,0xf0,0x00,0xf0,0x00,0xf0,0x00,0xf0,
0x00,0xf3,0xe0,0xf7,0xf8,0xff,0xfc,0xfc,0x7c,0xf8,0x3e,0xf0,0x1e,0xf0,0x1e,0xf0,0x1e,0xf0,0x1e,0xf0,0x1e,0xf8,0x3e,0xfc,
0x7c,0xff,0xfc,0xf7,0xf8,0xf3,0xe0,0xf0,0x00,0xf0,0x00,0xf0,0x00,0xf0,0x00,0xf0,0x00,0x18,0x60,0x3c,0xf0,0x3c,0xf0,0x18,
0x60,0x00,0x00,0x00,0x00,0xf0,0x3c,0xf0,0x3c,0x78,0x7c,0x78,0x78,0x78,0x78,0x3c,0xf0,0x3c,0xf0,0x3c,0xf0,0x1f,0xe0,0x1f,
0xe0,0x1f,0xe0,0x0f,0xc0,0x0f,0xc0,0x07,0xc0,0x07,0x80,0x07,0x80,0x0f,0x00,0x7f,0x00,0x7e,0x00,0x7c,0x00,0x07,0xfc,0x00,
0x07,0xfc,0x00,0x07,0xfc,0x00,0x00,0x00,0x00,0x00,0x00,0x00,0x01,0xf0,0x00,0x03,0xf8,0x00,0x03,0xf8,0x00,0x03,0xf8,0x00,
0x07,0xfc,0x00,0x07,0xbc,0x00,0x07,0xbc,0x00,0x0f,0xbe,0x00,0x0f,0x1e,0x00,0x1f,0x1f,0x00,0x1f,0x1f,0x00,0x1e,0x0f,0x00,
0x3e,0x0f,0x80,0x3f,0xff,0x80,0x3f,0xff,0x80,0x7f,0xff,0xc0,0x78,0x03,0xc0,0xf8,0x03,0xe0,0xf8,0x03,0xe0,0xf0,0x01,0xe0,
0x1f,0xf0,0x1f,0xf0,0x1f,0xf0,0x00,0x00,0x00,0x00,0x0f,0xe0,0x1f,0xf0,0x3f,0xf8,0x78,0x7c,0x10,0x3c,0x00,0x3c,0x07,0xfc,
0x3f,0xfc,0x7e,0x3c,0xf0,0x3c,0xf0,0x3c,0xf8,0x7c,0xff,0xfc,0x7f,0xbc,0x1f,0x1c,0x03,0x8c,0x00,0x03,0xfc,0x00,0x01,0xfc,
0x00,0x00,0xf0,0x00,0x00,0x00,0x00,0x00,0xf8,0x00,0x01,0xf8,0x00,0x01,0xfc,0x00,0x03,0xfc,0x00,0x03,0xfc,0x00,0x03,0xfe,
0x00,0x07,0xde,0x00,0x07,0x9e,0x00,0x07,0x9f,0x00,0x0f,0x8f,0x00,0x0f,0x0f,0x80,0x1f,0x0f,0x80,0x1f,0x07,0x80,0x1f,0xff,
0xc0,0x3f,0xff,0xc0,0x3f,0xff,0xc0,0x7c,0x03,0xe0,0x7c,0x01,0xe0,0x78,0x01,0xf0,0xf8,0x01,0xf0,0x1f,0xf0,0x1f,0xe0,0x07,
0xc0,0x00,0x00,0x00,0x00,0x0f,0xe0,0x1f,0xf0,0x3f,0xf8,0x78,0x7c,0x10,0x3c,0x00,0x3c,0x07,0xfc,0x3f,0xfc,0x7e,0x3c,0xf0,
0x3c,0xf0,0x3c,0xf8,0x7c,0xff,0xfc,0x7f,0xbc,0x1f,0x3c,0x00,0xf8,0x00,0x01,0xf8,0x00,0x01,0xfc,0x00,0x01,0xfc,0x00,0x03,
0xfc,0x00,0x03,0xde,0x00,0x07,0xde,0x00,0x07,0x9f,0x00,0x07,0x8f,0x00,0x0f,0x8f,0x00,0x0f,0x0f,0x80,0x0f,0x07,0x80,0x1f,
0x07,0xc0,0x1f,0xff,0xc0,0x3f,0xff,0xc0,0x3f,0xff,0xe0,0x3c,0x03,0xe0,0x7c,0x01,0xf0,0x7c,0x01,0xf0,0xf8,0x00,0xf0,0x00,
0x01,0xe0,0x00,0x03,0xc0,0x00,0x03,0xc0,0x00,0x03,0xf8,0x00,0x01,0xf8,0x0f,0xe0,0x1f,0xf0,0x3f,0xf8,0x78,0x7c,0x10,0x3c,
0x00,0x3c,0x07,0xfc,0x3f,0xfc,0x7e,0x3c,0xf0,0x3c,0xf0,0x3c,0xf8,0x7c,0xff,0xfc,0x7f,0xbc,0x1f,0x3c,0x00,0x78,0x00,0xf0,
0x00,0xf0,0x00,0xfe,0x00,0x3e,0x00,0x1c,0x00,0x00,0x3c,0x00,0x00,0x7c,0x00,0x00,0xf0,0x00,0x00,0x00,0x00,0x00,0x00,0x00,
0x03,0xf8,0x00,0x0f,0xfe,0x00,0x1f,0xff,0x80,0x3e,0x0f,0xc0,0x7c,0x07,0x80,0x78,0x00,0x00,0xf8,0x00,0x00,0xf0,0x00,0x00,
0xf0,0x00,0x00,0xf0,0x00,0x00,0xf0,0x00,0x00,0xf0,0x00,0x00,0xf0,0x00,0x00,0xf8,0x00,0x00,0x78,0x00,0x00,0x7c,0x03,0x80,
0x3e,0x0f,0xc0,0x1f,0xff,0x80,0x0f,0xff,0x00,0x03,0xf8,0x00,0x00,0x70,0x00,0xf0,0x01,0xe0,0x03,0xc0,0x00,0x00,0x00,0x00,
0x07,0xe0,0x1f,0xf8,0x3f,0xfc,0x7c,0x3c,0x78,0x20,0xf0,0x00,0xf0,0x00,0xf0,0x00,0xf0,0x00,0xf0,0x00,0xf8,0x00,0x7c,0x3c,
0x3f,0xfc,0x1f,0xf8,0x0f,0xe0,0xff,0xf8,0x80,0x18,0xc0,0x18,0xa0,0x28,0xa0,0x48,0x90,0x48,0x90,0x88,0x88,0x88,0x89,0x08,
0x86,0x08,0x82,0x08,0x86,0x08,0x85,0x08,0x88,0x88,0x88,0x88,0x90,0x48,0xa0,0x48,0xa0,0x28,0xc0,0x18,0xc0,0x18,0xff,0xf8,
0xff,0xf8,0x80,0x18,0xc0,0x18,0xa0,0x28,0xa0,0x48,0x90,0x48,0x90,0x88,0x88,0x88,0x89,0x08,0x86,0x08,0x82,0x08,0x86,0x08,
0x85,0x08,0x88,0x88,0x88,0x88,0x90,0x48,0xa0,0x48,0xa0,0x28,0xc0,0x18,0xc0,0x18,0xff,0xf8,0x00,0x60,0x00,0x00,0xf0,0x00,
0x00,0xf0,0x00,0x00,0x60,0x00,0x00,0x00,0x00,0x00,0x00,0x00,0x03,0xf8,0x00,0x0f,0xff,0x00,0x1f,0xff,0x80,0x3e,0x0f,0xc0,
0x7c,0x07,0x80,0x78,0x00,0x00,0xf8,0x00,0x00,0xf0,0x00,0x00,0xf0,0x00,0x00,0xf0,0x00,0x00,0xf0,0x00,0x00,0xf0,0x00,0x00,
0xf0,0x00,0x00,0xf8,0x00,0x00,0x78,0x00,0x00,0x7c,0x03,0x80,0x3e,0x0f,0xc0,0x1f,0xff,0x80,0x0f,0xff,0x00,0x03,0xfc,0x00,
0x01,0x80,0x03,0xc0,0x03,0xc0,0x01,0x80,0x00,0x00,0x00,0x00,0x07,0xe0,0x1f,0xf8,0x3f,0xfc,0x7c,0x3c,0x78,0x20,0xf0,0x00,
0xf0,0x00,0xf0,0x00,0xf0,0x00,0xf0,0x00,0xf8,0x00,0x7c,0x38,0x3f,0xfc,0x1f,0xf8,0x0f,0xe0,0x0f,0x1c,0x00,0x07,0xb8,0x00,
0x01,0xf0,0x00,0x00,0xe0,0x00,0x00,0x00,0x00,0x00,0x00,0x00,0x03,0xf8,0x00,0x0f,0xfe,0x00,0x1f,0xff,0x00,0x3e,0x1f,0x80,
0x7c,0x07,0x00,0x78,0x00,0x00,0xf8,0x00,0x00,0xf0,0x00,0x00,0xf0,0x00,0x00,0xf0,0x00,0x00,0xf0,0x00,0x00,0xf0,0x00,0x00,
0xf0,0x00,0x00,0xf8,0x00,0x00,0x78,0x00,0x00,0x7c,0x07,0x00,0x3e,0x0f,0x80,0x1f,0xff,0x00,0x0f,0xfe,0x00,0x03,0xf8,0x00,
0x38,0x78,0x1e,0xf0,0x0f,0xe0,0x07,0xc0,0x03,0x80,0x00,0x00,0x00,0x00,0x0f,0xc0,0x1f,0xf0,0x3f,0xf8,0x7c,0x7c,0xf8,0x20,
0xf0,0x00,0xf0,0x00,0xf0,0x00,0xf0,0x00,0xf0,0x00,0xf8,0x00,0x7c,0x78,0x3f,0xf8,0x1f,0xf0,0x0f,0xc0,0x1e,0x3c,0x00,0x0f,
0x78,0x00,0x07,0xf0,0x00,0x03,0xc0,0x00,0x00,0x80,0x00,0x00,0x00,0x00,0xff,0xe0,0x00,0xff,0xfc,0x00,0xff,0xfe,0x00,0xf0,
0x3f,0x00,0xf0,0x0f,0x80,0xf0,0x07,0x80,0xf0,0x07,0xc0,0xf0,0x03,0xc0,0xf0,0x03,0xc0,0xf0,0x03,0xc0,0xf0,0x03,0xc0,0xf0,
0x03,0xc0,0xf0,0x03,0xc0,0xf0,0x07,0xc0,0xf0,0x07,0x80,0xf0,0x0f,0x80,0xf0,0x3f,0x00,0xff,0xfe,0x00,0xff,0xfc,0x00,0xff,
0xe0,0x00,0x00,0x1e,0x70,0x00,0x1e,0x70,0x00,0x1e,0x70,0x00,0x1e,0xe0,0x00,0x1e,0xe0,0x00,0x1e,0x00,0x0f,0x9e,0x00,0x3f,
0xde,0x00,0x7f,0xfe,0x00,0x7c,0x7e,0x00,0xf8,0x3e,0x00,0xf0,0x1e,0x00,0xf0,0x1e,0x00,0xf0,0x1e,0x00,0xf0,0x1e,0x00,0xf0,
0x1e,0x00,0xf8,0x3e,0x00,0x7c,0x7e,0x00,0x7f,0xfe,0x00,0x3f,0xfe,0x00,0x0f,0x8e,0x00,0x3f,0xf8,0x00,0x3f,0xff,0x00,0x3f,
0xff,0x80,0x3c,0x0f,0xc0,0x3c,0x03,0xe0,0x3c,0x01,0xe0,0x3c,0x01,0xf0,0x3c,0x00,0xf0,0xff,0xe0,0xf0,0xff,0xe0,0xf0,0xff,
0xe0,0xf0,0x3c,0x00,0xf0,0x3c,0x00,0xf0,0x3c,0x01,0xf0,0x3c,0x01,0xe0,0x3c,0x03,0xe0,0x3c,0x0f,0xc0,0x3f,0xff,0x80,0x3f,
0xff,0x00,0x3f,0xf8,0x00,0x00,0x1e,0x00,0x00,0x1e,0x00,0x01,0xff,0xc0,0x01,0xff,0xc0,0x00,0x1e,0x00,0x00,0x1e,0x00,0x0f,
0x9e,0x00,0x3f,0xde,0x00,0x7f,0xfe,0x00,0x7c,0x7e,0x00,0xf8,0x3e,0x00,0xf0,0x1e,0x00,0xf0,0x1e,0x00,0xf0,0x1e,0x00,0xf0,
0x1e,0x00,0xf0,0x1e,0x00,0xf8,0x3e,0x00,0x7c,0x7e,0x00,0x7f,0xfe,0x00,0x3f,0xfe,0x00,0x0f,0x8e,0x00,0x1f,0xf0,0x1f,0xf0,
0x1f,0xf0,0x00,0x00,0x00,0x00,0xff,0xfe,0xff,0xfe,0xff,0xfe,0xff,0xfe,0xf0,0x00,0xf0,0x00,0xf0,0x00,0xf0,0x00,0xff,0xe0,
0xff,0xe0,0xff,0xe0,0xff,0xe0,0xf0,0x00,0xf0,0x00,0xf0,0x00,0xf0,0x00,0xff,0xfe,0xff,0xfe,0xff,0xfe,0xff,0xfe,0x1f,0xf0,
0x1f,0xf0,0x1f,0xf0,0x00,0x00,0x00,0x00,0x07,0xc0,0x1f,0xf0,0x3f,0xf8,0x78,0x7c,0x70,0x3c,0xf0,0x1e,0xff,0xfe,0xff,0xfe,
0xff,0xfe,0xf0,0x00,0xf0,0x00,0x78,0x30,0x3f,0xfc,0x1f,0xf8,0x07,0xe0,0xff,0xf8,0x80,0x18,0xc0,0x18,0xa0,0x28,0xa0,0x48,
0x90,0x48,0x90,0x88,0x88,0x88,0x89,0x08,0x86,0x08,0x82,0x08,0x86,0x08,0x85,0x08,0x88,0x88,0x88,0x88,0x90,0x48,0xa0,0x48,
0xa0,0x28,0xc0,0x18,0xc0,0x18,0xff,0xf8,0xff,0xf8,0x80,0x18,0xc0,0x18,0xa0,0x28,0xa0,0x48,0x90,0x48,0x90,0x88,0x88,0x88,
0x89,0x08,0x86,0x08,0x82,0x08,0x86,0x08,0x85,0x08,0x88,0x88,0x88,0x88,0x90,0x48,0xa0,0x48,0xa0,0x28,0xc0,0x18,0xc0,0x18,
0xff,0xf8,0x01,0x80,0x03,0xc0,0x03,0xc0,0x01,0x80,0x00,0x00,0xff,0xfe,0xff,0xfe,0xff,0xfe,0xff,0xfe,0xf0,0x00,0xf0,0x00,
0xf0,0x00,0xf0,0x00,0xff,0xe0,0xff,0xe0,0xff,0xe0,0xff,0xe0,0xf0,0x00,0xf0,0x00,0xf0,0x00,0xf0,0x00,0xff,0xfe,0xff,0xfe,
0xff,0xfe,0xff,0xfe,0x01,0x80,0x03,0xc0,0x03,0xc0,0x01,0x80,0x00,0x00,0x00,0x00,0x07,0xc0,0x1f,0xf0,0x3f,0xf8,0x7c,0x3c,
0x78,0x1c,0xf0,0x1e,0xff,0xfe,0xff,0xfe,0xff,0xfe,0xf0,0x00,0xf8,0x00,0x7c,0x30,0x3f,0xfc,0x1f,0xf8,0x07,0xe0,0xff,0xfe,
0xff,0xfe,0xff,0xfe,0xff,0xfe,0xf0,0x00,0xf0,0x00,0xf0,0x00,0xf0,0x00,0xff,0xf0,0xff,0xf0,0xff,0xf0,0xff,0xf0,0xf0,0x00,
0xf0,0x00,0xf0,0x00,0xf0,0x00,0xff,0xfe,0xff,0xfe,0xff,0xfe,0xff,0xfe,0x00,0x3c,0x00,0x78,0x00,0x78,0x00,0x7e,0x00,0x3e,
0x07,0xc0,0x1f,0xf0,0x3f,0xf8,0x7c,0x3c,0x78,0x1c,0xf0,0x0e,0xff,0xfe,0xff,0xfe,0xff,0xfe,0xf0,0x00,0xf8,0x00,0x7c,0x18,
0x3f,0xfc,0x1f,0xf8,0x07,0xf0,0x01,0xe0,0x01,0xe0,0x01,0xe0,0x01,0xf8,0x00,0xf8,0x3c,0x78,0x1e,0xf0,0x0f,0xe0,0x03,0x80,
0x00,0x00,0x00,0x00,0xff,0xfe,0xff,0xfe,0xff,0xfe,0xff,0xfe,0xf0,0x00,0xf0,0x00,0xf0,0x00,0xf0,0x00,0xff,0xe0,0xff,0xe0,
0xff,0xe0,0xff,0xe0,0xf0,0x00,0xf0,0x00,0xf0,0x00,0xf0,0x00,0xff,0xfe,0xff,0xfe,0xff,0xfe,0xff,0xfe,0x3c,0x38,0x1e,0x70,
0x0f,0xe0,0x07,0xc0,0x03,0x80,0x00,0x00,0x00,0x00,0x07,0xc0,0x1f,0xf0,0x3f,0xf8,0x7c,0x3c,0x78,0x1c,0xf0,0x1e,0xff,0xfe,
0xff,0xfe,0xff,0xfe,0xf0,0x00,0xf8,0x00,0x7c,0x30,0x3f,0xfc,0x1f,0xf8,0x07,0xe0,0xff,0xf8,0x80,0x18,0xc0,0x18,0xa0,0x28,
0xa0,0x48,0x90,0x48,0x90,0x88,0x88,0x88,0x89,0x08,0x86,0x08,0x82,0x08,0x86,0x08,0x85,0x08,0x88,0x88,0x88,0x88,0x90,0x48,
0xa0,0x48,0xa0,0x28,0xc0,0x18,0xc0,0x18,0xff,0xf8,0xff,0xf8,0x80,0x18,0xc0,0x18,0xa0,0x28,0xa0,0x48,0x90,0x48,0x90,0x88,
0x88,0x88,0x89,0x08,0x86,0x08,0x82,0x08,0x86,0x08,0x85,0x08,0x88,0x88,0x88,0x88,0x90,0x48,0xa0,0x48,0xa0,0x28,0xc0,0x18,
0xc0,0x18,0xff,0xf8,0x06,0x0c,0x00,0x07,0x1c,0x00,0x07,0xfc,0x00,0x03,0xf8,0x00,0x01,0xf0,0x00,0x00,0x00,0x00,0x01,0xfc,
0x00,0x0f,0xff,0x00,0x1f,0xff,0x80,0x3e,0x0f,0xc0,0x7c,0x03,0x00,0x78,0x00,0x00,0xf8,0x00,0x00,0xf0,0x00,0x00,0xf0,0x00,
0x00,0xf0,0x3f,0xe0,0xf0,0x3f,0xe0,0xf0,0x3f,0xe0,0xf0,0x01,0xe0,0xf8,0x01,0xe0,0x78,0x01,0xe0,0x7c,0x03,0xe0,0x3e,0x07,
0xe0,0x1f,0xff,0xe0,0x0f,0xfe,0xe0,0x03,0xf8,0xe0,0x1c,0x70,0x0f,0xf0,0x0f,0xe0,0x03,0xc0,0x00,0x00,0x0f,0x9e,0x3f,0xde,
0x7f,0xfe,0x7c,0x7e,0xf8,0x3e,0xf0,0x1e,0xf0,0x1e,0xf0,0x1e,0xf0,0x1e,0xf0,0x1e,0xf8,0x3e,0x7c,0x7e,0x7f,0xfe,0x3f,0xde,
0x0f,0x9e,0x00,0x1e,0x00,0x1e,0x3c,0x3c,0x3f,0xfc,0x1f,0xf8,0x0f,0xe0,0x00,0x60,0x00,0x00,0xf0,0x00,0x00,0xf0,0x00,0x00,
0x60,0x00,0x00,0x00,0x00,0x00,0x00,0x00,0x01,0xfc,0x00,0x0f,0xff,0x00,0x1f,0xff,0x80,0x3e,0x0f,0xc0,0x7c,0x03,0x00,0x78,
0x00,0x00,0xf8,0x00,0x00,0xf0,0x00,0x00,0xf0,0x00,0x00,0xf0,0x3f,0xe0,0xf0,0x3f,0xe0,0xf0,0x3f,0xe0,0xf0,0x01,0xe0,0xf8,
0x01,0xe0,0x78,0x01,0xe0,0x7c,0x03,0xe0,0x3e,0x07,0xe0,0x1f,0xff,0xe0,0x0f,0xfe,0xe0,0x03,0xf8,0xe0,0x01,0x80,0x03,0xc0,
0x03,0xc0,0x01,0x80,0x00,0x00,0x00,0x00,0x0f,0x9e,0x3f,0xde,0x7f,0xfe,0x7c,0x7e,0xf8,0x3e,0xf0,0x1e,0xf0,0x1e,0xf0,0x1e,
0xf0,0x1e,0xf0,0x1e,0xf8,0x3e,0x7c,0x7e,0x7f,0xfe,0x3f,0xde,0x0f,0x9e,0x00,0x1e,0x00,0x1e,0x3c,0x3c,0x3f,0xfc,0x1f,0xf8,
0x0f,0xe0,0x01,0xfc,0x00,0x0f,0xff,0x00,0x1f,0xff,0x80,0x3e,0x0f,0xc0,0x7c,0x03,0x00,0x78,0x00,0x00,0xf8,0x00,0x00,0xf0,
0x00,0x00,0xf0,0x00,0x00,0xf0,0x3f,0xe0,0xf0,0x3f,0xe0,0xf0,0x3f,0xe0,0xf0,0x01,0xe0,0xf8,0x01,0xe0,0x78,0x01,0xe0,0x7c,
0x03,0xe0,0x3e,0x07,0xe0,0x1f,0xff,0xe0,0x0f,0xfe,0xe0,0x03,0xf8,0xe0,0x00,0x00,0x00,0x00,0x60,0x00,0x00,0xf0,0x00,0x00,
0x70,0x00,0x00,0x70,0x00,0x00,0xe0,0x00,0x03,0xc0,0x00,0x00,0x40,0x03,0xe0,0x07,0x80,0x07,0x00,0x07,0x00,0x03,0xc0,0x00,
0x00,0x00,0x00,0x0f,0x9e,0x3f,0xde,0x7f,0xfe,0x7c,0x7e,0xf8,0x3e,0xf0,0x1e,0xf0,0x1e,0xf0,0x1e,0xf0,0x1e,0xf0,0x1e,0xf8,
0x3e,0x7c,0x7e,0x7f,0xfe,0x3f,0xde,0x0f,0x9e,0x00,0x1e,0x00,0x1e,0x3c,0x3c,0x3f,0xfc,0x1f,0xf8,0x0f,0xe0,0xff,0xf8,0x80,
0x18,0xc0,0x18,0xa0,0x28,0xa0,0x48,0x90,0x48,0x90,0x88,0x88,0x88,0x89,0x08,0x86,0x08,0x82,0x08,0x86,0x08,0x85,0x08,0x88,
0x88,0x88,0x88,0x90,0x48,0xa0,0x48,0xa0,0x28,0xc0,0x18,0xc0,0x18,0xff,0xf8,0xff,0xf8,0x80,0x18,0xc0,0x18,0xa0,0x28,0xa0,
0x48,0x90,0x48,0x90,0x88,0x88,0x88,0x89,0x08,0x86,0x08,0x82,0x08,0x86,0x08,0x85,0x08,0x88,0x88,0x88,0x88,0x90,0x48,0xa0,
0x48,0xa0,0x28,0xc0,0x18,0xc0,0x18,0xff,0xf8,0x3c,0x01,0xe0,0x3c,0x01,0xe0,0xff,0xff,0xf0,0xff,0xff,0xf0,0xff,0xff,0xf0,
0x3c,0x01,0xe0,0x3c,0x01,0xe0,0x3c,0x01,0xe0,0x3f,0xff,0xe0,0x3f,0xff,0xe0,0x3f,0xff,0xe0,0x3f,0xff,0xe0,0x3c,0x01,0xe0,
0x3c,0x01,0xe0,0x3c,0x01,0xe0,0x3c,0x01,0xe0,0x3c,0x01,0xe0,0x3c,0x01,0xe0,0x3c,0x01,0xe0,0x3c,0x01,0xe0,0x1e,0x00,0x1e,
0x00,0x1e,0x00,0xff,0xe0,0xff,0xe0,0x1e,0x00,0x1e,0x7c,0x1e,0xfe,0x1f,0xfe,0x1f,0x1f,0x1e,0x0f,0x1e,0x0f,0x1e,0x0f,0x1e,
0x0f,0x1e,0x0f,0x1e,0x0f,0x1e,0x0f,0x1e,0x0f,0x1e,0x0f,0x1e,0x0f,0x1e,0x0f,0xff,0xf8,0x80,0x18,0xc0,0x18,0xa0,0x28,0xa0,
0x48,0x90,0x48,0x90,0x88,0x88,0x88,0x89,0x08,0x86,0x08,0x82,0x08,0x86,0x08,0x85,0x08,0x88,0x88,0x88,0x88,0x90,0x48,0xa0,
0x48,0xa0,0x28,0xc0,0x18,0xc0,0x18,0xff,0xf8,0xff,0xf8,0x80,0x18,0xc0,0x18,0xa0,0x28,0xa0,0x48,0x90,0x48,0x90,0x88,0x88,
0x88,0x89,0x08,0x86,0x08,0x82,0x08,0x86,0x08,0x85,0x08,0x88,0x88,0x88,0x88,0x90,0x48,0xa0,0x48,0xa0,0x28,0xc0,0x18,0xc0,
0x18,0xff,0xf8,0xff,0x80,0xff,0x80,0xff,0x80,0x00,0x00,0x00,0x00,0xff,0xc0,0xff,0xc0,0xff,0xc0,0x1e,0x00,0x1e,0x00,0x1e,
0x00,0x1e,0x00,0x1e,0x00,0x1e,0x00,0x1e,0x00,0x1e,0x00,0x1e,0x00,0x1e,0x00,0x1e,0x00,0x1e,0x00,0x1e,0x00,0x1e,0x00,0xff,
0xc0,0xff,0xc0,0xff,0xc0,0xff,0x80,0xff,0x80,0xff,0x80,0x00,0x00,0x00,0x00,0xfe,0x00,0xfe,0x00,0xfe,0x00,0x1e,0x00,0x1e,
0x00,0x1e,0x00,0x1e,0x00,0x1e,0x00,0x1e,0x00,0x1e,0x00,0x1e,0x00,0x1e,0x00,0x1e,0x00,0x1e,0x00,0x1e,0x00,0xff,0xf8,0x80,
0x18,0xc0,0x18,0xa0,0x28,0xa0,0x48,0x90,0x48,0x90,0x88,0x88,0x88,0x89,0x08,0x86,0x08,0x82,0x08,0x86,0x08,0x85,0x08,0x88,
0x88,0x88,0x88,0x90,0x48,0xa0,0x48,0xa0,0x28,0xc0,0x18,0xc0,0x18,0xff,0xf8,0xff,0xf8,0x80,0x18,0xc0,0x18,0xa0,0x28,0xa0,
0x48,0x90,0x48,0x90,0x88,0x88,0x88,0x89,0x08,0x86,0x08,0x82,0x08,0x86,0x08,0x85,0x08,0x88,0x88,0x88,0x88,0x90,0x48,0xa0,
0x48,0xa0,0x28,0xc0,0x18,0xc0,0x18,0xff,0xf8,0xff,0xc0,0xff,0xc0,0xff,0xc0,0x1e,0x00,0x1e,0x00,0x1e,0x00,0x1e,0x00,0x1e,
0x00,0x1e,0x00,0x1e,0x00,0x1e,0x00,0x1e,0x00,0x1e,0x00,0x1e,0x00,0x1e,0x00,0x1e,0x00,0x1e,0x00,0xff,0xc0,0xff,0xc0,0xff,
0xc0,0x0f,0x00,0x1e,0x00,0x1e,0x00,0x1f,0xc0,0x07,0xc0,0x1c,0x3e,0x3e,0x3e,0x1c,0x00,0x00,0x00,0xfe,0xfe,0xfe,0x1e,0x1e,
0x1e,0x1e,0x1e,0x1e,0x1e,0x1e,0x1e,0x1e,0x1e,0x1e,0x3c,0x78,0x78,0x7e,0x3e,0x0c,0x00,0x1e,0x00,0x1e,0x00,0x0c,0x00,0x00,
0x00,0xff,0xc0,0xff,0xc0,0xff,0xc0,0x1e,0x00,0x1e,0x00,0x1e,0x00,0x1e,0x00,0x1e,0x00,0x1e,0x00,0x1e,0x00,0x1e,0x00,0x1e,
0x00,0x1e,0x00,0x1e,0x00,0x1e,0x00,0x1e,0x00,0x1e,0x00,0xff,0xc0,0xff,0xc0,0xff,0xc0,0xfe,0xfe,0xfe,0x1e,0x1e,0x1e,0x1e,
0x1e,0x1e,0x1e,0x1e,0x1e,0x1e,0x1e,0x1e,0xff,0xc0,0x03,0xc0,0xff,0xc0,0x03,0xc0,0xff,0xc0,0x03,0xc0,0x1e,0x00,0x03,0xc0,
0x1e,0x00,0x03,0xc0,0x1e,0x00,0x03,0xc0,0x1e,0x00,0x03,0xc0,0x1e,0x00,0x03,0xc0,0x1e,0x00,0x03,0xc0,0x1e,0x00,0x03,0xc0,
0x1e,0x00,0x03,0xc0,0x1e,0x00,0x03,0xc0,0x1e,0x00,0x03,0xc0,0x1e,0x01,0x03,0xc0,0x1e,0x0f,0x03,0xc0,0x1e,0x0f,0x07,0xc0,
0x1e,0x0f,0x87,0x80,0xff,0xc7,0xff,0x00,0xff,0xc3,0xff,0x00,0xff,0xc1,0xfc,0x00,0x1c,0x1c,0x3e,0x3e,0x3e,0x3e,0x3e,0x3e,
0x1c,0x1c,0x00,0x00,0x00,0x00,0xfe,0x1e,0xfe,0x1e,0xfe,0x1e,0x1e,0x1e,0x1e,0x1e,0x1e,0x1e,0x1e,0x1e,0x1e,0x1e,0x1e,0x1e,
0x1e,0x1e,0x1e,0x1e,0x1e,0x1e,0x1e,0x1e,0x1e,0x1e,0x1e,0x1e,0x00,0x1e,0x00,0x1e,0x01,0xfe,0x01,0xfc,0x01,0xf8,0xff,0xf8,
0x80,0x18,0xc0,0x18,0xa0,0x28,0xa0,0x48,0x90,0x48,0x90,0x88,0x88,0x88,0x89,0x08,0x86,0x08,0x82,0x08,0x86,0x08,0x85,0x08,
0x88,0x88,0x88,0x88,0x90,0x48,0xa0,0x48,0xa0,0x28,0xc0,0x18,0xc0,0x18,0xff,0xf8,0xff,0xf8,0x80,0x18,0xc0,0x18,0xa0,0x28,
0xa0,0x48,0x90,0x48,0x90,0x88,0x88,0x88,0x89,0x08,0x86,0x08,0x82,0x08,0x86,0x08,0x85,0x08,0x88,0x88,0x88,0x88,0x90,0x48,
0xa0,0x48,0xa0,0x28,0xc0,0x18,0xc0,0x18,0xff,0xf8,0xf0,0x1f,0x80,0xf0,0x3f,0x00,0xf0,0x7e,0x00,0xf0,0xfc,0x00,0xf0,0xf8,
0x00,0xf1,0xf0,0x00,0xf3,0xe0,0x00,0xf7,0xc0,0x00,0xff,0x80,0x00,0xff,0xc0,0x00,0xff,0xe0,0x00,0xff,0xe0,0x00,0xfd,0xf0,
0x00,0xf8,0xf8,0x00,0xf0,0x7c,0x00,0xf0,0x7c,0x00,0xf0,0x3e,0x00,0xf0,0x1f,0x00,0xf0,0x1f,0x00,0xf0,0x0f,0x80,0x00,0x00,
0x00,0x00,0x00,0x00,0x03,0xc0,0x00,0x00,0xe0,0x00,0x00,0xe0,0x00,0x01,0xe0,0x00,0x07,0xc0,0x00,0x02,0x00,0x00,0xf0,0x00,
0xf0,0x00,0xf0,0x00,0xf0,0x00,0xf0,0x00,0xf0,0x00,0xf0,0x7c,0xf0,0xf8,0xf1,0xf0,0xf3,0xf0,0xf7,0xe0,0xff,0xc0,0xff,0x80,
0xff,0xc0,0xff,0xe0,0xff,0xe0,0xf9,0xf0,0xf0,0xf8,0xf0,0xf8,0xf0,0x7c,0xf0,0x3e,0x00,0x00,0x00,0x00,0x0f,0x80,0x01,0xc0,
0x01,0xc0,0x03,0xc0,0x0f,0x80,0x04,0x00,0xff,0xf8,0x80,0x18,0xc0,0x18,0xa0,0x28,0xa0,0x48,0x90,0x48,0x90,0x88,0x88,0x88,
0x89,0x08,0x86,0x08,0x82,0x08,0x86,0x08,0x85,0x08,0x88,0x88,0x88,0x88,0x90,0x48,0xa0,0x48,0xa0,0x28,0xc0,0x18,0xc0,0x18,
0xff,0xf8,0x00,0xe0,0x01,0xf0,0x03,0xe0,0x03,0xc0,0x07,0x00,0x00,0x00,0xf0,0x00,0xf0,0x00,0xf0,0x00,0xf0,0x00,0xf0,0x00,
0xf0,0x00,0xf0,0x00,0xf0,0x00,0xf0,0x00,0xf0,0x00,0xf0,0x00,0xf0,0x00,0xf0,0x00,0xf0,0x00,0xf0,0x00,0xf0,0x00,0xff,0xfc,
0xff,0xfc,0xff,0xfc,0xff,0xfc,0x0c,0x1c,0x3c,0x70,0x00,0x00,0xf0,0xf0,0xf0,0xf0,0xf0,0xf0,0xf0,0xf0,0xf0,0xf0,0xf0,0xf0,
0xf0,0xf0,0xf0,0xf0,0xf0,0xf0,0xff,0xff,0x7f,0xf0,0x00,0xf0,0x00,0xf0,0x00,0xf0,0x00,0xf0,0x00,0xf0,0x00,0xf0,0x00,0xf0,
0x00,0xf0,0x00,0xf0,0x00,0xf0,0x00,0xf0,0x00,0xf0,0x00,0xf0,0x00,0xf0,0x00,0xf0,0x00,0xff,0xfc,0xff,0xfc,0xff,0xfc,0xff,
0xfc,0x00,0x00,0x00,0x00,0x0f,0x00,0x03,0x80,0x03,0x80,0x07,0x80,0x1f,0x00,0x08,0x00,0xf0,0xf0,0xf0,0xf0,0xf0,0xf0,0xf0,
0xf0,0xf0,0xf0,0xf0,0xf0,0xf0,0xf0,0xf0,0xf0,0xf0,0xf0,0xff,0xff,0x7f,0x00,0x10,0x78,0x1c,0x1c,0x3c,0xf8,0x40,0xf1,0xc0,
0xf1,0xc0,0xf1,0xc0,0xf3,0x80,0xf3,0x80,0xf0,0x00,0xf0,0x00,0xf0,0x00,0xf0,0x00,0xf0,0x00,0xf0,0x00,0xf0,0x00,0xf0,0x00,
0xf0,0x00,0xf0,0x00,0xf0,0x00,0xff,0xfc,0xff,0xfc,0xff,0xfc,0xff,0xfc,0xf1,0x80,0xf3,0x80,0xf3,0x80,0xf3,0x80,0xf3,0x00,
0xf0,0x00,0xf0,0x00,0xf0,0x00,0xf0,0x00,0xf0,0x00,0xf0,0x00,0xf0,0x00,0xf0,0x00,0xf0,0x00,0xf0,0x00,0xf0,0x00,0xf0,0x00,
0xf0,0x00,0xff,0x00,0xff,0x00,0x7f,0x00,0xff,0xf8,0x80,0x18,0xc0,0x18,0xa0,0x28,0xa0,0x48,0x90,0x48,0x90,0x88,0x88,0x88,
0x89,0x08,0x86,0x08,0x82,0x08,0x86,0x08,0x85,0x08,0x88,0x88,0x88,0x88,0x90,0x48,0xa0,0x48,0xa0,0x28,0xc0,0x18,0xc0,0x18,
0xff,0xf8,0xff,0xf8,0x80,0x18,0xc0,0x18,0xa0,0x28,0xa0,0x48,0x90,0x48,0x90,0x88,0x88,0x88,0x89,0x08,0x86,0x08,0x82,0x08,
0x86,0x08,0x85,0x08,0x88,0x88,0x88,0x88,0x90,0x48,0xa0,0x48,0xa0,0x28,0xc0,0x18,0xc0,0x18,0xff,0xf8,0x1e,0x00,0x00,0x1e,
0x00,0x00,0x1e,0x00,0x00,0x1e,0x00,0x00,0x1e,0x10,0x00,0x1e,0x30,0x00,0x1e,0xf0,0x00,0x1f,0xf0,0x00,0x1f,0xc0,0x00,0x1f,
0x80,0x00,0x7e,0x00,0x00,0xfe,0x00,0x00,0xfe,0x00,0x00,0xde,0x00,0x00,0x1e,0x00,0x00,0x1e,0x00,0x00,0x1f,0xff,0x80,0x1f,
0xff,0x80,0x1f,0xff,0x80,0x1f,0xff,0x80,0x3c,0x00,0x3c,0x00,0x3c,0x00,0x3c,0x00,0x3c,0x00,0x3c,0x00,0x3c,0x00,0x3d,0x80,
0x3f,0x80,0x3f,0x80,0x3f,0x00,0xfc,0x00,0xfc,0x00,0xfc,0x00,0xbc,0x00,0x3c,0x00,0x3c,0x00,0x3c,0x00,0x3f,0xc0,0x3f,0xc0,
0x1f,0xc0,0x00,0x1c,0x00,0x00,0x3c,0x00,0x00,0x7c,0x00,0x00,0xf0,0x00,0x01,0xe0,0x00,0x00,0x00,0x00,0xfc,0x03,0xc0,0xfc,
0x03,0xc0,0xfe,0x03,0xc0,0xff,0x03,0xc0,0xff,0x03,0xc0,0xff,0x83,0xc0,0xf7,0x83,0xc0,0xf7,0xc3,0xc0,0xf3,0xc3,0xc0,0xf3,
0xe3,0xc0,0xf1,0xf3,0xc0,0xf0,0xf3,0xc0,0xf0,0xfb,0xc0,0xf0,0x7b,0xc0,0xf0,0x7f,0xc0,0xf0,0x3f,0xc0,0xf0,0x3f,0xc0,0xf0,
0x1f,0xc0,0xf0,0x0f,0xc0,0xf0,0x0f,0xc0,0x00,0xf0,0x01,0xf0,0x01,0xe0,0x03,0xc0,0x00,0x00,0x00,0x00,0xf3,0xf0,0xf7,0xf8,
0xff,0xf8,0xf8,0x7c,0xf8,0x3c,0xf0,0x3c,0xf0,0x3c,0xf0,0x3c,0xf0,0x3c,0xf0,0x3c,0xf0,0x3c,0xf0,0x3c,0xf0,0x3c,0xf0,0x3c,
0xf0,0x3c,0xfc,0x03,0xc0,0xfe,0x03,0xc0,0xfe,0x03,0xc0,0xff,0x03,0xc0,0xff,0x03,0xc0,0xff,0x83,0xc0,0xf7,0x83,0xc0,0xf7,
0xc3,0xc0,0xf3,0xc3,0xc0,0xf3,0xe3,0xc0,0xf1,0xf3,0xc0,0xf0,0xf3,0xc0,0xf0,0xfb,0xc0,0xf0,0x7b,0xc0,0xf0,0x7f,0xc0,0xf0,
0x3f,0xc0,0xf0,0x3f,0xc0,0xf0,0x1f,0xc0,0xf0,0x0f,0xc0,0xf0,0x0f,0xc0,0x00,0x00,0x00,0x00,0x00,0x00,0x01,0xe0,0x00,0x00,
0x70,0x00,0x00,0x70,0x00,0x00,0xf0,0x00,0x03,0xe0,0x00,0x01,0x00,0x00,0xf3,0xf0,0xf7,0xf8,0xff,0xf8,0xf8,0x7c,0xf8,0x3c,
0xf0,0x3c,0xf0,0x3c,0xf0,0x3c,0xf0,0x3c,0xf0,0x3c,0xf0,0x3c,0xf0,0x3c,0xf0,0x3c,0xf0,0x3c,0xf0,0x3c,0x00,0x00,0x00,0x00,
0x07,0x80,0x01,0xc0,0x01,0xc0,0x03,0xc0,0x0f,0x80,0x04,0x00,0x0e,0x1c,0x00,0x07,0xf8,0x00,0x03,0xf0,0x00,0x01,0xe0,0x00,
0x00,0x00,0x00,0x00,0x00,0x00,0xfc,0x03,0xc0,0xfc,0x03,0xc0,0xfe,0x03,0xc0,0xff,0x03,0xc0,0xff,0x03,0xc0,0xff,0x83,0xc0,
0xf7,0x83,0xc0,0xf7,0xc3,0xc0,0xf3,0xc3,0xc0,0xf3,0xe3,0xc0,0xf1,0xf3,0xc0,0xf0,0xf3,0xc0,0xf0,0xfb,0xc0,0xf0,0x7b,0xc0,
0xf0,0x7f,0xc0,0xf0,0x3f,0xc0,0xf0,0x3f,0xc0,0xf0,0x1f,0xc0,0xf0,0x0f,0xc0,0xf0,0x0f,0xc0,0x38,0x70,0x1f,0xe0,0x0f,0xc0,
0x07,0x80,0x00,0x00,0x00,0x00,0xf3,0xf0,0xf7,0xf8,0xff,0xf8,0xf8,0x7c,0xf8,0x3c,0xf0,0x3c,0xf0,0x3c,0xf0,0x3c,0xf0,0x3c,
0xf0,0x3c,0xf0,0x3c,0xf0,0x3c,0xf0,0x3c,0xf0,0x3c,0xf0,0x3c,0xff,0xf8,0x80,0x18,0xc0,0x18,0xa0,0x28,0xa0,0x48,0x90,0x48,
0x90,0x88,0x88,0x88,0x89,0x08,0x86,0x08,0x82,0x08,0x86,0x08,0x85,0x08,0x88,0x88,0x88,0x88,0x90,0x48,0xa0,0x48,0xa0,0x28,
0xc0,0x18,0xc0,0x18,0xff,0xf8,0xff,0xf8,0x80,0x18,0xc0,0x18,0xa0,0x28,0xa0,0x48,0x90,0x48,0x90,0x88,0x88,0x88,0x89,0x08,
0x86,0x08,0x82,0x08,0x86,0x08,0x85,0x08,0x88,0x88,0x88,0x88,0x90,0x48,0xa0,0x48,0xa0,0x28,0xc0,0x18,0xc0,0x18,0xff,0xf8,
0xff,0xf8,0x80,0x18,0xc0,0x18,0xa0,0x28,0xa0,0x48,0x90,0x48,0x90,0x88,0x88,0x88,0x89,0x08,0x86,0x08,0x82,0x08,0x86,0x08,
0x85,0x08,0x88,0x88,0x88,0x88,0x90,0x48,0xa0,0x48,0xa0,0x28,0xc0,0x18,0xc0,0x18,0xff,0xf8,0xff,0xf8,0x80,0x18,0xc0,0x18,
0xa0,0x28,0xa0,0x48,0x90,0x48,0x90,0x88,0x88,0x88,0x89,0x08,0x86,0x08,0x82,0x08,0x86,0x08,0x85,0x08,0x88,0x88,0x88,0x88,
0x90,0x48,0xa0,0x48,0xa0,0x28,0xc0,0x18,0xc0,0x18,0xff,0xf8,0xff,0xf8,0x80,0x18,0xc0,0x18,0xa0,0x28,0xa0,0x48,0x90,0x48,
0x90,0x88,0x88,0x88,0x89,0x08,0x86,0x08,0x82,0x08,0x86,0x08,0x85,0x08,0x88,0x88,0x88,0x88,0x90,0x48,0xa0,0x48,0xa0,0x28,
0xc0,0x18,0xc0,0x18,0xff,0xf8,0xff,0xf8,0x80,0x18,0xc0,0x18,0xa0,0x28,0xa0,0x48,0x90,0x48,0x90,0x88,0x88,0x88,0x89,0x08,
0x86,0x08,0x82,0x08,0x86,0x08,0x85,0x08,0x88,0x88,0x88,0x88,0x90,0x48,0xa0,0x48,0xa0,0x28,0xc0,0x18,0xc0,0x18,0xff,0xf8,
0xff,0xf8,0x80,0x18,0xc0,0x18,0xa0,0x28,0xa0,0x48,0x90,0x48,0x90,0x88,0x88,0x88,0x89,0x08,0x86,0x08,0x82,0x08,0x86,0x08,
0x85,0x08,0x88,0x88,0x88,0x88,0x90,0x48,0xa0,0x48,0xa0,0x28,0xc0,0x18,0xc0,0x18,0xff,0xf8,0x00,0xf3,0x80,0x01,0xe7,0x80,
0x03,0xcf,0x00,0x07,0x9e,0x00,0x00,0x00,0x00,0x00,0x00,0x00,0x01,0xf8,0x00,0x0f,0xff,0x00,0x1f,0xff,0x80,0x3f,0x0f,0xc0,
0x7c,0x03,0xe0,0x78,0x01,0xe0,0x78,0x01,0xe0,0xf0,0x00,0xf0,0xf0,0x00,0xf0,0xf0,0x00,0xf0,0xf0,0x00,0xf0,0xf0,0x00,0xf0,
0xf0,0x00,0xf0,0xf8,0x01,0xf0,0x78,0x01,0xe0,0x7c,0x03,0xe0,0x3f,0x0f,0xc0,0x1f,0xff,0x80,0x0f,0xff,0x00,0x03,0xfc,0x00,
0x01,0x00,0x03,0x9e,0x07,0x9c,0x0f,0x38,0x1c,0x70,0x00,0x00,0x00,0x00,0x07,0xc0,0x1f,0xf0,0x3f,0xf8,0x7c,0x7c,0xf8,0x3e,
0xf0,0x1e,0xf0,0x1e,0xf0,0x1e,0xf0,0x1e,0xf0,0x1e,0xf8,0x3e,0x7c,0x7c,0x3f,0xf8,0x1f,0xf0,0x07,0xc0,0x03,0xf9,0xff,0xf8,
0x0f,0xff,0xff,0xf8,0x1f,0xff,0xff,0xf8,0x3e,0x0f,0xff,0xf8,0x7c,0x07,0xe0,0x00,0x78,0x03,0xe0,0x00,0xf8,0x03,0xe0,0x00,
0xf0,0x01,0xe0,0x00,0xf0,0x01,0xff,0x80,0xf0,0x01,0xff,0x80,0xf0,0x01,0xff,0x80,0xf0,0x01,0xff,0x80,0xf0,0x01,0xe0,0x00,
0xf8,0x03,0xe0,0x00,0x78,0x03,0xe0,0x00,0x7c,0x07,0xe0,0x00,0x3e,0x0f,0xff,0xf8,0x1f,0xff,0xff,0xf8,0x0f,0xff,0xff,0xf8,
0x03,0xf9,0xff,0xf8,0x07,0xe0,0xf8,0x00,0x1f,0xf3,0xfe,0x00,0x3f,0xff,0xff,0x00,0x7c,0x7f,0x87,0x80,0xf8,0x3f,0x03,0x80,
0xf0,0x1e,0x03,0xc0,0xf0,0x1f,0xff,0xc0,0xf0,0x1f,0xff,0xc0,0xf0,0x1f,0xff,0xc0,0xf0,0x1e,0x00,0x00,0xf8,0x3f,0x00,0x00,
0x7c,0x7f,0x86,0x00,0x3f,0xff,0xff,0x80,0x1f,0xf3,0xff,0x00,0x07,0xe0,0xfc,0x00,0x00,0x30,0x00,0x00,0x78,0x00,0x00,0xf8,
0x00,0x01,0xe0,0x00,0x03,0xc0,0x00,0x00,0x00,0x00,0xff,0xf0,0x00,0xff,0xfc,0x00,0xff,0xfe,0x00,0xf0,0x1f,0x00,0xf0,0x0f,
0x00,0xf0,0x0f,0x00,0xf0,0x0f,0x00,0xf0,0x0f,0x00,0xf0,0x1f,0x00,0xff,0xfe,0x00,0xff,0xfc,0x00,0xff,0xf0,0x00,0xf1,0xf0,
0x00,0xf0,0xf8,0x00,0xf0,0xf8,0x00,0xf0,0x7c,0x00,0xf0,0x3e,0x00,0xf0,0x3e,0x00,0xf0,0x1f,0x00,0xf0,0x0f,0x80,0x03,0x80,
0x07,0x80,0x0f,0x00,0x1e,0x00,0x00,0x00,0x00,0x00,0xe3,0x80,0xf7,0x80,0xff,0x80,0xff,0x80,0xf8,0x00,0xf0,0x00,0xf0,0x00,
0xf0,0x00,0xf0,0x00,0xf0,0x00,0xf0,0x00,0xf0,0x00,0xf0,0x00,0xf0,0x00,0xf0,0x00,0xff,0xf8,0x80,0x18,0xc0,0x18,0xa0,0x28,
0xa0,0x48,0x90,0x48,0x90,0x88,0x88,0x88,0x89,0x08,0x86,0x08,0x82,0x08,0x86,0x08,0x85,0x08,0x88,0x88,0x88,0x88,0x90,0x48,
0xa0,0x48,0xa0,0x28,0xc0,0x18,0xc0,0x18,0xff,0xf8,0xff,0xf8,0x80,0x18,0xc0,0x18,0xa0,0x28,0xa0,0x48,0x90,0x48,0x90,0x88,
0x88,0x88,0x89,0x08,0x86,0x08,0x82,0x08,0x86,0x08,0x85,0x08,0x88,0x88,0x88,0x88,0x90,0x48,0xa0,0x48,0xa0,0x28,0xc0,0x18,
0xc0,0x18,0xff,0xf8,0x1c,0x38,0x00,0x0f,0xf0,0x00,0x07,0xe0,0x00,0x03,0xc0,0x00,0x00,0x00,0x00,0x00,0x00,0x00,0xff,0xf0,
0x00,0xff,0xfc,0x00,0xff,0xfe,0x00,0xf0,0x1f,0x00,0xf0,0x0f,0x00,0xf0,0x0f,0x00,0xf0,0x0f,0x00,0xf0,0x0f,0x00,0xf0,0x1f,
0x00,0xff,0xfe,0x00,0xff,0xfc,0x00,0xff,0xf0,0x00,0xf1,0xf0,0x00,0xf0,0xf8,0x00,0xf0,0xf8,0x00,0xf0,0x7c,0x00,0xf0,0x3e,
0x00,0xf0,0x3e,0x00,0xf0,0x1f,0x00,0xf0,0x0f,0x80,0xf1,0xe0,0x3b,0xc0,0x1f,0x00,0x0e,0x00,0x00,0x00,0x00,0x00,0x71,0xc0,
0x7b,0xc0,0x7f,0xc0,0x7f,0xc0,0x7c,0x00,0x78,0x00,0x78,0x00,0x78,0x00,0x78,0x00,0x78,0x00,0x78,0x00,0x78,0x00,0x78,0x00,
0x78,0x00,0x78,0x00,0x00,0x78,0x00,0xf8,0x01,0xf0,0x03,0xc0,0x00,0x00,0x00,0x00,0x07,0xe0,0x1f,0xfc,0x7f,0xfe,0x78,0x3e,
0xf0,0x1c,0xf0,0x00,0xf8,0x00,0xff,0x00,0x7f,0xf0,0x7f,0xfc,0x1f,0xfe,0x03,0xff,0x00,0x3f,0x00,0x0f,0x20,0x0f,0xf0,0x0f,
0xf8,0x1e,0x7f,0xfc,0x3f,0xf8,0x0f,0xe0,0x00,0xf0,0x01,0xe0,0x03,0xc0,0x07,0x80,0x00,0x00,0x00,0x00,0x1f,0xc0,0x7f,0xf0,
0x7f,0xf8,0xf0,0x78,0xf0,0x00,0xf8,0x00,0x7f,0xe0,0x3f,0xf8,0x0f,0xfc,0x00,0x7c,0x20,0x3c,0xf0,0x7c,0xff,0xf8,0x7f,0xf0,
0x1f,0xc0,0xff,0xf8,0x80,0x18,0xc0,0x18,0xa0,0x28,0xa0,0x48,0x90,0x48,0x90,0x88,0x88,0x88,0x89,0x08,0x86,0x08,0x82,0x08,
0x86,0x08,0x85,0x08,0x88,0x88,0x88,0x88,0x90,0x48,0xa0,0x48,0xa0,0x28,0xc0,0x18,0xc0,0x18,0xff,0xf8,0xff,0xf8,0x80,0x18,
0xc0,0x18,0xa0,0x28,0xa0,0x48,0x90,0x48,0x90,0x88,0x88,0x88,0x89,0x08,0x86,0x08,0x82,0x08,0x86,0x08,0x85,0x08,0x88,0x88,
0x88,0x88,0x90,0x48,0xa0,0x48,0xa0,0x28,0xc0,0x18,0xc0,0x18,0xff,0xf8,0x07,0xe0,0x1f,0xfc,0x7f,0xfe,0x78,0x3e,0xf0,0x1c,
0xf0,0x00,0xf8,0x00,0xff,0x00,0x7f,0xf0,0x7f,0xfc,0x1f,0xfe,0x03,0xff,0x00,0x3f,0x00,0x0f,0x20,0x0f,0xf0,0x0f,0xf8,0x1e,
0x7f,0xfc,0x3f,0xf8,0x0f,0xe0,0x03,0x00,0x07,0xc0,0x00,0xe0,0x00,0xe0,0x07,0xc0,0x1f,0xc0,0x7f,0xf0,0x7f,0xf8,0xf0,0x78,
0xf0,0x00,0xf8,0x00,0x7f,0xc0,0x3f,0xf8,0x0f,0xfc,0x00,0x7c,0x20,0x3c,0xf0,0x7c,0xff,0xf8,0x7f,0xf0,0x1f,0xc0,0x06,0x00,
0x07,0x80,0x01,0xc0,0x01,0xc0,0x0f,0x80,0x1c,0x78,0x0f,0xf0,0x07,0xe0,0x03,0x80,0x00,0x00,0x00,0x00,0x07,0xe0,0x1f,0xfc,
0x7f,0xfe,0x78,0x3e,0xf0,0x1c,0xf0,0x00,0xf8,0x00,0xff,0x00,0x7f,0xf0,0x7f,0xfc,0x1f,0xfe,0x03,0xff,0x00,0x3f,0x00,0x0f,
0x20,0x0f,0xf0,0x0f,0xf8,0x1e,0x7f,0xfc,0x3f,0xf8,0x0f,0xe0,0x78,0x78,0x3c,0xf0,0x1f,0xe0,0x0f,0x80,0x07,0x00,0x00,0x00,
0x00,0x00,0x1f,0xc0,0x7f,0xf0,0x7f,0xf8,0xf0,0x78,0xf0,0x00,0xf8,0x00,0x7f,0xe0,0x3f,0xf8,0x0f,0xfc,0x00,0x7c,0x20,0x3c,
0xf0,0x7c,0xff,0xf8,0x7f,0xf0,0x1f,0xc0,0xff,0xff,0x80,0xff,0xff,0x80,0xff,0xff,0x80,0xff,0xff,0x80,0x01,0xe0,0x00,0x01,
0xe0,0x00,0x01,0xe0,0x00,0x01,0xe0,0x00,0x01,0xe0,0x00,0x01,0xe0,0x00,0x01,0xe0,0x00,0x01,0xe0,0x00,0x01,0xe0,0x00,0x01,
0xe0,0x00,0x01,0xe0,0x00,0x01,0xe0,0x00,0x01,0xe0,0x00,0x01,0xe0,0x00,0x01,0xe0,0x00,0x01,0xe0,0x00,0x00,0x80,0x00,0x01,
0xe0,0x00,0x01,0x70,0x00,0x00,0x70,0x00,0x03,0xe0,0x00,0x1e,0x00,0x1e,0x00,0x1e,0x00,0xff,0xc0,0xff,0xc0,0xff,0xc0,0x1e,
0x00,0x1e,0x00,0x1e,0x00,0x1e,0x00,0x1e,0x00,0x1e,0x00,0x1e,0x00,0x1e,0x00,0x1e,0x00,0x1f,0xc0,0x1f,0xc0,0x0f,0xc0,0x06,
0x00,0x0f,0x80,0x01,0xc0,0x01,0xc0,0x0f,0x80,0x0f,0x3c,0x00,0x07,0xf8,0x00,0x03,0xf0,0x00,0x01,0xe0,0x00,0x00,0x00,0x00,
0x00,0x00,0x00,0xff,0xff,0x80,0xff,0xff,0x80,0xff,0xff,0x80,0xff,0xff,0x80,0x01,0xe0,0x00,0x01,0xe0,0x00,0x01,0xe0,0x00,
0x01,0xe0,0x00,0x01,0xe0,0x00,0x01,0xe0,0x00,0x01,0xe0,0x00,0x01,0xe0,0x00,0x01,0xe0,0x00,0x01,0xe0,0x00,0x01,0xe0,0x00,
0x01,0xe0,0x00,0x01,0xe0,0x00,0x01,0xe0,0x00,0x01,0xe0,0x00,0x01,0xe0,0x00,0x00,0x60,0x00,0x60,0x00,0xe0,0x00,0xe0,0x1e,
0xc0,0x1e,0x00,0x1e,0x00,0x1e,0x00,0xff,0xc0,0xff,0xc0,0xff,0xc0,0x1e,0x00,0x1e,0x00,0x1e,0x00,0x1e,0x00,0x1e,0x00,0x1e,
0x00,0x1e,0x00,0x1e,0x00,0x1e,0x00,0x1f,0xc0,0x1f,0xc0,0x0f,0xc0,0xff,0xf8,0x80,0x18,0xc0,0x18,0xa0,0x28,0xa0,0x48,0x90,
0x48,0x90,0x88,0x88,0x88,0x89,0x08,0x86,0x08,0x82,0x08,0x86,0x08,0x85,0x08,0x88,0x88,0x88,0x88,0x90,0x48,0xa0,0x48,0xa0,
0x28,0xc0,0x18,0xc0,0x18,0xff,0xf8,0xff,0xf8,0x80,0x18,0xc0,0x18,0xa0,0x28,0xa0,0x48,0x90,0x48,0x90,0x88,0x88,0x88,0x89,
0x08,0x86,0x08,0x82,0x08,0x86,0x08,0x85,0x08,0x88,0x88,0x88,0x88,0x90,0x48,0xa0,0x48,0xa0,0x28,0xc0,0x18,0xc0,0x18,0xff,
0xf8,0xff,0xf8,0x80,0x18,0xc0,0x18,0xa0,0x28,0xa0,0x48,0x90,0x48,0x90,0x88,0x88,0x88,0x89,0x08,0x86,0x08,0x82,0x08,0x86,
0x08,0x85,0x08,0x88,0x88,0x88,0x88,0x90,0x48,0xa0,0x48,0xa0,0x28,0xc0,0x18,0xc0,0x18,0xff,0xf8,0xff,0xf8,0x80,0x18,0xc0,
0x18,0xa0,0x28,0xa0,0x48,0x90,0x48,0x90,0x88,0x88,0x88,0x89,0x08,0x86,0x08,0x82,0x08,0x86,0x08,0x85,0x08,0x88,0x88,0x88,
0x88,0x90,0x48,0xa0,0x48,0xa0,0x28,0xc0,0x18,0xc0,0x18,0xff,0xf8,0x0f,0xf8,0x00,0x0f,0xf8,0x00,0x0f,0xf8,0x00,0x00,0x00,
0x00,0x00,0x00,0x00,0xf0,0x07,0x80,0xf0,0x07,0x80,0xf0,0x07,0x80,0xf0,0x07,0x80,0xf0,0x07,0x80,0xf0,0x07,0x80,0xf0,0x07,
0x80,0xf0,0x07,0x80,0xf0,0x07,0x80,0xf0,0x07,0x80,0xf0,0x07,0x80,0xf0,0x07,0x80,0xf0,0x07,0x80,0xf0,0x07,0x80,0xf0,0x07,
0x80,0x78,0x0f,0x00,0x7c,0x1f,0x00,0x3f,0xfe,0x00,0x1f,0xfc,0x00,0x07,0xf0,0x00,0x3f,0xe0,0x3f,0xe0,0x3f,0xe0,0x00,0x00,
0x00,0x00,0xf0,0x3c,0xf0,0x3c,0xf0,0x3c,0xf0,0x3c,0xf0,0x3c,0xf0,0x3c,0xf0,0x3c,0xf0,0x3c,0xf0,0x3c,0xf0,0x3c,0xf0,0x3c,
0xf8,0x7c,0x7f,0xfc,0x7f,0xbc,0x1f,0x3c,0xff,0xf8,0x80,0x18,0xc0,0x18,0xa0,0x28,0xa0,0x48,0x90,0x48,0x90,0x88,0x88,0x88,
0x89,0x08,0x86,0x08,0x82,0x08,0x86,0x08,0x85,0x08,0x88,0x88,0x88,0x88,0x90,0x48,0xa0,0x48,0xa0,0x28,0xc0,0x18,0xc0,0x18,
0xff,0xf8,0xff,0xf8,0x80,0x18,0xc0,0x18,0xa0,0x28,0xa0,0x48,0x90,0x48,0x90,0x88,0x88,0x88,0x89,0x08,0x86,0x08,0x82,0x08,
0x86,0x08,0x85,0x08,0x88,0x88,0x88,0x88,0x90,0x48,0xa0,0x48,0xa0,0x28,0xc0,0x18,0xc0,0x18,0xff,0xf8,0x01,0xc0,0x00,0x03,
0xe0,0x00,0x07,0xf0,0x00,0x06,0x30,0x00,0x06,0x30,0x00,0x06,0x30,0x00,0x07,0xf0,0x00,0x03,0xe0,0x00,0xf1,0xc7,0x80,0xf0,
0x07,0x80,0xf0,0x07,0x80,0xf0,0x07,0x80,0xf0,0x07,0x80,0xf0,0x07,0x80,0xf0,0x07,0x80,0xf0,0x07,0x80,0xf0,0x07,0x80,0xf0,
0x07,0x80,0xf0,0x07,0x80,0xf0,0x07,0x80,0xf0,0x07,0x80,0xf0,0x07,0x80,0xf0,0x07,0x80,0x78,0x0f,0x00,0x7c,0x1f,0x00,0x3f,
0xfe,0x00,0x1f,0xfc,0x00,0x07,0xf0,0x00,0x07,0x00,0x0f,0x80,0x1f,0xc0,0x18,0xc0,0x18,0xc0,0x1f,0xc0,0x0f,0x80,0x07,0x00,
0x00,0x00,0xf0,0x3c,0xf0,0x3c,0xf0,0x3c,0xf0,0x3c,0xf0,0x3c,0xf0,0x3c,0xf0,0x3c,0xf0,0x3c,0xf0,0x3c,0xf0,0x3c,0xf0,0x3c,
0xf8,0x7c,0x7f,0xfc,0x7f,0xbc,0x1f,0x3c,0x00,0x80,0x00,0x01,0xc7,0x00,0x03,0xcf,0x00,0x07,0x9e,0x00,0x0e,0x38,0x00,0x00,
0x00,0x00,0x00,0x00,0x00,0xf0,0x07,0x80,0xf0,0x07,0x80,0xf0,0x07,0x80,0xf0,0x07,0x80,0xf0,0x07,0x80,0xf0,0x07,0x80,0xf0,
0x07,0x80,0xf0,0x07,0x80,0xf0,0x07,0x80,0xf0,0x07,0x80,0xf0,0x07,0x80,0xf0,0x07,0x80,0xf0,0x07,0x80,0xf0,0x07,0x80,0xf0,
0x07,0x80,0x78,0x0f,0x00,0x7c,0x1f,0x00,0x3f,0xfe,0x00,0x1f,0xfc,0x00,0x07,0xf0,0x00,0x00,0x08,0x07,0x9c,0x0f,0xbc,0x1e,
0x78,0x3c,0x70,0x00,0x00,0x00,0x00,0xf0,0x3c,0xf0,0x3c,0xf0,0x3c,0xf0,0x3c,0xf0,0x3c,0xf0,0x3c,0xf0,0x3c,0xf0,0x3c,0xf0,
0x3c,0xf0,0x3c,0xf0,0x3c,0xf8,0x7c,0x7f,0xfc,0x7f,0xbc,0x1f,0x3c,0xf0,0x07,0x80,0xf0,0x07,0x80,0xf0,0x07,0x80,0xf0,0x07,
0x80,0xf0,0x07,0x80,0xf0,0x07,0x80,0xf0,0x07,0x80,0xf0,0x07,0x80,0xf0,0x07,0x80,0xf0,0x07,0x80,0xf0,0x07,0x80,0xf0,0x07,
0x80,0xf0,0x07,0x80,0xf0,0x07,0x80,0xf0,0x07,0x80,0x78,0x0f,0x80,0x7c,0x1f,0x00,0x3f,0xff,0x00,0x1f,0xfe,0x00,0x07,0xf8,
0x00,0x00,0xf0,0x00,0x00,0xf0,0x00,0x00,0xf0,0x00,0x00,0xfe,0x00,0x00,0x3e,0x00,0xf0,0x3c,0xf0,0x3c,0xf0,0x3c,0xf0,0x3c,
0xf0,0x3c,0xf0,0x3c,0xf0,0x3c,0xf0,0x3c,0xf0,0x3c,0xf0,0x3c,0xf0,0x3c,0xf8,0x7c,0x7f,0xfc,0x7f,0xbc,0x1f,0x3c,0x00,0xf0,
0x01,0xe0,0x01,0xe0,0x01,0xfc,0x00,0x7c,0x00,0x1c,0x00,0x00,0x00,0x3e,0x00,0x00,0x00,0x7f,0x00,0x00,0x00,0xe7,0x80,0x00,
0x01,0xc3,0xc0,0x00,0x00,0x00,0x00,0x00,0xf0,0x3e,0x07,0x80,0xf0,0x3e,0x0f,0x80,0xf0,0x7e,0x0f,0x80,0xf8,0x7e,0x0f,0x00,
0x78,0x7f,0x0f,0x00,0x78,0x7f,0x0f,0x00,0x78,0x77,0x1f,0x00,0x78,0xf7,0x1e,0x00,0x3c,0xf7,0x1e,0x00,0x3c,0xe7,0x9e,0x00,
0x3c,0xe7,0xbe,0x00,0x3d,0xe3,0xbc,0x00,0x1f,0xe3,0xbc,0x00,0x1f,0xe3,0xfc,0x00,0x1f,0xc3,0xfc,0x00,0x1f,0xc1,0xf8,0x00,
0x1f,0xc1,0xf8,0x00,0x0f,0xc1,0xf8,0x00,0x0f,0x81,0xf8,0x00,0x0f,0x81,0xf0,0x00,0x00,0x70,0x00,0x01,0xf8,0x00,0x03,0xfc,
0x00,0x07,0x8e,0x00,0x00,0x00,0x00,0x00,0x00,0x00,0xf0,0xf0,0xf8,0xf0,0xf0,0xf0,0xf0,0xf8,0xf0,0xf1,0xf8,0xf0,0x79,0xf8,
0xf0,0x79,0xf9,0xe0,0x79,0xd9,0xe0,0x79,0x9d,0xe0,0x3f,0x9d,0xe0,0x3f,0x9f,0xc0,0x3f,0x9f,0xc0,0x3f,0x8f,0xc0,0x1f,0x0f,
0xc0,0x1f,0x0f,0x80,0x1f,0x0f,0x80,0x00,0xc0,0x00,0x03,0xf0,0x00,0x07,0xf8,0x00,0x0f,0x3c,0x00,0x00,0x00,0x00,0x00,0x00,
0x00,0xf8,0x07,0xc0,0xf8,0x07,0xc0,0x7c,0x0f,0x80,0x3c,0x0f,0x00,0x3e,0x1f,0x00,0x1f,0x3e,0x00,0x1f,0x3e,0x00,0x0f,0xfc,
0x00,0x07,0xf8,0x00,0x07,0xf8,0x00,0x03,0xf0,0x00,0x01,0xe0,0x00,0x01,0xe0,0x00,0x01,0xe0,0x00,0x01,0xe0,0x00,0x01,0xe0,
0x00,0x01,0xe0,0x00,0x01,0xe0,0x00,0x01,0xe0,0x00,0x01,0xe0,0x00,0x03,0x80,0x07,0xc0,0x0f,0xe0,0x1e,0x70,0x3c,0x3c,0x00,
0x00,0xf8,0x1e,0x78,0x3e,0x7c,0x3c,0x3c,0x3c,0x3c,0x7c,0x3e,0x78,0x1e,0x78,0x1e,0x78,0x1e,0xf0,0x0f,0xf0,0x0f,0xe0,0x07,
0xe0,0x07,0xe0,0x07,0xc0,0x03,0xc0,0x03,0xc0,0x07,0x80,0x3f,0x80,0x3f,0x00,0x3e,0x00,0x06,0x18,0x00,0x0f,0x3c,0x00,0x0f,
0x3c,0x00,0x06,0x18,0x00,0x00,0x00,0x00,0xf8,0x07,0xc0,0xf8,0x07,0xc0,0x7c,0x0f,0x80,0x3c,0x0f,0x00,0x3e,0x1f,0x00,0x1f,
0x3e,0x00,0x1f,0x3e,0x00,0x0f,0xfc,0x00,0x07,0xf8,0x00,0x07,0xf8,0x00,0x03,0xf0,0x00,0x01,0xe0,0x00,0x01,0xe0,0x00,0x01,
0xe0,0x00,0x01,0xe0,0x00,0x01,0xe0,0x00,0x01,0xe0,0x00,0x01,0xe0,0x00,0x01,0xe0,0x00,0x01,0xe0,0x00,0x00,0x30,0x00,0x00,
0x78,0x00,0x00,0xf0,0x00,0x01,0xe0,0x00,0x03,0xc0,0x00,0x00,0x00,0x00,0xff,0xff,0x00,0xff,0xff,0x00,0xff,0xff,0x00,0xff,
0xff,0x00,0x00,0x3e,0x00,0x00,0x7c,0x00,0x00,0xf8,0x00,0x01,0xf8,0x00,0x01,0xf0,0x00,0x03,0xe0,0x00,0x07,0xc0,0x00,0x0f,
0x80,0x00,0x1f,0x00,0x00,0x3f,0x00,0x00,0x3e,0x00,0x00,0x7c,0x00,0x00,0xff,0xff,0x80,0xff,0xff,0x80,0xff,0xff,0x80,0xff,
0xff,0x80,0x00,0xe0,0x01,0xe0,0x03,0xc0,0x07,0x80,0x00,0x00,0x00,0x00,0xff,0xf8,0xff,0xf8,0xff,0xf8,0x01,0xf8,0x03,0xf0,
0x07,0xe0,0x07,0xc0,0x0f,0x80,0x1f,0x00,0x3e,0x00,0x7c,0x00,0xfc,0x00,0xff,0xfc,0xff,0xfc,0xff,0xfc,0x01,0x80,0x00,0x03,
0xc0,0x00,0x03,0xc0,0x00,0x01,0x80,0x00,0x00,0x00,0x00,0xff,0xff,0x00,0xff,0xff,0x00,0xff,0xff,0x00,0xff,0xff,0x00,0x00,
0x3e,0x00,0x00,0x7c,0x00,0x00,0xfc,0x00,0x01,0xf8,0x00,0x03,0xf0,0x00,0x03,0xe0,0x00,0x07,0xc0,0x00,0x0f,0x80,0x00,0x1f,
0x00,0x00,0x3f,0x00,0x00,0x3e,0x00,0x00,0x7c,0x00,0x00,0xff,0xff,0x80,0xff,0xff,0x80,0xff,0xff,0x80,0xff,0xff,0x80,0x03,
0x00,0x07,0x80,0x07,0x80,0x03,0x00,0x00,0x00,0x00,0x00,0xff,0xf8,0xff,0xf8,0xff,0xf8,0x00,0xf8,0x01,0xf0,0x03,0xe0,0x07,
0xc0,0x0f,0x80,0x1f,0x80,0x3f,0x00,0x7e,0x00,0xfc,0x00,0xff,0xfc,0xff,0xfc,0xff,0xfc,0x1e,0x38,0x00,0x0f,0xf0,0x00,0x07,
0xe0,0x00,0x03,0xc0,0x00,0x00,0x00,0x00,0x00,0x00,0x00,0xff,0xff,0x00,0xff,0xff,0x00,0xff,0xff,0x00,0xff,0xff,0x00,0x00,
0x3e,0x00,0x00,0x7c,0x00,0x00,0xf8,0x00,0x01,0xf8,0x00,0x01,0xf0,0x00,0x03,0xe0,0x00,0x07,0xc0,0x00,0x0f,0x80,0x00,0x1f,
0x00,0x00,0x3f,0x00,0x00,0x3e,0x00,0x00,0x7c,0x00,0x00,0xff,0xff,0x80,0xff,0xff,0x80,0xff,0xff,0x80,0xff,0xff,0x80,0x78,
0xf0,0x3d,0xc0,0x0f,0x80,0x07,0x00,0x00,0x00,0x00,0x00,0xff,0xf8,0xff,0xf8,0xff,0xf8,0x01,0xf8,0x03,0xf0,0x07,0xe0,0x07,
0xc0,0x0f,0x80,0x1f,0x00,0x3e,0x00,0x7c,0x00,0xfc,0x00,0xff,0xfc,0xff,0xfc,0xff,0xfc,0xff,0xf8,0x80,0x18,0xc0,0x18,0xa0,
0x28,0xa0,0x48,0x90,0x48,0x90,0x88,0x88,0x88,0x89,0x08,0x86,0x08,0x82,0x08,0x86,0x08,0x85,0x08,0x88,0x88,0x88,0x88,0x90,
0x48,0xa0,0x48,0xa0,0x28,0xc0,0x18,0xc0,0x18,0xff,0xf8,0xff,0xf8,0x80,0x18,0xc0,0x18,0xa0,0x28,0xa0,0x48,0x90,0x48,0x90,
0x88,0x88,0x88,0x89,0x08,0x86,0x08,0x82,0x08,0x86,0x08,0x85,0x08,0x88,0x88,0x88,0x88,0x90,0x48,0xa0,0x48,0xa0,0x28,0xc0,
0x18,0xc0,0x18,0xff,0xf8,0xff,0xf8,0x80,0x18,0xc0,0x18,0xa0,0x28,0xa0,0x48,0x90,0x48,0x90,0x88,0x88,0x88,0x89,0x08,0x86,
0x08,0x82,0x08,0x86,0x08,0x85,0x08,0x88,0x88,0x88,0x88,0x90,0x48,0xa0,0x48,0xa0,0x28,0xc0,0x18,0xc0,0x18,0xff,0xf8,0xff,
0xf8,0xff,0xf8,0xff,0xf8,0xff,0xff,0xfe,0xff,0xff,0xfe,0xff,0xff,0xfe,0x30,0x30,0x70,0x60,0xf0,0xf8,0xf8,0xf8,0x70,0x70,
0xf8,0xf8,0xf8,0x78,0x30,0x70,0x60,0x60,0x30,0x60,0x30,0x60,0x70,0xe0,0x60,0xc0,0xf1,0xe0,0xf9,0xf0,0xf9,0xf0,0xf9,0xf0,
0x70,0xe0,0x70,0xe0,0xf9,0xf0,0xf9,0xf0,0xf9,0xf0,0x78,0xf0,0x30,0x60,0x70,0xe0,0x60,0xc0,0x60,0xc0,0x1e,0x00,0x7f,0x80,
0x7f,0x80,0xff,0xc0,0xff,0xc0,0xff,0xc0,0xff,0xc0,0x7f,0x80,0x7f,0x80,0x1e,0x00,0x78,0xf1,0xe0,0xfd,0xfb,0xf0,0xfd,0xfb,
0xf0,0xfd,0xfb,0xf0,0x78,0xf1,0xe0,0xff,0xf8,0x80,0x18,0xc0,0x18,0xa0,0x28,0xa0,0x48,0x90,0x48,0x90,0x88,0x88,0x88,0x89,
0x08,0x86,0x08,0x82,0x08,0x86,0x08,0x85,0x08,0x88,0x88,0x88,0x88,0x90,0x48,0xa0,0x48,0xa0,0x28,0xc0,0x18,0xc0,0x18,0xff,
0xf8,0xff,0xf8,0x80,0x18,0xc0,0x18,0xa0,0x28,0xa0,0x48,0x90,0x48,0x90,0x88,0x88,0x88,0x89,0x08,0x86,0x08,0x82,0x08,0x86,
0x08,0x85,0x08,0x88,0x88,0x88,0x88,0x90,0x48,0xa0,0x48,0xa0,0x28,0xc0,0x18,0xc0,0x18,0xff,0xf8,0x00,0xfc,0x00,0x03,0xff,
0x00,0x07,0xff,0x80,0x0f,0x87,0xc0,0x1f,0x03,0x80,0x1e,0x00,0x00,0x3e,0x00,0x00,0xff,0xf0,0x00,0xff,0xe0,0x00,0x3c,0x00,
0x00,0x3c,0x00,0x00,0xff,0xc0,0x00,0xff,0x80,0x00,0x3e,0x00,0x00,0x1e,0x00,0x00,0x1f,0x03,0x80,0x0f,0x87,0xc0,0x07,0xff,
0x80,0x03,0xff,0x00,0x00,0xfc,0x00,0xff,0xfe,0xff,0xfe,0xff,0xfe,0x7f,0xc0,0x7f,0xc0,0x7f,0xc0,0x7f,0xc0,0x7f,0xc0,0x7f,
0xc0,0x7f,0xc0,0x7f,0xc0,0x7f,0xc0,0x7f,0xc0,0x7f,0xc0,0x7f,0xc0,0x7f,0xc0,0x7f,0xc0,0x7f,0xc0,0x7f,0xc0,0x3f,0x80,0x3f,
0x80,0x3f,0x80,0x3f,0x80,0x3f,0x80,0x3f,0x80,0x3f,0x80,0x3f,0x80,0x3f,0x80,0x3f,0x80,0x1f,0x00,0x1f,0x00,0x00,0x00,0x00,
0x00,0x00,0x00,0x00,0x00,0x0f,0x80,0x3f,0xc0,0x7f,0xe0,0x7f,0xf0,0xff,0xf0,0xff,0xf0,0xff,0xf0,0xff,0xf0,0x7f,0xe0,0x7f,
0xe0,0x3f,0xc0,0x0f,0x80,0xfe,0x0f,0xe0,0xfe,0x0f,0xe0,0xfe,0x0f,0xe0,0xfe,0x0f,0xe0,0xfe,0x0f,0xe0,0xfe,0x0f,0xe0,0xfe,
0x0f,0xe0,0xfe,0x0f,0xe0,0xfe,0x0f,0xe0,0xfe,0x0f,0xe0,0xfe,0x0f,0xe0,0xfe,0x0f,0xe0,0xfe,0x0f,0xe0,0xfe,0x0f,0xe0,0xfe,
0x0f,0xe0,0x00,0x07,0xf8,0x03,0xfc,0x00,0x00,0x07,0xf8,0x03,0xfc,0x00,0x00,0x07,0xf8,0x07,0xfc,0x00,0x00,0x07,0xf8,0x07,
0xfc,0x00,0x00,0x0f,0xf8,0x07,0xfc,0x00,0x00,0x0f,0xf0,0x07,0xf8,0x00,0x00,0x0f,0xf0,0x07,0xf8,0x00,0x00,0x0f,0xf0,0x07,
0xf8,0x00,0x00,0x0f,0xf0,0x07,0xf8,0x00,0x1f,0xff,0xff,0xff,0xff,0xf8,0x1f,0xff,0xff,0xff,0xff,0xf8,0x1f,0xff,0xff,0xff,
0xff,0xf8,0x1f,0xff,0xff,0xff,0xff,0xf8,0x1f,0xff,0xff,0xff,0xff,0xf0,0x1f,0xff,0xff,0xff,0xff,0xf0,0x1f,0xff,0xff,0xff,
0xff,0xf0,0x3f,0xff,0xff,0xff,0xff,0xf0,0x00,0x3f,0xe0,0x1f,0xf0,0x00,0x00,0x3f,0xe0,0x1f,0xf0,0x00,0x00,0x3f,0xc0,0x1f,
0xe0,0x00,0x00,0x3f,0xc0,0x1f,0xe0,0x00,0x00,0x3f,0xc0,0x1f,0xe0,0x00,0x00,0x3f,0xc0,0x1f,0xe0,0x00,0x00,0x3f,0xc0,0x1f,
0xe0,0x00,0x00,0x3f,0xc0,0x3f,0xe0,0x00,0x00,0x7f,0xc0,0x3f,0xe0,0x00,0x00,0x7f,0xc0,0x3f,0xe0,0x00,0x7f,0xff,0xff,0xff,
0xff,0xc0,0x7f,0xff,0xff,0xff,0xff,0xc0,0x7f,0xff,0xff,0xff,0xff,0xc0,0x7f,0xff,0xff,0xff,0xff,0xc0,0xff,0xff,0xff,0xff,
0xff,0xc0,0xff,0xff,0xff,0xff,0xff,0xc0,0xff,0xff,0xff,0xff,0xff,0xc0,0xff,0xff,0xff,0xff,0xff,0x80,0x00,0xff,0x00,0x7f,
0x80,0x00,0x00,0xff,0x00,0x7f,0x80,0x00,0x00,0xff,0x00,0x7f,0x80,0x00,0x00,0xff,0x00,0xff,0x80,0x00,0x01,0xff,0x00,0xff,
0x80,0x00,0x01,0xff,0x00,0xff,0x00,0x00,0x01,0xfe,0x00,0xff,0x00,0x00,0x01,0xfe,0x00,0xff,0x00,0x00,0x01,0xfe,0x00,0xff,
0x00,0x00,0x00,0x00,0xf0,0x00,0x00,0x00,0x00,0xf0,0x00,0x00,0x00,0x00,0xf0,0x00,0x00,0x00,0x00,0xf0,0x00,0x00,0x00,0x00,
0xf0,0x00,0x00,0x00,0x03,0xfe,0x00,0x00,0x00,0x3f,0xff,0xe0,0x00,0x00,0xff,0xff,0xf8,0x00,0x03,0xff,0xff,0xfe,0x00,0x07,
0xff,0xff,0xff,0x00,0x0f,0xff,0xff,0xff,0x80,0x1f,0xff,0xff,0xff,0x80,0x3f,0xff,0xff,0xff,0xc0,0x3f,0xf8,0xf1,0xff,0xe0,
0x3f,0xe0,0xf0,0xff,0xc0,0x7f,0xc0,0xf0,0x7e,0x00,0x7f,0xc0,0xf0,0x38,0x00,0x7f,0xc0,0xf0,0x00,0x00,0x7f,0xc0,0xf0,0x00,
0x00,0x7f,0xe0,0xf0,0x00,0x00,0x7f,0xf0,0xf0,0x00,0x00,0x7f,0xf8,0xf0,0x00,0x00,0x3f,0xff,0xf0,0x00,0x00,0x3f,0xff,0xf8,
0x00,0x00,0x1f,0xff,0xff,0xc0,0x00,0x0f,0xff,0xff,0xf0,0x00,0x07,0xff,0xff,0xfc,0x00,0x03,0xff,0xff,0xff,0x00,0x00,0x7f,
0xff,0xff,0x80,0x00,0x1f,0xff,0xff,0xc0,0x00,0x00,0xff,0xff,0xe0,0x00,0x00,0xff,0xff,0xe0,0x00,0x00,0xf1,0xff,0xf0,0x00,
0x00,0xf0,0x7f,0xf0,0x00,0x00,0xf0,0x3f,0xf0,0x00,0x00,0xf0,0x1f,0xf0,0x01,0x00,0xf0,0x1f,0xf0,0x0f,0x80,0xf0,0x1f,0xf0,
0x3f,0x80,0xf0,0x1f,0xf0,0xff,0xc0,0xf0,0x3f,0xe0,0x7f,0xe0,0xf0,0x7f,0xe0,0x7f,0xf8,0xf0,0xff,0xe0,0x3f,0xff,0xff,0xff,
0xc0,0x3f,0xff,0xff,0xff,0x80,0x1f,0xff,0xff,0xff,0x80,0x0f,0xff,0xff,0xfe,0x00,0x03,0xff,0xff,0xfc,0x00,0x01,0xff,0xff,
0xf0,0x00,0x00,0x3f,0xff,0xc0,0x00,0x00,0x07,0xfc,0x00,0x00,0x00,0x00,0xf0,0x00,0x00,0x00,0x00,0xf0,0x00,0x00,0x00,0x00,
0xf0,0x00,0x00,0x00,0x00,0xf0,0x00,0x00,0x00,0x00,0xf0,0x00,0x00,0x00,0x7f,0x00,0x00,0x00,0x00,0x00,0x00,0x01,0xff,0xc0,
0x00,0x01,0xfe,0x00,0x00,0x07,0xff,0xf0,0x00,0x01,0xfc,0x00,0x00,0x0f,0xff,0xf8,0x00,0x03,0xfc,0x00,0x00,0x1f,0xff,0xfc,
0x00,0x07,0xf8,0x00,0x00,0x3f,0xff,0xfe,0x00,0x07,0xf0,0x00,0x00,0x7f,0xff,0xfe,0x00,0x0f,0xf0,0x00,0x00,0x7f,0xc1,0xff,
0x00,0x1f,0xe0,0x00,0x00,0x7f,0x80,0xff,0x00,0x3f,0xc0,0x00,0x00,0xff,0x00,0x7f,0x80,0x3f,0xc0,0x00,0x00,0xfe,0x00,0x3f,
0x80,0x7f,0x80,0x00,0x00,0xfe,0x00,0x3f,0x80,0xff,0x00,0x00,0x00,0xfe,0x00,0x3f,0x80,0xff,0x00,0x00,0x00,0xfe,0x00,0x3f,
0x81,0xfe,0x00,0x00,0x00,0xfe,0x00,0x3f,0x83,0xfc,0x00,0x00,0x00,0xff,0x00,0x7f,0x83,0xfc,0x00,0x00,0x00,0x7f,0x80,0xff,
0x07,0xf8,0x00,0x00,0x00,0x7f,0xc1,0xff,0x0f,0xf0,0x00,0x00,0x00,0x7f,0xff,0xfe,0x0f,0xf0,0x00,0x00,0x00,0x3f,0xff,0xfe,
0x1f,0xe0,0x00,0x00,0x00,0x1f,0xff,0xfc,0x3f,0xc0,0x3f,0x80,0x00,0x0f,0xff,0xf8,0x3f,0xc0,0xff,0xe0,0x00,0x07,0xff,0xf0,
0x7f,0x83,0xff,0xf8,0x00,0x03,0xff,0xe0,0xff,0x07,0xff,0xfc,0x00,0x00,0x7f,0x00,0xff,0x0f,0xff,0xfe,0x00,0x00,0x00,0x01,
0xfe,0x1f,0xff,0xff,0x00,0x00,0x00,0x03,0xfc,0x3f,0xff,0xff,0x00,0x00,0x00,0x03,0xf8,0x3f,0xe0,0xff,0x80,0x00,0x00,0x07,
0xf8,0x3f,0xc0,0x7f,0x80,0x00,0x00,0x0f,0xf0,0x7f,0x80,0x3f,0xc0,0x00,0x00,0x0f,0xe0,0x7f,0x00,0x1f,0xc0,0x00,0x00,0x1f,
0xe0,0x7f,0x00,0x1f,0xc0,0x00,0x00,0x3f,0xc0,0x7f,0x00,0x1f,0xc0,0x00,0x00,0x3f,0x80,0x7f,0x00,0x1f,0xc0,0x00,0x00,0x7f,
0x80,0x7f,0x00,0x1f,0xc0,0x00,0x00,0xff,0x00,0x7f,0x80,0x3f,0xc0,0x00,0x00,0xfe,0x00,0x3f,0xc0,0x7f,0x80,0x00,0x01,0xfe,
0x00,0x3f,0xe0,0xff,0x80,0x00,0x03,0xfc,0x00,0x3f,0xff,0xff,0x00,0x00,0x07,0xf8,0x00,0x1f,0xff,0xff,0x00,0x00,0x07,0xf8,
0x00,0x0f,0xff,0xfe,0x00,0x00,0x0f,0xf0,0x00,0x07,0xff,0xfc,0x00,0x00,0x1f,0xe0,0x00,0x03,0xff,0xf8,0x00,0x00,0x1f,0xe0,
0x00,0x00,0xff,0xf0,0x00,0x00,0x00,0x00,0x00,0x00,0x3f,0x80,0x00,0x00,0x01,0xfe,0x00,0x00,0x00,0x00,0x0f,0xff,0xc0,0x00,
0x00,0x00,0x3f,0xff,0xf0,0x00,0x00,0x00,0x7f,0xff,0xf8,0x00,0x00,0x00,0xff,0xff,0xfc,0x00,0x00,0x01,0xff,0xff,0xfc,0x00,
0x00,0x01,0xff,0xff,0xfe,0x00,0x00,0x03,0xff,0x83,0xfe,0x00,0x00,0x03,0xff,0x01,0xff,0x00,0x00,0x03,0xfe,0x00,0xff,0x00,
0x00,0x03,0xfe,0x00,0xff,0x00,0x00,0x03,0xfe,0x00,0xff,0x00,0x00,0x03,0xfe,0x00,0xff,0x00,0x00,0x03,0xff,0x01,0xff,0x00,
0x00,0x01,0xff,0x01,0xfe,0x00,0x00,0x01,0xff,0x83,0xfe,0x00,0x00,0x01,0xff,0xc7,0xfc,0x00,0x00,0x00,0xff,0xff,0xfc,0x00,
0x00,0x00,0x7f,0xff,0xf8,0x00,0x00,0x00,0x7f,0xff,0xf0,0x00,0x00,0x00,0x3f,0xff,0xe0,0x00,0x00,0x00,0xff,0xff,0x80,0x00,
0x00,0x01,0xff,0xff,0x00,0x7f,0x80,0x07,0xff,0xff,0x00,0x7f,0x80,0x0f,0xff,0xff,0x80,0x7f,0x80,0x1f,0xff,0xff,0xc0,0xff,
0x00,0x3f,0xfe,0xff,0xe0,0xff,0x00,0x3f,0xf8,0x7f,0xf1,0xff,0x00,0x7f,0xe0,0x3f,0xf9,0xfe,0x00,0x7f,0xc0,0x3f,0xfd,0xfe,
0x00,0xff,0xc0,0x1f,0xff,0xfc,0x00,0xff,0x80,0x0f,0xff,0xfc,0x00,0xff,0x80,0x07,0xff,0xf8,0x00,0xff,0x80,0x03,0xff,0xf8,
0x00,0xff,0x80,0x01,0xff,0xf0,0x00,0xff,0xc0,0x00,0xff,0xf0,0x00,0xff,0xc0,0x00,0xff,0xf0,0x00,0x7f,0xe0,0x03,0xff,0xf8,
0x00,0x7f,0xf8,0x0f,0xff,0xfc,0x00,0x3f,0xff,0xff,0xff,0xfe,0x00,0x1f,0xff,0xff,0xff,0xfe,0x00,0x0f,0xff,0xff,0xff,0xff,
0x00,0x07,0xff,0xff,0xf1,0xff,0x80,0x03,0xff,0xff,0xc0,0xff,0xc0,0x00,0xff,0xff,0x00,0x7f,0xe0,0x00,0x1f,0xf0,0x00,0x00,
0x00,0xfe,0xfe,0xfe,0xfe,0xfe,0xfe,0xfe,0xfe,0xfe,0xfe,0xfe,0xfe,0xfe,0xfe,0xfe,0x00,0xff,0x80,0x00,0xff,0x80,0x01,0xff,
0x00,0x01,0xfe,0x00,0x03,0xfe,0x00,0x03,0xfc,0x00,0x07,0xfc,0x00,0x07,0xf8,0x00,0x0f,0xf8,0x00,0x0f,0xf8,0x00,0x1f,0xf0,
0x00,0x1f,0xf0,0x00,0x1f,0xf0,0x00,0x3f,0xe0,0x00,0x3f,0xe0,0x00,0x3f,0xe0,0x00,0x7f,0xc0,0x00,0x7f,0xc0,0x00,0x7f,0xc0,
0x00,0x7f,0xc0,0x00,0x7f,0xc0,0x00,0xff,0x80,0x00,0xff,0x80,0x00,0xff,0x80,0x00,0xff,0x80,0x00,0xff,0x80,0x00,0xff,0x80,
0x00,0xff,0x80,0x00,0xff,0x80,0x00,0xff,0x80,0x00,0xff,0x80,0x00,0xff,0x80,0x00,0xff,0x80,0x00,0xff,0x80,0x00,0xff,0x80,
0x00,0x7f,0xc0,0x00,0x7f,0xc0,0x00,0x7f,0xc0,0x00,0x7f,0xc0,0x00,0x7f,0xc0,0x00,0x3f,0xe0,0x00,0x3f,0xe0,0x00,0x3f,0xe0,
0x00,0x1f,0xf0,0x00,0x1f,0xf0,0x00,0x1f,0xf0,0x00,0x0f,0xf8,0x00,0x0f,0xf8,0x00,0x07,0xf8,0x00,0x07,0xfc,0x00,0x03,0xfc,
0x00,0x03,0xfe,0x00,0x01,0xfe,0x00,0x01,0xff,0x00,0x00,0xff,0x80,0x00,0xff,0x80,0xff,0x80,0x00,0xff,0x80,0x00,0x7f,0xc0,
0x00,0x3f,0xc0,0x00,0x3f,0xe0,0x00,0x1f,0xe0,0x00,0x1f,0xf0,0x00,0x0f,0xf0,0x00,0x0f,0xf8,0x00,0x0f,0xf8,0x00,0x07,0xfc,
0x00,0x07,0xfc,0x00,0x07,0xfc,0x00,0x03,0xfe,0x00,0x03,0xfe,0x00,0x03,0xfe,0x00,0x01,0xff,0x00,0x01,0xff,0x00,0x01,0xff,
0x00,0x01,0xff,0x00,0x01,0xff,0x00,0x00,0xff,0x80,0x00,0xff,0x80,0x00,0xff,0x80,0x00,0xff,0x80,0x00,0xff,0x80,0x00,0xff,
0x80,0x00,0xff,0x80,0x00,0xff,0x80,0x00,0xff,0x80,0x00,0xff,0x80,0x00,0xff,0x80,0x00,0xff,0x80,0x00,0xff,0x80,0x00,0xff,
0x80,0x01,0xff,0x00,0x01,0xff,0x00,0x01,0xff,0x00,0x01,0xff,0x00,0x01,0xff,0x00,0x03,0xfe,0x00,0x03,0xfe,0x00,0x03,0xfe,
0x00,0x07,0xfc,0x00,0x07,0xfc,0x00,0x07,0xfc,0x00,0x0f,0xf8,0x00,0x0f,0xf8,0x00,0x0f,0xf0,0x00,0x1f,0xf0,0x00,0x1f,0xe0,
0x00,0x3f,0xe0,0x00,0x3f,0xc0,0x00,0x7f,0xc0,0x00,0xff,0x80,0x00,0xff,0x80,0x00,0x00,0x7c,0x00,0x00,0x7c,0x00,0x00,0x7c,
0x00,0x00,0x7c,0x00,0x00,0x7c,0x00,0x00,0x7c,0x00,0x70,0x7c,0x1c,0x7e,0x7c,0xfc,0xff,0xff,0xfc,0xff,0xff,0xfe,0xff,0xff,
0xfe,0x3f,0xff,0xf8,0x07,0xff,0xc0,0x01,0xff,0x00,0x03,0xff,0x80,0x03,0xff,0x80,0x07,0xff,0xc0,0x0f,0xef,0xe0,0x0f,0xc7,
0xe0,0x1f,0x83,0xf0,0x1f,0x83,0xe0,0x07,0x01,0xc0,0x02,0x00,0x80,0x00,0x0f,0xf0,0x00,0x00,0x00,0x0f,0xf0,0x00,0x00,0x00,
0x0f,0xf0,0x00,0x00,0x00,0x0f,0xf0,0x00,0x00,0x00,0x0f,0xf0,0x00,0x00,0x00,0x0f,0xf0,0x00,0x00,0x00,0x0f,0xf0,0x00,0x00,
0x00,0x0f,0xf0,0x00,0x00,0x00,0x0f,0xf0,0x00,0x00,0x00,0x0f,0xf0,0x00,0x00,0x00,0x0f,0xf0,0x00,0x00,0x00,0x0f,0xf0,0x00,
0x00,0xff,0xff,0xff,0xff,0x80,0xff,0xff,0xff,0xff,0x80,0xff,0xff,0xff,0xff,0x80,0xff,0xff,0xff,0xff,0x80,0xff,0xff,0xff,
0xff,0x80,0xff,0xff,0xff,0xff,0x80,0xff,0xff,0xff,0xff,0x80,0x00,0x0f,0xf0,0x00,0x00,0x00,0x0f,0xf0,0x00,0x00,0x00,0x0f,
0xf0,0x00,0x00,0x00,0x0f,0xf0,0x00,0x00,0x00,0x0f,0xf0,0x00,0x00,0x00,0x0f,0xf0,0x00,0x00,0x00,0x0f,0xf0,0x00,0x00,0x00,
0x0f,0xf0,0x00,0x00,0x00,0x0f,0xf0,0x00,0x00,0x00,0x0f,0xf0,0x00,0x00,0x00,0x0f,0xf0,0x00,0x00,0x00,0x0f,0xf0,0x00,0x00,
0x00,0x0f,0xf0,0x00,0x00,0x0f,0x00,0x3f,0xc0,0x7f,0xe0,0xff,0xf0,0xff,0xf0,0xff,0xf0,0xff,0xf0,0xff,0xf0,0x7f,0xe0,0x7f,
0xe0,0x1f,0xe0,0x07,0xc0,0x0f,0xc0,0x0f,0x80,0x1f,0x80,0x1f,0x80,0x1f,0x00,0x3f,0x00,0x3e,0x00,0x7e,0x00,0xff,0xff,0xf0,
0xff,0xff,0xf0,0xff,0xff,0xf0,0xff,0xff,0xf0,0xff,0xff,0xf0,0xff,0xff,0xf0,0xff,0xff,0xf0,0xff,0xff,0xf0,0x0f,0x00,0x3f,
0xc0,0x7f,0xe0,0x7f,0xe0,0xff,0xf0,0xff,0xf0,0xff,0xf0,0xff,0xf0,0xff,0xe0,0x7f,0xe0,0x3f,0xc0,0x0f,0x80,0x00,0x00,0x7f,
0xc0,0x00,0x00,0x7f,0xc0,0x00,0x00,0x7f,0x80,0x00,0x00,0xff,0x80,0x00,0x00,0xff,0x80,0x00,0x00,0xff,0x00,0x00,0x01,0xff,
0x00,0x00,0x01,0xff,0x00,0x00,0x01,0xfe,0x00,0x00,0x03,0xfe,0x00,0x00,0x03,0xfe,0x00,0x00,0x03,0xfc,0x00,0x00,0x07,0xfc,
0x00,0x00,0x07,0xfc,0x00,0x00,0x07,0xf8,0x00,0x00,0x0f,0xf8,0x00,0x00,0x0f,0xf8,0x00,0x00,0x0f,0xf0,0x00,0x00,0x1f,0xf0,
0x00,0x00,0x1f,0xf0,0x00,0x00,0x1f,0xe0,0x00,0x00,0x3f,0xe0,0x00,0x00,0x3f,0xe0,0x00,0x00,0x3f,0xc0,0x00,0x00,0x7f,0xc0,
0x00,0x00,0x7f,0xc0,0x00,0x00,0x7f,0x80,0x00,0x00,0xff,0x80,0x00,0x00,0xff,0x80,0x00,0x00,0xff,0x00,0x00,0x01,0xff,0x00,
0x00,0x01,0xff,0x00,0x00,0x01,0xfe,0x00,0x00,0x03,0xfe,0x00,0x00,0x03,0xfe,0x00,0x00,0x03,0xfc,0x00,0x00,0x07,0xfc,0x00,
0x00,0x07,0xfc,0x00,0x00,0x07,0xf8,0x00,0x00,0x0f,0xf8,0x00,0x00,0x0f,0xf8,0x00,0x00,0x0f,0xf0,0x00,0x00,0x1f,0xf0,0x00,
0x00,0x1f,0xf0,0x00,0x00,0x1f,0xf0,0x00,0x00,0x3f,0xe0,0x00,0x00,0x3f,0xe0,0x00,0x00,0x3f,0xe0,0x00,0x00,0x7f,0xc0,0x00,
0x00,0x7f,0xc0,0x00,0x00,0x7f,0xc0,0x00,0x00,0xff,0x80,0x00,0x00,0x00,0x07,0xfe,0x00,0x00,0x00,0x3f,0xff,0xc0,0x00,0x00,
0xff,0xff,0xf0,0x00,0x01,0xff,0xff,0xf8,0x00,0x03,0xff,0xff,0xfc,0x00,0x07,0xff,0xff,0xfe,0x00,0x0f,0xff,0xff,0xff,0x00,
0x1f,0xfe,0x07,0xff,0x80,0x1f,0xfc,0x01,0xff,0x80,0x3f,0xf8,0x00,0xff,0xc0,0x3f,0xf8,0x00,0xff,0xc0,0x3f,0xfc,0x00,0x7f,
0xc0,0x7f,0xfe,0x00,0x7f,0xe0,0x7f,0xfe,0x00,0x3f,0xe0,0x7f,0xff,0x00,0x3f,0xe0,0x7f,0xff,0x80,0x3f,0xe0,0xff,0xbf,0xc0,
0x3f,0xf0,0xff,0x9f,0xc0,0x1f,0xf0,0xff,0x8f,0xe0,0x1f,0xf0,0xff,0x8f,0xf0,0x1f,0xf0,0xff,0x87,0xf0,0x1f,0xf0,0xff,0x83,
0xf8,0x1f,0xf0,0xff,0x81,0xfc,0x1f,0xf0,0xff,0x81,0xfc,0x1f,0xf0,0xff,0x80,0xfe,0x1f,0xf0,0xff,0x80,0x7f,0x1f,0xf0,0xff,
0x80,0x7f,0x9f,0xf0,0xff,0x80,0x3f,0x9f,0xf0,0xff,0x80,0x1f,0xdf,0xf0,0x7f,0xc0,0x0f,0xff,0xe0,0x7f,0xc0,0x0f,0xff,0xe0,
0x7f,0xc0,0x07,0xff,0xe0,0x7f,0xc0,0x03,0xff,0xe0,0x3f,0xe0,0x03,0xff,0xc0,0x3f,0xe0,0x01,0xff,0xc0,0x3f,0xf0,0x00,0xff,
0x80,0x1f,0xf8,0x01,0xff,0x80,0x0f,0xfe,0x07,0xff,0x00,0x0f,0xff,0xff,0xff,0x00,0x07,0xff,0xff,0xfe,0x00,0x03,0xff,0xff,
0xfc,0x00,0x01,0xff,0xff,0xf8,0x00,0x00,0xff,0xff,0xe0,0x00,0x00,0x3f,0xff,0xc0,0x00,0x00,0x07,0xfe,0x00,0x00,0x00,0x0f,
0xe0,0x00,0x0f,0xe0,0x00,0x1f,0xe0,0x00,0x3f,0xe0,0x00,0x7f,0xe0,0x03,0xff,0xe0,0xff,0xff,0xe0,0xff,0xff,0xe0,0xff,0xff,
0xe0,0xff,0xff,0xe0,0xff,0xff,0xe0,0xff,0xff,0xe0,0xff,0xff,0xe0,0x00,0x3f,0xe0,0x00,0x3f,0xe0,0x00,0x3f,0xe0,0x00,0x3f,
0xe0,0x00,0x3f,0xe0,0x00,0x3f,0xe0,0x00,0x3f,0xe0,0x00,0x3f,0xe0,0x00,0x3f,0xe0,0x00,0x3f,0xe0,0x00,0x3f,0xe0,0x00,0x3f,
0xe0,0x00,0x3f,0xe0,0x00,0x3f,0xe0,0x00,0x3f,0xe0,0x00,0x3f,0xe0,0x00,0x3f,0xe0,0x00,0x3f,0xe0,0x00,0x3f,0xe0,0x00,0x3f,
0xe0,0x00,0x3f,0xe0,0x00,0x3f,0xe0,0x00,0x3f,0xe0,0x00,0x3f,0xe0,0x00,0x3f,0xe0,0x00,0x3f,0xe0,0x00,0x3f,0xe0,0x00,0x3f,
0xe0,0x00,0x3f,0xe0,0x00,0x3f,0xe0,0x00,0x0f,0xfc,0x00,0x00,0x7f,0xff,0x80,0x01,0xff,0xff,0xe0,0x03,0xff,0xff,0xf0,0x07,
0xff,0xff,0xf8,0x0f,0xff,0xff,0xfc,0x1f,0xff,0xff,0xfe,0x1f,0xfc,0x1f,0xfe,0x3f,0xf0,0x07,0xfe,0x3f,0xe0,0x03,0xff,0x0f,
0xe0,0x01,0xff,0x03,0xc0,0x01,0xff,0x00,0x40,0x01,0xff,0x00,0x00,0x01,0xff,0x00,0x00,0x01,0xff,0x00,0x00,0x03,0xff,0x00,
0x00,0x03,0xff,0x00,0x00,0x03,0xfe,0x00,0x00,0x07,0xfe,0x00,0x00,0x0f,0xfc,0x00,0x00,0x1f,0xfc,0x00,0x00,0x1f,0xf8,0x00,
0x00,0x3f,0xf8,0x00,0x00,0x7f,0xf0,0x00,0x00,0xff,0xe0,0x00,0x01,0xff,0xc0,0x00,0x07,0xff,0x80,0x00,0x0f,0xff,0x00,0x00,
0x1f,0xfe,0x00,0x00,0x3f,0xfc,0x00,0x00,0x7f,0xf8,0x00,0x01,0xff,0xf0,0x00,0x03,0xff,0xc0,0x00,0x07,0xff,0x80,0x00,0x1f,
0xfe,0x00,0x00,0x3f,0xfc,0x00,0x00,0x7f,0xf0,0x00,0x00,0xff,0xff,0xff,0xff,0xff,0xff,0xff,0xff,0xff,0xff,0xff,0xff,0xff,
0xff,0xff,0xff,0xff,0xff,0xff,0xff,0xff,0xff,0xff,0xff,0xff,0xff,0xff,0xff,0x00,0x0f,0xfc,0x00,0x00,0x00,0x7f,0xff,0x80,
0x00,0x01,0xff,0xff,0xe0,0x00,0x07,0xff,0xff,0xf0,0x00,0x0f,0xff,0xff,0xf8,0x00,0x1f,0xff,0xff,0xfc,0x00,0x3f,0xff,0xff,
0xfe,0x00,0x3f,0xf8,0x1f,0xfe,0x00,0x7f,0xe0,0x07,0xff,0x00,0x7f,0xc0,0x03,0xff,0x00,0x1f,0x80,0x01,0xff,0x00,0x03,0x80,
0x01,0xff,0x00,0x00,0x00,0x01,0xff,0x00,0x00,0x00,0x01,0xff,0x00,0x00,0x00,0x03,0xff,0x00,0x00,0x00,0x03,0xfe,0x00,0x00,
0x00,0x0f,0xfe,0x00,0x00,0x00,0x3f,0xfc,0x00,0x00,0x1f,0xff,0xf8,0x00,0x00,0x1f,0xff,0xf0,0x00,0x00,0x1f,0xff,0xc0,0x00,
0x00,0x1f,0xff,0xc0,0x00,0x00,0x1f,0xff,0xf0,0x00,0x00,0x1f,0xff,0xf8,0x00,0x00,0x1f,0xff,0xfc,0x00,0x00,0x00,0x3f,0xfe,
0x00,0x00,0x00,0x07,0xff,0x00,0x00,0x00,0x03,0xff,0x00,0x00,0x00,0x01,0xff,0x80,0x00,0x00,0x00,0xff,0x80,0x00,0x00,0x00,
0xff,0x80,0x00,0x00,0x00,0xff,0x80,0x01,0x00,0x00,0xff,0x80,0x0f,0x80,0x00,0xff,0x80,0x7f,0x80,0x01,0xff,0x80,0xff,0xc0,
0x01,0xff,0x00,0x7f,0xe0,0x03,0xff,0x00,0x7f,0xf8,0x0f,0xff,0x00,0x3f,0xff,0xff,0xfe,0x00,0x1f,0xff,0xff,0xfc,0x00,0x0f,
0xff,0xff,0xf8,0x00,0x07,0xff,0xff,0xf0,0x00,0x03,0xff,0xff,0xe0,0x00,0x00,0xff,0xff,0x80,0x00,0x00,0x1f,0xf8,0x00,0x00,
0x00,0x00,0x07,0xfc,0x00,0x00,0x00,0x0f,0xfc,0x00,0x00,0x00,0x1f,0xfc,0x00,0x00,0x00,0x3f,0xfc,0x00,0x00,0x00,0x3f,0xfc,
0x00,0x00,0x00,0x7f,0xfc,0x00,0x00,0x00,0xff,0xfc,0x00,0x00,0x01,0xff,0xfc,0x00,0x00,0x03,0xff,0xfc,0x00,0x00,0x03,0xff,
0xfc,0x00,0x00,0x07,0xff,0xfc,0x00,0x00,0x0f,0xff,0xfc,0x00,0x00,0x1f,0xff,0xfc,0x00,0x00,0x1f,0xf7,0xfc,0x00,0x00,0x3f,
0xe7,0xfc,0x00,0x00,0x7f,0xc7,0xfc,0x00,0x00,0xff,0x87,0xfc,0x00,0x01,0xff,0x87,0xfc,0x00,0x01,0xff,0x07,0xfc,0x00,0x03,
0xfe,0x07,0xfc,0x00,0x07,0xfc,0x07,0xfc,0x00,0x0f,0xf8,0x07,0xfc,0x00,0x0f,0xf8,0x07,0xfc,0x00,0x1f,0xf0,0x07,0xfc,0x00,
0x3f,0xe0,0x07,0xfc,0x00,0x7f,0xc0,0x07,0xfc,0x00,0x7f,0xff,0xff,0xff,0xf0,0xff,0xff,0xff,0xff,0xf0,0xff,0xff,0xff,0xff,
0xf0,0xff,0xff,0xff,0xff,0xf0,0xff,0xff,0xff,0xff,0xf0,0xff,0xff,0xff,0xff,0xf0,0xff,0xff,0xff,0xff,0xf0,0xff,0xff,0xff,
0xff,0xf0,0x00,0x00,0x07,0xfc,0x00,0x00,0x00,0x07,0xfc,0x00,0x00,0x00,0x07,0xfc,0x00,0x00,0x00,0x07,0xfc,0x00,0x00,0x00,
0x07,0xfc,0x00,0x00,0x00,0x07,0xfc,0x00,0x00,0x00,0x07,0xfc,0x00,0x00,0x00,0x07,0xfc,0x00,0x00,0x00,0x07,0xfc,0x00,0x3f,
0xff,0xff,0xfc,0x3f,0xff,0xff,0xfc,0x3f,0xff,0xff,0xfc,0x3f,0xff,0xff,0xfc,0x3f,0xff,0xff,0xfc,0x3f,0xff,0xff,0xfc,0x3f,
0xff,0xff,0xfc,0x3f,0xc0,0x00,0x00,0x7f,0xc0,0x00,0x00,0x7f,0xc0,0x00,0x00,0x7f,0x80,0x00,0x00,0x7f,0x80,0x00,0x00,0x7f,
0x80,0x00,0x00,0x7f,0x80,0x00,0x00,0x7f,0x87,0xf8,0x00,0x7f,0xbf,0xff,0x00,0xff,0xff,0xff,0xc0,0xff,0xff,0xff,0xe0,0xff,
0xff,0xff,0xf0,0xff,0xff,0xff,0xf8,0xff,0xff,0xff,0xfc,0xff,0xf0,0x3f,0xfc,0xff,0xc0,0x0f,0xfe,0x1f,0x80,0x07,0xfe,0x03,
0x00,0x03,0xfe,0x00,0x00,0x03,0xff,0x00,0x00,0x01,0xff,0x00,0x00,0x01,0xff,0x00,0x00,0x01,0xff,0x00,0x00,0x01,0xff,0x00,
0x00,0x01,0xff,0x02,0x00,0x01,0xff,0x0f,0x00,0x03,0xff,0x7f,0x00,0x03,0xfe,0xff,0x80,0x07,0xfe,0xff,0xc0,0x0f,0xfe,0x7f,
0xf0,0x3f,0xfc,0x7f,0xff,0xff,0xf8,0x3f,0xff,0xff,0xf8,0x1f,0xff,0xff,0xf0,0x0f,0xff,0xff,0xc0,0x03,0xff,0xff,0x80,0x01,
0xff,0xfe,0x00,0x00,0x3f,0xf0,0x00,0x00,0x07,0xfe,0x00,0x00,0x00,0x3f,0xff,0x80,0x00,0x00,0x7f,0xff,0xe0,0x00,0x01,0xff,
0xff,0xf0,0x00,0x03,0xff,0xff,0xf8,0x00,0x07,0xff,0xff,0xfc,0x00,0x07,0xff,0xff,0xfe,0x00,0x0f,0xfe,0x0f,0xfc,0x00,0x1f,
0xf8,0x03,0xf0,0x00,0x1f,0xf0,0x01,0x80,0x00,0x3f,0xe0,0x00,0x00,0x00,0x3f,0xe0,0x00,0x00,0x00,0x3f,0xc0,0x00,0x00,0x00,
0x7f,0xc0,0x00,0x00,0x00,0x7f,0xc0,0x00,0x00,0x00,0x7f,0xc1,0xfe,0x00,0x00,0x7f,0x87,0xff,0x80,0x00,0xff,0x9f,0xff,0xe0,
0x00,0xff,0xbf,0xff,0xf0,0x00,0xff,0xff,0xff,0xf8,0x00,0xff,0xff,0xff,0xfc,0x00,0xff,0xff,0xff,0xfe,0x00,0xff,0xfc,0x0f,
0xfe,0x00,0xff,0xf0,0x07,0xff,0x00,0xff,0xe0,0x03,0xff,0x00,0xff,0xe0,0x01,0xff,0x80,0xff,0xc0,0x01,0xff,0x80,0xff,0xc0,
0x00,0xff,0x80,0xff,0xc0,0x00,0xff,0x80,0xff,0xc0,0x00,0xff,0x80,0x7f,0xc0,0x00,0xff,0x80,0x7f,0xc0,0x00,0xff,0x80,0x7f,
0xc0,0x00,0xff,0x80,0x7f,0xc0,0x01,0xff,0x80,0x3f,0xe0,0x01,0xff,0x00,0x3f,0xe0,0x03,0xff,0x00,0x1f,0xf0,0x07,0xfe,0x00,
0x1f,0xfc,0x0f,0xfe,0x00,0x0f,0xff,0xff,0xfc,0x00,0x0f,0xff,0xff,0xfc,0x00,0x07,0xff,0xff,0xf8,0x00,0x03,0xff,0xff,0xe0,
0x00,0x00,0xff,0xff,0xc0,0x00,0x00,0x7f,0xff,0x00,0x00,0x00,0x0f,0xf8,0x00,0x00,0xff,0xff,0xff,0xff,0xff,0xff,0xff,0xff,
0xff,0xff,0xff,0xff,0xff,0xff,0xff,0xff,0xff,0xff,0xff,0xff,0xff,0xff,0xff,0xff,0xff,0xff,0xff,0xff,0x00,0x00,0x03,0xff,
0x00,0x00,0x03,0xfe,0x00,0x00,0x07,0xfe,0x00,0x00,0x07,0xfc,0x00,0x00,0x0f,0xfc,0x00,0x00,0x0f,0xf8,0x00,0x00,0x1f,0xf8,
0x00,0x00,0x1f,0xf0,0x00,0x00,0x3f,0xf0,0x00,0x00,0x3f,0xe0,0x00,0x00,0x7f,0xe0,0x00,0x00,0x7f,0xe0,0x00,0x00,0xff,0xc0,
0x00,0x00,0xff,0xc0,0x00,0x01,0xff,0x80,0x00,0x01,0xff,0x80,0x00,0x03,0xff,0x00,0x00,0x03,0xff,0x00,0x00,0x07,0xfe,0x00,
0x00,0x07,0xfe,0x00,0x00,0x0f,0xfc,0x00,0x00,0x0f,0xfc,0x00,0x00,0x1f,0xf8,0x00,0x00,0x1f,0xf8,0x00,0x00,0x3f,0xf0,0x00,
0x00,0x3f,0xf0,0x00,0x00,0x7f,0xe0,0x00,0x00,0x7f,0xe0,0x00,0x00,0xff,0xc0,0x00,0x00,0xff,0xc0,0x00,0x01,0xff,0x80,0x00,
0x01,0xff,0x80,0x00,0x03,0xff,0x80,0x00,0x03,0xff,0x00,0x00,0x07,0xff,0x00,0x00,0x07,0xfe,0x00,0x00,0x00,0x07,0xf8,0x00,
0x00,0x00,0x1f,0xfe,0x00,0x00,0x00,0x3f,0xff,0x00,0x00,0x00,0x7f,0xff,0x80,0x00,0x00,0xff,0xff,0xc0,0x00,0x01,0xff,0xff,
0xe0,0x00,0x03,0xff,0xff,0xf0,0x00,0x03,0xfe,0x1f,0xf0,0x00,0x03,0xfc,0x0f,0xf0,0x00,0x07,0xf8,0x07,0xf8,0x00,0x07,0xf0,
0x03,0xf8,0x00,0x07,0xf0,0x03,0xf8,0x00,0x07,0xf0,0x03,0xf8,0x00,0x07,0xf0,0x03,0xf8,0x00,0x07,0xf0,0x03,0xf8,0x00,0x07,
0xf8,0x07,0xf8,0x00,0x07,0xfc,0x0f,0xf0,0x00,0x03,0xfe,0x1f,0xf0,0x00,0x03,0xff,0xff,0xf0,0x00,0x01,0xff,0xff,0xe0,0x00,
0x01,0xff,0xff,0xe0,0x00,0x07,0xff,0xff,0xf8,0x00,0x0f,0xff,0xff,0xfc,0x00,0x1f,0xff,0xff,0xfe,0x00,0x3f,0xff,0xff,0xff,
0x00,0x7f,0xfc,0x0f,0xff,0x80,0x7f,0xe0,0x03,0xff,0x80,0x7f,0xc0,0x00,0xff,0x80,0xff,0xc0,0x00,0xff,0xc0,0xff,0x80,0x00,
0x7f,0xc0,0xff,0x80,0x00,0x7f,0xc0,0xff,0x80,0x00,0x7f,0xc0,0xff,0x80,0x00,0x7f,0xc0,0xff,0x80,0x00,0x7f,0xc0,0xff,0xc0,
0x00,0xff,0xc0,0x7f,0xe0,0x01,0xff,0x80,0x7f,0xf0,0x03,0xff,0x80,0x7f,0xfc,0x0f,0xff,0x80,0x3f,0xff,0xff,0xff,0x00,0x1f,
0xff,0xff,0xfe,0x00,0x0f,0xff,0xff,0xfc,0x00,0x07,0xff,0xff,0xf8,0x00,0x03,0xff,0xff,0xf0,0x00,0x00,0x7f,0xff,0xc0,0x00,
0x00,0x0f,0xfc,0x00,0x00,0x00,0x1f,0xe0,0x00,0x00,0x7f,0xfc,0x00,0x01,0xff,0xff,0x00,0x03,0xff,0xff,0x80,0x07,0xff,0xff,
0xc0,0x0f,0xff,0xff,0xe0,0x1f,0xff,0xff,0xf0,0x3f,0xff,0xff,0xf8,0x3f,0xf8,0x3f,0xf8,0x7f,0xe0,0x0f,0xfc,0x7f,0xc0,0x07,
0xfc,0xff,0x80,0x03,0xfe,0xff,0x80,0x03,0xfe,0xff,0x00,0x01,0xfe,0xff,0x00,0x01,0xfe,0xff,0x00,0x01,0xfe,0xff,0x00,0x01,
0xfe,0xff,0x00,0x01,0xfe,0xff,0x80,0x03,0xfe,0xff,0x80,0x03,0xfe,0x7f,0xc0,0x07,0xfc,0x7f,0xe0,0x0f,0xfc,0x3f,0xf8,0x3f,
0xfc,0x3f,0xff,0xff,0xf8,0x1f,0xff,0xff,0xf8,0x0f,0xff,0xff,0xf0,0x07,0xff,0xff,0xf0,0x03,0xff,0xff,0xe0,0x01,0xff,0xff,
0xe0,0x00,0x7f,0xff,0xc0,0x00,0x0f,0xff,0x80,0x00,0x00,0xff,0x80,0x00,0x01,0xff,0x00,0x00,0x01,0xff,0x00,0x00,0x03,0xfe,
0x00,0x00,0x03,0xfe,0x00,0x00,0x07,0xfc,0x00,0x00,0x0f,0xfc,0x00,0x00,0x0f,0xf8,0x00,0x00,0x1f,0xf8,0x00,0x00,0x1f,0xf0,
0x00,0x00,0x3f,0xe0,0x00,0x00,0x3f,0xe0,0x00,0x00,0x7f,0xc0,0x00,0x0f,0x00,0x3f,0xc0,0x7f,0xe0,0x7f,0xe0,0xff,0xf0,0xff,
0xf0,0xff,0xf0,0xff,0xf0,0xff,0xe0,0x7f,0xe0,0x3f,0xc0,0x0f,0x80,0x00,0x00,0x00,0x00,0x00,0x00,0x00,0x00,0x00,0x00,0x00,
0x00,0x00,0x00,0x00,0x00,0x00,0x00,0x0f,0x00,0x3f,0xc0,0x7f,0xe0,0x7f,0xe0,0xff,0xf0,0xff,0xf0,0xff,0xf0,0xff,0xf0,0xff,
0xe0,0x7f,0xe0,0x3f,0xc0,0x0f,0x80,0x0f,0x00,0x3f,0xc0,0x7f,0xe0,0x7f,0xe0,0xff,0xf0,0xff,0xf0,0xff,0xf0,0xff,0xf0,0xff,
0xe0,0x7f,0xe0,0x3f,0xc0,0x0f,0x80,0x00,0x00,0x00,0x00,0x00,0x00,0x00,0x00,0x00,0x00,0x00,0x00,0x00,0x00,0x00,0x00,0x00,
0x00,0x00,0x00,0x0f,0x00,0x3f,0xc0,0x7f,0xe0,0xff,0xf0,0xff,0xf0,0xff,0xf0,0xff,0xf0,0xff,0xf0,0x7f,0xe0,0x7f,0xe0,0x1f,
0xe0,0x07,0xc0,0x0f,0xc0,0x0f,0x80,0x1f,0x80,0x1f,0x80,0x1f,0x00,0x3f,0x00,0x3e,0x00,0x7e,0x00,0x00,0x00,0x00,0x01,0x00,
0x00,0x00,0x0f,0x00,0x00,0x00,0x3f,0x00,0x00,0x00,0xff,0x00,0x00,0x07,0xff,0x00,0x00,0x1f,0xff,0x00,0x00,0x7f,0xff,0x00,
0x01,0xff,0xff,0x00,0x0f,0xff,0xff,0x00,0x3f,0xff,0xf8,0x00,0xff,0xff,0xe0,0x07,0xff,0xff,0x00,0x1f,0xff,0xf8,0x00,0x7f,
0xff,0xe0,0x00,0xff,0xff,0x00,0x00,0xff,0xfc,0x00,0x00,0xff,0xe0,0x00,0x00,0xff,0xf0,0x00,0x00,0xff,0xfe,0x00,0x00,0xff,
0xff,0x80,0x00,0x7f,0xff,0xf0,0x00,0x0f,0xff,0xfc,0x00,0x03,0xff,0xff,0x80,0x00,0xff,0xff,0xf0,0x00,0x1f,0xff,0xfc,0x00,
0x07,0xff,0xff,0x00,0x01,0xff,0xff,0x00,0x00,0x7f,0xff,0x00,0x00,0x0f,0xff,0x00,0x00,0x03,0xff,0x00,0x00,0x00,0xff,0x00,
0x00,0x00,0x1f,0x00,0x00,0x00,0x07,0x00,0x00,0x00,0x01,0xff,0xff,0xff,0xff,0x80,0xff,0xff,0xff,0xff,0x80,0xff,0xff,0xff,
0xff,0x80,0xff,0xff,0xff,0xff,0x80,0xff,0xff,0xff,0xff,0x80,0xff,0xff,0xff,0xff,0x80,0xff,0xff,0xff,0xff,0x80,0x00,0x00,
0x00,0x00,0x00,0x00,0x00,0x00,0x00,0x00,0x00,0x00,0x00,0x00,0x00,0x00,0x00,0x00,0x00,0x00,0x00,0x00,0x00,0x00,0x00,0xff,
0xff,0xff,0xff,0x80,0xff,0xff,0xff,0xff,0x80,0xff,0xff,0xff,0xff,0x80,0xff,0xff,0xff,0xff,0x80,0xff,0xff,0xff,0xff,0x80,
0xff,0xff,0xff,0xff,0x80,0xff,0xff,0xff,0xff,0x80,0x80,0x00,0x00,0x00,0xe0,0x00,0x00,0x00,0xfc,0x00,0x00,0x00,0xff,0x00,
0x00,0x00,0xff,0xc0,0x00,0x00,0xff,0xf0,0x00,0x00,0xff,0xfe,0x00,0x00,0xff,0xff,0x80,0x00,0xff,0xff,0xe0,0x00,0x3f,0xff,
0xfc,0x00,0x07,0xff,0xff,0x00,0x01,0xff,0xff,0xc0,0x00,0x3f,0xff,0xf8,0x00,0x07,0xff,0xfe,0x00,0x01,0xff,0xff,0x00,0x00,
0x3f,0xff,0x00,0x00,0x07,0xff,0x00,0x00,0x0f,0xff,0x00,0x00,0x7f,0xff,0x00,0x03,0xff,0xff,0x00,0x0f,0xff,0xfc,0x00,0x7f,
0xff,0xf0,0x01,0xff,0xff,0xc0,0x0f,0xff,0xfe,0x00,0x7f,0xff,0xf8,0x00,0xff,0xff,0xe0,0x00,0xff,0xff,0x00,0x00,0xff,0xfc,
0x00,0x00,0xff,0xf0,0x00,0x00,0xff,0xc0,0x00,0x00,0xfe,0x00,0x00,0x00,0xf8,0x00,0x00,0x00,0xe0,0x00,0x00,0x00,0x00,0x1f,
0xf8,0x00,0x00,0xff,0xff,0x80,0x03,0xff,0xff,0xe0,0x0f,0xff,0xff,0xf0,0x1f,0xff,0xff,0xf8,0x3f,0xff,0xff,0xfc,0x7f,0xff,
0xff,0xfe,0x7f,0xf8,0x0f,0xfe,0xff,0xe0,0x03,0xff,0x7f,0xc0,0x03,0xff,0x1f,0x80,0x01,0xff,0x03,0x00,0x01,0xff,0x00,0x00,
0x01,0xff,0x00,0x00,0x03,0xff,0x00,0x00,0x07,0xfe,0x00,0x00,0x1f,0xfe,0x00,0x00,0x3f,0xfe,0x00,0x00,0xff,0xfc,0x00,0x03,
0xff,0xf8,0x00,0x07,0xff,0xf0,0x00,0x0f,0xff,0xc0,0x00,0x1f,0xff,0x80,0x00,0x3f,0xfe,0x00,0x00,0x3f,0xf8,0x00,0x00,0x7f,
0xf0,0x00,0x00,0x7f,0xe0,0x00,0x00,0x7f,0xc0,0x00,0x00,0x7f,0xc0,0x00,0x00,0x7f,0xc0,0x00,0x00,0x00,0x00,0x00,0x00,0x00,
0x00,0x00,0x00,0x00,0x00,0x00,0x00,0x00,0x00,0x00,0x00,0x0f,0x80,0x00,0x00,0x3f,0xc0,0x00,0x00,0x7f,0xe0,0x00,0x00,0x7f,
0xf0,0x00,0x00,0xff,0xf0,0x00,0x00,0xff,0xf0,0x00,0x00,0xff,0xf0,0x00,0x00,0xff,0xf0,0x00,0x00,0x7f,0xe0,0x00,0x00,0x7f,
0xe0,0x00,0x00,0x3f,0xc0,0x00,0x00,0x0f,0x80,0x00,0x00,0x00,0x3f,0xf8,0x00,0x00,0x00,0x01,0xff,0xff,0x00,0x00,0x00,0x07,
0xff,0xff,0xc0,0x00,0x00,0x1f,0xff,0xff,0xf0,0x00,0x00,0x7f,0xe0,0x0f,0xf8,0x00,0x00,0xff,0x00,0x01,0xfe,0x00,0x01,0xfc,
0x00,0x00,0x7f,0x00,0x03,0xf0,0x00,0x00,0x3f,0x80,0x07,0xe0,0x00,0x00,0x1f,0xc0,0x0f,0xc0,0x00,0x00,0x07,0xc0,0x0f,0x80,
0x00,0x00,0x07,0xe0,0x1f,0x80,0x0f,0xf8,0x03,0xf0,0x3f,0x00,0x7f,0xff,0x01,0xf0,0x3e,0x00,0xff,0xff,0x01,0xf8,0x3e,0x01,
0xff,0xff,0x00,0xf8,0x7c,0x03,0xff,0xff,0x00,0xf8,0x7c,0x07,0xf8,0x3f,0x00,0xf8,0x7c,0x0f,0xe0,0x3f,0x00,0x7c,0xf8,0x0f,
0xc0,0x3f,0x00,0x7c,0xf8,0x0f,0xc0,0x3f,0x00,0x7c,0xf8,0x1f,0x80,0x3f,0x00,0x7c,0xf8,0x1f,0x80,0x3f,0x00,0x7c,0xf8,0x1f,
0x80,0x3f,0x00,0x7c,0xf8,0x1f,0x80,0x3f,0x00,0x7c,0xf8,0x1f,0x80,0x3f,0x00,0x7c,0xf8,0x1f,0x80,0x3f,0x00,0xfc,0xf8,0x1f,
0x80,0x7f,0x00,0xf8,0xf8,0x1f,0xc0,0x7f,0x00,0xf8,0x7c,0x0f,0xc0,0xff,0x81,0xf8,0x7c,0x0f,0xf1,0xff,0xc3,0xf0,0x7c,0x07,
0xff,0xff,0xff,0xf0,0x7e,0x07,0xff,0xff,0xff,0xe0,0x3e,0x03,0xff,0xe7,0xff,0xc0,0x3f,0x00,0xff,0xc3,0xff,0x80,0x1f,0x80,
0x3f,0x00,0xfc,0x00,0x1f,0x80,0x00,0x00,0x00,0x00,0x0f,0xc0,0x00,0x00,0x00,0x00,0x07,0xe0,0x00,0x00,0x00,0x00,0x03,0xf8,
0x00,0x00,0x00,0x00,0x01,0xfc,0x00,0x00,0x00,0x00,0x00,0xff,0x00,0x03,0x00,0x00,0x00,0x7f,0xe0,0x1f,0x00,0x00,0x00,0x1f,
0xff,0xff,0x00,0x00,0x00,0x0f,0xff,0xff,0x00,0x00,0x00,0x01,0xff,0xff,0x00,0x00,0x00,0x00,0x3f,0xf0,0x00,0x00,0x00,0x00,
0xff,0xc0,0x00,0x00,0x00,0x01,0xff,0xc0,0x00,0x00,0x00,0x01,0xff,0xe0,0x00,0x00,0x00,0x03,0xff,0xe0,0x00,0x00,0x00,0x03,
0xff,0xe0,0x00,0x00,0x00,0x03,0xff,0xf0,0x00,0x00,0x00,0x07,0xff,0xf0,0x00,0x00,0x00,0x07,0xff,0xf0,0x00,0x00,0x00,0x07,
0xff,0xf8,0x00,0x00,0x00,0x0f,0xff,0xf8,0x00,0x00,0x00,0x0f,0xff,0xfc,0x00,0x00,0x00,0x1f,0xf7,0xfc,0x00,0x00,0x00,0x1f,
0xf7,0xfc,0x00,0x00,0x00,0x1f,0xf3,0xfe,0x00,0x00,0x00,0x3f,0xe3,0xfe,0x00,0x00,0x00,0x3f,0xe3,0xfe,0x00,0x00,0x00,0x3f,
0xe3,0xff,0x00,0x00,0x00,0x7f,0xc1,0xff,0x00,0x00,0x00,0x7f,0xc1,0xff,0x80,0x00,0x00,0xff,0xc1,0xff,0x80,0x00,0x00,0xff,
0xc0,0xff,0x80,0x00,0x00,0xff,0x80,0xff,0xc0,0x00,0x01,0xff,0x80,0xff,0xc0,0x00,0x01,0xff,0x80,0x7f,0xc0,0x00,0x01,0xff,
0x00,0x7f,0xe0,0x00,0x03,0xff,0x00,0x7f,0xe0,0x00,0x03,0xff,0x00,0x3f,0xf0,0x00,0x03,0xfe,0x00,0x3f,0xf0,0x00,0x07,0xfe,
0x00,0x3f,0xf0,0x00,0x07,0xff,0xff,0xff,0xf8,0x00,0x0f,0xff,0xff,0xff,0xf8,0x00,0x0f,0xff,0xff,0xff,0xf8,0x00,0x0f,0xff,
0xff,0xff,0xfc,0x00,0x1f,0xff,0xff,0xff,0xfc,0x00,0x1f,0xff,0xff,0xff,0xfc,0x00,0x1f,0xff,0xff,0xff,0xfe,0x00,0x3f,0xf0,
0x00,0x07,0xfe,0x00,0x3f,0xf0,0x00,0x03,0xff,0x00,0x7f,0xe0,0x00,0x03,0xff,0x00,0x7f,0xe0,0x00,0x03,0xff,0x00,0x7f,0xe0,
0x00,0x01,0xff,0x80,0xff,0xc0,0x00,0x01,0xff,0x80,0xff,0xc0,0x00,0x01,0xff,0x80,0xff,0xc0,0x00,0x00,0xff,0xc0,0xff,0xff,
0xff,0x00,0x00,0xff,0xff,0xff,0xe0,0x00,0xff,0xff,0xff,0xf8,0x00,0xff,0xff,0xff,0xfe,0x00,0xff,0xff,0xff,0xff,0x00,0xff,
0xff,0xff,0xff,0x80,0xff,0xff,0xff,0xff,0x80,0xff,0xff,0xff,0xff,0x80,0xff,0x80,0x03,0xff,0xc0,0xff,0x80,0x00,0xff,0xc0,
0xff,0x80,0x00,0x7f,0xc0,0xff,0x80,0x00,0x7f,0xc0,0xff,0x80,0x00,0x7f,0xc0,0xff,0x80,0x00,0x7f,0xc0,0xff,0x80,0x00,0x7f,
0x80,0xff,0x80,0x00,0xff,0x80,0xff,0x80,0x03,0xff,0x00,0xff,0xff,0xff,0xfe,0x00,0xff,0xff,0xff,0xfc,0x00,0xff,0xff,0xff,
0xf8,0x00,0xff,0xff,0xff,0xf8,0x00,0xff,0xff,0xff,0xfe,0x00,0xff,0xff,0xff,0xff,0x00,0xff,0xff,0xff,0xff,0x80,0xff,0x80,
0x03,0xff,0xc0,0xff,0x80,0x00,0xff,0xc0,0xff,0x80,0x00,0x7f,0xc0,0xff,0x80,0x00,0x3f,0xe0,0xff,0x80,0x00,0x3f,0xe0,0xff,
0x80,0x00,0x3f,0xe0,0xff,0x80,0x00,0x3f,0xe0,0xff,0x80,0x00,0x3f,0xe0,0xff,0x80,0x00,0x7f,0xe0,0xff,0x80,0x00,0xff,0xe0,
0xff,0x80,0x03,0xff,0xc0,0xff,0xff,0xff,0xff,0xc0,0xff,0xff,0xff,0xff,0x80,0xff,0xff,0xff,0xff,0x80,0xff,0xff,0xff,0xff,
0x00,0xff,0xff,0xff,0xfe,0x00,0xff,0xff,0xff,0xf8,0x00,0xff,0xff,0xff,0xf0,0x00,0xff,0xff,0xff,0x00,0x00,0x00,0x00,0xff,
0xc0,0x00,0x00,0x07,0xff,0xf8,0x00,0x00,0x1f,0xff,0xfe,0x00,0x00,0x7f,0xff,0xff,0x80,0x00,0xff,0xff,0xff,0xc0,0x03,0xff,
0xff,0xff,0xe0,0x07,0xff,0xff,0xff,0xf0,0x07,0xff,0xff,0xff,0xf8,0x0f,0xff,0xc0,0x7f,0xfc,0x1f,0xff,0x00,0x1f,0xfc,0x1f,
0xfc,0x00,0x0f,0xfc,0x3f,0xf8,0x00,0x07,0xe0,0x3f,0xf8,0x00,0x03,0x00,0x7f,0xf0,0x00,0x00,0x00,0x7f,0xf0,0x00,0x00,0x00,
0x7f,0xe0,0x00,0x00,0x00,0x7f,0xe0,0x00,0x00,0x00,0xff,0xe0,0x00,0x00,0x00,0xff,0xc0,0x00,0x00,0x00,0xff,0xc0,0x00,0x00,
0x00,0xff,0xc0,0x00,0x00,0x00,0xff,0xc0,0x00,0x00,0x00,0xff,0xc0,0x00,0x00,0x00,0xff,0xc0,0x00,0x00,0x00,0xff,0xc0,0x00,
0x00,0x00,0xff,0xc0,0x00,0x00,0x00,0xff,0xc0,0x00,0x00,0x00,0xff,0xe0,0x00,0x00,0x00,0x7f,0xe0,0x00,0x00,0x00,0x7f,0xe0,
0x00,0x00,0x00,0x7f,0xf0,0x00,0x00,0x00,0x7f,0xf0,0x00,0x00,0x00,0x3f,0xf8,0x00,0x03,0x80,0x3f,0xf8,0x00,0x03,0xe0,0x1f,
0xfc,0x00,0x07,0xfc,0x1f,0xff,0x00,0x1f,0xfe,0x0f,0xff,0xc0,0x7f,0xfc,0x0f,0xff,0xff,0xff,0xf8,0x07,0xff,0xff,0xff,0xf0,
0x03,0xff,0xff,0xff,0xf0,0x01,0xff,0xff,0xff,0xc0,0x00,0x7f,0xff,0xff,0x80,0x00,0x3f,0xff,0xff,0x00,0x00,0x0f,0xff,0xf8,
0x00,0x00,0x00,0xff,0xc0,0x00,0xff,0xff,0xf0,0x00,0x00,0xff,0xff,0xff,0x80,0x00,0xff,0xff,0xff,0xe0,0x00,0xff,0xff,0xff,
0xf8,0x00,0xff,0xff,0xff,0xfe,0x00,0xff,0xff,0xff,0xff,0x00,0xff,0xff,0xff,0xff,0x80,0xff,0xff,0xff,0xff,0xc0,0xff,0x80,
0x1f,0xff,0xe0,0xff,0x80,0x01,0xff,0xe0,0xff,0x80,0x00,0xff,0xf0,0xff,0x80,0x00,0x3f,0xf0,0xff,0x80,0x00,0x1f,0xf8,0xff,
0x80,0x00,0x1f,0xf8,0xff,0x80,0x00,0x0f,0xf8,0xff,0x80,0x00,0x0f,0xf8,0xff,0x80,0x00,0x0f,0xfc,0xff,0x80,0x00,0x07,0xfc,
0xff,0x80,0x00,0x07,0xfc,0xff,0x80,0x00,0x07,0xfc,0xff,0x80,0x00,0x07,0xfc,0xff,0x80,0x00,0x07,0xfc,0xff,0x80,0x00,0x07,
0xfc,0xff,0x80,0x00,0x07,0xfc,0xff,0x80,0x00,0x07,0xfc,0xff,0x80,0x00,0x07,0xfc,0xff,0x80,0x00,0x0f,0xfc,0xff,0x80,0x00,
0x0f,0xf8,0xff,0x80,0x00,0x0f,0xf8,0xff,0x80,0x00,0x1f,0xf8,0xff,0x80,0x00,0x1f,0xf8,0xff,0x80,0x00,0x3f,0xf0,0xff,0x80,
0x00,0x7f,0xf0,0xff,0x80,0x01,0xff,0xe0,0xff,0x80,0x1f,0xff,0xe0,0xff,0xff,0xff,0xff,0xc0,0xff,0xff,0xff,0xff,0x80,0xff,
0xff,0xff,0xff,0x00,0xff,0xff,0xff,0xfe,0x00,0xff,0xff,0xff,0xf8,0x00,0xff,0xff,0xff,0xe0,0x00,0xff,0xff,0xff,0x80,0x00,
0xff,0xff,0xf8,0x00,0x00,0xff,0xff,0xff,0xff,0xff,0xff,0xff,0xff,0xff,0xff,0xff,0xff,0xff,0xff,0xff,0xff,0xff,0xff,0xff,
0xff,0xff,0xff,0xff,0xff,0xff,0xff,0xff,0xff,0xff,0xff,0xff,0xff,0xff,0x80,0x00,0x00,0xff,0x80,0x00,0x00,0xff,0x80,0x00,
0x00,0xff,0x80,0x00,0x00,0xff,0x80,0x00,0x00,0xff,0x80,0x00,0x00,0xff,0x80,0x00,0x00,0xff,0x80,0x00,0x00,0xff,0x80,0x00,
0x00,0xff,0xff,0xff,0x00,0xff,0xff,0xff,0x00,0xff,0xff,0xff,0x00,0xff,0xff,0xff,0x00,0xff,0xff,0xff,0x00,0xff,0xff,0xff,
0x00,0xff,0xff,0xff,0x00,0xff,0xff,0xff,0x00,0xff,0x80,0x00,0x00,0xff,0x80,0x00,0x00,0xff,0x80,0x00,0x00,0xff,0x80,0x00,
0x00,0xff,0x80,0x00,0x00,0xff,0x80,0x00,0x00,0xff,0x80,0x00,0x00,0xff,0x80,0x00,0x00,0xff,0x80,0x00,0x00,0xff,0x80,0x00,
0x00,0xff,0xff,0xff,0xff,0xff,0xff,0xff,0xff,0xff,0xff,0xff,0xff,0xff,0xff,0xff,0xff,0xff,0xff,0xff,0xff,0xff,0xff,0xff,
0xff,0xff,0xff,0xff,0xff,0xff,0xff,0xff,0xff,0xff,0xff,0xff,0xfc,0xff,0xff,0xff,0xfc,0xff,0xff,0xff,0xfc,0xff,0xff,0xff,
0xfc,0xff,0xff,0xff,0xfc,0xff,0xff,0xff,0xfc,0xff,0xff,0xff,0xfc,0xff,0xff,0xff,0xfc,0xff,0x80,0x00,0x00,0xff,0x80,0x00,
0x00,0xff,0x80,0x00,0x00,0xff,0x80,0x00,0x00,0xff,0x80,0x00,0x00,0xff,0x80,0x00,0x00,0xff,0x80,0x00,0x00,0xff,0x80,0x00,
0x00,0xff,0x80,0x00,0x00,0xff,0x80,0x00,0x00,0xff,0x80,0x00,0x00,0xff,0xff,0xff,0xfc,0xff,0xff,0xff,0xfc,0xff,0xff,0xff,
0xfc,0xff,0xff,0xff,0xfc,0xff,0xff,0xff,0xfc,0xff,0xff,0xff,0xfc,0xff,0xff,0xff,0xfc,0xff,0xff,0xff,0xfc,0xff,0x80,0x00,
0x00,0xff,0x80,0x00,0x00,0xff,0x80,0x00,0x00,0xff,0x80,0x00,0x00,0xff,0x80,0x00,0x00,0xff,0x80,0x00,0x00,0xff,0x80,0x00,
0x00,0xff,0x80,0x00,0x00,0xff,0x80,0x00,0x00,0xff,0x80,0x00,0x00,0xff,0x80,0x00,0x00,0xff,0x80,0x00,0x00,0xff,0x80,0x00,
0x00,0xff,0x80,0x00,0x00,0xff,0x80,0x00,0x00,0xff,0x80,0x00,0x00,0xff,0x80,0x00,0x00,0x00,0x00,0xff,0xe0,0x00,0x00,0x00,
0x07,0xff,0xfc,0x00,0x00,0x00,0x1f,0xff,0xff,0x00,0x00,0x00,0x7f,0xff,0xff,0xc0,0x00,0x00,0xff,0xff,0xff,0xe0,0x00,0x01,
0xff,0xff,0xff,0xf0,0x00,0x03,0xff,0xff,0xff,0xf8,0x00,0x07,0xff,0xff,0xff,0xfc,0x00,0x0f,0xff,0xc0,0x7f,0xfe,0x00,0x1f,
0xff,0x00,0x0f,0xfe,0x00,0x1f,0xfe,0x00,0x07,0xf8,0x00,0x3f,0xfc,0x00,0x03,0xc0,0x00,0x3f,0xf8,0x00,0x00,0x00,0x00,0x7f,
0xf0,0x00,0x00,0x00,0x00,0x7f,0xf0,0x00,0x00,0x00,0x00,0x7f,0xe0,0x00,0x00,0x00,0x00,0x7f,0xe0,0x00,0x00,0x00,0x00,0xff,
0xc0,0x00,0x00,0x00,0x00,0xff,0xc0,0x00,0x00,0x00,0x00,0xff,0xc0,0x00,0x00,0x00,0x00,0xff,0xc0,0x03,0xff,0xff,0x80,0xff,
0xc0,0x03,0xff,0xff,0x80,0xff,0xc0,0x03,0xff,0xff,0x80,0xff,0xc0,0x03,0xff,0xff,0x80,0xff,0xc0,0x03,0xff,0xff,0x80,0xff,
0xc0,0x03,0xff,0xff,0x80,0xff,0xc0,0x03,0xff,0xff,0x80,0xff,0xe0,0x00,0x00,0xff,0x80,0x7f,0xe0,0x00,0x00,0xff,0x80,0x7f,
0xe0,0x00,0x00,0xff,0x80,0x7f,0xf0,0x00,0x00,0xff,0x80,0x7f,0xf0,0x00,0x00,0xff,0x80,0x3f,0xf8,0x00,0x01,0xff,0x80,0x3f,
0xfc,0x00,0x03,0xff,0x80,0x1f,0xfe,0x00,0x07,0xff,0x80,0x1f,0xff,0x00,0x0f,0xff,0x80,0x0f,0xff,0xc0,0x3f,0xff,0x80,0x0f,
0xff,0xff,0xff,0xff,0x80,0x07,0xff,0xff,0xff,0xff,0x80,0x03,0xff,0xff,0xff,0xff,0x80,0x01,0xff,0xff,0xff,0xbf,0x80,0x00,
0xff,0xff,0xff,0x3f,0x80,0x00,0x3f,0xff,0xfc,0x1f,0x80,0x00,0x0f,0xff,0xf8,0x1f,0x80,0x00,0x01,0xff,0xc0,0x00,0x00,0xff,
0x80,0x00,0x0f,0xf8,0xff,0x80,0x00,0x0f,0xf8,0xff,0x80,0x00,0x0f,0xf8,0xff,0x80,0x00,0x0f,0xf8,0xff,0x80,0x00,0x0f,0xf8,
0xff,0x80,0x00,0x0f,0xf8,0xff,0x80,0x00,0x0f,0xf8,0xff,0x80,0x00,0x0f,0xf8,0xff,0x80,0x00,0x0f,0xf8,0xff,0x80,0x00,0x0f,
0xf8,0xff,0x80,0x00,0x0f,0xf8,0xff,0x80,0x00,0x0f,0xf8,0xff,0x80,0x00,0x0f,0xf8,0xff,0x80,0x00,0x0f,0xf8,0xff,0x80,0x00,
0x0f,0xf8,0xff,0x80,0x00,0x0f,0xf8,0xff,0x80,0x00,0x0f,0xf8,0xff,0xff,0xff,0xff,0xf8,0xff,0xff,0xff,0xff,0xf8,0xff,0xff,
0xff,0xff,0xf8,0xff,0xff,0xff,0xff,0xf8,0xff,0xff,0xff,0xff,0xf8,0xff,0xff,0xff,0xff,0xf8,0xff,0xff,0xff,0xff,0xf8,0xff,
0xff,0xff,0xff,0xf8,0xff,0x80,0x00,0x0f,0xf8,0xff,0x80,0x00,0x0f,0xf8,0xff,0x80,0x00,0x0f,0xf8,0xff,0x80,0x00,0x0f,0xf8,
0xff,0x80,0x00,0x0f,0xf8,0xff,0x80,0x00,0x0f,0xf8,0xff,0x80,0x00,0x0f,0xf8,0xff,0x80,0x00,0x0f,0xf8,0xff,0x80,0x00,0x0f,
0xf8,0xff,0x80,0x00,0x0f,0xf8,0xff,0x80,0x00,0x0f,0xf8,0xff,0x80,0x00,0x0f,0xf8,0xff,0x80,0x00,0x0f,0xf8,0xff,0x80,0x00,
0x0f,0xf8,0xff,0x80,0x00,0x0f,0xf8,0xff,0x80,0x00,0x0f,0xf8,0xff,0x80,0x00,0x0f,0xf8,0xff,0x80,0x00,0x0f,0xf8,0xff,0xff,
0xf8,0xff,0xff,0xf8,0xff,0xff,0xf8,0xff,0xff,0xf8,0xff,0xff,0xf8,0xff,0xff,0xf8,0xff,0xff,0xf8,0x03,0xfe,0x00,0x03,0xfe,
0x00,0x03,0xfe,0x00,0x03,0xfe,0x00,0x03,0xfe,0x00,0x03,0xfe,0x00,0x03,0xfe,0x00,0x03,0xfe,0x00,0x03,0xfe,0x00,0x03,0xfe,
0x00,0x03,0xfe,0x00,0x03,0xfe,0x00,0x03,0xfe,0x00,0x03,0xfe,0x00,0x03,0xfe,0x00,0x03,0xfe,0x00,0x03,0xfe,0x00,0x03,0xfe,
0x00,0x03,0xfe,0x00,0x03,0xfe,0x00,0x03,0xfe,0x00,0x03,0xfe,0x00,0x03,0xfe,0x00,0x03,0xfe,0x00,0x03,0xfe,0x00,0x03,0xfe,
0x00,0x03,0xfe,0x00,0x03,0xfe,0x00,0x03,0xfe,0x00,0xff,0xff,0xf8,0xff,0xff,0xf8,0xff,0xff,0xf8,0xff,0xff,0xf8,0xff,0xff,
0xf8,0xff,0xff,0xf8,0xff,0xff,0xf8,0x00,0x00,0x03,0xfe,0x00,0x00,0x03,0xfe,0x00,0x00,0x03,0xfe,0x00,0x00,0x03,0xfe,0x00,
0x00,0x03,0xfe,0x00,0x00,0x03,0xfe,0x00,0x00,0x03,0xfe,0x00,0x00,0x03,0xfe,0x00,0x00,0x03,0xfe,0x00,0x00,0x03,0xfe,0x00,
0x00,0x03,0xfe,0x00,0x00,0x03,0xfe,0x00,0x00,0x03,0xfe,0x00,0x00,0x03,0xfe,0x00,0x00,0x03,0xfe,0x00,0x00,0x03,0xfe,0x00,
0x00,0x03,0xfe,0x00,0x00,0x03,0xfe,0x00,0x00,0x03,0xfe,0x00,0x00,0x03,0xfe,0x00,0x00,0x03,0xfe,0x00,0x00,0x03,0xfe,0x00,
0x00,0x03,0xfe,0x00,0x00,0x03,0xfe,0x00,0x00,0x03,0xfe,0x00,0x00,0x03,0xfe,0x00,0x00,0x03,0xfe,0x00,0x00,0x03,0xfe,0x00,
0x00,0x03,0xfe,0x01,0x00,0x03,0xfe,0x0f,0x80,0x03,0xfe,0x3f,0x80,0x03,0xfe,0xff,0x80,0x07,0xfc,0xff,0xc0,0x07,0xfc,0xff,
0xc0,0x0f,0xfc,0x7f,0xe0,0x0f,0xf8,0x7f,0xf8,0x3f,0xf8,0x3f,0xff,0xff,0xf8,0x3f,0xff,0xff,0xf0,0x1f,0xff,0xff,0xe0,0x0f,
0xff,0xff,0xc0,0x03,0xff,0xff,0x80,0x01,0xff,0xfe,0x00,0x00,0x3f,0xf0,0x00,0xff,0x80,0x00,0x7f,0xf0,0xff,0x80,0x00,0xff,
0xe0,0xff,0x80,0x01,0xff,0xc0,0xff,0x80,0x03,0xff,0x80,0xff,0x80,0x07,0xff,0x00,0xff,0x80,0x0f,0xff,0x00,0xff,0x80,0x1f,
0xfe,0x00,0xff,0x80,0x3f,0xfc,0x00,0xff,0x80,0x7f,0xf8,0x00,0xff,0x80,0x7f,0xf0,0x00,0xff,0x80,0xff,0xe0,0x00,0xff,0x81,
0xff,0xc0,0x00,0xff,0x83,0xff,0x80,0x00,0xff,0x87,0xff,0x00,0x00,0xff,0x8f,0xfe,0x00,0x00,0xff,0x9f,0xfc,0x00,0x00,0xff,
0xbf,0xfc,0x00,0x00,0xff,0xff,0xf8,0x00,0x00,0xff,0xff,0xf0,0x00,0x00,0xff,0xff,0xf8,0x00,0x00,0xff,0xff,0xf8,0x00,0x00,
0xff,0xff,0xfc,0x00,0x00,0xff,0xff,0xfe,0x00,0x00,0xff,0xff,0xff,0x00,0x00,0xff,0xff,0xff,0x00,0x00,0xff,0xfb,0xff,0x80,
0x00,0xff,0xf1,0xff,0xc0,0x00,0xff,0xe0,0xff,0xc0,0x00,0xff,0xe0,0xff,0xe0,0x00,0xff,0xc0,0x7f,0xf0,0x00,0xff,0x80,0x3f,
0xf8,0x00,0xff,0x80,0x3f,0xf8,0x00,0xff,0x80,0x1f,0xfc,0x00,0xff,0x80,0x0f,0xfe,0x00,0xff,0x80,0x07,0xfe,0x00,0xff,0x80,
0x07,0xff,0x00,0xff,0x80,0x03,0xff,0x80,0xff,0x80,0x01,0xff,0xc0,0xff,0x80,0x01,0xff,0xc0,0xff,0x80,0x00,0xff,0xe0,0xff,
0x80,0x00,0x7f,0xf0,0xff,0x80,0x00,0x3f,0xf8,0xff,0x80,0x00,0x3f,0xf8,0xff,0x80,0x00,0x00,0xff,0x80,0x00,0x00,0xff,0x80,
0x00,0x00,0xff,0x80,0x00,0x00,0xff,0x80,0x00,0x00,0xff,0x80,0x00,0x00,0xff,0x80,0x00,0x00,0xff,0x80,0x00,0x00,0xff,0x80,
0x00,0x00,0xff,0x80,0x00,0x00,0xff,0x80,0x00,0x00,0xff,0x80,0x00,0x00,0xff,0x80,0x00,0x00,0xff,0x80,0x00,0x00,0xff,0x80,
0x00,0x00,0xff,0x80,0x00,0x00,0xff,0x80,0x00,0x00,0xff,0x80,0x00,0x00,0xff,0x80,0x00,0x00,0xff,0x80,0x00,0x00,0xff,0x80,
0x00,0x00,0xff,0x80,0x00,0x00,0xff,0x80,0x00,0x00,0xff,0x80,0x00,0x00,0xff,0x80,0x00,0x00,0xff,0x80,0x00,0x00,0xff,0x80,
0x00,0x00,0xff,0x80,0x00,0x00,0xff,0x80,0x00,0x00,0xff,0x80,0x00,0x00,0xff,0x80,0x00,0x00,0xff,0x80,0x00,0x00,0xff,0x80,
0x00,0x00,0xff,0x80,0x00,0x00,0xff,0x80,0x00,0x00,0xff,0x80,0x00,0x00,0xff,0xff,0xff,0xfe,0xff,0xff,0xff,0xfe,0xff,0xff,
0xff,0xfe,0xff,0xff,0xff,0xfe,0xff,0xff,0xff,0xfe,0xff,0xff,0xff,0xfe,0xff,0xff,0xff,0xfe,0xff,0xff,0xff,0xfe,0xff,0xfc,
0x00,0x00,0x7f,0xfe,0xff,0xfe,0x00,0x00,0x7f,0xfe,0xff,0xfe,0x00,0x00,0xff,0xfe,0xff,0xfe,0x00,0x00,0xff,0xfe,0xff,0xff,
0x00,0x00,0xff,0xfe,0xff,0xff,0x00,0x01,0xff,0xfe,0xff,0xff,0x00,0x01,0xff,0xfe,0xff,0xff,0x00,0x01,0xff,0xfe,0xff,0xff,
0x80,0x03,0xff,0xfe,0xff,0xff,0x80,0x03,0xff,0xfe,0xff,0xbf,0x80,0x03,0xfb,0xfe,0xff,0xbf,0xc0,0x03,0xfb,0xfe,0xff,0xbf,
0xc0,0x07,0xfb,0xfe,0xff,0xbf,0xc0,0x07,0xfb,0xfe,0xff,0x9f,0xc0,0x07,0xf3,0xfe,0xff,0x9f,0xe0,0x0f,0xf3,0xfe,0xff,0x9f,
0xe0,0x0f,0xf3,0xfe,0xff,0x8f,0xe0,0x0f,0xe3,0xfe,0xff,0x8f,0xf0,0x1f,0xe3,0xfe,0xff,0x8f,0xf0,0x1f,0xe3,0xfe,0xff,0x87,
0xf0,0x1f,0xc3,0xfe,0xff,0x87,0xf8,0x1f,0xc3,0xfe,0xff,0x87,0xf8,0x3f,0xc3,0xfe,0xff,0x83,0xf8,0x3f,0x83,0xfe,0xff,0x83,
0xf8,0x3f,0x83,0xfe,0xff,0x83,0xfc,0x7f,0x83,0xfe,0xff,0x83,0xfc,0x7f,0x83,0xfe,0xff,0x81,0xfc,0x7f,0x03,0xfe,0xff,0x81,
0xfe,0xff,0x03,0xfe,0xff,0x81,0xfe,0xff,0x03,0xfe,0xff,0x80,0xfe,0xfe,0x03,0xfe,0xff,0x80,0xfe,0xfe,0x03,0xfe,0xff,0x80,
0xff,0xfe,0x03,0xfe,0xff,0x80,0x7f,0xfc,0x03,0xfe,0xff,0x80,0x7f,0xfc,0x03,0xfe,0xff,0x80,0x7f,0xfc,0x03,0xfe,0xff,0x80,
0x3f,0xf8,0x03,0xfe,0xff,0x80,0x3f,0xf8,0x03,0xfe,0xff,0x80,0x3f,0xf8,0x03,0xfe,0xff,0x80,0x3f,0xf8,0x03,0xfe,0xff,0x80,
0x1f,0xf0,0x03,0xfe,0xff,0x80,0x1f,0xf0,0x03,0xfe,0xff,0x80,0x1f,0xf0,0x03,0xfe,0xff,0xf0,0x00,0x07,0xfc,0xff,0xf8,0x00,
0x07,0xfc,0xff,0xf8,0x00,0x07,0xfc,0xff,0xfc,0x00,0x07,0xfc,0xff,0xfe,0x00,0x07,0xfc,0xff,0xfe,0x00,0x07,0xfc,0xff,0xff,
0x00,0x07,0xfc,0xff,0xff,0x00,0x07,0xfc,0xff,0xff,0x80,0x07,0xfc,0xff,0xff,0x80,0x07,0xfc,0xff,0xff,0xc0,0x07,0xfc,0xff,
0xff,0xc0,0x07,0xfc,0xff,0xbf,0xe0,0x07,0xfc,0xff,0xbf,0xe0,0x07,0xfc,0xff,0x9f,0xf0,0x07,0xfc,0xff,0x9f,0xf0,0x07,0xfc,
0xff,0x8f,0xf8,0x07,0xfc,0xff,0x8f,0xf8,0x07,0xfc,0xff,0x87,0xfc,0x07,0xfc,0xff,0x87,0xfc,0x07,0xfc,0xff,0x83,0xfe,0x07,
0xfc,0xff,0x83,0xff,0x07,0xfc,0xff,0x81,0xff,0x07,0xfc,0xff,0x80,0xff,0x87,0xfc,0xff,0x80,0xff,0x87,0xfc,0xff,0x80,0x7f,
0xc7,0xfc,0xff,0x80,0x7f,0xc7,0xfc,0xff,0x80,0x3f,0xe7,0xfc,0xff,0x80,0x3f,0xe7,0xfc,0xff,0x80,0x1f,0xf7,0xfc,0xff,0x80,
0x1f,0xf7,0xfc,0xff,0x80,0x0f,0xff,0xfc,0xff,0x80,0x0f,0xff,0xfc,0xff,0x80,0x07,0xff,0xfc,0xff,0x80,0x07,0xff,0xfc,0xff,
0x80,0x03,0xff,0xfc,0xff,0x80,0x03,0xff,0xfc,0xff,0x80,0x01,0xff,0xfc,0xff,0x80,0x00,0xff,0xfc,0xff,0x80,0x00,0xff,0xfc,
0xff,0x80,0x00,0x7f,0xfc,0xff,0x80,0x00,0x7f,0xfc,0xff,0x80,0x00,0x3f,0xfc,0x00,0x00,0x7f,0xe0,0x00,0x00,0x00,0x07,0xff,
0xfe,0x00,0x00,0x00,0x1f,0xff,0xff,0x80,0x00,0x00,0x7f,0xff,0xff,0xe0,0x00,0x00,0xff,0xff,0xff,0xf0,0x00,0x01,0xff,0xff,
0xff,0xf8,0x00,0x03,0xff,0xff,0xff,0xfc,0x00,0x07,0xff,0xff,0xff,0xfe,0x00,0x0f,0xff,0xe0,0x7f,0xff,0x00,0x1f,0xff,0x00,
0x0f,0xff,0x00,0x1f,0xfe,0x00,0x07,0xff,0x80,0x3f,0xfc,0x00,0x03,0xff,0xc0,0x3f,0xf8,0x00,0x01,0xff,0xc0,0x7f,0xf0,0x00,
0x00,0xff,0xc0,0x7f,0xf0,0x00,0x00,0xff,0xe0,0x7f,0xe0,0x00,0x00,0x7f,0xe0,0x7f,0xe0,0x00,0x00,0x7f,0xe0,0xff,0xe0,0x00,
0x00,0x7f,0xf0,0xff,0xc0,0x00,0x00,0x3f,0xf0,0xff,0xc0,0x00,0x00,0x3f,0xf0,0xff,0xc0,0x00,0x00,0x3f,0xf0,0xff,0xc0,0x00,
0x00,0x3f,0xf0,0xff,0xc0,0x00,0x00,0x3f,0xf0,0xff,0xc0,0x00,0x00,0x3f,0xf0,0xff,0xc0,0x00,0x00,0x3f,0xf0,0xff,0xc0,0x00,
0x00,0x3f,0xf0,0xff,0xc0,0x00,0x00,0x3f,0xf0,0xff,0xe0,0x00,0x00,0x7f,0xf0,0x7f,0xe0,0x00,0x00,0x7f,0xe0,0x7f,0xe0,0x00,
0x00,0x7f,0xe0,0x7f,0xf0,0x00,0x00,0xff,0xe0,0x7f,0xf0,0x00,0x00,0xff,0xc0,0x3f,0xf8,0x00,0x01,0xff,0xc0,0x3f,0xfc,0x00,
0x03,0xff,0xc0,0x1f,0xfe,0x00,0x07,0xff,0x80,0x1f,0xff,0x00,0x0f,0xff,0x00,0x0f,0xff,0xe0,0x7f,0xff,0x00,0x07,0xff,0xff,
0xff,0xfe,0x00,0x03,0xff,0xff,0xff,0xfc,0x00,0x01,0xff,0xff,0xff,0xf8,0x00,0x00,0xff,0xff,0xff,0xf0,0x00,0x00,0x7f,0xff,
0xff,0xe0,0x00,0x00,0x1f,0xff,0xff,0x80,0x00,0x00,0x07,0xff,0xfe,0x00,0x00,0x00,0x00,0x7f,0xe0,0x00,0x00,0xff,0xff,0xff,
0x00,0x00,0xff,0xff,0xff,0xe0,0x00,0xff,0xff,0xff,0xf8,0x00,0xff,0xff,0xff,0xfc,0x00,0xff,0xff,0xff,0xfe,0x00,0xff,0xff,
0xff,0xff,0x00,0xff,0xff,0xff,0xff,0x80,0xff,0xff,0xff,0xff,0xc0,0xff,0x80,0x07,0xff,0xc0,0xff,0x80,0x01,0xff,0xc0,0xff,
0x80,0x00,0xff,0xe0,0xff,0x80,0x00,0x7f,0xe0,0xff,0x80,0x00,0x7f,0xe0,0xff,0x80,0x00,0x7f,0xe0,0xff,0x80,0x00,0x7f,0xe0,
0xff,0x80,0x00,0x7f,0xe0,0xff,0x80,0x00,0x7f,0xe0,0xff,0x80,0x00,0xff,0xe0,0xff,0x80,0x01,0xff,0xc0,0xff,0x80,0x07,0xff,
0xc0,0xff,0xff,0xff,0xff,0xc0,0xff,0xff,0xff,0xff,0x80,0xff,0xff,0xff,0xff,0x00,0xff,0xff,0xff,0xfe,0x00,0xff,0xff,0xff,
0xfc,0x00,0xff,0xff,0xff,0xf8,0x00,0xff,0xff,0xff,0xe0,0x00,0xff,0xff,0xfe,0x00,0x00,0xff,0x80,0x00,0x00,0x00,0xff,0x80,
0x00,0x00,0x00,0xff,0x80,0x00,0x00,0x00,0xff,0x80,0x00,0x00,0x00,0xff,0x80,0x00,0x00,0x00,0xff,0x80,0x00,0x00,0x00,0xff,
0x80,0x00,0x00,0x00,0xff,0x80,0x00,0x00,0x00,0xff,0x80,0x00,0x00,0x00,0xff,0x80,0x00,0x00,0x00,0xff,0x80,0x00,0x00,0x00,
0xff,0x80,0x00,0x00,0x00,0xff,0x80,0x00,0x00,0x00,0xff,0x80,0x00,0x00,0x00,0xff,0x80,0x00,0x00,0x00,0xff,0x80,0x00,0x00,
0x00,0x00,0x00,0x7f,0xe0,0x00,0x00,0x00,0x07,0xff,0xfe,0x00,0x00,0x00,0x1f,0xff,0xff,0x80,0x00,0x00,0x7f,0xff,0xff,0xe0,
0x00,0x00,0xff,0xff,0xff,0xf0,0x00,0x01,0xff,0xff,0xff,0xf8,0x00,0x03,0xff,0xff,0xff,0xfc,0x00,0x07,0xff,0xff,0xff,0xfe,
0x00,0x0f,0xff,0xe0,0x7f,0xff,0x00,0x1f,0xff,0x00,0x0f,0xff,0x00,0x1f,0xfe,0x00,0x07,0xff,0x80,0x3f,0xfc,0x00,0x03,0xff,
0xc0,0x3f,0xf8,0x00,0x01,0xff,0xc0,0x7f,0xf0,0x00,0x00,0xff,0xe0,0x7f,0xf0,0x00,0x00,0xff,0xe0,0x7f,0xe0,0x00,0x00,0x7f,
0xe0,0x7f,0xe0,0x00,0x00,0x7f,0xe0,0xff,0xe0,0x00,0x00,0x7f,0xf0,0xff,0xc0,0x00,0x00,0x3f,0xf0,0xff,0xc0,0x00,0x00,0x3f,
0xf0,0xff,0xc0,0x00,0x80,0x3f,0xf0,0xff,0xc0,0x01,0xc0,0x3f,0xf0,0xff,0xc0,0x03,0xe0,0x3f,0xf0,0xff,0xc0,0x07,0xf0,0x3f,
0xf0,0xff,0xc0,0x0f,0xf8,0x3f,0xf0,0xff,0xc0,0x1f,0xfc,0x3f,0xf0,0xff,0xc0,0x0f,0xfe,0x3f,0xf0,0xff,0xe0,0x07,0xff,0x7f,
0xf0,0x7f,0xe0,0x03,0xff,0xff,0xe0,0x7f,0xe0,0x00,0xff,0xff,0xe0,0x7f,0xf0,0x00,0x7f,0xff,0xe0,0x7f,0xf0,0x00,0x3f,0xff,
0xc0,0x3f,0xf8,0x00,0x1f,0xff,0xc0,0x3f,0xfc,0x00,0x0f,0xff,0x80,0x1f,0xfe,0x00,0x07,0xff,0x80,0x1f,0xff,0x00,0x0f,0xff,
0x80,0x0f,0xff,0xe0,0x7f,0xff,0xc0,0x07,0xff,0xff,0xff,0xff,0xe0,0x03,0xff,0xff,0xff,0xff,0xf0,0x01,0xff,0xff,0xff,0xff,
0xf8,0x00,0xff,0xff,0xff,0xff,0xfc,0x00,0x7f,0xff,0xff,0xcf,0xfe,0x00,0x1f,0xff,0xff,0x87,0xfe,0x00,0x07,0xff,0xfe,0x03,
0xfc,0x00,0x00,0x7f,0xe0,0x01,0xf8,0x00,0x00,0x00,0x00,0x00,0xf0,0x00,0x00,0x00,0x00,0x00,0x70,0x00,0x00,0x00,0x00,0x00,
0x20,0xff,0xff,0xff,0x00,0x00,0xff,0xff,0xff,0xe0,0x00,0xff,0xff,0xff,0xf8,0x00,0xff,0xff,0xff,0xfe,0x00,0xff,0xff,0xff,
0xff,0x00,0xff,0xff,0xff,0xff,0x80,0xff,0xff,0xff,0xff,0x80,0xff,0xff,0xff,0xff,0xc0,0xff,0x80,0x03,0xff,0xc0,0xff,0x80,
0x01,0xff,0xe0,0xff,0x80,0x00,0xff,0xe0,0xff,0x80,0x00,0x7f,0xe0,0xff,0x80,0x00,0x7f,0xe0,0xff,0x80,0x00,0x7f,0xe0,0xff,
0x80,0x00,0x7f,0xe0,0xff,0x80,0x00,0x7f,0xe0,0xff,0x80,0x00,0xff,0xe0,0xff,0x80,0x01,0xff,0xe0,0xff,0x80,0x03,0xff,0xc0,
0xff,0xff,0xff,0xff,0xc0,0xff,0xff,0xff,0xff,0x80,0xff,0xff,0xff,0xff,0x00,0xff,0xff,0xff,0xff,0x00,0xff,0xff,0xff,0xfc,
0x00,0xff,0xff,0xff,0xf8,0x00,0xff,0xff,0xff,0xe0,0x00,0xff,0xff,0xff,0x80,0x00,0xff,0x83,0xff,0x80,0x00,0xff,0x81,0xff,
0xc0,0x00,0xff,0x80,0xff,0xe0,0x00,0xff,0x80,0x7f,0xf0,0x00,0xff,0x80,0x7f,0xf0,0x00,0xff,0x80,0x3f,0xf8,0x00,0xff,0x80,
0x1f,0xfc,0x00,0xff,0x80,0x1f,0xfc,0x00,0xff,0x80,0x0f,0xfe,0x00,0xff,0x80,0x07,0xff,0x00,0xff,0x80,0x03,0xff,0x80,0xff,
0x80,0x03,0xff,0x80,0xff,0x80,0x01,0xff,0xc0,0xff,0x80,0x00,0xff,0xe0,0xff,0x80,0x00,0xff,0xe0,0xff,0x80,0x00,0x7f,0xf0,
0xff,0x80,0x00,0x3f,0xf8,0x00,0x03,0xff,0x00,0x00,0x00,0x3f,0xff,0xe0,0x00,0x00,0xff,0xff,0xf8,0x00,0x03,0xff,0xff,0xfe,
0x00,0x07,0xff,0xff,0xff,0x00,0x0f,0xff,0xff,0xff,0x80,0x1f,0xff,0xff,0xff,0xc0,0x1f,0xfc,0x07,0xff,0xc0,0x3f,0xf0,0x00,
0xff,0xe0,0x3f,0xe0,0x00,0x7f,0x80,0x7f,0xc0,0x00,0x3c,0x00,0x7f,0xc0,0x00,0x20,0x00,0x7f,0xc0,0x00,0x00,0x00,0x7f,0xc0,
0x00,0x00,0x00,0x7f,0xe0,0x00,0x00,0x00,0x7f,0xf0,0x00,0x00,0x00,0x7f,0xfe,0x00,0x00,0x00,0x3f,0xff,0xf0,0x00,0x00,0x3f,
0xff,0xff,0x00,0x00,0x1f,0xff,0xff,0xe0,0x00,0x1f,0xff,0xff,0xfc,0x00,0x0f,0xff,0xff,0xfe,0x00,0x03,0xff,0xff,0xff,0x80,
0x01,0xff,0xff,0xff,0xc0,0x00,0x7f,0xff,0xff,0xc0,0x00,0x07,0xff,0xff,0xe0,0x00,0x00,0x7f,0xff,0xe0,0x00,0x00,0x03,0xff,
0xf0,0x00,0x00,0x00,0xff,0xf0,0x00,0x00,0x00,0x3f,0xf0,0x00,0x00,0x00,0x1f,0xf0,0x00,0x00,0x00,0x1f,0xf0,0x07,0x80,0x00,
0x1f,0xf0,0x1f,0x80,0x00,0x1f,0xf0,0xff,0xc0,0x00,0x1f,0xe0,0xff,0xe0,0x00,0x3f,0xe0,0x7f,0xf0,0x00,0x7f,0xe0,0x7f,0xfe,
0x01,0xff,0xc0,0x3f,0xff,0xff,0xff,0x80,0x1f,0xff,0xff,0xff,0x80,0x0f,0xff,0xff,0xff,0x00,0x07,0xff,0xff,0xfc,0x00,0x01,
0xff,0xff,0xf8,0x00,0x00,0x7f,0xff,0xe0,0x00,0x00,0x07,0xfe,0x00,0x00,0xff,0xff,0xff,0xff,0xf8,0xff,0xff,0xff,0xff,0xf8,
0xff,0xff,0xff,0xff,0xf8,0xff,0xff,0xff,0xff,0xf8,0xff,0xff,0xff,0xff,0xf8,0xff,0xff,0xff,0xff,0xf8,0xff,0xff,0xff,0xff,
0xf8,0xff,0xff,0xff,0xff,0xf8,0x00,0x03,0xfe,0x00,0x00,0x00,0x03,0xfe,0x00,0x00,0x00,0x03,0xfe,0x00,0x00,0x00,0x03,0xfe,
0x00,0x00,0x00,0x03,0xfe,0x00,0x00,0x00,0x03,0xfe,0x00,0x00,0x00,0x03,0xfe,0x00,0x00,0x00,0x03,0xfe,0x00,0x00,0x00,0x03,
0xfe,0x00,0x00,0x00,0x03,0xfe,0x00,0x00,0x00,0x03,0xfe,0x00,0x00,0x00,0x03,0xfe,0x00,0x00,0x00,0x03,0xfe,0x00,0x00,0x00,
0x03,0xfe,0x00,0x00,0x00,0x03,0xfe,0x00,0x00,0x00,0x03,0xfe,0x00,0x00,0x00,0x03,0xfe,0x00,0x00,0x00,0x03,0xfe,0x00,0x00,
0x00,0x03,0xfe,0x00,0x00,0x00,0x03,0xfe,0x00,0x00,0x00,0x03,0xfe,0x00,0x00,0x00,0x03,0xfe,0x00,0x00,0x00,0x03,0xfe,0x00,
0x00,0x00,0x03,0xfe,0x00,0x00,0x00,0x03,0xfe,0x00,0x00,0x00,0x03,0xfe,0x00,0x00,0x00,0x03,0xfe,0x00,0x00,0x00,0x03,0xfe,
0x00,0x00,0x00,0x03,0xfe,0x00,0x00,0x00,0x03,0xfe,0x00,0x00,0x00,0x03,0xfe,0x00,0x00,0x00,0x03,0xfe,0x00,0x00,0x00,0x03,
0xfe,0x00,0x00,0x00,0x03,0xfe,0x00,0x00,0x00,0x03,0xfe,0x00,0x00,0xff,0x80,0x00,0x1f,0xf0,0xff,0x80,0x00,0x1f,0xf0,0xff,
0x80,0x00,0x1f,0xf0,0xff,0x80,0x00,0x1f,0xf0,0xff,0x80,0x00,0x1f,0xf0,0xff,0x80,0x00,0x1f,0xf0,0xff,0x80,0x00,0x1f,0xf0,
0xff,0x80,0x00,0x1f,0xf0,0xff,0x80,0x00,0x1f,0xf0,0xff,0x80,0x00,0x1f,0xf0,0xff,0x80,0x00,0x1f,0xf0,0xff,0x80,0x00,0x1f,
0xf0,0xff,0x80,0x00,0x1f,0xf0,0xff,0x80,0x00,0x1f,0xf0,0xff,0x80,0x00,0x1f,0xf0,0xff,0x80,0x00,0x1f,0xf0,0xff,0x80,0x00,
0x1f,0xf0,0xff,0x80,0x00,0x1f,0xf0,0xff,0x80,0x00,0x1f,0xf0,0xff,0x80,0x00,0x1f,0xf0,0xff,0x80,0x00,0x1f,0xf0,0xff,0x80,
0x00,0x1f,0xf0,0xff,0x80,0x00,0x1f,0xf0,0xff,0x80,0x00,0x1f,0xf0,0xff,0x80,0x00,0x1f,0xf0,0xff,0x80,0x00,0x1f,0xf0,0xff,
0x80,0x00,0x1f,0xf0,0xff,0x80,0x00,0x1f,0xf0,0xff,0x80,0x00,0x1f,0xf0,0xff,0x80,0x00,0x1f,0xf0,0xff,0xc0,0x00,0x3f,0xf0,
0x7f,0xc0,0x00,0x3f,0xe0,0x7f,0xc0,0x00,0x3f,0xe0,0x7f,0xe0,0x00,0x7f,0xe0,0x7f,0xf0,0x00,0xff,0xc0,0x3f,0xfc,0x03,0xff,
0xc0,0x3f,0xff,0xff,0xff,0xc0,0x1f,0xff,0xff,0xff,0x80,0x0f,0xff,0xff,0xff,0x00,0x0f,0xff,0xff,0xff,0x00,0x07,0xff,0xff,
0xfe,0x00,0x01,0xff,0xff,0xf8,0x00,0x00,0x7f,0xff,0xe0,0x00,0x00,0x0f,0xff,0x00,0x00,0xff,0x80,0x00,0x03,0xff,0xff,0xc0,
0x00,0x07,0xfe,0xff,0xc0,0x00,0x07,0xfe,0x7f,0xc0,0x00,0x07,0xfe,0x7f,0xe0,0x00,0x0f,0xfc,0x7f,0xe0,0x00,0x0f,0xfc,0x3f,
0xe0,0x00,0x0f,0xfc,0x3f,0xf0,0x00,0x0f,0xf8,0x3f,0xf0,0x00,0x1f,0xf8,0x1f,0xf0,0x00,0x1f,0xf8,0x1f,0xf8,0x00,0x1f,0xf0,
0x1f,0xf8,0x00,0x3f,0xf0,0x0f,0xf8,0x00,0x3f,0xf0,0x0f,0xf8,0x00,0x3f,0xe0,0x0f,0xfc,0x00,0x7f,0xe0,0x07,0xfc,0x00,0x7f,
0xe0,0x07,0xfc,0x00,0x7f,0xc0,0x07,0xfe,0x00,0xff,0xc0,0x03,0xfe,0x00,0xff,0xc0,0x03,0xfe,0x00,0xff,0x80,0x03,0xff,0x00,
0xff,0x80,0x01,0xff,0x01,0xff,0x80,0x01,0xff,0x01,0xff,0x00,0x01,0xff,0x81,0xff,0x00,0x00,0xff,0x83,0xff,0x00,0x00,0xff,
0x83,0xfe,0x00,0x00,0xff,0x83,0xfe,0x00,0x00,0x7f,0xc7,0xfe,0x00,0x00,0x7f,0xc7,0xfc,0x00,0x00,0x7f,0xc7,0xfc,0x00,0x00,
0x3f,0xef,0xfc,0x00,0x00,0x3f,0xef,0xf8,0x00,0x00,0x3f,0xef,0xf8,0x00,0x00,0x1f,0xff,0xf8,0x00,0x00,0x1f,0xff,0xf0,0x00,
0x00,0x1f,0xff,0xf0,0x00,0x00,0x0f,0xff,0xf0,0x00,0x00,0x0f,0xff,0xe0,0x00,0x00,0x0f,0xff,0xe0,0x00,0x00,0x07,0xff,0xe0,
0x00,0x00,0x07,0xff,0xc0,0x00,0x00,0x07,0xff,0xc0,0x00,0x00,0x03,0xff,0xc0,0x00,0x00,0x03,0xff,0x80,0x00,0xff,0x80,0x03,
0xff,0x00,0x07,0xfe,0xff,0xc0,0x03,0xff,0x00,0x07,0xfe,0x7f,0xc0,0x03,0xff,0x80,0x07,0xfc,0x7f,0xc0,0x03,0xff,0x80,0x07,
0xfc,0x7f,0xc0,0x03,0xff,0x80,0x0f,0xfc,0x7f,0xc0,0x07,0xff,0x80,0x0f,0xfc,0x7f,0xe0,0x07,0xff,0xc0,0x0f,0xf8,0x3f,0xe0,
0x07,0xff,0xc0,0x0f,0xf8,0x3f,0xe0,0x07,0xff,0xc0,0x0f,0xf8,0x3f,0xe0,0x07,0xff,0xc0,0x1f,0xf8,0x3f,0xe0,0x0f,0xff,0xc0,
0x1f,0xf0,0x1f,0xf0,0x0f,0xff,0xe0,0x1f,0xf0,0x1f,0xf0,0x0f,0xff,0xe0,0x1f,0xf0,0x1f,0xf0,0x0f,0xef,0xe0,0x1f,0xf0,0x1f,
0xf0,0x1f,0xef,0xe0,0x3f,0xe0,0x0f,0xf8,0x1f,0xef,0xe0,0x3f,0xe0,0x0f,0xf8,0x1f,0xcf,0xf0,0x3f,0xe0,0x0f,0xf8,0x1f,0xcf,
0xf0,0x3f,0xe0,0x0f,0xf8,0x1f,0xc7,0xf0,0x3f,0xc0,0x07,0xf8,0x3f,0xc7,0xf0,0x7f,0xc0,0x07,0xfc,0x3f,0xc7,0xf8,0x7f,0xc0,
0x07,0xfc,0x3f,0x87,0xf8,0x7f,0xc0,0x07,0xfc,0x3f,0x83,0xf8,0x7f,0x80,0x03,0xfc,0x3f,0x83,0xf8,0x7f,0x80,0x03,0xfc,0x7f,
0x83,0xf8,0xff,0x80,0x03,0xfe,0x7f,0x83,0xfc,0xff,0x80,0x03,0xfe,0x7f,0x03,0xfc,0xff,0x80,0x03,0xfe,0x7f,0x01,0xfc,0xff,
0x00,0x01,0xfe,0xff,0x01,0xfc,0xff,0x00,0x01,0xfe,0xff,0x01,0xfd,0xff,0x00,0x01,0xff,0xfe,0x01,0xff,0xff,0x00,0x01,0xff,
0xfe,0x01,0xff,0xfe,0x00,0x00,0xff,0xfe,0x00,0xff,0xfe,0x00,0x00,0xff,0xfe,0x00,0xff,0xfe,0x00,0x00,0xff,0xfe,0x00,0xff,
0xfe,0x00,0x00,0xff,0xfc,0x00,0xff,0xfc,0x00,0x00,0x7f,0xfc,0x00,0x7f,0xfc,0x00,0x00,0x7f,0xfc,0x00,0x7f,0xfc,0x00,0x00,
0x7f,0xfc,0x00,0x7f,0xfc,0x00,0x00,0x7f,0xf8,0x00,0x7f,0xf8,0x00,0x00,0x3f,0xf8,0x00,0x7f,0xf8,0x00,0x00,0x3f,0xf8,0x00,
0x3f,0xf8,0x00,0x00,0x3f,0xf8,0x00,0x3f,0xf8,0x00,0x00,0x3f,0xf8,0x00,0x3f,0xf0,0x00,0x7f,0xf0,0x00,0x03,0xff,0x80,0x3f,
0xf8,0x00,0x07,0xff,0x00,0x3f,0xfc,0x00,0x0f,0xff,0x00,0x1f,0xfc,0x00,0x0f,0xfe,0x00,0x0f,0xfe,0x00,0x1f,0xfc,0x00,0x0f,
0xff,0x00,0x3f,0xf8,0x00,0x07,0xff,0x00,0x7f,0xf8,0x00,0x03,0xff,0x80,0x7f,0xf0,0x00,0x01,0xff,0xc0,0xff,0xe0,0x00,0x01,
0xff,0xc1,0xff,0xe0,0x00,0x00,0xff,0xe1,0xff,0xc0,0x00,0x00,0x7f,0xf3,0xff,0x80,0x00,0x00,0x7f,0xff,0xff,0x00,0x00,0x00,
0x3f,0xff,0xff,0x00,0x00,0x00,0x1f,0xff,0xfe,0x00,0x00,0x00,0x1f,0xff,0xfc,0x00,0x00,0x00,0x0f,0xff,0xfc,0x00,0x00,0x00,
0x07,0xff,0xf8,0x00,0x00,0x00,0x03,0xff,0xf0,0x00,0x00,0x00,0x03,0xff,0xf0,0x00,0x00,0x00,0x01,0xff,0xe0,0x00,0x00,0x00,
0x01,0xff,0xe0,0x00,0x00,0x00,0x03,0xff,0xf0,0x00,0x00,0x00,0x07,0xff,0xf0,0x00,0x00,0x00,0x07,0xff,0xf8,0x00,0x00,0x00,
0x0f,0xff,0xfc,0x00,0x00,0x00,0x1f,0xff,0xfc,0x00,0x00,0x00,0x1f,0xff,0xfe,0x00,0x00,0x00,0x3f,0xff,0xff,0x00,0x00,0x00,
0x7f,0xf7,0xff,0x80,0x00,0x00,0xff,0xf3,0xff,0x80,0x00,0x00,0xff,0xe1,0xff,0xc0,0x00,0x01,0xff,0xc0,0xff,0xe0,0x00,0x03,
0xff,0xc0,0xff,0xe0,0x00,0x03,0xff,0x80,0x7f,0xf0,0x00,0x07,0xff,0x00,0x3f,0xf8,0x00,0x0f,0xfe,0x00,0x3f,0xfc,0x00,0x0f,
0xfe,0x00,0x1f,0xfc,0x00,0x1f,0xfc,0x00,0x0f,0xfe,0x00,0x3f,0xf8,0x00,0x0f,0xff,0x00,0x7f,0xf8,0x00,0x07,0xff,0x00,0x7f,
0xf0,0x00,0x03,0xff,0x80,0xff,0xe0,0x00,0x01,0xff,0xc0,0xff,0xe0,0x00,0x03,0xff,0x80,0xff,0xe0,0x00,0x03,0xff,0x80,0x7f,
0xf0,0x00,0x07,0xff,0x00,0x3f,0xf0,0x00,0x07,0xfe,0x00,0x3f,0xf8,0x00,0x0f,0xfe,0x00,0x1f,0xf8,0x00,0x1f,0xfc,0x00,0x0f,
0xfc,0x00,0x1f,0xf8,0x00,0x0f,0xfe,0x00,0x3f,0xf8,0x00,0x07,0xfe,0x00,0x3f,0xf0,0x00,0x07,0xff,0x00,0x7f,0xf0,0x00,0x03,
0xff,0x00,0x7f,0xe0,0x00,0x01,0xff,0x80,0xff,0xc0,0x00,0x01,0xff,0x80,0xff,0xc0,0x00,0x00,0xff,0xc1,0xff,0x80,0x00,0x00,
0xff,0xe3,0xff,0x80,0x00,0x00,0x7f,0xe3,0xff,0x00,0x00,0x00,0x3f,0xf7,0xfe,0x00,0x00,0x00,0x3f,0xf7,0xfe,0x00,0x00,0x00,
0x1f,0xff,0xfc,0x00,0x00,0x00,0x1f,0xff,0xfc,0x00,0x00,0x00,0x0f,0xff,0xf8,0x00,0x00,0x00,0x07,0xff,0xf0,0x00,0x00,0x00,
0x07,0xff,0xf0,0x00,0x00,0x00,0x03,0xff,0xe0,0x00,0x00,0x00,0x03,0xff,0xe0,0x00,0x00,0x00,0x01,0xff,0xc0,0x00,0x00,0x00,
0x00,0xff,0x80,0x00,0x00,0x00,0x00,0xff,0x80,0x00,0x00,0x00,0x00,0xff,0x80,0x00,0x00,0x00,0x00,0xff,0x80,0x00,0x00,0x00,
0x00,0xff,0x80,0x00,0x00,0x00,0x00,0xff,0x80,0x00,0x00,0x00,0x00,0xff,0x80,0x00,0x00,0x00,0x00,0xff,0x80,0x00,0x00,0x00,
0x00,0xff,0x80,0x00,0x00,0x00,0x00,0xff,0x80,0x00,0x00,0x00,0x00,0xff,0x80,0x00,0x00,0x00,0x00,0xff,0x80,0x00,0x00,0x00,
0x00,0xff,0x80,0x00,0x00,0x00,0x00,0xff,0x80,0x00,0x00,0x00,0x00,0xff,0x80,0x00,0x00,0x00,0x00,0xff,0x80,0x00,0x00,0x00,
0x00,0xff,0x80,0x00,0x00,0x00,0x00,0xff,0x80,0x00,0x00,0x7f,0xff,0xff,0xff,0xc0,0x7f,0xff,0xff,0xff,0xc0,0x7f,0xff,0xff,
0xff,0xc0,0x7f,0xff,0xff,0xff,0xc0,0x7f,0xff,0xff,0xff,0xc0,0x7f,0xff,0xff,0xff,0xc0,0x7f,0xff,0xff,0xff,0xc0,0x7f,0xff,
0xff,0xff,0xc0,0x00,0x00,0x03,0xff,0x80,0x00,0x00,0x07,0xff,0x00,0x00,0x00,0x0f,0xfe,0x00,0x00,0x00,0x1f,0xfe,0x00,0x00,
0x00,0x1f,0xfc,0x00,0x00,0x00,0x3f,0xf8,0x00,0x00,0x00,0x7f,0xf0,0x00,0x00,0x00,0xff,0xe0,0x00,0x00,0x01,0xff,0xe0,0x00,
0x00,0x01,0xff,0xc0,0x00,0x00,0x03,0xff,0x80,0x00,0x00,0x07,0xff,0x00,0x00,0x00,0x0f,0xfe,0x00,0x00,0x00,0x1f,0xfe,0x00,
0x00,0x00,0x1f,0xfc,0x00,0x00,0x00,0x3f,0xf8,0x00,0x00,0x00,0x7f,0xf0,0x00,0x00,0x00,0xff,0xf0,0x00,0x00,0x01,0xff,0xe0,
0x00,0x00,0x01,0xff,0xc0,0x00,0x00,0x03,0xff,0x80,0x00,0x00,0x07,0xff,0x00,0x00,0x00,0x0f,0xff,0x00,0x00,0x00,0x1f,0xfe,
0x00,0x00,0x00,0x1f,0xfc,0x00,0x00,0x00,0x3f,0xf8,0x00,0x00,0x00,0x7f,0xf8,0x00,0x00,0x00,0xff,0xff,0xff,0xff,0xe0,0xff,
0xff,0xff,0xff,0xe0,0xff,0xff,0xff,0xff,0xe0,0xff,0xff,0xff,0xff,0xe0,0xff,0xff,0xff,0xff,0xe0,0xff,0xff,0xff,0xff,0xe0,
0xff,0xff,0xff,0xff,0xe0,0xff,0xff,0xff,0xff,0xe0,0xff,0xff,0xff,0xff,0xff,0xff,0xff,0xff,0xff,0xff,0xff,0xff,0xff,0xff,
0xff,0x00,0xff,0x00,0xff,0x00,0xff,0x00,0xff,0x00,0xff,0x00,0xff,0x00,0xff,0x00,0xff,0x00,0xff,0x00,0xff,0x00,0xff,0x00,
0xff,0x00,0xff,0x00,0xff,0x00,0xff,0x00,0xff,0x00,0xff,0x00,0xff,0x00,0xff,0x00,0xff,0x00,0xff,0x00,0xff,0x00,0xff,0x00,
0xff,0x00,0xff,0x00,0xff,0x00,0xff,0x00,0xff,0x00,0xff,0x00,0xff,0x00,0xff,0x00,0xff,0x00,0xff,0x00,0xff,0x00,0xff,0x00,
0xff,0x00,0xff,0x00,0xff,0x00,0xff,0x00,0xff,0x00,0xff,0x00,0xff,0xff,0xff,0xff,0xff,0xff,0xff,0xff,0xff,0xff,0xff,0xff,
0xff,0xff,0xff,0x80,0x00,0x00,0x7f,0x80,0x00,0x00,0x7f,0xc0,0x00,0x00,0x7f,0xc0,0x00,0x00,0x3f,0xc0,0x00,0x00,0x3f,0xe0,
0x00,0x00,0x3f,0xe0,0x00,0x00,0x1f,0xe0,0x00,0x00,0x1f,0xf0,0x00,0x00,0x1f,0xf0,0x00,0x00,0x0f,0xf0,0x00,0x00,0x0f,0xf8,
0x00,0x00,0x0f,0xf8,0x00,0x00,0x07,0xf8,0x00,0x00,0x07,0xfc,0x00,0x00,0x07,0xfc,0x00,0x00,0x03,0xfc,0x00,0x00,0x03,0xfe,
0x00,0x00,0x03,0xfe,0x00,0x00,0x03,0xfe,0x00,0x00,0x01,0xff,0x00,0x00,0x01,0xff,0x00,0x00,0x01,0xff,0x00,0x00,0x00,0xff,
0x00,0x00,0x00,0xff,0x80,0x00,0x00,0xff,0x80,0x00,0x00,0x7f,0x80,0x00,0x00,0x7f,0xc0,0x00,0x00,0x7f,0xc0,0x00,0x00,0x3f,
0xc0,0x00,0x00,0x3f,0xe0,0x00,0x00,0x3f,0xe0,0x00,0x00,0x1f,0xe0,0x00,0x00,0x1f,0xf0,0x00,0x00,0x1f,0xf0,0x00,0x00,0x0f,
0xf0,0x00,0x00,0x0f,0xf8,0x00,0x00,0x0f,0xf8,0x00,0x00,0x07,0xf8,0x00,0x00,0x07,0xfc,0x00,0x00,0x07,0xfc,0x00,0x00,0x03,
0xfc,0x00,0x00,0x03,0xfe,0x00,0x00,0x03,0xfe,0x00,0x00,0x01,0xfe,0x00,0x00,0x01,0xff,0x00,0x00,0x01,0xff,0x00,0x00,0x00,
0xff,0x00,0x00,0x00,0xff,0x80,0x00,0x00,0xff,0x80,0x00,0x00,0x7f,0x80,0x00,0x00,0x7f,0xc0,0xff,0xff,0xff,0xff,0xff,0xff,
0xff,0xff,0xff,0xff,0xff,0xff,0xff,0xff,0x00,0xff,0x00,0xff,0x00,0xff,0x00,0xff,0x00,0xff,0x00,0xff,0x00,0xff,0x00,0xff,
0x00,0xff,0x00,0xff,0x00,0xff,0x00,0xff,0x00,0xff,0x00,0xff,0x00,0xff,0x00,0xff,0x00,0xff,0x00,0xff,0x00,0xff,0x00,0xff,
0x00,0xff,0x00,0xff,0x00,0xff,0x00,0xff,0x00,0xff,0x00,0xff,0x00,0xff,0x00,0xff,0x00,0xff,0x00,0xff,0x00,0xff,0x00,0xff,
0x00,0xff,0x00,0xff,0x00,0xff,0x00,0xff,0x00,0xff,0x00,0xff,0x00,0xff,0x00,0xff,0x00,0xff,0x00,0xff,0xff,0xff,0xff,0xff,
0xff,0xff,0xff,0xff,0xff,0xff,0xff,0xff,0xff,0xff,0x00,0x1f,0xc0,0x00,0x00,0x3f,0xe0,0x00,0x00,0x3f,0xe0,0x00,0x00,0x7f,
0xf0,0x00,0x00,0x7f,0xf0,0x00,0x00,0xff,0xf8,0x00,0x00,0xff,0xf8,0x00,0x01,0xff,0xfc,0x00,0x01,0xff,0xfc,0x00,0x03,0xff,
0xfe,0x00,0x03,0xfd,0xfe,0x00,0x07,0xfc,0xff,0x00,0x07,0xf8,0xff,0x00,0x0f,0xf8,0x7f,0x80,0x0f,0xf0,0x7f,0x80,0x1f,0xf0,
0x3f,0xc0,0x1f,0xe0,0x3f,0xe0,0x3f,0xe0,0x1f,0xe0,0x3f,0xc0,0x1f,0xf0,0x7f,0xc0,0x0f,0xf0,0x7f,0x80,0x0f,0xf8,0xff,0x80,
0x07,0xf8,0xff,0x00,0x07,0xfc,0xff,0xff,0xff,0xc0,0xff,0xff,0xff,0xc0,0xff,0xff,0xff,0xc0,0xff,0xff,0xff,0xc0,0xff,0xff,
0xff,0xc0,0xff,0xff,0xff,0xc0,0xff,0xff,0xff,0xc0,0x7c,0x00,0xfe,0x00,0xff,0x00,0xff,0x00,0x7f,0x80,0x7f,0xc0,0x1f,0xe0,
0x0f,0xf0,0x07,0xf0,0x00,0x1f,0xf8,0x00,0x00,0xff,0xff,0x00,0x03,0xff,0xff,0xc0,0x07,0xff,0xff,0xe0,0x0f,0xff,0xff,0xf0,
0x1f,0xff,0xff,0xf0,0x3f,0xf8,0x3f,0xf8,0x3f,0xe0,0x0f,0xf8,0x07,0xc0,0x0f,0xf8,0x00,0xc0,0x07,0xfc,0x00,0x00,0x07,0xfc,
0x00,0x00,0x07,0xfc,0x00,0x00,0x07,0xfc,0x00,0x03,0xff,0xfc,0x00,0x7f,0xff,0xfc,0x01,0xff,0xff,0xfc,0x07,0xff,0xff,0xfc,
0x1f,0xff,0xff,0xfc,0x3f,0xff,0x87,0xfc,0x7f,0xf8,0x07,0xfc,0x7f,0xc0,0x07,0xfc,0xff,0xc0,0x07,0xfc,0xff,0x80,0x07,0xfc,
0xff,0x80,0x0f,0xfc,0xff,0x80,0x0f,0xfc,0xff,0xc0,0x1f,0xfc,0xff,0xe0,0x7f,0xfc,0xff,0xff,0xff,0xfc,0x7f,0xff,0xff,0xfc,
0x7f,0xff,0xff,0xfc,0x3f,0xff,0xf3,0xfc,0x1f,0xff,0xe3,0xfe,0x07,0xff,0x83,0xfe,0x01,0xfe,0x00,0x00,0xff,0x80,0x00,0x00,
0xff,0x80,0x00,0x00,0xff,0x80,0x00,0x00,0xff,0x80,0x00,0x00,0xff,0x80,0x00,0x00,0xff,0x80,0x00,0x00,0xff,0x80,0x00,0x00,
0xff,0x80,0x00,0x00,0xff,0x80,0x00,0x00,0xff,0x80,0x00,0x00,0xff,0x80,0x00,0x00,0xff,0x80,0x00,0x00,0xff,0x80,0x00,0x00,
0xff,0x81,0xfc,0x00,0xff,0x87,0xff,0x80,0xff,0x9f,0xff,0xc0,0xff,0xbf,0xff,0xe0,0xff,0xff,0xff,0xf0,0xff,0xff,0xff,0xf8,
0xff,0xff,0xff,0xfc,0xff,0xf8,0x3f,0xfc,0xff,0xf0,0x0f,0xfe,0xff,0xe0,0x07,0xfe,0xff,0xc0,0x03,0xfe,0xff,0x80,0x03,0xfe,
0xff,0x80,0x03,0xff,0xff,0x80,0x01,0xff,0xff,0x80,0x01,0xff,0xff,0x80,0x01,0xff,0xff,0x80,0x01,0xff,0xff,0x80,0x01,0xff,
0xff,0x80,0x01,0xff,0xff,0x80,0x01,0xff,0xff,0x80,0x01,0xff,0xff,0x80,0x03,0xff,0xff,0xc0,0x03,0xfe,0xff,0xc0,0x07,0xfe,
0xff,0xe0,0x07,0xfe,0xff,0xf0,0x0f,0xfc,0xff,0xf8,0x3f,0xfc,0xff,0xff,0xff,0xf8,0xff,0xff,0xff,0xf8,0xff,0xff,0xff,0xf0,
0xff,0x3f,0xff,0xe0,0xff,0x1f,0xff,0xc0,0xff,0x07,0xff,0x80,0x00,0x01,0xfc,0x00,0x00,0x0f,0xf0,0x00,0x00,0x7f,0xfe,0x00,
0x01,0xff,0xff,0x80,0x03,0xff,0xff,0xc0,0x07,0xff,0xff,0xe0,0x0f,0xff,0xff,0xf0,0x1f,0xff,0xff,0xf8,0x3f,0xfc,0x1f,0xf8,
0x3f,0xf0,0x07,0xf8,0x7f,0xe0,0x07,0xc0,0x7f,0xc0,0x02,0x00,0x7f,0xc0,0x00,0x00,0xff,0xc0,0x00,0x00,0xff,0x80,0x00,0x00,
0xff,0x80,0x00,0x00,0xff,0x80,0x00,0x00,0xff,0x80,0x00,0x00,0xff,0x80,0x00,0x00,0xff,0x80,0x00,0x00,0xff,0x80,0x00,0x00,
0xff,0x80,0x00,0x00,0xff,0xc0,0x00,0x00,0x7f,0xc0,0x00,0x00,0x7f,0xc0,0x00,0x00,0x7f,0xe0,0x03,0x80,0x3f,0xf0,0x07,0xe0,
0x3f,0xfc,0x1f,0xfc,0x1f,0xff,0xff,0xf8,0x1f,0xff,0xff,0xf0,0x0f,0xff,0xff,0xf0,0x07,0xff,0xff,0xc0,0x01,0xff,0xff,0x80,
0x00,0xff,0xfe,0x00,0x00,0x1f,0xf0,0x00,0x00,0x00,0x00,0xff,0x80,0x00,0x00,0x00,0xff,0x80,0x00,0x00,0x00,0xff,0x80,0x00,
0x00,0x00,0xff,0x80,0x00,0x00,0x00,0xff,0x80,0x00,0x00,0x00,0xff,0x80,0x00,0x00,0x00,0xff,0x80,0x00,0x00,0x00,0xff,0x80,
0x00,0x00,0x00,0xff,0x80,0x00,0x00,0x00,0xff,0x80,0x00,0x00,0x00,0xff,0x80,0x00,0x00,0x00,0xff,0x80,0x00,0x00,0x00,0xff,
0x80,0x00,0x3f,0xc0,0xff,0x80,0x00,0xff,0xf0,0xff,0x80,0x03,0xff,0xfc,0xff,0x80,0x07,0xff,0xfe,0xff,0x80,0x0f,0xff,0xfe,
0xff,0x80,0x1f,0xff,0xff,0xff,0x80,0x1f,0xff,0xff,0xff,0x80,0x3f,0xfc,0x1f,0xff,0x80,0x7f,0xf0,0x07,0xff,0x80,0x7f,0xe0,
0x03,0xff,0x80,0x7f,0xc0,0x01,0xff,0x80,0x7f,0xc0,0x01,0xff,0x80,0xff,0xc0,0x00,0xff,0x80,0xff,0x80,0x00,0xff,0x80,0xff,
0x80,0x00,0xff,0x80,0xff,0x80,0x00,0xff,0x80,0xff,0x80,0x00,0xff,0x80,0xff,0x80,0x00,0xff,0x80,0xff,0x80,0x00,0xff,0x80,
0xff,0x80,0x00,0xff,0x80,0xff,0x80,0x00,0xff,0x80,0xff,0xc0,0x00,0xff,0x80,0x7f,0xc0,0x01,0xff,0x80,0x7f,0xe0,0x01,0xff,
0x80,0x7f,0xe0,0x03,0xff,0x80,0x3f,0xf0,0x07,0xff,0x80,0x3f,0xfc,0x1f,0xff,0x80,0x1f,0xff,0xff,0xff,0x80,0x1f,0xff,0xff,
0xff,0x80,0x0f,0xff,0xff,0xff,0x80,0x07,0xff,0xfe,0x7f,0x80,0x03,0xff,0xfc,0x7f,0xc0,0x00,0xff,0xf0,0x7f,0xc0,0x00,0x3f,
0xc0,0x00,0x00,0x00,0x0f,0xf8,0x00,0x00,0x00,0x3f,0xff,0x00,0x00,0x00,0xff,0xff,0xc0,0x00,0x03,0xff,0xff,0xe0,0x00,0x07,
0xff,0xff,0xf0,0x00,0x0f,0xff,0xff,0xf8,0x00,0x1f,0xff,0xff,0xfc,0x00,0x1f,0xfc,0x0f,0xfc,0x00,0x3f,0xf0,0x03,0xfe,0x00,
0x7f,0xe0,0x01,0xfe,0x00,0x7f,0xc0,0x01,0xff,0x00,0x7f,0xc0,0x00,0xff,0x00,0xff,0x80,0x00,0xff,0x00,0xff,0x80,0x00,0xff,
0x80,0xff,0xff,0xff,0xff,0x80,0xff,0xff,0xff,0xff,0x80,0xff,0xff,0xff,0xff,0x80,0xff,0xff,0xff,0xff,0x80,0xff,0xff,0xff,
0xff,0x80,0xff,0x80,0x00,0x00,0x00,0xff,0x80,0x00,0x00,0x00,0xff,0x80,0x00,0x00,0x00,0x7f,0xc0,0x00,0x00,0x00,0x7f,0xc0,
0x00,0x00,0x00,0x7f,0xe0,0x01,0x00,0x00,0x3f,0xf0,0x03,0xe0,0x00,0x3f,0xfc,0x0f,0xf8,0x00,0x1f,0xff,0xff,0xfc,0x00,0x0f,
0xff,0xff,0xfc,0x00,0x07,0xff,0xff,0xf8,0x00,0x03,0xff,0xff,0xf0,0x00,0x01,0xff,0xff,0xc0,0x00,0x00,0x7f,0xff,0x00,0x00,
0x00,0x0f,0xf8,0x00,0x00,0x00,0x1f,0xf8,0x00,0xff,0xf8,0x01,0xff,0xf8,0x03,0xff,0xf8,0x03,0xff,0xf8,0x07,0xff,0xf8,0x07,
0xff,0xf8,0x07,0xfe,0x00,0x07,0xfc,0x00,0x07,0xfc,0x00,0x07,0xfc,0x00,0x07,0xfc,0x00,0x07,0xfc,0x00,0x07,0xfc,0x00,0xff,
0xff,0xf8,0xff,0xff,0xf8,0xff,0xff,0xf8,0xff,0xff,0xf8,0xff,0xff,0xf8,0xff,0xff,0xf8,0xff,0xff,0xf8,0x07,0xfc,0x00,0x07,
0xfc,0x00,0x07,0xfc,0x00,0x07,0xfc,0x00,0x07,0xfc,0x00,0x07,0xfc,0x00,0x07,0xfc,0x00,0x07,0xfc,0x00,0x07,0xfc,0x00,0x07,
0xfc,0x00,0x07,0xfc,0x00,0x07,0xfc,0x00,0x07,0xfc,0x00,0x07,0xfc,0x00,0x07,0xfc,0x00,0x07,0xfc,0x00,0x07,0xfc,0x00,0x07,
0xfc,0x00,0x07,0xfc,0x00,0x07,0xfc,0x00,0x07,0xfc,0x00,0x07,0xfc,0x00,0x07,0xfc,0x00,0x07,0xfc,0x00,0x07,0xfc,0x00,0x00,
0x3f,0x80,0x00,0x00,0x00,0xff,0xf0,0x7f,0x80,0x03,0xff,0xf8,0x7f,0x80,0x07,0xff,0xfe,0x7f,0x80,0x0f,0xff,0xfe,0xff,0x80,
0x1f,0xff,0xff,0xff,0x80,0x3f,0xff,0xff,0xff,0x80,0x3f,0xfc,0x0f,0xff,0x80,0x7f,0xf0,0x07,0xff,0x80,0x7f,0xe0,0x03,0xff,
0x80,0x7f,0xc0,0x01,0xff,0x80,0xff,0xc0,0x00,0xff,0x80,0xff,0x80,0x00,0xff,0x80,0xff,0x80,0x00,0xff,0x80,0xff,0x80,0x00,
0xff,0x80,0xff,0x80,0x00,0xff,0x80,0xff,0x80,0x00,0xff,0x80,0xff,0x80,0x00,0xff,0x80,0xff,0x80,0x00,0xff,0x80,0xff,0x80,
0x00,0xff,0x80,0xff,0xc0,0x00,0xff,0x80,0x7f,0xc0,0x01,0xff,0x80,0x7f,0xe0,0x01,0xff,0x80,0x7f,0xf0,0x03,0xff,0x80,0x3f,
0xfc,0x0f,0xff,0x80,0x3f,0xff,0xff,0xff,0x80,0x1f,0xff,0xff,0xff,0x80,0x0f,0xff,0xfe,0xff,0x80,0x07,0xff,0xfe,0xff,0x80,
0x03,0xff,0xf8,0xff,0x80,0x00,0xff,0xf0,0xff,0x80,0x00,0x3f,0x80,0xff,0x80,0x00,0x00,0x00,0xff,0x80,0x00,0x00,0x00,0xff,
0x80,0x00,0x00,0x00,0xff,0x80,0x00,0x00,0x01,0xff,0x80,0x00,0xe0,0x01,0xff,0x00,0x07,0xf0,0x03,0xff,0x00,0x1f,0xfc,0x0f,
0xff,0x00,0x1f,0xff,0xff,0xfe,0x00,0x0f,0xff,0xff,0xfc,0x00,0x07,0xff,0xff,0xfc,0x00,0x03,0xff,0xff,0xf8,0x00,0x01,0xff,
0xff,0xe0,0x00,0x00,0x7f,0xff,0x80,0x00,0x00,0x0f,0xfc,0x00,0x00,0xff,0x80,0x00,0x00,0xff,0x80,0x00,0x00,0xff,0x80,0x00,
0x00,0xff,0x80,0x00,0x00,0xff,0x80,0x00,0x00,0xff,0x80,0x00,0x00,0xff,0x80,0x00,0x00,0xff,0x80,0x00,0x00,0xff,0x80,0x00,
0x00,0xff,0x80,0x00,0x00,0xff,0x80,0x00,0x00,0xff,0x80,0x00,0x00,0xff,0x80,0x00,0x00,0xff,0x81,0xfe,0x00,0xff,0x87,0xff,
0x80,0xff,0x9f,0xff,0xc0,0xff,0xbf,0xff,0xe0,0xff,0xff,0xff,0xe0,0xff,0xff,0xff,0xf0,0xff,0xff,0xff,0xf0,0xff,0xf8,0x7f,
0xf0,0xff,0xe0,0x1f,0xf8,0xff,0xc0,0x1f,0xf8,0xff,0xc0,0x0f,0xf8,0xff,0xc0,0x0f,0xf8,0xff,0x80,0x0f,0xf8,0xff,0x80,0x0f,
0xf8,0xff,0x80,0x0f,0xf8,0xff,0x80,0x0f,0xf8,0xff,0x80,0x0f,0xf8,0xff,0x80,0x0f,0xf8,0xff,0x80,0x0f,0xf8,0xff,0x80,0x0f,
0xf8,0xff,0x80,0x0f,0xf8,0xff,0x80,0x0f,0xf8,0xff,0x80,0x0f,0xf8,0xff,0x80,0x0f,0xf8,0xff,0x80,0x0f,0xf8,0xff,0x80,0x0f,
0xf8,0xff,0x80,0x0f,0xf8,0xff,0x80,0x0f,0xf8,0xff,0x80,0x0f,0xf8,0xff,0x80,0x0f,0xf8,0xff,0x80,0x0f,0xf8,0xff,0x80,0x0f,
0xf8,0xff,0x80,0x0f,0xf8,0x01,0xf0,0x03,0xf8,0x07,0xfc,0x0f,0xfe,0x0f,0xfe,0x0f,0xfe,0x0f,0xfe,0x0f,0xfe,0x07,0xfc,0x03,
0xf8,0x01,0xf0,0x00,0x00,0x00,0x00,0x00,0x00,0x00,0x00,0x00,0x00,0xff,0xfc,0xff,0xfc,0xff,0xfc,0xff,0xfc,0xff,0xfc,0xff,
0xfc,0xff,0xfc,0x07,0xfc,0x07,0xfc,0x07,0xfc,0x07,0xfc,0x07,0xfc,0x07,0xfc,0x07,0xfc,0x07,0xfc,0x07,0xfc,0x07,0xfc,0x07,
0xfc,0x07,0xfc,0x07,0xfc,0x07,0xfc,0x07,0xfc,0x07,0xfc,0x07,0xfc,0x07,0xfc,0x07,0xfc,0x07,0xfc,0x07,0xfc,0x07,0xfc,0x07,
0xfc,0x07,0xfc,0x07,0xfc,0x07,0xfc,0x00,0x1f,0x00,0x00,0x3f,0x80,0x00,0x7f,0xc0,0x00,0xff,0xe0,0x00,0xff,0xe0,0x00,0xff,
0xe0,0x00,0xff,0xe0,0x00,0xff,0xe0,0x00,0x7f,0xc0,0x00,0x3f,0x80,0x00,0x1f,0x00,0x00,0x00,0x00,0x00,0x00,0x00,0x00,0x00,
0x00,0x00,0x00,0x00,0x00,0x00,0x00,0x00,0x7f,0xc0,0x00,0x7f,0xc0,0x00,0x7f,0xc0,0x00,0x7f,0xc0,0x00,0x7f,0xc0,0x00,0x7f,
0xc0,0x00,0x7f,0xc0,0x00,0x7f,0xc0,0x00,0x7f,0xc0,0x00,0x7f,0xc0,0x00,0x7f,0xc0,0x00,0x7f,0xc0,0x00,0x7f,0xc0,0x00,0x7f,
0xc0,0x00,0x7f,0xc0,0x00,0x7f,0xc0,0x00,0x7f,0xc0,0x00,0x7f,0xc0,0x00,0x7f,0xc0,0x00,0x7f,0xc0,0x00,0x7f,0xc0,0x00,0x7f,
0xc0,0x00,0x7f,0xc0,0x00,0x7f,0xc0,0x00,0x7f,0xc0,0x00,0x7f,0xc0,0x00,0x7f,0xc0,0x00,0x7f,0xc0,0x00,0x7f,0xc0,0x00,0x7f,
0xc0,0x00,0x7f,0xc0,0x00,0x7f,0xc0,0x00,0x7f,0xc0,0x00,0x7f,0xc0,0x00,0x7f,0xc0,0x00,0xff,0xc0,0xff,0xff,0xc0,0xff,0xff,
0x80,0xff,0xff,0x80,0xff,0xff,0x00,0xff,0xfe,0x00,0xff,0xfc,0x00,0xff,0xe0,0x00,0xff,0x80,0x00,0x00,0xff,0x80,0x00,0x00,
0xff,0x80,0x00,0x00,0xff,0x80,0x00,0x00,0xff,0x80,0x00,0x00,0xff,0x80,0x00,0x00,0xff,0x80,0x00,0x00,0xff,0x80,0x00,0x00,
0xff,0x80,0x00,0x00,0xff,0x80,0x00,0x00,0xff,0x80,0x00,0x00,0xff,0x80,0x00,0x00,0xff,0x80,0x00,0x00,0xff,0x80,0x00,0x00,
0xff,0x80,0x0f,0xfc,0xff,0x80,0x1f,0xf8,0xff,0x80,0x3f,0xf0,0xff,0x80,0x7f,0xe0,0xff,0x80,0xff,0xc0,0xff,0x81,0xff,0xc0,
0xff,0x83,0xff,0x80,0xff,0x87,0xff,0x00,0xff,0x87,0xfe,0x00,0xff,0x8f,0xfc,0x00,0xff,0x9f,0xf8,0x00,0xff,0xbf,0xf0,0x00,
0xff,0xff,0xe0,0x00,0xff,0xff,0xc0,0x00,0xff,0xff,0xe0,0x00,0xff,0xff,0xf0,0x00,0xff,0xff,0xf8,0x00,0xff,0xff,0xf8,0x00,
0xff,0xff,0xfc,0x00,0xff,0xff,0xfe,0x00,0xff,0xf7,0xfe,0x00,0xff,0xe3,0xff,0x00,0xff,0xc3,0xff,0x80,0xff,0x81,0xff,0xc0,
0xff,0x80,0xff,0xc0,0xff,0x80,0xff,0xe0,0xff,0x80,0x7f,0xf0,0xff,0x80,0x3f,0xf0,0xff,0x80,0x1f,0xf8,0xff,0x80,0x1f,0xfc,
0xff,0x80,0x0f,0xfe,0xff,0x80,0x07,0xfe,0xff,0x80,0xff,0x80,0xff,0x80,0xff,0x80,0xff,0x80,0xff,0x80,0xff,0x80,0xff,0x80,
0xff,0x80,0xff,0x80,0xff,0x80,0xff,0x80,0xff,0x80,0xff,0x80,0xff,0x80,0xff,0x80,0xff,0x80,0xff,0x80,0xff,0x80,0xff,0x80,
0xff,0x80,0xff,0x80,0xff,0x80,0xff,0x80,0xff,0x80,0xff,0x80,0xff,0x80,0xff,0x80,0xff,0x80,0xff,0x80,0xff,0x80,0xff,0x80,
0xff,0x80,0xff,0x80,0xff,0x80,0xff,0x80,0xff,0x80,0xff,0x80,0xff,0xc0,0xff,0xff,0xff,0xff,0xff,0xff,0x7f,0xff,0x7f,0xff,
0x3f,0xff,0x07,0xff,0x00,0x01,0xfc,0x00,0x1f,0xc0,0x00,0xff,0x07,0xff,0x80,0xff,0xf8,0x00,0xff,0x1f,0xff,0xc3,0xff,0xfc,
0x00,0xff,0x3f,0xff,0xe7,0xff,0xfe,0x00,0xff,0xff,0xff,0xef,0xff,0xfe,0x00,0xff,0xff,0xff,0xff,0xff,0xff,0x00,0xff,0xff,
0xff,0xff,0xff,0xff,0x00,0xff,0xf8,0x7f,0xff,0x07,0xff,0x00,0xff,0xe0,0x1f,0xfe,0x01,0xff,0x80,0xff,0xc0,0x1f,0xfc,0x01,
0xff,0x80,0xff,0xc0,0x0f,0xfc,0x01,0xff,0x80,0xff,0xc0,0x0f,0xf8,0x00,0xff,0x80,0xff,0x80,0x0f,0xf8,0x00,0xff,0x80,0xff,
0x80,0x0f,0xf8,0x00,0xff,0x80,0xff,0x80,0x0f,0xf8,0x00,0xff,0x80,0xff,0x80,0x0f,0xf8,0x00,0xff,0x80,0xff,0x80,0x0f,0xf8,
0x00,0xff,0x80,0xff,0x80,0x0f,0xf8,0x00,0xff,0x80,0xff,0x80,0x0f,0xf8,0x00,0xff,0x80,0xff,0x80,0x0f,0xf8,0x00,0xff,0x80,
0xff,0x80,0x0f,0xf8,0x00,0xff,0x80,0xff,0x80,0x0f,0xf8,0x00,0xff,0x80,0xff,0x80,0x0f,0xf8,0x00,0xff,0x80,0xff,0x80,0x0f,
0xf8,0x00,0xff,0x80,0xff,0x80,0x0f,0xf8,0x00,0xff,0x80,0xff,0x80,0x0f,0xf8,0x00,0xff,0x80,0xff,0x80,0x0f,0xf8,0x00,0xff,
0x80,0xff,0x80,0x0f,0xf8,0x00,0xff,0x80,0xff,0x80,0x0f,0xf8,0x00,0xff,0x80,0xff,0x80,0x0f,0xf8,0x00,0xff,0x80,0xff,0x80,
0x0f,0xf8,0x00,0xff,0x80,0xff,0x80,0x0f,0xf8,0x00,0xff,0x80,0xff,0x80,0x0f,0xf8,0x00,0xff,0x80,0x00,0x01,0xfe,0x00,0xff,
0x07,0xff,0x80,0xff,0x1f,0xff,0xc0,0xff,0x3f,0xff,0xe0,0xff,0xff,0xff,0xe0,0xff,0xff,0xff,0xf0,0xff,0xff,0xff,0xf0,0xff,
0xf8,0x7f,0xf0,0xff,0xe0,0x1f,0xf8,0xff,0xc0,0x1f,0xf8,0xff,0xc0,0x0f,0xf8,0xff,0xc0,0x0f,0xf8,0xff,0x80,0x0f,0xf8,0xff,
0x80,0x0f,0xf8,0xff,0x80,0x0f,0xf8,0xff,0x80,0x0f,0xf8,0xff,0x80,0x0f,0xf8,0xff,0x80,0x0f,0xf8,0xff,0x80,0x0f,0xf8,0xff,
0x80,0x0f,0xf8,0xff,0x80,0x0f,0xf8,0xff,0x80,0x0f,0xf8,0xff,0x80,0x0f,0xf8,0xff,0x80,0x0f,0xf8,0xff,0x80,0x0f,0xf8,0xff,
0x80,0x0f,0xf8,0xff,0x80,0x0f,0xf8,0xff,0x80,0x0f,0xf8,0xff,0x80,0x0f,0xf8,0xff,0x80,0x0f,0xf8,0xff,0x80,0x0f,0xf8,0xff,
0x80,0x0f,0xf8,0xff,0x80,0x0f,0xf8,0x00,0x0f,0xf8,0x00,0x00,0x00,0x7f,0xff,0x00,0x00,0x01,0xff,0xff,0xc0,0x00,0x03,0xff,
0xff,0xe0,0x00,0x07,0xff,0xff,0xf0,0x00,0x0f,0xff,0xff,0xf8,0x00,0x1f,0xff,0xff,0xfc,0x00,0x3f,0xfc,0x1f,0xfe,0x00,0x3f,
0xf0,0x07,0xfe,0x00,0x7f,0xe0,0x03,0xff,0x00,0x7f,0xc0,0x01,0xff,0x00,0x7f,0xc0,0x01,0xff,0x00,0xff,0xc0,0x01,0xff,0x80,
0xff,0x80,0x00,0xff,0x80,0xff,0x80,0x00,0xff,0x80,0xff,0x80,0x00,0xff,0x80,0xff,0x80,0x00,0xff,0x80,0xff,0x80,0x00,0xff,
0x80,0xff,0x80,0x00,0xff,0x80,0xff,0x80,0x00,0xff,0x80,0xff,0x80,0x00,0xff,0x80,0xff,0xc0,0x01,0xff,0x80,0x7f,0xc0,0x01,
0xff,0x00,0x7f,0xc0,0x01,0xff,0x00,0x7f,0xe0,0x03,0xff,0x00,0x3f,0xf0,0x07,0xfe,0x00,0x3f,0xfc,0x1f,0xfe,0x00,0x1f,0xff,
0xff,0xfc,0x00,0x0f,0xff,0xff,0xf8,0x00,0x07,0xff,0xff,0xf0,0x00,0x03,0xff,0xff,0xe0,0x00,0x01,0xff,0xff,0xc0,0x00,0x00,
0x7f,0xff,0x00,0x00,0x00,0x0f,0xf8,0x00,0x00,0x00,0x01,0xfc,0x00,0xff,0x07,0xff,0x80,0xff,0x1f,0xff,0xc0,0xff,0x3f,0xff,
0xe0,0xff,0xbf,0xff,0xf0,0xff,0xff,0xff,0xf8,0xff,0xff,0xff,0xfc,0xff,0xf8,0x3f,0xfc,0xff,0xe0,0x0f,0xfe,0xff,0xe0,0x07,
0xfe,0xff,0xc0,0x03,0xfe,0xff,0x80,0x03,0xff,0xff,0x80,0x03,0xff,0xff,0x80,0x01,0xff,0xff,0x80,0x01,0xff,0xff,0x80,0x01,
0xff,0xff,0x80,0x01,0xff,0xff,0x80,0x01,0xff,0xff,0x80,0x01,0xff,0xff,0x80,0x01,0xff,0xff,0x80,0x03,0xff,0xff,0x80,0x03,
0xfe,0xff,0xc0,0x03,0xfe,0xff,0xe0,0x07,0xfe,0xff,0xf0,0x0f,0xfe,0xff,0xf8,0x3f,0xfc,0xff,0xff,0xff,0xfc,0xff,0xff,0xff,
0xf8,0xff,0xbf,0xff,0xf0,0xff,0xbf,0xff,0xe0,0xff,0x9f,0xff,0xc0,0xff,0x87,0xff,0x80,0xff,0x81,0xfc,0x00,0xff,0x80,0x00,
0x00,0xff,0x80,0x00,0x00,0xff,0x80,0x00,0x00,0xff,0x80,0x00,0x00,0xff,0x80,0x00,0x00,0xff,0x80,0x00,0x00,0xff,0x80,0x00,
0x00,0xff,0x80,0x00,0x00,0xff,0x80,0x00,0x00,0xff,0x80,0x00,0x00,0x00,0x3f,0x80,0x00,0x00,0x00,0x00,0xff,0xf0,0x7f,0x80,
0x00,0x03,0xff,0xf8,0xff,0x80,0x00,0x07,0xff,0xfc,0xff,0x80,0x00,0x0f,0xff,0xfe,0xff,0x80,0x00,0x1f,0xff,0xff,0xff,0x80,
0x00,0x1f,0xff,0xff,0xff,0x80,0x00,0x3f,0xfc,0x1f,0xff,0x80,0x00,0x3f,0xf0,0x07,0xff,0x80,0x00,0x7f,0xe0,0x03,0xff,0x80,
0x00,0x7f,0xe0,0x01,0xff,0x80,0x00,0x7f,0xc0,0x01,0xff,0x80,0x00,0xff,0xc0,0x01,0xff,0x80,0x00,0xff,0x80,0x00,0xff,0x80,
0x00,0xff,0x80,0x00,0xff,0x80,0x00,0xff,0x80,0x00,0xff,0x80,0x00,0xff,0x80,0x00,0xff,0x80,0x00,0xff,0x80,0x00,0xff,0x80,
0x00,0xff,0x80,0x00,0xff,0x80,0x00,0xff,0x80,0x00,0xff,0x80,0x00,0xff,0x80,0x00,0xff,0x80,0x00,0xff,0xc0,0x01,0xff,0x80,
0x00,0x7f,0xc0,0x01,0xff,0x80,0x00,0x7f,0xc0,0x01,0xff,0x80,0x00,0x7f,0xe0,0x03,0xff,0x80,0x00,0x7f,0xf0,0x07,0xff,0x80,
0x00,0x3f,0xfc,0x1f,0xff,0x80,0x00,0x3f,0xff,0xff,0xff,0x80,0x00,0x1f,0xff,0xff,0xff,0x80,0x00,0x0f,0xff,0xfe,0xff,0x80,
0x00,0x07,0xff,0xfc,0xff,0x80,0x00,0x03,0xff,0xf8,0xff,0x80,0x00,0x00,0xff,0xf0,0xff,0x80,0x00,0x00,0x3f,0x80,0xff,0x80,
0x00,0x00,0x00,0x00,0xff,0x80,0x00,0x00,0x00,0x00,0xff,0xc0,0x00,0x00,0x00,0x00,0xff,0xff,0x80,0x00,0x00,0x00,0xff,0xff,
0x80,0x00,0x00,0x00,0xff,0xff,0x80,0x00,0x00,0x00,0x7f,0xff,0x80,0x00,0x00,0x00,0x7f,0xff,0x80,0x00,0x00,0x00,0x3f,0xff,
0x80,0x00,0x00,0x00,0x1f,0xff,0x80,0x00,0x00,0x00,0x07,0xff,0x80,0x00,0x00,0x00,0x00,0x60,0x00,0x00,0x01,0xe0,0xfe,0x07,
0xe0,0xff,0x0f,0xe0,0xff,0x1f,0xe0,0xff,0x3f,0xe0,0xff,0x7f,0xe0,0xff,0xff,0xe0,0xff,0xff,0xe0,0xff,0xff,0xe0,0xff,0xfc,
0x00,0xff,0xf0,0x00,0xff,0xe0,0x00,0xff,0xc0,0x00,0xff,0xc0,0x00,0xff,0x80,0x00,0xff,0x80,0x00,0xff,0x80,0x00,0xff,0x80,
0x00,0xff,0x80,0x00,0xff,0x80,0x00,0xff,0x80,0x00,0xff,0x80,0x00,0xff,0x80,0x00,0xff,0x80,0x00,0xff,0x80,0x00,0xff,0x80,
0x00,0xff,0x80,0x00,0xff,0x80,0x00,0xff,0x80,0x00,0xff,0x80,0x00,0xff,0x80,0x00,0xff,0x80,0x00,0xff,0x80,0x00,0x00,0x3f,
0xf0,0x00,0x01,0xff,0xfe,0x00,0x07,0xff,0xff,0x80,0x0f,0xff,0xff,0xc0,0x1f,0xff,0xff,0xe0,0x3f,0xff,0xff,0xf0,0x3f,0xff,
0xff,0xf0,0x7f,0xf0,0x3f,0xf8,0x7f,0xe0,0x0f,0xe0,0x7f,0xc0,0x07,0x00,0x7f,0xc0,0x00,0x00,0x7f,0xe0,0x00,0x00,0x7f,0xf0,
0x00,0x00,0x3f,0xff,0x80,0x00,0x3f,0xff,0xfc,0x00,0x1f,0xff,0xff,0x80,0x0f,0xff,0xff,0xe0,0x03,0xff,0xff,0xf0,0x00,0xff,
0xff,0xf8,0x00,0x0f,0xff,0xf8,0x00,0x00,0x7f,0xfc,0x00,0x00,0x0f,0xfc,0x00,0x00,0x07,0xfc,0x03,0x00,0x07,0xfc,0x1f,0x80,
0x07,0xfc,0xff,0xc0,0x0f,0xfc,0xff,0xf0,0x3f,0xfc,0x7f,0xff,0xff,0xf8,0x3f,0xff,0xff,0xf8,0x1f,0xff,0xff,0xf0,0x0f,0xff,
0xff,0xe0,0x07,0xff,0xff,0x80,0x01,0xff,0xff,0x00,0x00,0x3f,0xf0,0x00,0x07,0xfc,0x00,0x07,0xfc,0x00,0x07,0xfc,0x00,0x07,
0xfc,0x00,0x07,0xfc,0x00,0x07,0xfc,0x00,0x07,0xfc,0x00,0x07,0xfc,0x00,0xff,0xff,0xf8,0xff,0xff,0xf8,0xff,0xff,0xf8,0xff,
0xff,0xf8,0xff,0xff,0xf8,0xff,0xff,0xf8,0xff,0xff,0xf8,0x07,0xfc,0x00,0x07,0xfc,0x00,0x07,0xfc,0x00,0x07,0xfc,0x00,0x07,
0xfc,0x00,0x07,0xfc,0x00,0x07,0xfc,0x00,0x07,0xfc,0x00,0x07,0xfc,0x00,0x07,0xfc,0x00,0x07,0xfc,0x00,0x07,0xfc,0x00,0x07,
0xfc,0x00,0x07,0xfc,0x00,0x07,0xfc,0x00,0x07,0xfc,0x00,0x07,0xfc,0x00,0x07,0xfe,0x00,0x07,0xff,0xf8,0x07,0xff,0xf8,0x07,
0xff,0xf8,0x03,0xff,0xf8,0x03,0xff,0xf8,0x01,0xff,0xf8,0x00,0x3f,0xf8,0xff,0x80,0x0f,0xf8,0xff,0x80,0x0f,0xf8,0xff,0x80,
0x0f,0xf8,0xff,0x80,0x0f,0xf8,0xff,0x80,0x0f,0xf8,0xff,0x80,0x0f,0xf8,0xff,0x80,0x0f,0xf8,0xff,0x80,0x0f,0xf8,0xff,0x80,
0x0f,0xf8,0xff,0x80,0x0f,0xf8,0xff,0x80,0x0f,0xf8,0xff,0x80,0x0f,0xf8,0xff,0x80,0x0f,0xf8,0xff,0x80,0x0f,0xf8,0xff,0x80,
0x0f,0xf8,0xff,0x80,0x0f,0xf8,0xff,0x80,0x0f,0xf8,0xff,0x80,0x0f,0xf8,0xff,0x80,0x0f,0xf8,0xff,0x80,0x0f,0xf8,0xff,0x80,
0x0f,0xf8,0xff,0x80,0x0f,0xf8,0xff,0x80,0x1f,0xf8,0xff,0xc0,0x1f,0xf8,0xff,0xc0,0x3f,0xf8,0x7f,0xf0,0x7f,0xf8,0x7f,0xff,
0xff,0xf8,0x7f,0xff,0xff,0xf8,0x3f,0xff,0xef,0xf8,0x3f,0xff,0xe7,0xf8,0x1f,0xff,0xc7,0xf8,0x0f,0xff,0x87,0xf8,0x01,0xfc,
0x00,0x00,0xff,0x80,0x01,0xff,0xff,0x80,0x01,0xff,0x7f,0xc0,0x03,0xfe,0x7f,0xc0,0x03,0xfe,0x7f,0xc0,0x03,0xfe,0x3f,0xe0,
0x07,0xfc,0x3f,0xe0,0x07,0xfc,0x3f,0xe0,0x07,0xfc,0x1f,0xf0,0x0f,0xf8,0x1f,0xf0,0x0f,0xf8,0x1f,0xf0,0x0f,0xf8,0x0f,0xf8,
0x1f,0xf0,0x0f,0xf8,0x1f,0xf0,0x0f,0xf8,0x1f,0xe0,0x07,0xf8,0x3f,0xe0,0x07,0xfc,0x3f,0xe0,0x07,0xfc,0x3f,0xc0,0x03,0xfc,
0x7f,0xc0,0x03,0xfe,0x7f,0xc0,0x01,0xfe,0x7f,0x80,0x01,0xfe,0x7f,0x80,0x01,0xff,0xff,0x80,0x00,0xff,0xff,0x00,0x00,0xff,
0xff,0x00,0x00,0xff,0xff,0x00,0x00,0x7f,0xfe,0x00,0x00,0x7f,0xfe,0x00,0x00,0x7f,0xfe,0x00,0x00,0x3f,0xfc,0x00,0x00,0x3f,
0xfc,0x00,0x00,0x3f,0xf8,0x00,0x00,0x1f,0xf8,0x00,0xff,0x80,0x3f,0xe0,0x0f,0xf8,0xff,0x80,0x3f,0xe0,0x0f,0xf8,0x7f,0x80,
0x3f,0xe0,0x0f,0xf8,0x7f,0xc0,0x3f,0xf0,0x0f,0xf8,0x7f,0xc0,0x7f,0xf0,0x1f,0xf0,0x7f,0xc0,0x7f,0xf0,0x1f,0xf0,0x3f,0xc0,
0x7f,0xf0,0x1f,0xf0,0x3f,0xe0,0x7f,0xf0,0x1f,0xf0,0x3f,0xe0,0x7f,0xf8,0x1f,0xe0,0x3f,0xe0,0xfd,0xf8,0x3f,0xe0,0x1f,0xe0,
0xfd,0xf8,0x3f,0xe0,0x1f,0xe0,0xfd,0xf8,0x3f,0xc0,0x1f,0xf0,0xfc,0xf8,0x3f,0xc0,0x1f,0xf0,0xfc,0xfc,0x7f,0xc0,0x0f,0xf1,
0xf8,0xfc,0x7f,0xc0,0x0f,0xf1,0xf8,0xfc,0x7f,0x80,0x0f,0xf9,0xf8,0xfc,0x7f,0x80,0x0f,0xf9,0xf8,0x7e,0xff,0x80,0x07,0xf9,
0xf8,0x7e,0xff,0x80,0x07,0xfb,0xf0,0x7e,0xff,0x00,0x07,0xff,0xf0,0x7e,0xff,0x00,0x07,0xff,0xf0,0x7e,0xff,0x00,0x03,0xff,
0xf0,0x3f,0xff,0x00,0x03,0xff,0xf0,0x3f,0xfe,0x00,0x03,0xff,0xe0,0x3f,0xfe,0x00,0x03,0xff,0xe0,0x3f,0xfe,0x00,0x01,0xff,
0xe0,0x1f,0xfe,0x00,0x01,0xff,0xe0,0x1f,0xfc,0x00,0x01,0xff,0xc0,0x1f,0xfc,0x00,0x00,0xff,0xc0,0x1f,0xfc,0x00,0x00,0xff,
0xc0,0x1f,0xfc,0x00,0x00,0xff,0xc0,0x0f,0xf8,0x00,0x7f,0xe0,0x03,0xff,0x00,0x3f,0xe0,0x07,0xfe,0x00,0x3f,0xf0,0x0f,0xfc,
0x00,0x1f,0xf8,0x0f,0xfc,0x00,0x0f,0xfc,0x1f,0xf8,0x00,0x0f,0xfc,0x3f,0xf0,0x00,0x07,0xfe,0x3f,0xe0,0x00,0x03,0xff,0x7f,
0xe0,0x00,0x01,0xff,0xff,0xc0,0x00,0x01,0xff,0xff,0x80,0x00,0x00,0xff,0xff,0x80,0x00,0x00,0x7f,0xff,0x00,0x00,0x00,0x7f,
0xfe,0x00,0x00,0x00,0x3f,0xfc,0x00,0x00,0x00,0x1f,0xfc,0x00,0x00,0x00,0x1f,0xf8,0x00,0x00,0x00,0x1f,0xfc,0x00,0x00,0x00,
0x3f,0xfe,0x00,0x00,0x00,0x7f,0xfe,0x00,0x00,0x00,0xff,0xff,0x00,0x00,0x00,0xff,0xff,0x80,0x00,0x01,0xff,0xff,0x80,0x00,
0x03,0xff,0xff,0xc0,0x00,0x03,0xfe,0x7f,0xe0,0x00,0x07,0xfe,0x3f,0xf0,0x00,0x0f,0xfc,0x1f,0xf0,0x00,0x1f,0xf8,0x1f,0xf8,
0x00,0x1f,0xf8,0x0f,0xfc,0x00,0x3f,0xf0,0x07,0xfc,0x00,0x7f,0xe0,0x07,0xfe,0x00,0x7f,0xe0,0x03,0xff,0x00,0xff,0xc0,0x01,
0xff,0x80,0xff,0xc0,0x01,0xff,0x7f,0xc0,0x01,0xff,0x7f,0xe0,0x03,0xff,0x3f,0xe0,0x03,0xfe,0x3f,0xe0,0x03,0xfe,0x3f,0xf0,
0x07,0xfe,0x1f,0xf0,0x07,0xfc,0x1f,0xf0,0x07,0xfc,0x1f,0xf8,0x0f,0xfc,0x0f,0xf8,0x0f,0xf8,0x0f,0xf8,0x0f,0xf8,0x07,0xf8,
0x0f,0xf0,0x07,0xfc,0x1f,0xf0,0x07,0xfc,0x1f,0xf0,0x03,0xfc,0x1f,0xe0,0x03,0xfe,0x3f,0xe0,0x01,0xfe,0x3f,0xe0,0x01,0xfe,
0x3f,0xc0,0x01,0xff,0x7f,0xc0,0x00,0xff,0x7f,0x80,0x00,0xff,0x7f,0x80,0x00,0xff,0xff,0x80,0x00,0x7f,0xff,0x00,0x00,0x7f,
0xff,0x00,0x00,0x3f,0xff,0x00,0x00,0x3f,0xfe,0x00,0x00,0x3f,0xfe,0x00,0x00,0x1f,0xfc,0x00,0x00,0x1f,0xfc,0x00,0x00,0x1f,
0xfc,0x00,0x00,0x0f,0xf8,0x00,0x00,0x0f,0xf8,0x00,0x00,0x0f,0xf8,0x00,0x00,0x0f,0xf0,0x00,0x00,0x1f,0xf0,0x00,0x00,0x3f,
0xe0,0x00,0x0f,0xff,0xe0,0x00,0x0f,0xff,0xe0,0x00,0x0f,0xff,0xc0,0x00,0x0f,0xff,0x80,0x00,0x0f,0xff,0x00,0x00,0x0f,0xfe,
0x00,0x00,0x0f,0xf8,0x00,0x00,0x7f,0xff,0xff,0xf0,0x7f,0xff,0xff,0xf0,0x7f,0xff,0xff,0xf0,0x7f,0xff,0xff,0xf0,0x7f,0xff,
0xff,0xf0,0x7f,0xff,0xff,0xf0,0x7f,0xff,0xff,0xf0,0x00,0x00,0xff,0xf0,0x00,0x01,0xff,0xe0,0x00,0x03,0xff,0xc0,0x00,0x07,
0xff,0x80,0x00,0x07,0xff,0x00,0x00,0x0f,0xfe,0x00,0x00,0x1f,0xfc,0x00,0x00,0x3f,0xf8,0x00,0x00,0x7f,0xf0,0x00,0x00,0xff,
0xe0,0x00,0x01,0xff,0xc0,0x00,0x03,0xff,0x80,0x00,0x07,0xff,0x80,0x00,0x0f,0xff,0x00,0x00,0x1f,0xfe,0x00,0x00,0x3f,0xfc,
0x00,0x00,0x7f,0xf8,0x00,0x00,0xff,0xf0,0x00,0x00,0xff,0xff,0xff,0xf8,0xff,0xff,0xff,0xf8,0xff,0xff,0xff,0xf8,0xff,0xff,
0xff,0xf8,0xff,0xff,0xff,0xf8,0xff,0xff,0xff,0xf8,0xff,0xff,0xff,0xf8,0x00,0x0f,0xf8,0x00,0x7f,0xf8,0x00,0xff,0xf8,0x01,
0xff,0xf8,0x01,0xff,0xf8,0x01,0xff,0xf8,0x03,0xff,0xf8,0x03,0xff,0x00,0x03,0xfe,0x00,0x03,0xfe,0x00,0x03,0xfe,0x00,0x03,
0xfe,0x00,0x03,0xfe,0x00,0x03,0xfe,0x00,0x03,0xfe,0x00,0x03,0xfe,0x00,0x03,0xfe,0x00,0x03,0xfe,0x00,0x03,0xfe,0x00,0x03,
0xfe,0x00,0x03,0xfe,0x00,0x07,0xfe,0x00,0x07,0xfe,0x00,0x1f,0xfc,0x00,0xff,0xfc,0x00,0xff,0xf8,0x00,0xff,0xe0,0x00,0xff,
0x80,0x00,0xff,0xe0,0x00,0xff,0xf8,0x00,0xff,0xfc,0x00,0x1f,0xfc,0x00,0x07,0xfe,0x00,0x07,0xfe,0x00,0x03,0xfe,0x00,0x03,
0xfe,0x00,0x03,0xfe,0x00,0x03,0xfe,0x00,0x03,0xfe,0x00,0x03,0xfe,0x00,0x03,0xfe,0x00,0x03,0xfe,0x00,0x03,0xfe,0x00,0x03,
0xfe,0x00,0x03,0xfe,0x00,0x03,0xfe,0x00,0x03,0xfe,0x00,0x03,0xfe,0x00,0x03,0xff,0x00,0x03,0xff,0xf8,0x01,0xff,0xf8,0x01,
0xff,0xf8,0x01,0xff,0xf8,0x00,0xff,0xf8,0x00,0x7f,0xf8,0x00,0x0f,0xf8,0xff,0x80,0xff,0x80,0xff,0x80,0xff,0x80,0xff,0x80,
0xff,0x80,0xff,0x80,0xff,0x80,0xff,0x80,0xff,0x80,0xff,0x80,0xff,0x80,0xff,0x80,0xff,0x80,0xff,0x80,0xff,0x80,0xff,0x80,
0xff,0x80,0xff,0x80,0xff,0x80,0xff,0x80,0xff,0x80,0xff,0x80,0xff,0x80,0xff,0x80,0xff,0x80,0xff,0x80,0xff,0x80,0xff,0x80,
0xff,0x80,0xff,0x80,0xff,0x80,0xff,0x80,0xff,0x80,0xff,0x80,0xff,0x80,0xff,0x80,0xff,0x80,0xff,0x80,0xff,0x80,0xff,0x80,
0xff,0x80,0xff,0x80,0xff,0x80,0xff,0x80,0xff,0x80,0xff,0x80,0xff,0x80,0xff,0x80,0xff,0x80,0xff,0x80,0xff,0x80,0xff,0x80,
0xff,0x80,0xff,0x80,0xff,0x80,0xff,0x80,0xff,0x80,0xff,0x80,0xff,0x80,0xff,0x80,0xff,0x80,0xff,0x80,0xff,0x80,0xff,0x80,
0xff,0x80,0x00,0xff,0xf0,0x00,0xff,0xf8,0x00,0xff,0xfc,0x00,0xff,0xfc,0x00,0xff,0xfc,0x00,0xff,0xfe,0x00,0x07,0xfe,0x00,
0x03,0xfe,0x00,0x03,0xfe,0x00,0x03,0xfe,0x00,0x03,0xfe,0x00,0x03,0xfe,0x00,0x03,0xfe,0x00,0x03,0xfe,0x00,0x03,0xfe,0x00,
0x03,0xfe,0x00,0x03,0xfe,0x00,0x03,0xfe,0x00,0x03,0xfe,0x00,0x03,0xfe,0x00,0x03,0xfe,0x00,0x03,0xff,0x00,0x01,0xff,0x80,
0x01,0xff,0xf8,0x00,0xff,0xf8,0x00,0x3f,0xf8,0x00,0x0f,0xf8,0x00,0x3f,0xf8,0x00,0xff,0xf8,0x01,0xff,0xf8,0x01,0xff,0x80,
0x03,0xff,0x00,0x03,0xfe,0x00,0x03,0xfe,0x00,0x03,0xfe,0x00,0x03,0xfe,0x00,0x03,0xfe,0x00,0x03,0xfe,0x00,0x03,0xfe,0x00,
0x03,0xfe,0x00,0x03,0xfe,0x00,0x03,0xfe,0x00,0x03,0xfe,0x00,0x03,0xfe,0x00,0x03,0xfe,0x00,0x03,0xfe,0x00,0x03,0xfe,0x00,
0x07,0xfe,0x00,0xff,0xfe,0x00,0xff,0xfc,0x00,0xff,0xfc,0x00,0xff,0xf8,0x00,0xff,0xf8,0x00,0xff,0xe0,0x00,0xff,0x80,0x00,
0x00,0x00,0x01,0x80,0x07,0xe0,0x01,0xf0,0x1f,0xf8,0x01,0xf8,0x3f,0xfe,0x03,0xf8,0x7f,0xff,0x83,0xf8,0x7f,0xff,0xff,0xf8,
0x7f,0xff,0xff,0xf0,0xff,0xff,0xff,0xf0,0xfe,0x1f,0xff,0xe0,0xfe,0x03,0xff,0xe0,0xfc,0x01,0xff,0xc0,0x7c,0x00,0x3f,0x00,
0x0c,0x00,0x00,0x00,0x0f,0x00,0x3f,0xc0,0x7f,0xe0,0x7f,0xe0,0xff,0xf0,0xff,0xf0,0xff,0xf0,0xff,0xf0,0x7f,0xe0,0x7f,0xe0,
0x3f,0xc0,0x0f,0x80,0x00,0x00,0x00,0x00,0x00,0x00,0x00,0x00,0x1f,0x00,0x1f,0x00,0x3f,0x80,0x3f,0x80,0x3f,0x80,0x3f,0x80,
0x3f,0x80,0x3f,0x80,0x3f,0x80,0x3f,0x80,0x3f,0x80,0x3f,0x80,0x7f,0xc0,0x7f,0xc0,0x7f,0xc0,0x7f,0xc0,0x7f,0xc0,0x7f,0xc0,
0x7f,0xc0,0x7f,0xc0,0x7f,0xc0,0x7f,0xc0,0x7f,0xc0,0x7f,0xc0,0x7f,0xc0,0x7f,0xc0,0x7f,0xc0,0x7f,0xc0,0x00,0x03,0xc0,0x00,
0x00,0x03,0xc0,0x00,0x00,0x03,0xc0,0x00,0x00,0x03,0xc0,0x00,0x00,0x03,0xc0,0x00,0x00,0x0f,0xf0,0x00,0x00,0x7f,0xfe,0x00,
0x01,0xff,0xff,0x80,0x03,0xff,0xff,0xc0,0x07,0xff,0xff,0xe0,0x0f,0xff,0xff,0xf0,0x1f,0xff,0xff,0xf8,0x3f,0xff,0xff,0xf8,
0x3f,0xf3,0xcf,0xf8,0x7f,0xe3,0xc7,0xc0,0x7f,0xe3,0xc3,0x00,0x7f,0xc3,0xc0,0x00,0xff,0xc3,0xc0,0x00,0xff,0x83,0xc0,0x00,
0xff,0x83,0xc0,0x00,0xff,0x83,0xc0,0x00,0xff,0x83,0xc0,0x00,0xff,0x83,0xc0,0x00,0xff,0x83,0xc0,0x00,0xff,0x83,0xc0,0x00,
0xff,0x83,0xc0,0x00,0xff,0xc3,0xc0,0x00,0x7f,0xc3,0xc0,0x00,0x7f,0xe3,0xc0,0x00,0x7f,0xe3,0xc3,0x80,0x3f,0xfb,0xc7,0xf0,
0x3f,0xff,0xdf,0xfc,0x1f,0xff,0xff,0xf8,0x0f,0xff,0xff,0xf0,0x0f,0xff,0xff,0xe0,0x07,0xff,0xff,0xc0,0x01,0xff,0xff,0x80,
0x00,0x7f,0xfe,0x00,0x00,0x0f,0xf0,0x00,0x00,0x03,0xc0,0x00,0x00,0x03,0xc0,0x00,0x00,0x03,0xc0,0x00,0x00,0x03,0xc0,0x00,
0x00,0x03,0xc0,0x00,0x00,0x07,0xfc,0x00,0x00,0x00,0x7f,0xff,0xc0,0x00,0x01,0xff,0xff,0xe0,0x00,0x03,0xff,0xff,0xf8,0x00,
0x07,0xff,0xff,0xfc,0x00,0x0f,0xff,0xff,0xfe,0x00,0x1f,0xff,0xff,0xff,0x00,0x1f,0xfc,0x0f,0xff,0x00,0x3f,0xf8,0x01,0xff,
0x80,0x3f,0xf0,0x00,0xff,0x00,0x3f,0xe0,0x00,0xfc,0x00,0x3f,0xe0,0x00,0x60,0x00,0x3f,0xe0,0x00,0x00,0x00,0x3f,0xe0,0x00,
0x00,0x00,0x3f,0xe0,0x00,0x00,0x00,0x3f,0xf0,0x00,0x00,0x00,0x1f,0xf0,0x00,0x00,0x00,0x1f,0xf8,0x00,0x00,0x00,0x0f,0xf8,
0x00,0x00,0x00,0x0f,0xfc,0x00,0x00,0x00,0x07,0xfc,0x00,0x00,0x00,0xff,0xff,0xff,0x80,0x00,0xff,0xff,0xff,0x80,0x00,0xff,
0xff,0xff,0x80,0x00,0xff,0xff,0xff,0x80,0x00,0x01,0xff,0x80,0x00,0x00,0x00,0xff,0x80,0x00,0x00,0x00,0xff,0x80,0x00,0x00,
0x00,0xff,0x80,0x00,0x00,0x00,0xff,0x80,0x00,0x00,0x00,0xff,0x80,0x00,0x00,0x00,0xff,0x00,0x00,0x00,0x01,0xff,0x00,0x00,
0x00,0x01,0xfe,0x00,0x00,0x00,0x03,0xfc,0x00,0x00,0x00,0x07,0xf8,0x00,0x00,0x00,0x0f,0xf3,0x80,0x01,0x00,0x3f,0xff,0xfc,
0x0f,0x00,0xff,0xff,0xff,0xff,0x00,0x7f,0xff,0xff,0xff,0x80,0x7f,0xff,0xff,0xff,0x80,0x7f,0xff,0xff,0xff,0xc0,0x3f,0xff,
0xff,0xff,0xc0,0x3e,0x00,0xff,0xff,0x80,0x10,0x00,0x0f,0xfc,0x00,0x10,0x00,0x00,0x08,0x38,0x00,0x00,0x1c,0x7c,0x0f,0xf0,
0x3e,0xfe,0x3f,0xfc,0x7f,0x7f,0xff,0xff,0xfe,0x3f,0xff,0xff,0xfc,0x1f,0xff,0xff,0xf8,0x0f,0xff,0xff,0xf0,0x0f,0xff,0xff,
0xf0,0x0f,0xf8,0x1f,0xf0,0x1f,0xf0,0x0f,0xf8,0x1f,0xe0,0x07,0xf8,0x3f,0xc0,0x03,0xfc,0x3f,0x80,0x01,0xfc,0x3f,0x80,0x01,
0xfc,0x3f,0x80,0x01,0xfc,0x3f,0x80,0x01,0xfc,0x3f,0x80,0x01,0xfc,0x3f,0x80,0x01,0xfc,0x3f,0xc0,0x03,0xfc,0x1f,0xe0,0x07,
0xf8,0x1f,0xf0,0x0f,0xf8,0x0f,0xf8,0x1f,0xf0,0x0f,0xff,0xff,0xf0,0x0f,0xff,0xff,0xf0,0x1f,0xff,0xff,0xf8,0x3f,0xff,0xff,
0xfc,0x7f,0xff,0xff,0xfe,0xfe,0x3f,0xfc,0x7f,0x7c,0x0f,0xf0,0x3e,0x38,0x00,0x00,0x1c,0x10,0x00,0x00,0x08,0xff,0xe0,0x00,
0x01,0xff,0xc0,0x7f,0xf0,0x00,0x03,0xff,0x80,0x3f,0xf8,0x00,0x03,0xff,0x00,0x3f,0xf8,0x00,0x07,0xff,0x00,0x1f,0xfc,0x00,
0x07,0xfe,0x00,0x1f,0xfc,0x00,0x0f,0xfe,0x00,0x0f,0xfe,0x00,0x0f,0xfc,0x00,0x07,0xfe,0x00,0x1f,0xfc,0x00,0x07,0xff,0x00,
0x1f,0xf8,0x00,0x03,0xff,0x00,0x3f,0xf0,0x00,0x01,0xff,0x80,0x3f,0xf0,0x00,0x01,0xff,0xc0,0x7f,0xe0,0x00,0x00,0xff,0xc0,
0x7f,0xe0,0x00,0x00,0xff,0xe0,0xff,0xc0,0x00,0x00,0x7f,0xe0,0xff,0xc0,0x00,0x00,0x3f,0xf1,0xff,0x80,0x00,0x00,0x3f,0xf3,
0xff,0x00,0x00,0x00,0x1f,0xfb,0xff,0x00,0x00,0x00,0x1f,0xff,0xfe,0x00,0x00,0x00,0x0f,0xff,0xfe,0x00,0x00,0x00,0x07,0xff,
0xfc,0x00,0x00,0x00,0x07,0xff,0xf8,0x00,0x00,0x00,0x03,0xff,0xf8,0x00,0x00,0x00,0x01,0xff,0xf0,0x00,0x00,0x00,0x01,0xff,
0xf0,0x00,0x00,0x00,0x00,0xff,0xe0,0x00,0x00,0x00,0xff,0xff,0xff,0xc0,0x00,0x00,0xff,0xff,0xff,0xc0,0x00,0x00,0xff,0xff,
0xff,0xc0,0x00,0x00,0xff,0xff,0xff,0xc0,0x00,0x00,0x00,0x7f,0xc0,0x00,0x00,0x00,0x00,0x7f,0xc0,0x00,0x00,0x00,0x00,0x7f,
0xc0,0x00,0x00,0x00,0x00,0x7f,0xc0,0x00,0x00,0x00,0x00,0x7f,0xc0,0x00,0x00,0x00,0xff,0xff,0xff,0xc0,0x00,0x00,0xff,0xff,
0xff,0xc0,0x00,0x00,0xff,0xff,0xff,0xc0,0x00,0x00,0xff,0xff,0xff,0xc0,0x00,0x00,0x00,0x7f,0xc0,0x00,0x00,0x00,0x00,0x7f,
0xc0,0x00,0x00,0x00,0x00,0x7f,0xc0,0x00,0x00,0x00,0x00,0x7f,0xc0,0x00,0x00,0x00,0x00,0x7f,0xc0,0x00,0x00,0xff,0x80,0xff,
0x80,0xff,0x80,0xff,0x80,0xff,0x80,0xff,0x80,0xff,0x80,0xff,0x80,0xff,0x80,0xff,0x80,0xff,0x80,0xff,0x80,0xff,0x80,0xff,
0x80,0xff,0x80,0xff,0x80,0xff,0x80,0xff,0x80,0xff,0x80,0xff,0x80,0xff,0x80,0xff,0x80,0xff,0x80,0xff,0x80,0xff,0x80,0x00,
0x00,0x00,0x00,0x00,0x00,0x00,0x00,0x00,0x00,0x00,0x00,0x00,0x00,0x00,0x00,0x00,0x00,0x00,0x00,0x00,0x00,0x00,0x00,0x00,
0x00,0x00,0x00,0x00,0x00,0xff,0x80,0xff,0x80,0xff,0x80,0xff,0x80,0xff,0x80,0xff,0x80,0xff,0x80,0xff,0x80,0xff,0x80,0xff,
0x80,0xff,0x80,0xff,0x80,0xff,0x80,0xff,0x80,0xff,0x80,0xff,0x80,0xff,0x80,0xff,0x80,0xff,0x80,0xff,0x80,0xff,0x80,0xff,
0x80,0xff,0x80,0xff,0x80,0xff,0x80,0x00,0x07,0xf8,0x00,0x00,0x00,0x3f,0xff,0x00,0x00,0x00,0xff,0xff,0xc0,0x00,0x03,0xff,
0xff,0xe0,0x00,0x07,0xff,0xff,0xf0,0x00,0x07,0xff,0xff,0xf8,0x00,0x0f,0xff,0xff,0xf8,0x00,0x0f,0xfc,0x1f,0xfc,0x00,0x1f,
0xf8,0x07,0xfc,0x00,0x1f,0xf0,0x03,0xf8,0x00,0x1f,0xf0,0x03,0xc0,0x00,0x1f,0xf0,0x02,0x00,0x00,0x1f,0xf8,0x00,0x00,0x00,
0x1f,0xfc,0x00,0x00,0x00,0x0f,0xff,0x00,0x00,0x00,0x0f,0xff,0xc0,0x00,0x00,0x07,0xff,0xf0,0x00,0x00,0x07,0xff,0xfc,0x00,
0x00,0x0f,0xff,0xff,0x00,0x00,0x1f,0xff,0xff,0xc0,0x00,0x3f,0xff,0xff,0xe0,0x00,0x7f,0xff,0xff,0xf8,0x00,0x7f,0xc7,0xff,
0xfc,0x00,0xff,0x81,0xff,0xfe,0x00,0xff,0x80,0x7f,0xff,0x00,0xff,0x80,0x1f,0xff,0x00,0xff,0x80,0x07,0xff,0x00,0xff,0xc0,
0x03,0xff,0x80,0xff,0xf0,0x01,0xff,0x80,0x7f,0xf8,0x00,0xff,0x80,0x7f,0xfe,0x00,0xff,0x80,0x3f,0xff,0x80,0xff,0x80,0x1f,
0xff,0xe1,0xff,0x80,0x0f,0xff,0xfb,0xff,0x00,0x07,0xff,0xff,0xff,0x00,0x01,0xff,0xff,0xfe,0x00,0x00,0xff,0xff,0xfc,0x00,
0x00,0x3f,0xff,0xf8,0x00,0x00,0x0f,0xff,0xe0,0x00,0x00,0x03,0xff,0xf0,0x00,0x00,0x00,0xff,0xf8,0x00,0x00,0x00,0x3f,0xf8,
0x00,0x00,0x00,0x1f,0xfc,0x00,0x00,0x00,0x0f,0xfc,0x00,0x00,0x60,0x07,0xfc,0x00,0x03,0xe0,0x07,0xfc,0x00,0x1f,0xf0,0x07,
0xfc,0x00,0x1f,0xf8,0x0f,0xfc,0x00,0x1f,0xff,0xff,0xf8,0x00,0x0f,0xff,0xff,0xf8,0x00,0x07,0xff,0xff,0xf0,0x00,0x07,0xff,
0xff,0xe0,0x00,0x01,0xff,0xff,0xc0,0x00,0x00,0xff,0xff,0x00,0x00,0x00,0x3f,0xfc,0x00,0x00,0x00,0x01,0x80,0x00,0x00,0x3e,
0x01,0xf0,0x7f,0x03,0xf8,0xff,0x87,0xfc,0xff,0x87,0xfc,0xff,0x87,0xfc,0xff,0x87,0xfc,0xff,0x87,0xfc,0x7f,0x03,0xf8,0x3e,
0x01,0xf0,0x00,0x00,0x7f,0xe0,0x00,0x00,0x00,0x03,0xff,0xfc,0x00,0x00,0x00,0x0f,0xff,0xff,0x00,0x00,0x00,0x3f,0xff,0xff,
0xc0,0x00,0x00,0x7f,0xc0,0x3f,0xe0,0x00,0x00,0xfe,0x00,0x07,0xf0,0x00,0x03,0xf8,0x00,0x01,0xf8,0x00,0x03,0xe0,0x00,0x00,
0x7c,0x00,0x07,0xc0,0x00,0x00,0x3e,0x00,0x0f,0x80,0x00,0x00,0x1f,0x00,0x1f,0x00,0x1f,0xc0,0x0f,0x80,0x1e,0x00,0x7f,0xf8,
0x0f,0x80,0x3e,0x01,0xff,0xfc,0x07,0xc0,0x3c,0x03,0xff,0xfe,0x03,0xc0,0x7c,0x07,0xff,0xff,0x03,0xe0,0x78,0x07,0xf8,0x7f,
0x81,0xe0,0x78,0x0f,0xf0,0x3e,0x01,0xe0,0x78,0x0f,0xe0,0x10,0x01,0xe0,0xf0,0x1f,0xe0,0x00,0x00,0xf0,0xf0,0x1f,0xc0,0x00,
0x00,0xf0,0xf0,0x1f,0xc0,0x00,0x00,0xf0,0xf0,0x1f,0xc0,0x00,0x00,0xf0,0xf0,0x1f,0xc0,0x00,0x00,0xf0,0xf0,0x1f,0xc0,0x00,
0x00,0xf0,0xf0,0x1f,0xc0,0x00,0x00,0xf0,0xf0,0x1f,0xc0,0x00,0x00,0xf0,0xf0,0x1f,0xe0,0x00,0x00,0xf0,0xf8,0x0f,0xe0,0x00,
0x01,0xe0,0x78,0x0f,0xf0,0x1c,0x01,0xe0,0x78,0x07,0xf8,0x7f,0x01,0xe0,0x7c,0x07,0xff,0xff,0x03,0xe0,0x3c,0x03,0xff,0xfe,
0x03,0xc0,0x3e,0x01,0xff,0xfc,0x07,0xc0,0x1e,0x00,0xff,0xf8,0x07,0x80,0x1f,0x00,0x1f,0xc0,0x0f,0x80,0x0f,0x80,0x00,0x00,
0x1f,0x00,0x07,0xc0,0x00,0x00,0x3e,0x00,0x03,0xe0,0x00,0x00,0x7c,0x00,0x03,0xf8,0x00,0x01,0xf8,0x00,0x00,0xfe,0x00,0x07,
0xf0,0x00,0x00,0x7f,0xc0,0x3f,0xe0,0x00,0x00,0x3f,0xff,0xff,0xc0,0x00,0x00,0x0f,0xff,0xff,0x00,0x00,0x00,0x03,0xff,0xfc,
0x00,0x00,0x00,0x00,0x7f,0xe0,0x00,0x00,0x03,0xfc,0x00,0x1f,0xff,0x00,0x3f,0xff,0x80,0x7f,0xff,0x80,0x1e,0x1f,0xc0,0x00,
0x0f,0xc0,0x00,0x0f,0xc0,0x03,0xff,0xc0,0x1f,0xff,0xc0,0x3f,0xff,0xc0,0x7f,0xff,0xc0,0xfe,0x0f,0xc0,0xfc,0x0f,0xc0,0xfc,
0x0f,0xc0,0xfe,0x3f,0xc0,0xff,0xff,0xc0,0x7f,0xff,0xc0,0x3f,0xf7,0xc0,0x0f,0xc7,0xc0,0x00,0x7f,0xf0,0x7f,0xe0,0x00,0x7f,
0xe0,0xff,0xc0,0x00,0xff,0xc1,0xff,0x80,0x01,0xff,0xc3,0xff,0x80,0x01,0xff,0x83,0xff,0x00,0x03,0xff,0x07,0xfe,0x00,0x07,
0xff,0x0f,0xfe,0x00,0x07,0xfe,0x0f,0xfc,0x00,0x0f,0xfc,0x1f,0xf8,0x00,0x1f,0xf8,0x3f,0xf0,0x00,0x3f,0xf8,0x3f,0xf0,0x00,
0x3f,0xf0,0x7f,0xe0,0x00,0x7f,0xe0,0xff,0xc0,0x00,0xff,0xe1,0xff,0xc0,0x00,0x7f,0xe0,0xff,0xc0,0x00,0x3f,0xf0,0x7f,0xe0,
0x00,0x3f,0xf8,0x3f,0xf0,0x00,0x1f,0xf8,0x3f,0xf0,0x00,0x0f,0xfc,0x1f,0xf8,0x00,0x07,0xfe,0x0f,0xfc,0x00,0x07,0xff,0x0f,
0xfe,0x00,0x03,0xff,0x07,0xfe,0x00,0x01,0xff,0x83,0xff,0x00,0x01,0xff,0xc3,0xff,0x80,0x00,0xff,0xc1,0xff,0x80,0x00,0x7f,
0xe0,0xff,0xc0,0x00,0x7f,0xf0,0x7f,0xe0,0xff,0xff,0xff,0xff,0x80,0xff,0xff,0xff,0xff,0x80,0xff,0xff,0xff,0xff,0x80,0xff,
0xff,0xff,0xff,0x80,0xff,0xff,0xff,0xff,0x80,0xff,0xff,0xff,0xff,0x80,0xff,0xff,0xff,0xff,0x80,0x00,0x00,0x00,0x7f,0x80,
0x00,0x00,0x00,0x7f,0x80,0x00,0x00,0x00,0x7f,0x80,0x00,0x00,0x00,0x7f,0x80,0x00,0x00,0x00,0x7f,0x80,0x00,0x00,0x00,0x7f,
0x80,0x00,0x00,0x00,0x7f,0x80,0x00,0x00,0x00,0x7f,0x80,0x00,0x00,0x00,0x7f,0x80,0x00,0x00,0x00,0x7f,0x80,0x00,0x00,0x00,
0x7f,0x80,0x00,0x00,0x00,0x7f,0x80,0x00,0x00,0x00,0x7f,0x80,0x00,0x00,0x00,0x7f,0x80,0x00,0x00,0x00,0x7f,0x80,0x00,0x00,
0x00,0x7f,0x80,0xff,0xff,0xff,0xe0,0xc0,0x00,0x00,0x60,0xc0,0x00,0x00,0x60,0xe0,0x00,0x00,0xe0,0xb0,0x00,0x01,0xa0,0x90,
0x00,0x01,0x20,0x98,0x00,0x03,0x20,0x88,0x00,0x02,0x20,0x8c,0x00,0x06,0x20,0x86,0x00,0x0c,0x20,0x86,0x00,0x08,0x20,0x83,
0x00,0x18,0x20,0x81,0x00,0x30,0x20,0x81,0x80,0x30,0x20,0x80,0xc0,0x60,0x20,0x80,0xc0,0x40,0x20,0x80,0x60,0xc0,0x20,0x80,
0x21,0x80,0x20,0x80,0x31,0x80,0x20,0x80,0x1b,0x00,0x20,0x80,0x1b,0x00,0x20,0x80,0x0e,0x00,0x20,0x80,0x04,0x00,0x20,0x80,
0x0e,0x00,0x20,0x80,0x1a,0x00,0x20,0x80,0x1b,0x00,0x20,0x80,0x31,0x80,0x20,0x80,0x20,0x80,0x20,0x80,0x60,0xc0,0x20,0x80,
0x40,0x40,0x20,0x80,0xc0,0x60,0x20,0x81,0x80,0x30,0x20,0x81,0x00,0x10,0x20,0x83,0x00,0x18,0x20,0x82,0x00,0x08,0x20,0x86,
0x00,0x0c,0x20,0x8c,0x00,0x06,0x20,0x88,0x00,0x02,0x20,0x98,0x00,0x03,0x20,0x90,0x00,0x01,0x20,0xb0,0x00,0x01,0xa0,0xe0,
0x00,0x00,0xe0,0xc0,0x00,0x00,0x60,0xc0,0x00,0x00,0x60,0xff,0xff,0xff,0xe0,0x00,0x00,0x7f,0xe0,0x00,0x00,0x00,0x03,0xff,
0xfc,0x00,0x00,0x00,0x0f,0xff,0xff,0x00,0x00,0x00,0x3f,0xff,0xff,0xc0,0x00,0x00,0x7f,0xc0,0x3f,0xe0,0x00,0x00,0xfe,0x00,
0x07,0xf0,0x00,0x03,0xf8,0x00,0x01,0xf8,0x00,0x03,0xe0,0x00,0x00,0x7c,0x00,0x07,0xc0,0x00,0x00,0x3e,0x00,0x0f,0x80,0x00,
0x00,0x1f,0x00,0x1f,0x0f,0xff,0xe0,0x0f,0x80,0x1e,0x0f,0xff,0xf8,0x0f,0x80,0x3e,0x0f,0xff,0xfc,0x07,0xc0,0x3c,0x0f,0xff,
0xfe,0x03,0xc0,0x7c,0x0f,0xc0,0xff,0x03,0xe0,0x78,0x0f,0xc0,0x3f,0x01,0xe0,0x78,0x0f,0xc0,0x3f,0x01,0xe0,0x78,0x0f,0xc0,
0x3f,0x01,0xe0,0xf0,0x0f,0xc0,0x3f,0x00,0xf0,0xf0,0x0f,0xc0,0x7f,0x00,0xf0,0xf0,0x0f,0xff,0xfe,0x00,0xf0,0xf0,0x0f,0xff,
0xfc,0x00,0xf0,0xf0,0x0f,0xff,0xf8,0x00,0xf0,0xf0,0x0f,0xff,0xe0,0x00,0xf0,0xf0,0x0f,0xc7,0xe0,0x00,0xf0,0xf0,0x0f,0xc7,
0xf0,0x00,0xf0,0xf0,0x0f,0xc3,0xf8,0x00,0xf0,0xf8,0x0f,0xc1,0xf8,0x01,0xe0,0x78,0x0f,0xc1,0xfc,0x01,0xe0,0x78,0x0f,0xc0,
0xfe,0x01,0xe0,0x7c,0x0f,0xc0,0x7e,0x03,0xe0,0x3c,0x0f,0xc0,0x7f,0x03,0xc0,0x3e,0x0f,0xc0,0x3f,0x87,0xc0,0x1e,0x0f,0xc0,
0x1f,0x87,0x80,0x1f,0x00,0x00,0x00,0x0f,0x80,0x0f,0x80,0x00,0x00,0x1f,0x00,0x07,0xc0,0x00,0x00,0x3e,0x00,0x03,0xe0,0x00,
0x00,0x7c,0x00,0x03,0xf8,0x00,0x01,0xf8,0x00,0x00,0xfe,0x00,0x07,0xf0,0x00,0x00,0x7f,0xc0,0x3f,0xe0,0x00,0x00,0x3f,0xff,
0xff,0xc0,0x00,0x00,0x0f,0xff,0xff,0x00,0x00,0x00,0x03,0xff,0xfc,0x00,0x00,0x00,0x00,0x7f,0xe0,0x00,0x00,0xff,0xff,0xe0,
0xff,0xff,0xe0,0xff,0xff,0xe0,0xff,0xff,0xe0,0xff,0xff,0xe0,0xff,0xff,0xe0,0x01,0xf8,0x00,0x07,0xfe,0x00,0x1f,0xff,0x80,
0x3f,0xff,0xc0,0x3f,0xff,0xc0,0x7f,0x0f,0xe0,0x7c,0x03,0xe0,0xfc,0x03,0xf0,0xf8,0x01,0xf0,0xf8,0x01,0xf0,0xf8,0x01,0xf0,
0xf8,0x01,0xf0,0xfc,0x03,0xf0,0x7c,0x03,0xe0,0x7f,0x0f,0xe0,0x3f,0xff,0xc0,0x3f,0xff,0xc0,0x1f,0xff,0x80,0x07,0xfe,0x00,
0x01,0xf8,0x00,0x00,0x0f,0xf0,0x00,0x00,0x0f,0xf0,0x00,0x00,0x0f,0xf0,0x00,0x00,0x0f,0xf0,0x00,0x00,0x0f,0xf0,0x00,0x00,
0x0f,0xf0,0x00,0x00,0x0f,0xf0,0x00,0xff,0xff,0xff,0xff,0xff,0xff,0xff,0xff,0xff,0xff,0xff,0xff,0xff,0xff,0xff,0xff,0xff,
0xff,0xff,0xff,0xff,0xff,0xff,0xff,0xff,0xff,0xff,0xff,0x00,0x0f,0xf0,0x00,0x00,0x0f,0xf0,0x00,0x00,0x0f,0xf0,0x00,0x00,
0x0f,0xf0,0x00,0x00,0x0f,0xf0,0x00,0x00,0x0f,0xf0,0x00,0x00,0x0f,0xf0,0x00,0x00,0x00,0x00,0x00,0x00,0x00,0x00,0x00,0x00,
0x00,0x00,0x00,0x00,0x00,0x00,0x00,0xff,0xff,0xff,0xff,0xff,0xff,0xff,0xff,0xff,0xff,0xff,0xff,0xff,0xff,0xff,0xff,0xff,
0xff,0xff,0xff,0xff,0xff,0xff,0xff,0xff,0xff,0xff,0xff,0x03,0xfc,0x00,0x0f,0xff,0x00,0x3f,0xff,0xc0,0x3f,0xff,0xc0,0x7f,
0x0f,0xe0,0x3e,0x07,0xe0,0x04,0x07,0xe0,0x00,0x07,0xe0,0x00,0x0f,0xe0,0x00,0x0f,0xc0,0x00,0x1f,0xc0,0x00,0x3f,0x80,0x00,
0x7f,0x80,0x00,0xff,0x00,0x01,0xfe,0x00,0x07,0xf8,0x00,0x0f,0xf0,0x00,0x1f,0xe0,0x00,0x7f,0x80,0x00,0xff,0xff,0xe0,0xff,
0xff,0xe0,0xff,0xff,0xe0,0xff,0xff,0xe0,0xff,0xff,0xe0,0x07,0xf8,0x00,0x3f,0xfe,0x00,0x7f,0xff,0x80,0xff,0xff,0x80,0xfe,
0x1f,0xc0,0x1c,0x0f,0xc0,0x00,0x0f,0xc0,0x00,0x0f,0xc0,0x00,0x3f,0xc0,0x03,0xff,0x80,0x03,0xff,0x00,0x03,0xff,0x00,0x03,
0xff,0x80,0x03,0xff,0xc0,0x00,0x1f,0xe0,0x00,0x0f,0xe0,0x00,0x07,0xe0,0x08,0x07,0xe0,0x7c,0x07,0xe0,0xfe,0x1f,0xc0,0xff,
0xff,0xc0,0x7f,0xff,0x80,0x1f,0xff,0x00,0x07,0xf8,0x00,0x00,0x80,0x03,0xe0,0x07,0xf0,0x0f,0xf0,0x0f,0xf0,0x1f,0xe0,0x3f,
0xc0,0x7f,0x80,0xff,0x00,0xfe,0x00,0xff,0xff,0xff,0xe0,0xc0,0x00,0x00,0x60,0xc0,0x00,0x00,0x60,0xe0,0x00,0x00,0xe0,0xb0,
0x00,0x01,0xa0,0x90,0x00,0x01,0x20,0x98,0x00,0x03,0x20,0x88,0x00,0x02,0x20,0x8c,0x00,0x06,0x20,0x86,0x00,0x0c,0x20,0x86,
0x00,0x08,0x20,0x83,0x00,0x18,0x20,0x81,0x00,0x30,0x20,0x81,0x80,0x30,0x20,0x80,0xc0,0x60,0x20,0x80,0xc0,0x40,0x20,0x80,
0x60,0xc0,0x20,0x80,0x21,0x80,0x20,0x80,0x31,0x80,0x20,0x80,0x1b,0x00,0x20,0x80,0x1b,0x00,0x20,0x80,0x0e,0x00,0x20,0x80,
0x04,0x00,0x20,0x80,0x0e,0x00,0x20,0x80,0x1a,0x00,0x20,0x80,0x1b,0x00,0x20,0x80,0x31,0x80,0x20,0x80,0x20,0x80,0x20,0x80,
0x60,0xc0,0x20,0x80,0x40,0x40,0x20,0x80,0xc0,0x60,0x20,0x81,0x80,0x30,0x20,0x81,0x00,0x10,0x20,0x83,0x00,0x18,0x20,0x82,
0x00,0x08,0x20,0x86,0x00,0x0c,0x20,0x8c,0x00,0x06,0x20,0x88,0x00,0x02,0x20,0x98,0x00,0x03,0x20,0x90,0x00,0x01,0x20,0xb0,
0x00,0x01,0xa0,0xe0,0x00,0x00,0xe0,0xc0,0x00,0x00,0x60,0xc0,0x00,0x00,0x60,0xff,0xff,0xff,0xe0,0x00,0x7f,0xff,0xfc,0x03,
0xff,0xff,0xfc,0x07,0xff,0xff,0xfc,0x0f,0xff,0xff,0xfc,0x1f,0xfe,0x07,0xe0,0x3f,0xfe,0x07,0xe0,0x7f,0xfe,0x07,0xe0,0x7f,
0xfe,0x07,0xe0,0x7f,0xfe,0x07,0xe0,0xff,0xfe,0x07,0xe0,0xff,0xfe,0x07,0xe0,0xff,0xfe,0x07,0xe0,0xff,0xfe,0x07,0xe0,0xff,
0xfe,0x07,0xe0,0xff,0xfe,0x07,0xe0,0xff,0xfe,0x07,0xe0,0x7f,0xfe,0x07,0xe0,0x7f,0xfe,0x07,0xe0,0x3f,0xfe,0x07,0xe0,0x3f,
0xfe,0x07,0xe0,0x1f,0xfe,0x07,0xe0,0x0f,0xfe,0x07,0xe0,0x07,0xfe,0x07,0xe0,0x01,0xfe,0x07,0xe0,0x00,0x7e,0x07,0xe0,0x00,
0x7e,0x07,0xe0,0x00,0x7e,0x07,0xe0,0x00,0x7e,0x07,0xe0,0x00,0x7e,0x07,0xe0,0x00,0x7e,0x07,0xe0,0x00,0x7e,0x07,0xe0,0x00,
0x7e,0x07,0xe0,0x00,0x7e,0x07,0xe0,0x00,0x7e,0x07,0xe0,0x00,0x7e,0x07,0xe0,0x00,0x7e,0x07,0xe0,0x00,0x7e,0x07,0xe0,0x00,
0x7e,0x07,0xe0,0x00,0x7e,0x07,0xe0,0x00,0x7e,0x07,0xe0,0x00,0x7e,0x07,0xe0,0x00,0x7e,0x07,0xe0,0x00,0x7e,0x07,0xe0,0x00,
0x7e,0x07,0xe0,0x00,0x7e,0x07,0xe0,0x00,0x7e,0x07,0xe0,0x00,0x7e,0x07,0xe0,0x00,0x7e,0x07,0xe0,0x00,0x7e,0x07,0xe0,0x00,
0x7e,0x07,0xe0,0x00,0x7e,0x07,0xe0,0x00,0x7e,0x07,0xe0,0x00,0x7e,0x07,0xe0,0x00,0x7e,0x07,0xe0,0x0f,0x00,0x3f,0xc0,0x7f,
0xe0,0x7f,0xe0,0xff,0xf0,0xff,0xf0,0xff,0xf0,0xff,0xf0,0xff,0xe0,0x7f,0xe0,0x3f,0xc0,0x0f,0x80,0x06,0x00,0x0f,0x00,0x0e,
0x00,0x1e,0x00,0x3f,0xe0,0x3f,0xf8,0x3f,0xfc,0x00,0xfc,0x00,0xfc,0x41,0xfc,0x7f,0xf8,0xff,0xf0,0x7f,0xc0,0x01,0xf0,0x03,
0xf0,0x07,0xf0,0xff,0xf0,0xff,0xf0,0xff,0xf0,0xff,0xf0,0xff,0xf0,0x03,0xf0,0x03,0xf0,0x03,0xf0,0x03,0xf0,0x03,0xf0,0x03,
0xf0,0x03,0xf0,0x03,0xf0,0x03,0xf0,0x03,0xf0,0x03,0xf0,0x03,0xf0,0x03,0xf0,0x03,0xf0,0x03,0xf0,0x03,0xf0,0x03,0xf8,0x00,
0x0f,0xfe,0x00,0x3f,0xff,0x80,0x3f,0xff,0x80,0x7f,0x1f,0xc0,0x7e,0x0f,0xc0,0xfc,0x07,0xe0,0xfc,0x07,0xe0,0xfc,0x07,0xe0,
0xfc,0x07,0xe0,0xfc,0x07,0xe0,0xfc,0x07,0xe0,0xfe,0x0f,0xc0,0x7f,0x1f,0xc0,0x3f,0xff,0x80,0x3f,0xff,0x80,0x0f,0xfe,0x00,
0x03,0xf8,0x00,0xff,0xc1,0xff,0x80,0x00,0xff,0xe1,0xff,0xc0,0x00,0x7f,0xe0,0xff,0xc0,0x00,0x3f,0xf0,0x7f,0xe0,0x00,0x1f,
0xf8,0x3f,0xf0,0x00,0x1f,0xf8,0x3f,0xf8,0x00,0x0f,0xfc,0x1f,0xf8,0x00,0x07,0xfe,0x0f,0xfc,0x00,0x07,0xff,0x0f,0xfe,0x00,
0x03,0xff,0x07,0xfe,0x00,0x01,0xff,0x83,0xff,0x00,0x01,0xff,0xc1,0xff,0x80,0x00,0xff,0xc1,0xff,0x80,0x00,0x7f,0xe0,0xff,
0xc0,0x00,0xff,0xc1,0xff,0x80,0x01,0xff,0xc1,0xff,0x80,0x01,0xff,0x83,0xff,0x00,0x03,0xff,0x07,0xfe,0x00,0x07,0xff,0x0f,
0xfe,0x00,0x07,0xfe,0x0f,0xfc,0x00,0x0f,0xfc,0x1f,0xf8,0x00,0x1f,0xfc,0x3f,0xf8,0x00,0x1f,0xf8,0x3f,0xf0,0x00,0x3f,0xf0,
0x7f,0xe0,0x00,0x7f,0xe0,0xff,0xc0,0x00,0xff,0xe1,0xff,0xc0,0x00,0xff,0xc1,0xff,0x80,0x00,0x01,0xf0,0x00,0x00,0x3f,0x80,
0x03,0xf0,0x00,0x00,0x7f,0x80,0x07,0xf0,0x00,0x00,0xff,0x00,0xff,0xf0,0x00,0x00,0xfe,0x00,0xff,0xf0,0x00,0x01,0xfe,0x00,
0xff,0xf0,0x00,0x03,0xfc,0x00,0xff,0xf0,0x00,0x03,0xf8,0x00,0xff,0xf0,0x00,0x07,0xf8,0x00,0x03,0xf0,0x00,0x0f,0xf0,0x00,
0x03,0xf0,0x00,0x1f,0xe0,0x00,0x03,0xf0,0x00,0x1f,0xe0,0x00,0x03,0xf0,0x00,0x3f,0xc0,0x00,0x03,0xf0,0x00,0x7f,0x80,0x00,
0x03,0xf0,0x00,0x7f,0x00,0x00,0x03,0xf0,0x00,0xff,0x00,0x00,0x03,0xf0,0x01,0xfe,0x00,0x00,0x03,0xf0,0x01,0xfc,0x00,0x00,
0x03,0xf0,0x03,0xfc,0x00,0x00,0x03,0xf0,0x07,0xf8,0x00,0x00,0x03,0xf0,0x07,0xf0,0x03,0xf0,0x03,0xf0,0x0f,0xf0,0x07,0xf0,
0x03,0xf0,0x1f,0xe0,0x0f,0xf0,0x03,0xf0,0x3f,0xc0,0x1f,0xf0,0x03,0xf0,0x3f,0x80,0x3f,0xf0,0x00,0x00,0x7f,0x80,0x7f,0xf0,
0x00,0x00,0xff,0x00,0x7f,0xf0,0x00,0x00,0xfe,0x00,0xff,0xf0,0x00,0x01,0xfe,0x01,0xfb,0xf0,0x00,0x03,0xfc,0x03,0xf3,0xf0,
0x00,0x03,0xf8,0x07,0xe3,0xf0,0x00,0x07,0xf8,0x0f,0xc3,0xf0,0x00,0x0f,0xf0,0x0f,0xc3,0xf0,0x00,0x0f,0xe0,0x1f,0x83,0xf0,
0x00,0x1f,0xe0,0x3f,0xff,0xff,0x00,0x3f,0xc0,0x3f,0xff,0xff,0x00,0x7f,0x80,0x3f,0xff,0xff,0x00,0x7f,0x00,0x3f,0xff,0xff,
0x00,0xff,0x00,0x3f,0xff,0xff,0x01,0xfe,0x00,0x00,0x03,0xf0,0x01,0xfc,0x00,0x00,0x03,0xf0,0x03,0xfc,0x00,0x00,0x03,0xf0,
0x07,0xf8,0x00,0x00,0x03,0xf0,0x07,0xf0,0x00,0x00,0x03,0xf0,0x01,0xf0,0x00,0x00,0x3f,0xc0,0x03,0xf0,0x00,0x00,0x7f,0x80,
0x07,0xf0,0x00,0x00,0xff,0x00,0xff,0xf0,0x00,0x00,0xfe,0x00,0xff,0xf0,0x00,0x01,0xfe,0x00,0xff,0xf0,0x00,0x03,0xfc,0x00,
0xff,0xf0,0x00,0x07,0xf8,0x00,0xff,0xf0,0x00,0x07,0xf8,0x00,0x03,0xf0,0x00,0x0f,0xf0,0x00,0x03,0xf0,0x00,0x1f,0xe0,0x00,
0x03,0xf0,0x00,0x1f,0xe0,0x00,0x03,0xf0,0x00,0x3f,0xc0,0x00,0x03,0xf0,0x00,0x7f,0x80,0x00,0x03,0xf0,0x00,0x7f,0x00,0x00,
0x03,0xf0,0x00,0xff,0x00,0x00,0x03,0xf0,0x01,0xfe,0x00,0x00,0x03,0xf0,0x01,0xfc,0x00,0x00,0x03,0xf0,0x03,0xfc,0x00,0x00,
0x03,0xf0,0x07,0xf8,0x00,0x00,0x03,0xf0,0x07,0xf0,0x1f,0xe0,0x03,0xf0,0x0f,0xf0,0x7f,0xf8,0x03,0xf0,0x1f,0xe1,0xff,0xfc,
0x03,0xf0,0x3f,0xc3,0xff,0xfe,0x03,0xf0,0x3f,0xc3,0xf8,0x7f,0x00,0x00,0x7f,0x80,0xf0,0x3f,0x00,0x00,0xff,0x00,0x20,0x3f,
0x00,0x00,0xfe,0x00,0x00,0x3f,0x00,0x01,0xfe,0x00,0x00,0x3f,0x00,0x03,0xfc,0x00,0x00,0x7e,0x00,0x03,0xf8,0x00,0x00,0xfe,
0x00,0x07,0xf8,0x00,0x01,0xfc,0x00,0x0f,0xf0,0x00,0x03,0xfc,0x00,0x0f,0xe0,0x00,0x07,0xf8,0x00,0x1f,0xe0,0x00,0x0f,0xf0,
0x00,0x3f,0xc0,0x00,0x3f,0xc0,0x00,0x7f,0x80,0x00,0x7f,0x80,0x00,0x7f,0x00,0x00,0xff,0x00,0x00,0xff,0x00,0x03,0xfc,0x00,
0x01,0xfe,0x00,0x07,0xff,0xff,0x01,0xfc,0x00,0x07,0xff,0xff,0x03,0xfc,0x00,0x07,0xff,0xff,0x07,0xf8,0x00,0x07,0xff,0xff,
0x07,0xf0,0x00,0x07,0xff,0xff,0x07,0xf8,0x00,0x00,0x00,0x00,0x00,0x1f,0xfe,0x00,0x00,0x07,0xf8,0x00,0x7f,0xff,0x00,0x00,
0x07,0xf0,0x00,0xff,0xff,0x80,0x00,0x0f,0xf0,0x00,0xfe,0x1f,0xc0,0x00,0x1f,0xe0,0x00,0x3c,0x0f,0xc0,0x00,0x1f,0xc0,0x00,
0x08,0x0f,0xc0,0x00,0x3f,0xc0,0x00,0x00,0x0f,0xc0,0x00,0x7f,0x80,0x00,0x00,0x1f,0xc0,0x00,0x7f,0x00,0x00,0x00,0x3f,0x80,
0x00,0xff,0x00,0x00,0x03,0xff,0x80,0x01,0xfe,0x00,0x00,0x03,0xff,0x00,0x03,0xfc,0x00,0x00,0x03,0xff,0x00,0x03,0xfc,0x00,
0x00,0x03,0xff,0x80,0x07,0xf8,0x00,0x00,0x03,0xff,0xc0,0x0f,0xf0,0x00,0x00,0x00,0x1f,0xe0,0x0f,0xe0,0x00,0x00,0x00,0x0f,
0xe0,0x1f,0xe0,0x00,0x00,0x00,0x07,0xe0,0x3f,0xc0,0x00,0x00,0x08,0x07,0xe0,0x3f,0x80,0x00,0x00,0x7c,0x07,0xe0,0x7f,0x80,
0x00,0x00,0xfe,0x0f,0xc0,0xff,0x00,0x3f,0x00,0xff,0xff,0xc0,0xfe,0x00,0x7f,0x00,0x7f,0xff,0x81,0xfe,0x00,0xff,0x00,0x1f,
0xfe,0x03,0xfc,0x01,0xff,0x00,0x07,0xf8,0x07,0xf8,0x03,0xff,0x00,0x00,0x00,0x07,0xf8,0x07,0xff,0x00,0x00,0x00,0x0f,0xf0,
0x07,0xff,0x00,0x00,0x00,0x1f,0xe0,0x0f,0xff,0x00,0x00,0x00,0x1f,0xc0,0x1f,0xbf,0x00,0x00,0x00,0x3f,0xc0,0x3f,0x3f,0x00,
0x00,0x00,0x7f,0x80,0x7e,0x3f,0x00,0x00,0x00,0x7f,0x00,0xfc,0x3f,0x00,0x00,0x00,0xff,0x00,0xfc,0x3f,0x00,0x00,0x01,0xfe,
0x01,0xf8,0x3f,0x00,0x00,0x01,0xfc,0x03,0xff,0xff,0xf0,0x00,0x03,0xfc,0x03,0xff,0xff,0xf0,0x00,0x07,0xf8,0x03,0xff,0xff,
0xf0,0x00,0x0f,0xf0,0x03,0xff,0xff,0xf0,0x00,0x0f,0xf0,0x03,0xff,0xff,0xf0,0x00,0x1f,0xe0,0x00,0x00,0x3f,0x00,0x00,0x3f,
0xc0,0x00,0x00,0x3f,0x00,0x00,0x3f,0x80,0x00,0x00,0x3f,0x00,0x00,0x7f,0x80,0x00,0x00,0x3f,0x00,0x00,0xff,0x00,0x00,0x00,
0x3f,0x00,0x00,0x00,0xf8,0x00,0x00,0x00,0x01,0xfe,0x00,0x00,0x00,0x03,0xff,0x00,0x00,0x00,0x03,0xff,0x00,0x00,0x00,0x07,
0xff,0x80,0x00,0x00,0x07,0xff,0x80,0x00,0x00,0x07,0xff,0x80,0x00,0x00,0x07,0xff,0x80,0x00,0x00,0x07,0xff,0x00,0x00,0x00,
0x03,0xff,0x00,0x00,0x00,0x01,0xfe,0x00,0x00,0x00,0x00,0xf8,0x00,0x00,0x00,0x00,0x00,0x00,0x00,0x00,0x00,0x00,0x00,0x00,
0x00,0x00,0x00,0x00,0x00,0x00,0x00,0x00,0x00,0x00,0x00,0x03,0xfe,0x00,0x00,0x00,0x03,0xfe,0x00,0x00,0x00,0x03,0xfe,0x00,
0x00,0x00,0x07,0xfe,0x00,0x00,0x00,0x0f,0xfe,0x00,0x00,0x00,0x1f,0xfc,0x00,0x00,0x00,0x7f,0xfc,0x00,0x00,0x01,0xff,0xf8,
0x00,0x00,0x03,0xff,0xf0,0x00,0x00,0x0f,0xff,0xe0,0x00,0x00,0x1f,0xff,0xc0,0x00,0x00,0x3f,0xff,0x00,0x00,0x00,0x7f,0xfc,
0x00,0x00,0x00,0x7f,0xf8,0x00,0x00,0x00,0xff,0xe0,0x00,0x00,0x00,0xff,0xc0,0x00,0x00,0x00,0xff,0x80,0x00,0x00,0x00,0xff,
0x80,0x00,0x60,0x00,0xff,0x80,0x00,0xf8,0x00,0xff,0xc0,0x01,0xff,0x00,0xff,0xe0,0x03,0xff,0x80,0x7f,0xf8,0x0f,0xff,0x00,
0x7f,0xff,0xff,0xff,0x00,0x3f,0xff,0xff,0xfe,0x00,0x1f,0xff,0xff,0xfc,0x00,0x0f,0xff,0xff,0xf8,0x00,0x07,0xff,0xff,0xe0,
0x00,0x01,0xff,0xff,0x80,0x00,0x00,0x1f,0xf8,0x00,0x00,0x00,0x0f,0x00,0x00,0x00,0x00,0x00,0x1f,0xc0,0x00,0x00,0x00,0x00,
0x1f,0xc0,0x00,0x00,0x00,0x00,0x1f,0xe0,0x00,0x00,0x00,0x00,0x1f,0xf0,0x00,0x00,0x00,0x00,0x0f,0xf8,0x00,0x00,0x00,0x00,
0x07,0xfc,0x00,0x00,0x00,0x00,0x03,0xfe,0x00,0x00,0x00,0x00,0x00,0xff,0x00,0x00,0x00,0x00,0x00,0x7f,0x80,0x00,0x00,0x00,
0x00,0x00,0x00,0x00,0x00,0x00,0x00,0x00,0x00,0x00,0x00,0x00,0x00,0x00,0x00,0x00,0x00,0x00,0x00,0xff,0xc0,0x00,0x00,0x00,
0x01,0xff,0xe0,0x00,0x00,0x00,0x01,0xff,0xe0,0x00,0x00,0x00,0x01,0xff,0xe0,0x00,0x00,0x00,0x03,0xff,0xf0,0x00,0x00,0x00,
0x03,0xff,0xf0,0x00,0x00,0x00,0x03,0xff,0xf0,0x00,0x00,0x00,0x07,0xff,0xf8,0x00,0x00,0x00,0x07,0xff,0xf8,0x00,0x00,0x00,
0x0f,0xff,0xfc,0x00,0x00,0x00,0x0f,0xff,0xfc,0x00,0x00,0x00,0x0f,0xff,0xfc,0x00,0x00,0x00,0x1f,0xf7,0xfe,0x00,0x00,0x00,
0x1f,0xf3,0xfe,0x00,0x00,0x00,0x1f,0xf3,0xfe,0x00,0x00,0x00,0x3f,0xe3,0xff,0x00,0x00,0x00,0x3f,0xe1,0xff,0x00,0x00,0x00,
0x3f,0xe1,0xff,0x00,0x00,0x00,0x7f,0xc1,0xff,0x80,0x00,0x00,0x7f,0xc0,0xff,0x80,0x00,0x00,0xff,0xc0,0xff,0xc0,0x00,0x00,
0xff,0x80,0xff,0xc0,0x00,0x00,0xff,0x80,0x7f,0xc0,0x00,0x01,0xff,0x80,0x7f,0xe0,0x00,0x01,0xff,0x00,0x7f,0xe0,0x00,0x01,
0xff,0x00,0x3f,0xe0,0x00,0x03,0xff,0x00,0x3f,0xf0,0x00,0x03,0xff,0x00,0x3f,0xf0,0x00,0x07,0xfe,0x00,0x1f,0xf8,0x00,0x07,
0xff,0xff,0xff,0xf8,0x00,0x07,0xff,0xff,0xff,0xf8,0x00,0x0f,0xff,0xff,0xff,0xfc,0x00,0x0f,0xff,0xff,0xff,0xfc,0x00,0x0f,
0xff,0xff,0xff,0xfc,0x00,0x1f,0xff,0xff,0xff,0xfe,0x00,0x1f,0xff,0xff,0xff,0xfe,0x00,0x3f,0xf0,0x00,0x03,0xff,0x00,0x3f,
0xf0,0x00,0x03,0xff,0x00,0x3f,0xf0,0x00,0x03,0xff,0x00,0x7f,0xe0,0x00,0x01,0xff,0x80,0x7f,0xe0,0x00,0x01,0xff,0x80,0x7f,
0xe0,0x00,0x01,0xff,0x80,0xff,0xc0,0x00,0x00,0xff,0xc0,0xff,0xc0,0x00,0x00,0xff,0xc0,0x00,0x00,0x00,0x3c,0x00,0x00,0x00,
0x00,0x00,0xfe,0x00,0x00,0x00,0x00,0x00,0xfe,0x00,0x00,0x00,0x00,0x01,0xfe,0x00,0x00,0x00,0x00,0x03,0xfe,0x00,0x00,0x00,
0x00,0x07,0xfc,0x00,0x00,0x00,0x00,0x0f,0xf8,0x00,0x00,0x00,0x00,0x1f,0xf0,0x00,0x00,0x00,0x00,0x3f,0xc0,0x00,0x00,0x00,
0x00,0x7f,0x80,0x00,0x00,0x00,0x00,0x00,0x00,0x00,0x00,0x00,0x00,0x00,0x00,0x00,0x00,0x00,0x00,0x00,0x00,0x00,0x00,0x00,
0x00,0xff,0xc0,0x00,0x00,0x00,0x00,0xff,0xe0,0x00,0x00,0x00,0x01,0xff,0xe0,0x00,0x00,0x00,0x01,0xff,0xe0,0x00,0x00,0x00,
0x03,0xff,0xf0,0x00,0x00,0x00,0x03,0xff,0xf0,0x00,0x00,0x00,0x03,0xff,0xf0,0x00,0x00,0x00,0x07,0xff,0xf8,0x00,0x00,0x00,
0x07,0xff,0xf8,0x00,0x00,0x00,0x07,0xff,0xfc,0x00,0x00,0x00,0x0f,0xff,0xfc,0x00,0x00,0x00,0x0f,0xff,0xfc,0x00,0x00,0x00,
0x1f,0xf3,0xfe,0x00,0x00,0x00,0x1f,0xf3,0xfe,0x00,0x00,0x00,0x1f,0xf3,0xfe,0x00,0x00,0x00,0x3f,0xf1,0xff,0x00,0x00,0x00,
0x3f,0xe1,0xff,0x00,0x00,0x00,0x3f,0xe1,0xff,0x80,0x00,0x00,0x7f,0xe0,0xff,0x80,0x00,0x00,0x7f,0xc0,0xff,0x80,0x00,0x00,
0x7f,0xc0,0xff,0xc0,0x00,0x00,0xff,0xc0,0x7f,0xc0,0x00,0x00,0xff,0x80,0x7f,0xc0,0x00,0x01,0xff,0x80,0x7f,0xe0,0x00,0x01,
0xff,0x80,0x7f,0xe0,0x00,0x01,0xff,0x00,0x3f,0xf0,0x00,0x03,0xff,0x00,0x3f,0xf0,0x00,0x03,0xff,0x00,0x3f,0xf0,0x00,0x03,
0xfe,0x00,0x1f,0xf8,0x00,0x07,0xff,0xff,0xff,0xf8,0x00,0x07,0xff,0xff,0xff,0xf8,0x00,0x0f,0xff,0xff,0xff,0xfc,0x00,0x0f,
0xff,0xff,0xff,0xfc,0x00,0x0f,0xff,0xff,0xff,0xfe,0x00,0x1f,0xff,0xff,0xff,0xfe,0x00,0x1f,0xff,0xff,0xff,0xfe,0x00,0x1f,
0xf0,0x00,0x03,0xff,0x00,0x3f,0xf0,0x00,0x03,0xff,0x00,0x3f,0xf0,0x00,0x03,0xff,0x00,0x7f,0xe0,0x00,0x01,0xff,0x80,0x7f,
0xe0,0x00,0x01,0xff,0x80,0x7f,0xe0,0x00,0x01,0xff,0x80,0xff,0xc0,0x00,0x00,0xff,0xc0,0xff,0xc0,0x00,0x00,0xff,0xc0,0x00,
0x00,0x1e,0x00,0x00,0x00,0x00,0x00,0x7f,0x00,0x00,0x00,0x00,0x00,0xff,0x80,0x00,0x00,0x00,0x01,0xff,0xc0,0x00,0x00,0x00,
0x03,0xff,0xe0,0x00,0x00,0x00,0x07,0xff,0xf8,0x00,0x00,0x00,0x0f,0xf3,0xfc,0x00,0x00,0x00,0x1f,0xe1,0xfe,0x00,0x00,0x00,
0x3f,0xc0,0xff,0x00,0x00,0x00,0x7f,0x00,0x7f,0x80,0x00,0x00,0x00,0x00,0x00,0x00,0x00,0x00,0x00,0x00,0x00,0x00,0x00,0x00,
0x00,0x00,0x00,0x00,0x00,0x00,0x00,0xff,0xc0,0x00,0x00,0x00,0x01,0xff,0xc0,0x00,0x00,0x00,0x01,0xff,0xe0,0x00,0x00,0x00,
0x03,0xff,0xe0,0x00,0x00,0x00,0x03,0xff,0xe0,0x00,0x00,0x00,0x03,0xff,0xf0,0x00,0x00,0x00,0x07,0xff,0xf0,0x00,0x00,0x00,
0x07,0xff,0xf0,0x00,0x00,0x00,0x07,0xff,0xf8,0x00,0x00,0x00,0x0f,0xff,0xf8,0x00,0x00,0x00,0x0f,0xff,0xfc,0x00,0x00,0x00,
0x1f,0xf7,0xfc,0x00,0x00,0x00,0x1f,0xf7,0xfc,0x00,0x00,0x00,0x1f,0xf3,0xfe,0x00,0x00,0x00,0x3f,0xe3,0xfe,0x00,0x00,0x00,
0x3f,0xe3,0xfe,0x00,0x00,0x00,0x3f,0xe3,0xff,0x00,0x00,0x00,0x7f,0xc1,0xff,0x00,0x00,0x00,0x7f,0xc1,0xff,0x80,0x00,0x00,
0xff,0xc1,0xff,0x80,0x00,0x00,0xff,0xc0,0xff,0x80,0x00,0x00,0xff,0x80,0xff,0xc0,0x00,0x01,0xff,0x80,0xff,0xc0,0x00,0x01,
0xff,0x80,0x7f,0xc0,0x00,0x01,0xff,0x00,0x7f,0xe0,0x00,0x03,0xff,0x00,0x7f,0xe0,0x00,0x03,0xff,0x00,0x3f,0xf0,0x00,0x03,
0xfe,0x00,0x3f,0xf0,0x00,0x07,0xfe,0x00,0x3f,0xf0,0x00,0x07,0xff,0xff,0xff,0xf8,0x00,0x0f,0xff,0xff,0xff,0xf8,0x00,0x0f,
0xff,0xff,0xff,0xf8,0x00,0x0f,0xff,0xff,0xff,0xfc,0x00,0x1f,0xff,0xff,0xff,0xfc,0x00,0x1f,0xff,0xff,0xff,0xfc,0x00,0x1f,
0xff,0xff,0xff,0xfe,0x00,0x3f,0xf0,0x00,0x07,0xfe,0x00,0x3f,0xf0,0x00,0x03,0xff,0x00,0x7f,0xe0,0x00,0x03,0xff,0x00,0x7f,
0xe0,0x00,0x03,0xff,0x00,0x7f,0xe0,0x00,0x01,0xff,0x80,0xff,0xc0,0x00,0x01,0xff,0x80,0xff,0xc0,0x00,0x01,0xff,0x80,0xff,
0xc0,0x00,0x00,0xff,0xc0,0x00,0x00,0xe0,0x02,0x00,0x00,0x00,0x07,0xfc,0x0f,0x80,0x00,0x00,0x0f,0xfe,0x1f,0x80,0x00,0x00,
0x1f,0xff,0xff,0x80,0x00,0x00,0x1f,0xff,0xff,0x80,0x00,0x00,0x3f,0xbf,0xff,0x00,0x00,0x00,0x3f,0x07,0xfe,0x00,0x00,0x00,
0x3e,0x01,0xf8,0x00,0x00,0x00,0x00,0x00,0x00,0x00,0x00,0x00,0x00,0x00,0x00,0x00,0x00,0x00,0x00,0x00,0x00,0x00,0x00,0x00,
0x00,0xff,0xe0,0x00,0x00,0x00,0x00,0xff,0xe0,0x00,0x00,0x00,0x00,0xff,0xe0,0x00,0x00,0x00,0x01,0xff,0xf0,0x00,0x00,0x00,
0x01,0xff,0xf0,0x00,0x00,0x00,0x03,0xff,0xf0,0x00,0x00,0x00,0x03,0xff,0xf8,0x00,0x00,0x00,0x03,0xff,0xf8,0x00,0x00,0x00,
0x07,0xff,0xfc,0x00,0x00,0x00,0x07,0xff,0xfc,0x00,0x00,0x00,0x07,0xff,0xfc,0x00,0x00,0x00,0x0f,0xfb,0xfe,0x00,0x00,0x00,
0x0f,0xfb,0xfe,0x00,0x00,0x00,0x1f,0xf3,0xfe,0x00,0x00,0x00,0x1f,0xf1,0xff,0x00,0x00,0x00,0x1f,0xf1,0xff,0x00,0x00,0x00,
0x3f,0xf1,0xff,0x80,0x00,0x00,0x3f,0xe0,0xff,0x80,0x00,0x00,0x3f,0xe0,0xff,0x80,0x00,0x00,0x7f,0xe0,0xff,0xc0,0x00,0x00,
0x7f,0xc0,0x7f,0xc0,0x00,0x00,0xff,0xc0,0x7f,0xc0,0x00,0x00,0xff,0xc0,0x7f,0xe0,0x00,0x00,0xff,0x80,0x7f,0xe0,0x00,0x01,
0xff,0x80,0x3f,0xf0,0x00,0x01,0xff,0x80,0x3f,0xf0,0x00,0x01,0xff,0x00,0x3f,0xf0,0x00,0x03,0xff,0x00,0x1f,0xf8,0x00,0x03,
0xff,0x00,0x1f,0xf8,0x00,0x07,0xff,0xff,0xff,0xf8,0x00,0x07,0xff,0xff,0xff,0xfc,0x00,0x07,0xff,0xff,0xff,0xfc,0x00,0x0f,
0xff,0xff,0xff,0xfc,0x00,0x0f,0xff,0xff,0xff,0xfe,0x00,0x0f,0xff,0xff,0xff,0xfe,0x00,0x1f,0xff,0xff,0xff,0xff,0x00,0x1f,
0xf8,0x00,0x03,0xff,0x00,0x1f,0xf0,0x00,0x03,0xff,0x00,0x3f,0xf0,0x00,0x01,0xff,0x80,0x3f,0xf0,0x00,0x01,0xff,0x80,0x7f,
0xe0,0x00,0x01,0xff,0x80,0x7f,0xe0,0x00,0x00,0xff,0xc0,0x7f,0xe0,0x00,0x00,0xff,0xc0,0xff,0xc0,0x00,0x00,0xff,0xe0,0x00,
0x0f,0x80,0x7c,0x00,0x00,0x00,0x1f,0xc0,0xfe,0x00,0x00,0x00,0x3f,0xe1,0xff,0x00,0x00,0x00,0x3f,0xe1,0xff,0x00,0x00,0x00,
0x3f,0xe1,0xff,0x00,0x00,0x00,0x3f,0xe1,0xff,0x00,0x00,0x00,0x3f,0xe1,0xff,0x00,0x00,0x00,0x1f,0xc0,0xfe,0x00,0x00,0x00,
0x0f,0x80,0x7c,0x00,0x00,0x00,0x00,0x00,0x00,0x00,0x00,0x00,0x00,0x00,0x00,0x00,0x00,0x00,0x00,0x00,0x00,0x00,0x00,0x00,
0x00,0x00,0x00,0x00,0x00,0x00,0x01,0xff,0xe0,0x00,0x00,0x00,0x01,0xff,0xe0,0x00,0x00,0x00,0x01,0xff,0xe0,0x00,0x00,0x00,
0x03,0xff,0xf0,0x00,0x00,0x00,0x03,0xff,0xf0,0x00,0x00,0x00,0x03,0xff,0xf0,0x00,0x00,0x00,0x07,0xff,0xf8,0x00,0x00,0x00,
0x07,0xff,0xf8,0x00,0x00,0x00,0x07,0xff,0xfc,0x00,0x00,0x00,0x0f,0xff,0xfc,0x00,0x00,0x00,0x0f,0xff,0xfc,0x00,0x00,0x00,
0x1f,0xf7,0xfe,0x00,0x00,0x00,0x1f,0xf3,0xfe,0x00,0x00,0x00,0x1f,0xf3,0xfe,0x00,0x00,0x00,0x3f,0xe3,0xff,0x00,0x00,0x00,
0x3f,0xe1,0xff,0x00,0x00,0x00,0x3f,0xe1,0xff,0x00,0x00,0x00,0x7f,0xc1,0xff,0x80,0x00,0x00,0x7f,0xc0,0xff,0x80,0x00,0x00,
0xff,0xc0,0xff,0xc0,0x00,0x00,0xff,0x80,0xff,0xc0,0x00,0x00,0xff,0x80,0x7f,0xc0,0x00,0x01,0xff,0x80,0x7f,0xe0,0x00,0x01,
0xff,0x00,0x7f,0xe0,0x00,0x01,0xff,0x00,0x3f,0xe0,0x00,0x03,0xff,0x00,0x3f,0xf0,0x00,0x03,0xff,0x00,0x3f,0xf0,0x00,0x07,
0xfe,0x00,0x1f,0xf8,0x00,0x07,0xff,0xff,0xff,0xf8,0x00,0x07,0xff,0xff,0xff,0xf8,0x00,0x0f,0xff,0xff,0xff,0xfc,0x00,0x0f,
0xff,0xff,0xff,0xfc,0x00,0x0f,0xff,0xff,0xff,0xfc,0x00,0x1f,0xff,0xff,0xff,0xfe,0x00,0x1f,0xff,0xff,0xff,0xfe,0x00,0x3f,
0xf0,0x00,0x03,0xff,0x00,0x3f,0xf0,0x00,0x03,0xff,0x00,0x3f,0xf0,0x00,0x03,0xff,0x00,0x7f,0xe0,0x00,0x01,0xff,0x80,0x7f,
0xe0,0x00,0x01,0xff,0x80,0x7f,0xe0,0x00,0x01,0xff,0x80,0xff,0xc0,0x00,0x00,0xff,0xc0,0xff,0xc0,0x00,0x00,0xff,0xc0,0x00,
0x00,0x3f,0x00,0x00,0x00,0x00,0x00,0xff,0xc0,0x00,0x00,0x00,0x01,0xff,0xe0,0x00,0x00,0x00,0x03,0xff,0xf0,0x00,0x00,0x00,
0x03,0xff,0xf0,0x00,0x00,0x00,0x07,0xe1,0xf8,0x00,0x00,0x00,0x07,0xc0,0xf8,0x00,0x00,0x00,0x07,0xc0,0xf8,0x00,0x00,0x00,
0x07,0xc0,0xf8,0x00,0x00,0x00,0x07,0xc0,0xf8,0x00,0x00,0x00,0x07,0xe1,0xf8,0x00,0x00,0x00,0x03,0xff,0xf0,0x00,0x00,0x00,
0x03,0xff,0xf0,0x00,0x00,0x00,0x01,0xff,0xe0,0x00,0x00,0x00,0x01,0xff,0xe0,0x00,0x00,0x00,0x01,0xff,0xe0,0x00,0x00,0x00,
0x03,0xff,0xf0,0x00,0x00,0x00,0x03,0xff,0xf0,0x00,0x00,0x00,0x03,0xff,0xf0,0x00,0x00,0x00,0x07,0xff,0xf8,0x00,0x00,0x00,
0x07,0xff,0xf8,0x00,0x00,0x00,0x07,0xff,0xf8,0x00,0x00,0x00,0x0f,0xff,0xfc,0x00,0x00,0x00,0x0f,0xff,0xfc,0x00,0x00,0x00,
0x1f,0xf3,0xfe,0x00,0x00,0x00,0x1f,0xf3,0xfe,0x00,0x00,0x00,0x1f,0xf3,0xfe,0x00,0x00,0x00,0x3f,0xe1,0xff,0x00,0x00,0x00,
0x3f,0xe1,0xff,0x00,0x00,0x00,0x7f,0xe1,0xff,0x80,0x00,0x00,0x7f,0xc0,0xff,0x80,0x00,0x00,0x7f,0xc0,0xff,0x80,0x00,0x00,
0xff,0xc0,0xff,0xc0,0x00,0x00,0xff,0x80,0x7f,0xc0,0x00,0x00,0xff,0x80,0x7f,0xc0,0x00,0x01,0xff,0x80,0x7f,0xe0,0x00,0x01,
0xff,0x00,0x3f,0xe0,0x00,0x03,0xff,0x00,0x3f,0xf0,0x00,0x03,0xff,0x00,0x3f,0xf0,0x00,0x03,0xfe,0x00,0x1f,0xf0,0x00,0x07,
0xff,0xff,0xff,0xf8,0x00,0x07,0xff,0xff,0xff,0xf8,0x00,0x07,0xff,0xff,0xff,0xf8,0x00,0x0f,0xff,0xff,0xff,0xfc,0x00,0x0f,
0xff,0xff,0xff,0xfc,0x00,0x1f,0xff,0xff,0xff,0xfe,0x00,0x1f,0xff,0xff,0xff,0xfe,0x00,0x1f,0xf8,0x00,0x07,0xfe,0x00,0x3f,
0xf0,0x00,0x03,0xff,0x00,0x3f,0xf0,0x00,0x03,0xff,0x00,0x3f,0xf0,0x00,0x03,0xff,0x00,0x7f,0xe0,0x00,0x01,0xff,0x80,0x7f,
0xe0,0x00,0x01,0xff,0x80,0xff,0xe0,0x00,0x01,0xff,0xc0,0xff,0xc0,0x00,0x00,0xff,0xc0,0x00,0x00,0x01,0xff,0xff,0xff,0xff,
0xe0,0x00,0x00,0x01,0xff,0xff,0xff,0xff,0xe0,0x00,0x00,0x03,0xff,0xff,0xff,0xff,0xe0,0x00,0x00,0x03,0xff,0xff,0xff,0xff,
0xe0,0x00,0x00,0x07,0xff,0xff,0xff,0xff,0xe0,0x00,0x00,0x07,0xff,0xff,0xff,0xff,0xe0,0x00,0x00,0x0f,0xff,0xff,0xff,0xff,
0xe0,0x00,0x00,0x1f,0xff,0xff,0xff,0xff,0xe0,0x00,0x00,0x1f,0xf7,0xfc,0x00,0x00,0x00,0x00,0x00,0x3f,0xf7,0xfc,0x00,0x00,
0x00,0x00,0x00,0x3f,0xe7,0xfc,0x00,0x00,0x00,0x00,0x00,0x7f,0xe7,0xfc,0x00,0x00,0x00,0x00,0x00,0x7f,0xc7,0xfc,0x00,0x00,
0x00,0x00,0x00,0xff,0xc7,0xfc,0x00,0x00,0x00,0x00,0x00,0xff,0x87,0xfc,0x00,0x00,0x00,0x00,0x01,0xff,0x87,0xfc,0x00,0x00,
0x00,0x00,0x03,0xff,0x07,0xfc,0x00,0x00,0x00,0x00,0x03,0xff,0x07,0xff,0xff,0xe0,0x00,0x00,0x07,0xfe,0x07,0xff,0xff,0xe0,
0x00,0x00,0x07,0xfe,0x07,0xff,0xff,0xe0,0x00,0x00,0x0f,0xfc,0x07,0xff,0xff,0xe0,0x00,0x00,0x0f,0xfc,0x07,0xff,0xff,0xe0,
0x00,0x00,0x1f,0xf8,0x07,0xff,0xff,0xe0,0x00,0x00,0x1f,0xf8,0x07,0xff,0xff,0xe0,0x00,0x00,0x3f,0xf0,0x07,0xff,0xff,0xe0,
0x00,0x00,0x7f,0xf0,0x07,0xfc,0x00,0x00,0x00,0x00,0x7f,0xe0,0x07,0xfc,0x00,0x00,0x00,0x00,0xff,0xe0,0x07,0xfc,0x00,0x00,
0x00,0x00,0xff,0xff,0xff,0xfc,0x00,0x00,0x00,0x01,0xff,0xff,0xff,0xfc,0x00,0x00,0x00,0x01,0xff,0xff,0xff,0xfc,0x00,0x00,
0x00,0x03,0xff,0xff,0xff,0xfc,0x00,0x00,0x00,0x03,0xff,0xff,0xff,0xfc,0x00,0x00,0x00,0x07,0xff,0xff,0xff,0xfc,0x00,0x00,
0x00,0x0f,0xff,0xff,0xff,0xfc,0x00,0x00,0x00,0x0f,0xfc,0x00,0x07,0xff,0xff,0xff,0xe0,0x1f,0xfc,0x00,0x07,0xff,0xff,0xff,
0xe0,0x1f,0xf8,0x00,0x07,0xff,0xff,0xff,0xe0,0x3f,0xf0,0x00,0x07,0xff,0xff,0xff,0xe0,0x3f,0xf0,0x00,0x07,0xff,0xff,0xff,
0xe0,0x7f,0xe0,0x00,0x07,0xff,0xff,0xff,0xe0,0x7f,0xe0,0x00,0x07,0xff,0xff,0xff,0xe0,0xff,0xc0,0x00,0x07,0xff,0xff,0xff,
0xe0,0x00,0x00,0xff,0xc0,0x00,0x00,0x0f,0xff,0xf8,0x00,0x00,0x3f,0xff,0xfe,0x00,0x00,0x7f,0xff,0xff,0x80,0x01,0xff,0xff,
0xff,0xc0,0x03,0xff,0xff,0xff,0xe0,0x07,0xff,0xff,0xff,0xf0,0x0f,0xff,0xff,0xff,0xf8,0x0f,0xff,0xc0,0xff,0xf8,0x1f,0xff,
0x00,0x1f,0xfc,0x1f,0xfc,0x00,0x0f,0xfc,0x3f,0xf8,0x00,0x07,0xe0,0x3f,0xf8,0x00,0x03,0x00,0x7f,0xf0,0x00,0x00,0x00,0x7f,
0xf0,0x00,0x00,0x00,0x7f,0xe0,0x00,0x00,0x00,0xff,0xe0,0x00,0x00,0x00,0xff,0xe0,0x00,0x00,0x00,0xff,0xc0,0x00,0x00,0x00,
0xff,0xc0,0x00,0x00,0x00,0xff,0xc0,0x00,0x00,0x00,0xff,0xc0,0x00,0x00,0x00,0xff,0xc0,0x00,0x00,0x00,0xff,0xc0,0x00,0x00,
0x00,0xff,0xc0,0x00,0x00,0x00,0xff,0xc0,0x00,0x00,0x00,0xff,0xc0,0x00,0x00,0x00,0xff,0xe0,0x00,0x00,0x00,0x7f,0xe0,0x00,
0x00,0x00,0x7f,0xe0,0x00,0x00,0x00,0x7f,0xf0,0x00,0x00,0x00,0x7f,0xf0,0x00,0x00,0x00,0x3f,0xf8,0x00,0x03,0x00,0x3f,0xf8,
0x00,0x07,0xe0,0x1f,0xfc,0x00,0x0f,0xfc,0x1f,0xff,0x00,0x1f,0xfc,0x0f,0xff,0xc0,0x7f,0xf8,0x07,0xff,0xff,0xff,0xf8,0x03,
0xff,0xff,0xff,0xf0,0x01,0xff,0xff,0xff,0xe0,0x00,0xff,0xff,0xff,0x80,0x00,0x3f,0xff,0xff,0x00,0x00,0x0f,0xff,0xfc,0x00,
0x00,0x01,0xff,0xc0,0x00,0x00,0x00,0x38,0x00,0x00,0x00,0x00,0x38,0x00,0x00,0x00,0x00,0x70,0x00,0x00,0x00,0x00,0xff,0xc0,
0x00,0x00,0x00,0xff,0xe0,0x00,0x00,0x00,0x47,0xf0,0x00,0x00,0x00,0x03,0xf0,0x00,0x00,0x00,0x03,0xf0,0x00,0x00,0x00,0x87,
0xf0,0x00,0x00,0x01,0xff,0xe0,0x00,0x00,0x01,0xff,0xc0,0x00,0x00,0x00,0xff,0x00,0x00,0x01,0xe0,0x00,0x00,0x03,0xf8,0x00,
0x00,0x03,0xfc,0x00,0x00,0x03,0xfc,0x00,0x00,0x03,0xfe,0x00,0x00,0x01,0xff,0x00,0x00,0x00,0xff,0x80,0x00,0x00,0x7f,0xc0,
0x00,0x00,0x1f,0xe0,0x00,0x00,0x0f,0xf0,0x00,0x00,0x00,0x00,0x00,0x00,0x00,0x00,0x00,0x00,0x00,0x00,0x00,0x00,0x00,0x00,
0x00,0xff,0xff,0xff,0xff,0xff,0xff,0xff,0xff,0xff,0xff,0xff,0xff,0xff,0xff,0xff,0xff,0xff,0xff,0xff,0xff,0xff,0xff,0xff,
0xff,0xff,0xff,0xff,0xff,0xff,0xff,0xff,0xff,0xff,0x80,0x00,0x00,0xff,0x80,0x00,0x00,0xff,0x80,0x00,0x00,0xff,0x80,0x00,
0x00,0xff,0x80,0x00,0x00,0xff,0x80,0x00,0x00,0xff,0x80,0x00,0x00,0xff,0x80,0x00,0x00,0xff,0x80,0x00,0x00,0xff,0xff,0xff,
0x00,0xff,0xff,0xff,0x00,0xff,0xff,0xff,0x00,0xff,0xff,0xff,0x00,0xff,0xff,0xff,0x00,0xff,0xff,0xff,0x00,0xff,0xff,0xff,
0x00,0xff,0xff,0xff,0x00,0xff,0x80,0x00,0x00,0xff,0x80,0x00,0x00,0xff,0x80,0x00,0x00,0xff,0x80,0x00,0x00,0xff,0x80,0x00,
0x00,0xff,0x80,0x00,0x00,0xff,0x80,0x00,0x00,0xff,0x80,0x00,0x00,0xff,0x80,0x00,0x00,0xff,0x80,0x00,0x00,0xff,0xff,0xff,
0xff,0xff,0xff,0xff,0xff,0xff,0xff,0xff,0xff,0xff,0xff,0xff,0xff,0xff,0xff,0xff,0xff,0xff,0xff,0xff,0xff,0xff,0xff,0xff,
0xff,0xff,0xff,0xff,0xff,0x00,0x00,0x07,0x80,0x00,0x00,0x1f,0xc0,0x00,0x00,0x1f,0xc0,0x00,0x00,0x3f,0xc0,0x00,0x00,0x7f,
0xc0,0x00,0x00,0xff,0x80,0x00,0x01,0xff,0x00,0x00,0x03,0xfe,0x00,0x00,0x07,0xf8,0x00,0x00,0x0f,0xf0,0x00,0x00,0x00,0x00,
0x00,0x00,0x00,0x00,0x00,0x00,0x00,0x00,0x00,0x00,0x00,0x00,0x00,0xff,0xff,0xff,0xff,0xff,0xff,0xff,0xff,0xff,0xff,0xff,
0xff,0xff,0xff,0xff,0xff,0xff,0xff,0xff,0xff,0xff,0xff,0xff,0xff,0xff,0xff,0xff,0xff,0xff,0xff,0xff,0xff,0xff,0x80,0x00,
0x00,0xff,0x80,0x00,0x00,0xff,0x80,0x00,0x00,0xff,0x80,0x00,0x00,0xff,0x80,0x00,0x00,0xff,0x80,0x00,0x00,0xff,0x80,0x00,
0x00,0xff,0x80,0x00,0x00,0xff,0x80,0x00,0x00,0xff,0xff,0xff,0x00,0xff,0xff,0xff,0x00,0xff,0xff,0xff,0x00,0xff,0xff,0xff,
0x00,0xff,0xff,0xff,0x00,0xff,0xff,0xff,0x00,0xff,0xff,0xff,0x00,0xff,0xff,0xff,0x00,0xff,0x80,0x00,0x00,0xff,0x80,0x00,
0x00,0xff,0x80,0x00,0x00,0xff,0x80,0x00,0x00,0xff,0x80,0x00,0x00,0xff,0x80,0x00,0x00,0xff,0x80,0x00,0x00,0xff,0x80,0x00,
0x00,0xff,0x80,0x00,0x00,0xff,0x80,0x00,0x00,0xff,0xff,0xff,0xff,0xff,0xff,0xff,0xff,0xff,0xff,0xff,0xff,0xff,0xff,0xff,
0xff,0xff,0xff,0xff,0xff,0xff,0xff,0xff,0xff,0xff,0xff,0xff,0xff,0xff,0xff,0xff,0xff,0x00,0x03,0xc0,0x00,0x00,0x07,0xf0,
0x00,0x00,0x0f,0xf8,0x00,0x00,0x1f,0xfc,0x00,0x00,0x7f,0xfe,0x00,0x00,0xff,0xff,0x00,0x01,0xfe,0x7f,0x80,0x03,0xfc,0x3f,
0xc0,0x07,0xf8,0x1f,0xe0,0x0f,0xf0,0x07,0xf0,0x00,0x00,0x00,0x00,0x00,0x00,0x00,0x00,0x00,0x00,0x00,0x00,0x00,0x00,0x00,
0x00,0xff,0xff,0xff,0xff,0xff,0xff,0xff,0xff,0xff,0xff,0xff,0xff,0xff,0xff,0xff,0xff,0xff,0xff,0xff,0xff,0xff,0xff,0xff,
0xff,0xff,0xff,0xff,0xff,0xff,0xff,0xff,0xff,0xff,0x80,0x00,0x00,0xff,0x80,0x00,0x00,0xff,0x80,0x00,0x00,0xff,0x80,0x00,
0x00,0xff,0x80,0x00,0x00,0xff,0x80,0x00,0x00,0xff,0x80,0x00,0x00,0xff,0x80,0x00,0x00,0xff,0x80,0x00,0x00,0xff,0xff,0xff,
0x00,0xff,0xff,0xff,0x00,0xff,0xff,0xff,0x00,0xff,0xff,0xff,0x00,0xff,0xff,0xff,0x00,0xff,0xff,0xff,0x00,0xff,0xff,0xff,
0x00,0xff,0xff,0xff,0x00,0xff,0x80,0x00,0x00,0xff,0x80,0x00,0x00,0xff,0x80,0x00,0x00,0xff,0x80,0x00,0x00,0xff,0x80,0x00,
0x00,0xff,0x80,0x00,0x00,0xff,0x80,0x00,0x00,0xff,0x80,0x00,0x00,0xff,0x80,0x00,0x00,0xff,0x80,0x00,0x00,0xff,0xff,0xff,
0xff,0xff,0xff,0xff,0xff,0xff,0xff,0xff,0xff,0xff,0xff,0xff,0xff,0xff,0xff,0xff,0xff,0xff,0xff,0xff,0xff,0xff,0xff,0xff,
0xff,0xff,0xff,0xff,0xff,0x01,0xf0,0x0f,0x80,0x03,0xf8,0x1f,0xc0,0x07,0xfc,0x3f,0xe0,0x07,0xfc,0x3f,0xe0,0x07,0xfc,0x3f,
0xe0,0x07,0xfc,0x3f,0xe0,0x07,0xfc,0x3f,0xe0,0x03,0xf8,0x1f,0xc0,0x01,0xf0,0x0f,0x80,0x00,0x00,0x00,0x00,0x00,0x00,0x00,
0x00,0x00,0x00,0x00,0x00,0x00,0x00,0x00,0x00,0xff,0xff,0xff,0xff,0xff,0xff,0xff,0xff,0xff,0xff,0xff,0xff,0xff,0xff,0xff,
0xff,0xff,0xff,0xff,0xff,0xff,0xff,0xff,0xff,0xff,0xff,0xff,0xff,0xff,0xff,0xff,0xff,0xff,0x80,0x00,0x00,0xff,0x80,0x00,
0x00,0xff,0x80,0x00,0x00,0xff,0x80,0x00,0x00,0xff,0x80,0x00,0x00,0xff,0x80,0x00,0x00,0xff,0x80,0x00,0x00,0xff,0x80,0x00,
0x00,0xff,0x80,0x00,0x00,0xff,0xff,0xff,0x00,0xff,0xff,0xff,0x00,0xff,0xff,0xff,0x00,0xff,0xff,0xff,0x00,0xff,0xff,0xff,
0x00,0xff,0xff,0xff,0x00,0xff,0xff,0xff,0x00,0xff,0xff,0xff,0x00,0xff,0x80,0x00,0x00,0xff,0x80,0x00,0x00,0xff,0x80,0x00,
0x00,0xff,0x80,0x00,0x00,0xff,0x80,0x00,0x00,0xff,0x80,0x00,0x00,0xff,0x80,0x00,0x00,0xff,0x80,0x00,0x00,0xff,0x80,0x00,
0x00,0xff,0x80,0x00,0x00,0xff,0xff,0xff,0xff,0xff,0xff,0xff,0xff,0xff,0xff,0xff,0xff,0xff,0xff,0xff,0xff,0xff,0xff,0xff,
0xff,0xff,0xff,0xff,0xff,0xff,0xff,0xff,0xff,0xff,0xff,0xff,0xff,0x3c,0x00,0x00,0x7e,0x00,0x00,0x7f,0x00,0x00,0x7f,0x80,
0x00,0x7f,0xc0,0x00,0x3f,0xe0,0x00,0x1f,0xe0,0x00,0x0f,0xf0,0x00,0x03,0xf8,0x00,0x01,0xfc,0x00,0x00,0x00,0x00,0x00,0x00,
0x00,0x00,0x00,0x00,0x00,0x00,0x00,0xff,0xff,0xf8,0xff,0xff,0xf8,0xff,0xff,0xf8,0xff,0xff,0xf8,0xff,0xff,0xf8,0xff,0xff,
0xf8,0xff,0xff,0xf8,0x03,0xfe,0x00,0x03,0xfe,0x00,0x03,0xfe,0x00,0x03,0xfe,0x00,0x03,0xfe,0x00,0x03,0xfe,0x00,0x03,0xfe,
0x00,0x03,0xfe,0x00,0x03,0xfe,0x00,0x03,0xfe,0x00,0x03,0xfe,0x00,0x03,0xfe,0x00,0x03,0xfe,0x00,0x03,0xfe,0x00,0x03,0xfe,
0x00,0x03,0xfe,0x00,0x03,0xfe,0x00,0x03,0xfe,0x00,0x03,0xfe,0x00,0x03,0xfe,0x00,0x03,0xfe,0x00,0x03,0xfe,0x00,0x03,0xfe,
0x00,0x03,0xfe,0x00,0x03,0xfe,0x00,0x03,0xfe,0x00,0x03,0xfe,0x00,0x03,0xfe,0x00,0x03,0xfe,0x00,0xff,0xff,0xf8,0xff,0xff,
0xf8,0xff,0xff,0xf8,0xff,0xff,0xf8,0xff,0xff,0xf8,0xff,0xff,0xf8,0xff,0xff,0xf8,0x00,0x01,0xe0,0x00,0x03,0xf0,0x00,0x07,
0xf0,0x00,0x0f,0xf0,0x00,0x1f,0xf0,0x00,0x1f,0xe0,0x00,0x3f,0xc0,0x00,0x7f,0x80,0x00,0xff,0x00,0x01,0xfc,0x00,0x00,0x00,
0x00,0x00,0x00,0x00,0x00,0x00,0x00,0x00,0x00,0x00,0xff,0xff,0xf8,0xff,0xff,0xf8,0xff,0xff,0xf8,0xff,0xff,0xf8,0xff,0xff,
0xf8,0xff,0xff,0xf8,0xff,0xff,0xf8,0x03,0xfe,0x00,0x03,0xfe,0x00,0x03,0xfe,0x00,0x03,0xfe,0x00,0x03,0xfe,0x00,0x03,0xfe,
0x00,0x03,0xfe,0x00,0x03,0xfe,0x00,0x03,0xfe,0x00,0x03,0xfe,0x00,0x03,0xfe,0x00,0x03,0xfe,0x00,0x03,0xfe,0x00,0x03,0xfe,
0x00,0x03,0xfe,0x00,0x03,0xfe,0x00,0x03,0xfe,0x00,0x03,0xfe,0x00,0x03,0xfe,0x00,0x03,0xfe,0x00,0x03,0xfe,0x00,0x03,0xfe,
0x00,0x03,0xfe,0x00,0x03,0xfe,0x00,0x03,0xfe,0x00,0x03,0xfe,0x00,0x03,0xfe,0x00,0x03,0xfe,0x00,0x03,0xfe,0x00,0xff,0xff,
0xf8,0xff,0xff,0xf8,0xff,0xff,0xf8,0xff,0xff,0xf8,0xff,0xff,0xf8,0xff,0xff,0xf8,0xff,0xff,0xf8,0x00,0x3e,0x00,0x00,0x00,
0x7f,0x00,0x00,0x00,0xff,0x80,0x00,0x01,0xff,0xc0,0x00,0x03,0xff,0xe0,0x00,0x07,0xff,0xf0,0x00,0x0f,0xf3,0xf8,0x00,0x1f,
0xc1,0xfc,0x00,0x3f,0x80,0xfe,0x00,0xff,0x00,0x7f,0x80,0x00,0x00,0x00,0x00,0x00,0x00,0x00,0x00,0x00,0x00,0x00,0x00,0x00,
0x00,0x00,0x00,0x3f,0xff,0xfe,0x00,0x3f,0xff,0xfe,0x00,0x3f,0xff,0xfe,0x00,0x3f,0xff,0xfe,0x00,0x3f,0xff,0xfe,0x00,0x3f,
0xff,0xfe,0x00,0x3f,0xff,0xfe,0x00,0x00,0xff,0x80,0x00,0x00,0xff,0x80,0x00,0x00,0xff,0x80,0x00,0x00,0xff,0x80,0x00,0x00,
0xff,0x80,0x00,0x00,0xff,0x80,0x00,0x00,0xff,0x80,0x00,0x00,0xff,0x80,0x00,0x00,0xff,0x80,0x00,0x00,0xff,0x80,0x00,0x00,
0xff,0x80,0x00,0x00,0xff,0x80,0x00,0x00,0xff,0x80,0x00,0x00,0xff,0x80,0x00,0x00,0xff,0x80,0x00,0x00,0xff,0x80,0x00,0x00,
0xff,0x80,0x00,0x00,0xff,0x80,0x00,0x00,0xff,0x80,0x00,0x00,0xff,0x80,0x00,0x00,0xff,0x80,0x00,0x00,0xff,0x80,0x00,0x00,
0xff,0x80,0x00,0x00,0xff,0x80,0x00,0x00,0xff,0x80,0x00,0x00,0xff,0x80,0x00,0x00,0xff,0x80,0x00,0x00,0xff,0x80,0x00,0x00,
0xff,0x80,0x00,0x3f,0xff,0xfe,0x00,0x3f,0xff,0xfe,0x00,0x3f,0xff,0xfe,0x00,0x3f,0xff,0xfe,0x00,0x3f,0xff,0xfe,0x00,0x3f,
0xff,0xfe,0x00,0x3f,0xff,0xfe,0x00,0x3e,0x01,0xf0,0x7f,0x03,0xf8,0xff,0x87,0xfc,0xff,0x87,0xfc,0xff,0x87,0xfc,0xff,0x87,
0xfc,0xff,0x87,0xfc,0x7f,0x03,0xf8,0x3e,0x01,0xf0,0x00,0x00,0x00,0x00,0x00,0x00,0x00,0x00,0x00,0x00,0x00,0x00,0x7f,0xff,
0xfc,0x7f,0xff,0xfc,0x7f,0xff,0xfc,0x7f,0xff,0xfc,0x7f,0xff,0xfc,0x7f,0xff,0xfc,0x7f,0xff,0xfc,0x01,0xff,0x00,0x01,0xff,
0x00,0x01,0xff,0x00,0x01,0xff,0x00,0x01,0xff,0x00,0x01,0xff,0x00,0x01,0xff,0x00,0x01,0xff,0x00,0x01,0xff,0x00,0x01,0xff,
0x00,0x01,0xff,0x00,0x01,0xff,0x00,0x01,0xff,0x00,0x01,0xff,0x00,0x01,0xff,0x00,0x01,0xff,0x00,0x01,0xff,0x00,0x01,0xff,
0x00,0x01,0xff,0x00,0x01,0xff,0x00,0x01,0xff,0x00,0x01,0xff,0x00,0x01,0xff,0x00,0x01,0xff,0x00,0x01,0xff,0x00,0x01,0xff,
0x00,0x01,0xff,0x00,0x01,0xff,0x00,0x01,0xff,0x00,0x7f,0xff,0xfc,0x7f,0xff,0xfc,0x7f,0xff,0xfc,0x7f,0xff,0xfc,0x7f,0xff,
0xfc,0x7f,0xff,0xfc,0x7f,0xff,0xfc,0x0f,0xff,0xff,0x00,0x00,0x00,0x0f,0xff,0xff,0xf8,0x00,0x00,0x0f,0xff,0xff,0xfe,0x00,
0x00,0x0f,0xff,0xff,0xff,0x80,0x00,0x0f,0xff,0xff,0xff,0xe0,0x00,0x0f,0xff,0xff,0xff,0xf0,0x00,0x0f,0xff,0xff,0xff,0xf8,
0x00,0x0f,0xff,0xff,0xff,0xfc,0x00,0x0f,0xf8,0x01,0xff,0xfe,0x00,0x0f,0xf8,0x00,0x1f,0xfe,0x00,0x0f,0xf8,0x00,0x0f,0xff,
0x00,0x0f,0xf8,0x00,0x03,0xff,0x00,0x0f,0xf8,0x00,0x01,0xff,0x80,0x0f,0xf8,0x00,0x01,0xff,0x80,0x0f,0xf8,0x00,0x00,0xff,
0x80,0x0f,0xf8,0x00,0x00,0xff,0x80,0x0f,0xf8,0x00,0x00,0xff,0xc0,0xff,0xff,0xfe,0x00,0x7f,0xc0,0xff,0xff,0xfe,0x00,0x7f,
0xc0,0xff,0xff,0xfe,0x00,0x7f,0xc0,0xff,0xff,0xfe,0x00,0x7f,0xc0,0xff,0xff,0xfe,0x00,0x7f,0xc0,0xff,0xff,0xfe,0x00,0x7f,
0xc0,0xff,0xff,0xfe,0x00,0x7f,0xc0,0xff,0xff,0xfe,0x00,0x7f,0xc0,0x0f,0xf8,0x00,0x00,0x7f,0xc0,0x0f,0xf8,0x00,0x00,0xff,
0xc0,0x0f,0xf8,0x00,0x00,0xff,0x80,0x0f,0xf8,0x00,0x00,0xff,0x80,0x0f,0xf8,0x00,0x01,0xff,0x80,0x0f,0xf8,0x00,0x01,0xff,
0x80,0x0f,0xf8,0x00,0x03,0xff,0x00,0x0f,0xf8,0x00,0x07,0xff,0x00,0x0f,0xf8,0x00,0x1f,0xfe,0x00,0x0f,0xf8,0x01,0xff,0xfe,
0x00,0x0f,0xff,0xff,0xff,0xfc,0x00,0x0f,0xff,0xff,0xff,0xf8,0x00,0x0f,0xff,0xff,0xff,0xf0,0x00,0x0f,0xff,0xff,0xff,0xe0,
0x00,0x0f,0xff,0xff,0xff,0x80,0x00,0x0f,0xff,0xff,0xfe,0x00,0x00,0x0f,0xff,0xff,0xf8,0x00,0x00,0x0f,0xff,0xff,0x80,0x00,
0x00,0x00,0x03,0x80,0x18,0x00,0x00,0x1f,0xe0,0x3c,0x00,0x00,0x3f,0xf8,0x7e,0x00,0x00,0x7f,0xff,0xfc,0x00,0x00,0xff,0xff,
0xfc,0x00,0x00,0xfe,0xff,0xf8,0x00,0x00,0xf8,0x1f,0xf0,0x00,0x00,0xf8,0x07,0xc0,0x00,0x00,0x00,0x00,0x00,0x00,0x00,0x00,
0x00,0x00,0x00,0x00,0x00,0x00,0x00,0x00,0x00,0x00,0x00,0x00,0x00,0xff,0xf0,0x00,0x07,0xfc,0xff,0xf8,0x00,0x07,0xfc,0xff,
0xf8,0x00,0x07,0xfc,0xff,0xfc,0x00,0x07,0xfc,0xff,0xfe,0x00,0x07,0xfc,0xff,0xfe,0x00,0x07,0xfc,0xff,0xff,0x00,0x07,0xfc,
0xff,0xff,0x00,0x07,0xfc,0xff,0xff,0x80,0x07,0xfc,0xff,0xff,0x80,0x07,0xfc,0xff,0xff,0xc0,0x07,0xfc,0xff,0xff,0xc0,0x07,
0xfc,0xff,0xbf,0xe0,0x07,0xfc,0xff,0xbf,0xe0,0x07,0xfc,0xff,0x9f,0xf0,0x07,0xfc,0xff,0x9f,0xf0,0x07,0xfc,0xff,0x8f,0xf8,
0x07,0xfc,0xff,0x8f,0xf8,0x07,0xfc,0xff,0x87,0xfc,0x07,0xfc,0xff,0x87,0xfc,0x07,0xfc,0xff,0x83,0xfe,0x07,0xfc,0xff,0x83,
0xff,0x07,0xfc,0xff,0x81,0xff,0x07,0xfc,0xff,0x80,0xff,0x87,0xfc,0xff,0x80,0xff,0x87,0xfc,0xff,0x80,0x7f,0xc7,0xfc,0xff,
0x80,0x7f,0xc7,0xfc,0xff,0x80,0x3f,0xe7,0xfc,0xff,0x80,0x3f,0xe7,0xfc,0xff,0x80,0x1f,0xf7,0xfc,0xff,0x80,0x1f,0xf7,0xfc,
0xff,0x80,0x0f,0xff,0xfc,0xff,0x80,0x0f,0xff,0xfc,0xff,0x80,0x07,0xff,0xfc,0xff,0x80,0x07,0xff,0xfc,0xff,0x80,0x03,0xff,
0xfc,0xff,0x80,0x03,0xff,0xfc,0xff,0x80,0x01,0xff,0xfc,0xff,0x80,0x00,0xff,0xfc,0xff,0x80,0x00,0xff,0xfc,0xff,0x80,0x00,
0x7f,0xfc,0xff,0x80,0x00,0x7f,0xfc,0xff,0x80,0x00,0x3f,0xfc,0x00,0x07,0x80,0x00,0x00,0x00,0x00,0x0f,0xe0,0x00,0x00,0x00,
0x00,0x0f,0xe0,0x00,0x00,0x00,0x00,0x0f,0xf0,0x00,0x00,0x00,0x00,0x0f,0xf8,0x00,0x00,0x00,0x00,0x07,0xfc,0x00,0x00,0x00,
0x00,0x03,0xfe,0x00,0x00,0x00,0x00,0x01,0xff,0x00,0x00,0x00,0x00,0x00,0x7f,0x80,0x00,0x00,0x00,0x00,0x3f,0xc0,0x00,0x00,
0x00,0x00,0x00,0x00,0x00,0x00,0x00,0x00,0x00,0x00,0x00,0x00,0x00,0x00,0x00,0x00,0x00,0x00,0x00,0x00,0x7f,0xe0,0x00,0x00,
0x00,0x07,0xff,0xfe,0x00,0x00,0x00,0x1f,0xff,0xff,0x80,0x00,0x00,0x7f,0xff,0xff,0xe0,0x00,0x00,0xff,0xff,0xff,0xf0,0x00,
0x01,0xff,0xff,0xff,0xf8,0x00,0x03,0xff,0xff,0xff,0xfc,0x00,0x07,0xff,0xff,0xff,0xfe,0x00,0x0f,0xff,0xe0,0x7f,0xff,0x00,
0x1f,0xff,0x00,0x0f,0xff,0x00,0x1f,0xfe,0x00,0x07,0xff,0x80,0x3f,0xfc,0x00,0x03,0xff,0xc0,0x3f,0xf8,0x00,0x01,0xff,0xc0,
0x7f,0xf0,0x00,0x00,0xff,0xc0,0x7f,0xf0,0x00,0x00,0xff,0xe0,0x7f,0xe0,0x00,0x00,0x7f,0xe0,0x7f,0xe0,0x00,0x00,0x7f,0xe0,
0xff,0xe0,0x00,0x00,0x7f,0xf0,0xff,0xc0,0x00,0x00,0x3f,0xf0,0xff,0xc0,0x00,0x00,0x3f,0xf0,0xff,0xc0,0x00,0x00,0x3f,0xf0,
0xff,0xc0,0x00,0x00,0x3f,0xf0,0xff,0xc0,0x00,0x00,0x3f,0xf0,0xff,0xc0,0x00,0x00,0x3f,0xf0,0xff,0xc0,0x00,0x00,0x3f,0xf0,
0xff,0xc0,0x00,0x00,0x3f,0xf0,0xff,0xc0,0x00,0x00,0x3f,0xf0,0xff,0xe0,0x00,0x00,0x7f,0xf0,0x7f,0xe0,0x00,0x00,0x7f,0xe0,
0x7f,0xe0,0x00,0x00,0x7f,0xe0,0x7f,0xf0,0x00,0x00,0xff,0xe0,0x7f,0xf0,0x00,0x00,0xff,0xc0,0x3f,0xf8,0x00,0x01,0xff,0xc0,
0x3f,0xfc,0x00,0x03,0xff,0xc0,0x1f,0xfe,0x00,0x07,0xff,0x80,0x1f,0xff,0x00,0x0f,0xff,0x00,0x0f,0xff,0xe0,0x7f,0xff,0x00,
0x07,0xff,0xff,0xff,0xfe,0x00,0x03,0xff,0xff,0xff,0xfc,0x00,0x01,0xff,0xff,0xff,0xf8,0x00,0x00,0xff,0xff,0xff,0xf0,0x00,
0x00,0x7f,0xff,0xff,0xe0,0x00,0x00,0x1f,0xff,0xff,0x80,0x00,0x00,0x07,0xff,0xfe,0x00,0x00,0x00,0x00,0x7f,0xe0,0x00,0x00,
0x00,0x00,0x00,0x1e,0x00,0x00,0x00,0x00,0x00,0x7f,0x00,0x00,0x00,0x00,0x00,0x7f,0x00,0x00,0x00,0x00,0x00,0xff,0x00,0x00,
0x00,0x00,0x01,0xff,0x00,0x00,0x00,0x00,0x03,0xfe,0x00,0x00,0x00,0x00,0x07,0xfc,0x00,0x00,0x00,0x00,0x0f,0xf8,0x00,0x00,
0x00,0x00,0x1f,0xe0,0x00,0x00,0x00,0x00,0x3f,0xc0,0x00,0x00,0x00,0x00,0x00,0x00,0x00,0x00,0x00,0x00,0x00,0x00,0x00,0x00,
0x00,0x00,0x00,0x00,0x00,0x00,0x00,0x00,0x7f,0xe0,0x00,0x00,0x00,0x07,0xff,0xfe,0x00,0x00,0x00,0x1f,0xff,0xff,0x80,0x00,
0x00,0x7f,0xff,0xff,0xe0,0x00,0x00,0xff,0xff,0xff,0xf0,0x00,0x01,0xff,0xff,0xff,0xf8,0x00,0x03,0xff,0xff,0xff,0xfc,0x00,
0x07,0xff,0xff,0xff,0xfe,0x00,0x0f,0xff,0xe0,0x7f,0xff,0x00,0x1f,0xff,0x00,0x0f,0xff,0x00,0x1f,0xfe,0x00,0x07,0xff,0x80,
0x3f,0xfc,0x00,0x03,0xff,0xc0,0x3f,0xf8,0x00,0x01,0xff,0xc0,0x7f,0xf0,0x00,0x00,0xff,0xc0,0x7f,0xf0,0x00,0x00,0xff,0xe0,
0x7f,0xe0,0x00,0x00,0x7f,0xe0,0x7f,0xe0,0x00,0x00,0x7f,0xe0,0xff,0xe0,0x00,0x00,0x7f,0xf0,0xff,0xc0,0x00,0x00,0x3f,0xf0,
0xff,0xc0,0x00,0x00,0x3f,0xf0,0xff,0xc0,0x00,0x00,0x3f,0xf0,0xff,0xc0,0x00,0x00,0x3f,0xf0,0xff,0xc0,0x00,0x00,0x3f,0xf0,
0xff,0xc0,0x00,0x00,0x3f,0xf0,0xff,0xc0,0x00,0x00,0x3f,0xf0,0xff,0xc0,0x00,0x00,0x3f,0xf0,0xff,0xc0,0x00,0x00,0x3f,0xf0,
0xff,0xe0,0x00,0x00,0x7f,0xf0,0x7f,0xe0,0x00,0x00,0x7f,0xe0,0x7f,0xe0,0x00,0x00,0x7f,0xe0,0x7f,0xf0,0x00,0x00,0xff,0xe0,
0x7f,0xf0,0x00,0x00,0xff,0xc0,0x3f,0xf8,0x00,0x01,0xff,0xc0,0x3f,0xfc,0x00,0x03,0xff,0xc0,0x1f,0xfe,0x00,0x07,0xff,0x80,
0x1f,0xff,0x00,0x0f,0xff,0x00,0x0f,0xff,0xe0,0x7f,0xff,0x00,0x07,0xff,0xff,0xff,0xfe,0x00,0x03,0xff,0xff,0xff,0xfc,0x00,
0x01,0xff,0xff,0xff,0xf8,0x00,0x00,0xff,0xff,0xff,0xf0,0x00,0x00,0x7f,0xff,0xff,0xe0,0x00,0x00,0x1f,0xff,0xff,0x80,0x00,
0x00,0x07,0xff,0xfe,0x00,0x00,0x00,0x00,0x7f,0xe0,0x00,0x00,0x00,0x00,0x0f,0x00,0x00,0x00,0x00,0x00,0x1f,0x80,0x00,0x00,
0x00,0x00,0x7f,0xe0,0x00,0x00,0x00,0x00,0xff,0xf0,0x00,0x00,0x00,0x01,0xff,0xf8,0x00,0x00,0x00,0x03,0xff,0xfc,0x00,0x00,
0x00,0x07,0xf9,0xfe,0x00,0x00,0x00,0x0f,0xf0,0xff,0x00,0x00,0x00,0x1f,0xe0,0x7f,0x80,0x00,0x00,0x3f,0xc0,0x3f,0xc0,0x00,
0x00,0x00,0x00,0x00,0x00,0x00,0x00,0x00,0x00,0x00,0x00,0x00,0x00,0x00,0x00,0x00,0x00,0x00,0x00,0x00,0x7f,0xe0,0x00,0x00,
0x00,0x07,0xff,0xfe,0x00,0x00,0x00,0x1f,0xff,0xff,0x80,0x00,0x00,0x7f,0xff,0xff,0xe0,0x00,0x00,0xff,0xff,0xff,0xf0,0x00,
0x01,0xff,0xff,0xff,0xf8,0x00,0x03,0xff,0xff,0xff,0xfc,0x00,0x07,0xff,0xff,0xff,0xfe,0x00,0x0f,0xff,0xe0,0x7f,0xff,0x00,
0x1f,0xff,0x00,0x0f,0xff,0x00,0x1f,0xfe,0x00,0x07,0xff,0x80,0x3f,0xfc,0x00,0x03,0xff,0xc0,0x3f,0xf8,0x00,0x01,0xff,0xc0,
0x7f,0xf0,0x00,0x00,0xff,0xc0,0x7f,0xf0,0x00,0x00,0xff,0xe0,0x7f,0xe0,0x00,0x00,0x7f,0xe0,0x7f,0xe0,0x00,0x00,0x7f,0xe0,
0xff,0xe0,0x00,0x00,0x7f,0xf0,0xff,0xc0,0x00,0x00,0x3f,0xf0,0xff,0xc0,0x00,0x00,0x3f,0xf0,0xff,0xc0,0x00,0x00,0x3f,0xf0,
0xff,0xc0,0x00,0x00,0x3f,0xf0,0xff,0xc0,0x00,0x00,0x3f,0xf0,0xff,0xc0,0x00,0x00,0x3f,0xf0,0xff,0xc0,0x00,0x00,0x3f,0xf0,
0xff,0xc0,0x00,0x00,0x3f,0xf0,0xff,0xc0,0x00,0x00,0x3f,0xf0,0xff,0xe0,0x00,0x00,0x7f,0xf0,0x7f,0xe0,0x00,0x00,0x7f,0xe0,
0x7f,0xe0,0x00,0x00,0x7f,0xe0,0x7f,0xf0,0x00,0x00,0xff,0xe0,0x7f,0xf0,0x00,0x00,0xff,0xc0,0x3f,0xf8,0x00,0x01,0xff,0xc0,
0x3f,0xfc,0x00,0x03,0xff,0xc0,0x1f,0xfe,0x00,0x07,0xff,0x80,0x1f,0xff,0x00,0x0f,0xff,0x00,0x0f,0xff,0xe0,0x7f,0xff,0x00,
0x07,0xff,0xff,0xff,0xfe,0x00,0x03,0xff,0xff,0xff,0xfc,0x00,0x01,0xff,0xff,0xff,0xf8,0x00,0x00,0xff,0xff,0xff,0xf0,0x00,
0x00,0x7f,0xff,0xff,0xe0,0x00,0x00,0x1f,0xff,0xff,0x80,0x00,0x00,0x07,0xff,0xfe,0x00,0x00,0x00,0x00,0x7f,0xe0,0x00,0x00,
0x00,0x00,0xf0,0x03,0x00,0x00,0x00,0x03,0xfc,0x07,0x80,0x00,0x00,0x07,0xff,0x0f,0xc0,0x00,0x00,0x0f,0xff,0xff,0xc0,0x00,
0x00,0x1f,0xff,0xff,0x80,0x00,0x00,0x1f,0xdf,0xff,0x00,0x00,0x00,0x1f,0x03,0xfe,0x00,0x00,0x00,0x3f,0x01,0xf8,0x00,0x00,
0x00,0x00,0x00,0x00,0x00,0x00,0x00,0x00,0x00,0x00,0x00,0x00,0x00,0x00,0x00,0x00,0x00,0x00,0x00,0x00,0x7f,0xe0,0x00,0x00,
0x00,0x07,0xff,0xfe,0x00,0x00,0x00,0x1f,0xff,0xff,0x80,0x00,0x00,0x7f,0xff,0xff,0xe0,0x00,0x00,0xff,0xff,0xff,0xf0,0x00,
0x01,0xff,0xff,0xff,0xf8,0x00,0x03,0xff,0xff,0xff,0xfc,0x00,0x07,0xff,0xff,0xff,0xfe,0x00,0x0f,0xff,0xe0,0x7f,0xff,0x00,
0x1f,0xff,0x00,0x0f,0xff,0x00,0x1f,0xfe,0x00,0x07,0xff,0x80,0x3f,0xfc,0x00,0x03,0xff,0xc0,0x3f,0xf8,0x00,0x01,0xff,0xc0,
0x7f,0xf0,0x00,0x00,0xff,0xc0,0x7f,0xf0,0x00,0x00,0xff,0xe0,0x7f,0xe0,0x00,0x00,0x7f,0xe0,0x7f,0xe0,0x00,0x00,0x7f,0xe0,
0xff,0xe0,0x00,0x00,0x7f,0xf0,0xff,0xc0,0x00,0x00,0x3f,0xf0,0xff,0xc0,0x00,0x00,0x3f,0xf0,0xff,0xc0,0x00,0x00,0x3f,0xf0,
0xff,0xc0,0x00,0x00,0x3f,0xf0,0xff,0xc0,0x00,0x00,0x3f,0xf0,0xff,0xc0,0x00,0x00,0x3f,0xf0,0xff,0xc0,0x00,0x00,0x3f,0xf0,
0xff,0xc0,0x00,0x00,0x3f,0xf0,0xff,0xc0,0x00,0x00,0x3f,0xf0,0xff,0xe0,0x00,0x00,0x7f,0xf0,0x7f,0xe0,0x00,0x00,0x7f,0xe0,
0x7f,0xe0,0x00,0x00,0x7f,0xe0,0x7f,0xf0,0x00,0x00,0xff,0xe0,0x7f,0xf0,0x00,0x00,0xff,0xc0,0x3f,0xf8,0x00,0x01,0xff,0xc0,
0x3f,0xfc,0x00,0x03,0xff,0xc0,0x1f,0xfe,0x00,0x07,0xff,0x80,0x1f,0xff,0x00,0x0f,0xff,0x00,0x0f,0xff,0xe0,0x7f,0xff,0x00,
0x07,0xff,0xff,0xff,0xfe,0x00,0x03,0xff,0xff,0xff,0xfc,0x00,0x01,0xff,0xff,0xff,0xf8,0x00,0x00,0xff,0xff,0xff,0xf0,0x00,
0x00,0x7f,0xff,0xff,0xe0,0x00,0x00,0x1f,0xff,0xff,0x80,0x00,0x00,0x07,0xff,0xfe,0x00,0x00,0x00,0x00,0x7f,0xe0,0x00,0x00,
0x00,0x07,0xc0,0x3e,0x00,0x00,0x00,0x0f,0xe0,0x7f,0x00,0x00,0x00,0x1f,0xf0,0xff,0x80,0x00,0x00,0x1f,0xf0,0xff,0x80,0x00,
0x00,0x1f,0xf0,0xff,0x80,0x00,0x00,0x1f,0xf0,0xff,0x80,0x00,0x00,0x1f,0xf0,0xff,0x80,0x00,0x00,0x0f,0xe0,0x7f,0x00,0x00,
0x00,0x07,0xc0,0x3e,0x00,0x00,0x00,0x00,0x00,0x00,0x00,0x00,0x00,0x00,0x00,0x00,0x00,0x00,0x00,0x00,0x00,0x00,0x00,0x00,
0x00,0x00,0x7f,0xe0,0x00,0x00,0x00,0x07,0xff,0xfe,0x00,0x00,0x00,0x1f,0xff,0xff,0x80,0x00,0x00,0x7f,0xff,0xff,0xe0,0x00,
0x00,0xff,0xff,0xff,0xf0,0x00,0x01,0xff,0xff,0xff,0xf8,0x00,0x03,0xff,0xff,0xff,0xfc,0x00,0x07,0xff,0xff,0xff,0xfe,0x00,
0x0f,0xff,0xe0,0x7f,0xff,0x00,0x1f,0xff,0x00,0x0f,0xff,0x00,0x1f,0xfe,0x00,0x07,0xff,0x80,0x3f,0xfc,0x00,0x03,0xff,0xc0,
0x3f,0xf8,0x00,0x01,0xff,0xc0,0x7f,0xf0,0x00,0x00,0xff,0xc0,0x7f,0xf0,0x00,0x00,0xff,0xe0,0x7f,0xe0,0x00,0x00,0x7f,0xe0,
0x7f,0xe0,0x00,0x00,0x7f,0xe0,0xff,0xe0,0x00,0x00,0x7f,0xf0,0xff,0xc0,0x00,0x00,0x3f,0xf0,0xff,0xc0,0x00,0x00,0x3f,0xf0,
0xff,0xc0,0x00,0x00,0x3f,0xf0,0xff,0xc0,0x00,0x00,0x3f,0xf0,0xff,0xc0,0x00,0x00,0x3f,0xf0,0xff,0xc0,0x00,0x00,0x3f,0xf0,
0xff,0xc0,0x00,0x00,0x3f,0xf0,0xff,0xc0,0x00,0x00,0x3f,0xf0,0xff,0xc0,0x00,0x00,0x3f,0xf0,0xff,0xe0,0x00,0x00,0x7f,0xf0,
0x7f,0xe0,0x00,0x00,0x7f,0xe0,0x7f,0xe0,0x00,0x00,0x7f,0xe0,0x7f,0xf0,0x00,0x00,0xff,0xe0,0x7f,0xf0,0x00,0x00,0xff,0xc0,
0x3f,0xf8,0x00,0x01,0xff,0xc0,0x3f,0xfc,0x00,0x03,0xff,0xc0,0x1f,0xfe,0x00,0x07,0xff,0x80,0x1f,0xff,0x00,0x0f,0xff,0x00,
0x0f,0xff,0xe0,0x7f,0xff,0x00,0x07,0xff,0xff,0xff,0xfe,0x00,0x03,0xff,0xff,0xff,0xfc,0x00,0x01,0xff,0xff,0xff,0xf8,0x00,
0x00,0xff,0xff,0xff,0xf0,0x00,0x00,0x7f,0xff,0xff,0xe0,0x00,0x00,0x1f,0xff,0xff,0x80,0x00,0x00,0x07,0xff,0xfe,0x00,0x00,
0x00,0x00,0x7f,0xe0,0x00,0x00,0x0c,0x00,0x03,0x00,0x1e,0x00,0x07,0x80,0x3f,0x00,0x0f,0xc0,0x7f,0x80,0x1f,0xe0,0xff,0xc0,
0x3f,0xf0,0xff,0xe0,0x7f,0xf0,0x7f,0xf0,0xff,0xe0,0x3f,0xf9,0xff,0xc0,0x1f,0xff,0xff,0x80,0x0f,0xff,0xff,0x00,0x07,0xff,
0xfe,0x00,0x03,0xff,0xfc,0x00,0x01,0xff,0xf8,0x00,0x00,0xff,0xf0,0x00,0x00,0xff,0xf0,0x00,0x01,0xff,0xf8,0x00,0x03,0xff,
0xfc,0x00,0x07,0xff,0xfe,0x00,0x0f,0xff,0xff,0x00,0x1f,0xff,0xff,0x80,0x3f,0xf9,0xff,0xc0,0x7f,0xf0,0xff,0xe0,0xff,0xe0,
0x7f,0xf0,0xff,0xc0,0x3f,0xf0,0x7f,0x80,0x1f,0xe0,0x3f,0x00,0x0f,0xc0,0x1e,0x00,0x07,0x80,0x0c,0x00,0x03,0x00,0x00,0x00,
0x7f,0xe0,0x02,0x00,0x00,0x07,0xff,0xfe,0x07,0x00,0x00,0x1f,0xff,0xff,0x8f,0x80,0x00,0x7f,0xff,0xff,0xdf,0x80,0x00,0xff,
0xff,0xff,0xff,0x00,0x01,0xff,0xff,0xff,0xff,0x00,0x03,0xff,0xff,0xff,0xfe,0x00,0x07,0xff,0xff,0xff,0xfe,0x00,0x0f,0xff,
0xe0,0x7f,0xff,0x00,0x1f,0xff,0x00,0x0f,0xff,0x00,0x1f,0xfe,0x00,0x07,0xff,0x80,0x3f,0xfc,0x00,0x07,0xff,0x80,0x3f,0xf8,
0x00,0x0f,0xff,0xc0,0x7f,0xf0,0x00,0x1f,0xff,0xc0,0x7f,0xf0,0x00,0x3f,0xff,0xe0,0x7f,0xe0,0x00,0x7e,0x7f,0xe0,0x7f,0xe0,
0x00,0xfc,0x7f,0xe0,0xff,0xe0,0x01,0xf8,0x7f,0xf0,0xff,0xc0,0x01,0xf0,0x3f,0xf0,0xff,0xc0,0x03,0xf0,0x3f,0xf0,0xff,0xc0,
0x07,0xe0,0x3f,0xf0,0xff,0xc0,0x0f,0xc0,0x3f,0xf0,0xff,0xc0,0x1f,0x80,0x3f,0xf0,0xff,0xc0,0x3f,0x00,0x3f,0xf0,0xff,0xc0,
0x7e,0x00,0x3f,0xf0,0xff,0xc0,0x7c,0x00,0x3f,0xf0,0xff,0xc0,0xfc,0x00,0x3f,0xf0,0xff,0xe1,0xf8,0x00,0x7f,0xf0,0x7f,0xe3,
0xf0,0x00,0x7f,0xe0,0x7f,0xe7,0xe0,0x00,0x7f,0xe0,0x7f,0xff,0xc0,0x00,0xff,0xe0,0x3f,0xff,0x80,0x00,0xff,0xc0,0x3f,0xff,
0x00,0x01,0xff,0xc0,0x3f,0xfe,0x00,0x03,0xff,0xc0,0x1f,0xfe,0x00,0x07,0xff,0x80,0x0f,0xff,0x00,0x0f,0xff,0x80,0x0f,0xff,
0xe0,0x7f,0xff,0x00,0x07,0xff,0xff,0xff,0xfe,0x00,0x07,0xff,0xff,0xff,0xfc,0x00,0x0f,0xff,0xff,0xff,0xf8,0x00,0x0f,0xff,
0xff,0xff,0xf0,0x00,0x1f,0xbf,0xff,0xff,0xe0,0x00,0x1f,0x1f,0xff,0xff,0x80,0x00,0x0e,0x03,0xff,0xfe,0x00,0x00,0x04,0x00,
0x7f,0xe0,0x00,0x00,0x00,0x78,0x00,0x00,0x00,0x00,0xfe,0x00,0x00,0x00,0x00,0xfe,0x00,0x00,0x00,0x00,0xff,0x00,0x00,0x00,
0x00,0xff,0x80,0x00,0x00,0x00,0x7f,0xc0,0x00,0x00,0x00,0x3f,0xe0,0x00,0x00,0x00,0x1f,0xf0,0x00,0x00,0x00,0x07,0xf8,0x00,
0x00,0x00,0x03,0xfc,0x00,0x00,0x00,0x00,0x00,0x00,0x00,0x00,0x00,0x00,0x00,0x00,0x00,0x00,0x00,0x00,0x00,0x00,0x00,0x00,
0x00,0x00,0xff,0x80,0x00,0x1f,0xf0,0xff,0x80,0x00,0x1f,0xf0,0xff,0x80,0x00,0x1f,0xf0,0xff,0x80,0x00,0x1f,0xf0,0xff,0x80,
0x00,0x1f,0xf0,0xff,0x80,0x00,0x1f,0xf0,0xff,0x80,0x00,0x1f,0xf0,0xff,0x80,0x00,0x1f,0xf0,0xff,0x80,0x00,0x1f,0xf0,0xff,
0x80,0x00,0x1f,0xf0,0xff,0x80,0x00,0x1f,0xf0,0xff,0x80,0x00,0x1f,0xf0,0xff,0x80,0x00,0x1f,0xf0,0xff,0x80,0x00,0x1f,0xf0,
0xff,0x80,0x00,0x1f,0xf0,0xff,0x80,0x00,0x1f,0xf0,0xff,0x80,0x00,0x1f,0xf0,0xff,0x80,0x00,0x1f,0xf0,0xff,0x80,0x00,0x1f,
0xf0,0xff,0x80,0x00,0x1f,0xf0,0xff,0x80,0x00,0x1f,0xf0,0xff,0x80,0x00,0x1f,0xf0,0xff,0x80,0x00,0x1f,0xf0,0xff,0x80,0x00,
0x1f,0xf0,0xff,0x80,0x00,0x1f,0xf0,0xff,0x80,0x00,0x1f,0xf0,0xff,0x80,0x00,0x1f,0xf0,0xff,0x80,0x00,0x1f,0xf0,0xff,0x80,
0x00,0x1f,0xf0,0xff,0x80,0x00,0x1f,0xf0,0xff,0xc0,0x00,0x3f,0xf0,0x7f,0xc0,0x00,0x3f,0xe0,0x7f,0xc0,0x00,0x3f,0xe0,0x7f,
0xe0,0x00,0x7f,0xe0,0x7f,0xf0,0x00,0xff,0xc0,0x3f,0xfc,0x03,0xff,0xc0,0x3f,0xff,0xff,0xff,0xc0,0x1f,0xff,0xff,0xff,0x80,
0x0f,0xff,0xff,0xff,0x00,0x0f,0xff,0xff,0xff,0x00,0x07,0xff,0xff,0xfe,0x00,0x01,0xff,0xff,0xf8,0x00,0x00,0x7f,0xff,0xe0,
0x00,0x00,0x0f,0xff,0x00,0x00,0x00,0x00,0x01,0xe0,0x00,0x00,0x00,0x03,0xf0,0x00,0x00,0x00,0x07,0xf0,0x00,0x00,0x00,0x0f,
0xf0,0x00,0x00,0x00,0x1f,0xf0,0x00,0x00,0x00,0x3f,0xe0,0x00,0x00,0x00,0x7f,0xc0,0x00,0x00,0x00,0xff,0x80,0x00,0x00,0x01,
0xfe,0x00,0x00,0x00,0x03,0xfc,0x00,0x00,0x00,0x00,0x00,0x00,0x00,0x00,0x00,0x00,0x00,0x00,0x00,0x00,0x00,0x00,0x00,0x00,
0x00,0x00,0x00,0x00,0xff,0x80,0x00,0x1f,0xf0,0xff,0x80,0x00,0x1f,0xf0,0xff,0x80,0x00,0x1f,0xf0,0xff,0x80,0x00,0x1f,0xf0,
0xff,0x80,0x00,0x1f,0xf0,0xff,0x80,0x00,0x1f,0xf0,0xff,0x80,0x00,0x1f,0xf0,0xff,0x80,0x00,0x1f,0xf0,0xff,0x80,0x00,0x1f,
0xf0,0xff,0x80,0x00,0x1f,0xf0,0xff,0x80,0x00,0x1f,0xf0,0xff,0x80,0x00,0x1f,0xf0,0xff,0x80,0x00,0x1f,0xf0,0xff,0x80,0x00,
0x1f,0xf0,0xff,0x80,0x00,0x1f,0xf0,0xff,0x80,0x00,0x1f,0xf0,0xff,0x80,0x00,0x1f,0xf0,0xff,0x80,0x00,0x1f,0xf0,0xff,0x80,
0x00,0x1f,0xf0,0xff,0x80,0x00,0x1f,0xf0,0xff,0x80,0x00,0x1f,0xf0,0xff,0x80,0x00,0x1f,0xf0,0xff,0x80,0x00,0x1f,0xf0,0xff,
0x80,0x00,0x1f,0xf0,0xff,0x80,0x00,0x1f,0xf0,0xff,0x80,0x00,0x1f,0xf0,0xff,0x80,0x00,0x1f,0xf0,0xff,0x80,0x00,0x1f,0xf0,
0xff,0x80,0x00,0x1f,0xf0,0xff,0x80,0x00,0x1f,0xf0,0xff,0xc0,0x00,0x3f,0xf0,0x7f,0xc0,0x00,0x3f,0xe0,0x7f,0xc0,0x00,0x3f,
0xe0,0x7f,0xe0,0x00,0x7f,0xe0,0x7f,0xf0,0x00,0xff,0xc0,0x3f,0xfc,0x03,0xff,0xc0,0x3f,0xff,0xff,0xff,0xc0,0x1f,0xff,0xff,
0xff,0x80,0x0f,0xff,0xff,0xff,0x00,0x0f,0xff,0xff,0xff,0x00,0x07,0xff,0xff,0xfe,0x00,0x01,0xff,0xff,0xf8,0x00,0x00,0x7f,
0xff,0xe0,0x00,0x00,0x0f,0xff,0x00,0x00,0x00,0x00,0xf0,0x00,0x00,0x00,0x01,0xfc,0x00,0x00,0x00,0x03,0xfe,0x00,0x00,0x00,
0x0f,0xff,0x00,0x00,0x00,0x1f,0xff,0x80,0x00,0x00,0x3f,0xff,0xc0,0x00,0x00,0x7f,0x9f,0xe0,0x00,0x00,0xff,0x0f,0xf0,0x00,
0x01,0xfe,0x07,0xf8,0x00,0x03,0xfc,0x03,0xfc,0x00,0x00,0x00,0x00,0x00,0x00,0x00,0x00,0x00,0x00,0x00,0x00,0x00,0x00,0x00,
0x00,0x00,0x00,0x00,0x00,0x00,0xff,0x80,0x00,0x1f,0xf0,0xff,0x80,0x00,0x1f,0xf0,0xff,0x80,0x00,0x1f,0xf0,0xff,0x80,0x00,
0x1f,0xf0,0xff,0x80,0x00,0x1f,0xf0,0xff,0x80,0x00,0x1f,0xf0,0xff,0x80,0x00,0x1f,0xf0,0xff,0x80,0x00,0x1f,0xf0,0xff,0x80,
0x00,0x1f,0xf0,0xff,0x80,0x00,0x1f,0xf0,0xff,0x80,0x00,0x1f,0xf0,0xff,0x80,0x00,0x1f,0xf0,0xff,0x80,0x00,0x1f,0xf0,0xff,
0x80,0x00,0x1f,0xf0,0xff,0x80,0x00,0x1f,0xf0,0xff,0x80,0x00,0x1f,0xf0,0xff,0x80,0x00,0x1f,0xf0,0xff,0x80,0x00,0x1f,0xf0,
0xff,0x80,0x00,0x1f,0xf0,0xff,0x80,0x00,0x1f,0xf0,0xff,0x80,0x00,0x1f,0xf0,0xff,0x80,0x00,0x1f,0xf0,0xff,0x80,0x00,0x1f,
0xf0,0xff,0x80,0x00,0x1f,0xf0,0xff,0x80,0x00,0x1f,0xf0,0xff,0x80,0x00,0x1f,0xf0,0xff,0x80,0x00,0x1f,0xf0,0xff,0x80,0x00,
0x1f,0xf0,0xff,0x80,0x00,0x1f,0xf0,0xff,0x80,0x00,0x1f,0xf0,0xff,0xc0,0x00,0x3f,0xf0,0x7f,0xc0,0x00,0x3f,0xe0,0x7f,0xc0,
0x00,0x3f,0xe0,0x7f,0xe0,0x00,0x7f,0xe0,0x7f,0xf0,0x00,0xff,0xc0,0x3f,0xfc,0x03,0xff,0xc0,0x3f,0xff,0xff,0xff,0xc0,0x1f,
0xff,0xff,0xff,0x80,0x0f,0xff,0xff,0xff,0x00,0x0f,0xff,0xff,0xff,0x00,0x07,0xff,0xff,0xfe,0x00,0x01,0xff,0xff,0xf8,0x00,
0x00,0x7f,0xff,0xe0,0x00,0x00,0x0f,0xff,0x00,0x00,0x00,0x7c,0x03,0xe0,0x00,0x00,0xfe,0x07,0xf0,0x00,0x01,0xff,0x0f,0xf8,
0x00,0x01,0xff,0x0f,0xf8,0x00,0x01,0xff,0x0f,0xf8,0x00,0x01,0xff,0x0f,0xf8,0x00,0x01,0xff,0x0f,0xf8,0x00,0x00,0xfe,0x07,
0xf0,0x00,0x00,0x7c,0x03,0xe0,0x00,0x00,0x00,0x00,0x00,0x00,0x00,0x00,0x00,0x00,0x00,0x00,0x00,0x00,0x00,0x00,0x00,0x00,
0x00,0x00,0x00,0xff,0x80,0x00,0x1f,0xf0,0xff,0x80,0x00,0x1f,0xf0,0xff,0x80,0x00,0x1f,0xf0,0xff,0x80,0x00,0x1f,0xf0,0xff,
0x80,0x00,0x1f,0xf0,0xff,0x80,0x00,0x1f,0xf0,0xff,0x80,0x00,0x1f,0xf0,0xff,0x80,0x00,0x1f,0xf0,0xff,0x80,0x00,0x1f,0xf0,
0xff,0x80,0x00,0x1f,0xf0,0xff,0x80,0x00,0x1f,0xf0,0xff,0x80,0x00,0x1f,0xf0,0xff,0x80,0x00,0x1f,0xf0,0xff,0x80,0x00,0x1f,
0xf0,0xff,0x80,0x00,0x1f,0xf0,0xff,0x80,0x00,0x1f,0xf0,0xff,0x80,0x00,0x1f,0xf0,0xff,0x80,0x00,0x1f,0xf0,0xff,0x80,0x00,
0x1f,0xf0,0xff,0x80,0x00,0x1f,0xf0,0xff,0x80,0x00,0x1f,0xf0,0xff,0x80,0x00,0x1f,0xf0,0xff,0x80,0x00,0x1f,0xf0,0xff,0x80,
0x00,0x1f,0xf0,0xff,0x80,0x00,0x1f,0xf0,0xff,0x80,0x00,0x1f,0xf0,0xff,0x80,0x00,0x1f,0xf0,0xff,0x80,0x00,0x1f,0xf0,0xff,
0x80,0x00,0x1f,0xf0,0xff,0x80,0x00,0x1f,0xf0,0xff,0xc0,0x00,0x3f,0xe0,0x7f,0xc0,0x00,0x3f,0xe0,0x7f,0xc0,0x00,0x3f,0xe0,
0x7f,0xe0,0x00,0x7f,0xe0,0x7f,0xf0,0x00,0xff,0xc0,0x3f,0xfc,0x03,0xff,0xc0,0x3f,0xff,0xff,0xff,0xc0,0x1f,0xff,0xff,0xff,
0x80,0x0f,0xff,0xff,0xff,0x00,0x0f,0xff,0xff,0xff,0x00,0x07,0xff,0xff,0xfc,0x00,0x01,0xff,0xff,0xf8,0x00,0x00,0x7f,0xff,
0xe0,0x00,0x00,0x0f,0xff,0x00,0x00,0x00,0x00,0x00,0x78,0x00,0x00,0x00,0x00,0x00,0xfc,0x00,0x00,0x00,0x00,0x01,0xfc,0x00,
0x00,0x00,0x00,0x03,0xfc,0x00,0x00,0x00,0x00,0x07,0xfc,0x00,0x00,0x00,0x00,0x07,0xfc,0x00,0x00,0x00,0x00,0x0f,0xf0,0x00,
0x00,0x00,0x00,0x1f,0xe0,0x00,0x00,0x00,0x00,0x3f,0xc0,0x00,0x00,0x00,0x00,0x7f,0x00,0x00,0x00,0x00,0x00,0x00,0x00,0x00,
0x00,0x00,0x00,0x00,0x00,0x00,0x00,0x00,0x00,0x00,0x00,0x00,0x00,0xff,0xe0,0x00,0x03,0xff,0x80,0xff,0xe0,0x00,0x03,0xff,
0x80,0x7f,0xf0,0x00,0x07,0xff,0x00,0x3f,0xf0,0x00,0x07,0xfe,0x00,0x3f,0xf8,0x00,0x0f,0xfe,0x00,0x1f,0xf8,0x00,0x0f,0xfc,
0x00,0x0f,0xfc,0x00,0x1f,0xfc,0x00,0x0f,0xfe,0x00,0x3f,0xf8,0x00,0x07,0xfe,0x00,0x3f,0xf0,0x00,0x07,0xff,0x00,0x7f,0xf0,
0x00,0x03,0xff,0x00,0x7f,0xe0,0x00,0x01,0xff,0x80,0xff,0xe0,0x00,0x01,0xff,0x80,0xff,0xc0,0x00,0x00,0xff,0xc1,0xff,0x80,
0x00,0x00,0xff,0xe3,0xff,0x80,0x00,0x00,0x7f,0xe3,0xff,0x00,0x00,0x00,0x3f,0xf7,0xfe,0x00,0x00,0x00,0x3f,0xf7,0xfe,0x00,
0x00,0x00,0x1f,0xff,0xfc,0x00,0x00,0x00,0x1f,0xff,0xfc,0x00,0x00,0x00,0x0f,0xff,0xf8,0x00,0x00,0x00,0x07,0xff,0xf0,0x00,
0x00,0x00,0x07,0xff,0xf0,0x00,0x00,0x00,0x03,0xff,0xe0,0x00,0x00,0x00,0x03,0xff,0xe0,0x00,0x00,0x00,0x01,0xff,0xc0,0x00,
0x00,0x00,0x00,0xff,0x80,0x00,0x00,0x00,0x00,0xff,0x80,0x00,0x00,0x00,0x00,0xff,0x80,0x00,0x00,0x00,0x00,0xff,0x80,0x00,
0x00,0x00,0x00,0xff,0x80,0x00,0x00,0x00,0x00,0xff,0x80,0x00,0x00,0x00,0x00,0xff,0x80,0x00,0x00,0x00,0x00,0xff,0x80,0x00,
0x00,0x00,0x00,0xff,0x80,0x00,0x00,0x00,0x00,0xff,0x80,0x00,0x00,0x00,0x00,0xff,0x80,0x00,0x00,0x00,0x00,0xff,0x80,0x00,
0x00,0x00,0x00,0xff,0x80,0x00,0x00,0x00,0x00,0xff,0x80,0x00,0x00,0x00,0x00,0xff,0x80,0x00,0x00,0x00,0x00,0xff,0x80,0x00,
0x00,0x00,0x00,0xff,0x80,0x00,0x00,0x00,0x00,0xff,0x80,0x00,0x00,0xff,0x80,0x00,0x00,0x00,0xff,0x80,0x00,0x00,0x00,0xff,
0x80,0x00,0x00,0x00,0xff,0x80,0x00,0x00,0x00,0xff,0x80,0x00,0x00,0x00,0xff,0x80,0x00,0x00,0x00,0xff,0x80,0x00,0x00,0x00,
0xff,0xff,0xfe,0x00,0x00,0xff,0xff,0xff,0xe0,0x00,0xff,0xff,0xff,0xf8,0x00,0xff,0xff,0xff,0xfc,0x00,0xff,0xff,0xff,0xff,
0x00,0xff,0xff,0xff,0xff,0x00,0xff,0xff,0xff,0xff,0x80,0xff,0xff,0xff,0xff,0xc0,0xff,0x80,0x07,0xff,0xc0,0xff,0x80,0x01,
0xff,0xc0,0xff,0x80,0x00,0xff,0xe0,0xff,0x80,0x00,0x7f,0xe0,0xff,0x80,0x00,0x7f,0xe0,0xff,0x80,0x00,0x7f,0xe0,0xff,0x80,
0x00,0x7f,0xe0,0xff,0x80,0x00,0x7f,0xe0,0xff,0x80,0x00,0x7f,0xe0,0xff,0x80,0x00,0xff,0xe0,0xff,0x80,0x01,0xff,0xc0,0xff,
0x80,0x07,0xff,0xc0,0xff,0xff,0xff,0xff,0xc0,0xff,0xff,0xff,0xff,0x80,0xff,0xff,0xff,0xff,0x00,0xff,0xff,0xff,0xfe,0x00,
0xff,0xff,0xff,0xfc,0x00,0xff,0xff,0xff,0xf8,0x00,0xff,0xff,0xff,0xe0,0x00,0xff,0xff,0xff,0x00,0x00,0xff,0x80,0x00,0x00,
0x00,0xff,0x80,0x00,0x00,0x00,0xff,0x80,0x00,0x00,0x00,0xff,0x80,0x00,0x00,0x00,0xff,0x80,0x00,0x00,0x00,0xff,0x80,0x00,
0x00,0x00,0xff,0x80,0x00,0x00,0x00,0xff,0x80,0x00,0x00,0x00,0x00,0x3f,0xf0,0x00,0x00,0x01,0xff,0xfe,0x00,0x00,0x07,0xff,
0xff,0x80,0x00,0x0f,0xff,0xff,0xc0,0x00,0x1f,0xff,0xff,0xe0,0x00,0x3f,0xff,0xff,0xf0,0x00,0x7f,0xff,0xff,0xf0,0x00,0x7f,
0xf0,0x1f,0xf8,0x00,0x7f,0xe0,0x0f,0xf8,0x00,0xff,0xc0,0x07,0xf8,0x00,0xff,0xc0,0x07,0xf8,0x00,0xff,0x80,0x07,0xf8,0x00,
0xff,0x80,0x07,0xf8,0x00,0xff,0x80,0x0f,0xf0,0x00,0xff,0x80,0x3f,0xf0,0x00,0xff,0x83,0xff,0xe0,0x00,0xff,0x83,0xff,0xc0,
0x00,0xff,0x83,0xff,0x80,0x00,0xff,0x83,0xff,0xe0,0x00,0xff,0x83,0xff,0xf8,0x00,0xff,0x83,0xff,0xfc,0x00,0xff,0x83,0xff,
0xfe,0x00,0xff,0x80,0x1f,0xff,0x00,0xff,0x80,0x07,0xff,0x00,0xff,0x80,0x01,0xff,0x80,0xff,0x80,0x01,0xff,0x80,0xff,0x80,
0x00,0xff,0x80,0xff,0x80,0x00,0xff,0xc0,0xff,0x80,0x00,0x7f,0xc0,0xff,0x80,0x00,0x7f,0xc0,0xff,0x80,0x00,0x7f,0xc0,0xff,
0x80,0x00,0x7f,0xc0,0xff,0x80,0x00,0x7f,0xc0,0xff,0x80,0x00,0x7f,0xc0,0xff,0x80,0x00,0xff,0xc0,0xff,0x80,0x01,0xff,0x80,
0xff,0x80,0x03,0xff,0x80,0xff,0x80,0x0f,0xff,0x80,0xff,0x87,0xff,0xff,0x00,0xff,0x87,0xff,0xff,0x00,0xff,0x83,0xff,0xfe,
0x00,0xff,0x83,0xff,0xfc,0x00,0xff,0x83,0xff,0xf0,0x00,0xff,0x81,0xff,0xe0,0x00,0x00,0x01,0xfe,0x00,0x00,0x01,0xf0,0x00,
0x00,0x03,0xf8,0x00,0x00,0x03,0xfc,0x00,0x00,0x03,0xfc,0x00,0x00,0x01,0xfe,0x00,0x00,0x00,0xff,0x00,0x00,0x00,0x7f,0x80,
0x00,0x00,0x3f,0xc0,0x00,0x00,0x1f,0xc0,0x00,0x00,0x00,0x00,0x00,0x00,0x00,0x00,0x00,0x00,0x00,0x00,0x00,0x00,0x00,0x00,
0x00,0x00,0x1f,0xf8,0x00,0x00,0xff,0xff,0x00,0x03,0xff,0xff,0xc0,0x07,0xff,0xff,0xe0,0x0f,0xff,0xff,0xf0,0x1f,0xff,0xff,
0xf0,0x3f,0xf8,0x3f,0xf8,0x3f,0xe0,0x0f,0xf8,0x07,0xc0,0x0f,0xf8,0x00,0xc0,0x07,0xfc,0x00,0x00,0x07,0xfc,0x00,0x00,0x07,
0xfc,0x00,0x00,0x07,0xfc,0x00,0x03,0xff,0xfc,0x00,0x7f,0xff,0xfc,0x01,0xff,0xff,0xfc,0x07,0xff,0xff,0xfc,0x1f,0xff,0xff,
0xfc,0x3f,0xff,0x87,0xfc,0x7f,0xf8,0x07,0xfc,0x7f,0xc0,0x07,0xfc,0xff,0xc0,0x07,0xfc,0xff,0x80,0x07,0xfc,0xff,0x80,0x0f,
0xfc,0xff,0x80,0x0f,0xfc,0xff,0xc0,0x1f,0xfc,0xff,0xe0,0x7f,0xfc,0xff,0xff,0xff,0xfc,0x7f,0xff,0xff,0xfc,0x7f,0xff,0xff,
0xfc,0x3f,0xff,0xf3,0xfc,0x1f,0xff,0xe3,0xfe,0x07,0xff,0x83,0xfe,0x01,0xfe,0x00,0x00,0x00,0x00,0x0f,0x00,0x00,0x00,0x1f,
0x80,0x00,0x00,0x3f,0x80,0x00,0x00,0x7f,0x80,0x00,0x00,0x7f,0x80,0x00,0x00,0xff,0x80,0x00,0x01,0xfe,0x00,0x00,0x03,0xfc,
0x00,0x00,0x07,0xf8,0x00,0x00,0x07,0xf0,0x00,0x00,0x00,0x00,0x00,0x00,0x00,0x00,0x00,0x00,0x00,0x00,0x00,0x00,0x00,0x00,
0x00,0x00,0x1f,0xf8,0x00,0x00,0xff,0xff,0x00,0x03,0xff,0xff,0xc0,0x07,0xff,0xff,0xe0,0x0f,0xff,0xff,0xf0,0x1f,0xff,0xff,
0xf0,0x3f,0xf8,0x3f,0xf8,0x3f,0xe0,0x0f,0xf8,0x07,0xc0,0x0f,0xf8,0x00,0xc0,0x07,0xfc,0x00,0x00,0x07,0xfc,0x00,0x00,0x07,
0xfc,0x00,0x00,0x07,0xfc,0x00,0x03,0xff,0xfc,0x00,0x7f,0xff,0xfc,0x01,0xff,0xff,0xfc,0x07,0xff,0xff,0xfc,0x1f,0xff,0xff,
0xfc,0x3f,0xff,0x87,0xfc,0x7f,0xf8,0x07,0xfc,0x7f,0xc0,0x07,0xfc,0xff,0xc0,0x07,0xfc,0xff,0x80,0x07,0xfc,0xff,0x80,0x0f,
0xfc,0xff,0x80,0x0f,0xfc,0xff,0xc0,0x1f,0xfc,0xff,0xe0,0x7f,0xfc,0xff,0xff,0xff,0xfc,0x7f,0xff,0xff,0xfc,0x7f,0xff,0xff,
0xfc,0x3f,0xff,0xf3,0xfc,0x1f,0xff,0xe3,0xfe,0x07,0xff,0x83,0xfe,0x01,0xfe,0x00,0x00,0x00,0x07,0xe0,0x00,0x00,0x0f,0xf0,
0x00,0x00,0x1f,0xf8,0x00,0x00,0x3f,0xfc,0x00,0x00,0x7f,0xfe,0x00,0x01,0xfe,0xff,0x00,0x03,0xfc,0x7f,0x80,0x07,0xf8,0x3f,
0xc0,0x0f,0xf0,0x1f,0xe0,0x00,0x00,0x00,0x00,0x00,0x00,0x00,0x00,0x00,0x00,0x00,0x00,0x00,0x00,0x00,0x00,0x00,0x1f,0xf8,
0x00,0x00,0xff,0xff,0x00,0x03,0xff,0xff,0xc0,0x07,0xff,0xff,0xe0,0x0f,0xff,0xff,0xf0,0x1f,0xff,0xff,0xf0,0x3f,0xf8,0x3f,
0xf8,0x3f,0xe0,0x0f,0xf8,0x07,0xc0,0x0f,0xf8,0x00,0xc0,0x07,0xfc,0x00,0x00,0x07,0xfc,0x00,0x00,0x07,0xfc,0x00,0x00,0x07,
0xfc,0x00,0x03,0xff,0xfc,0x00,0x7f,0xff,0xfc,0x01,0xff,0xff,0xfc,0x07,0xff,0xff,0xfc,0x1f,0xff,0xff,0xfc,0x3f,0xff,0x87,
0xfc,0x7f,0xf8,0x07,0xfc,0x7f,0xc0,0x07,0xfc,0xff,0xc0,0x07,0xfc,0xff,0x80,0x07,0xfc,0xff,0x80,0x0f,0xfc,0xff,0x80,0x0f,
0xfc,0xff,0xc0,0x1f,0xfc,0xff,0xe0,0x7f,0xfc,0xff,0xff,0xff,0xfc,0x7f,0xff,0xff,0xfc,0x7f,0xff,0xff,0xfc,0x3f,0xff,0xf3,
0xfc,0x1f,0xff,0xe3,0xfe,0x07,0xff,0x83,0xfe,0x01,0xfe,0x00,0x00,0x00,0x3c,0x00,0x80,0x00,0xff,0x01,0xe0,0x01,0xff,0xc3,
0xe0,0x03,0xff,0xff,0xe0,0x07,0xff,0xff,0xe0,0x07,0xf7,0xff,0xc0,0x0f,0xc1,0xff,0x80,0x0f,0xc0,0x7e,0x00,0x00,0x00,0x00,
0x00,0x00,0x00,0x00,0x00,0x00,0x00,0x00,0x00,0x00,0x00,0x00,0x00,0x00,0x1f,0xf8,0x00,0x00,0xff,0xff,0x00,0x03,0xff,0xff,
0xc0,0x07,0xff,0xff,0xe0,0x0f,0xff,0xff,0xf0,0x1f,0xff,0xff,0xf0,0x3f,0xf8,0x3f,0xf8,0x3f,0xe0,0x0f,0xf8,0x07,0xc0,0x0f,
0xf8,0x00,0xc0,0x07,0xfc,0x00,0x00,0x07,0xfc,0x00,0x00,0x07,0xfc,0x00,0x00,0x07,0xfc,0x00,0x03,0xff,0xfc,0x00,0x7f,0xff,
0xfc,0x01,0xff,0xff,0xfc,0x07,0xff,0xff,0xfc,0x1f,0xff,0xff,0xfc,0x3f,0xff,0x87,0xfc,0x7f,0xf8,0x07,0xfc,0x7f,0xc0,0x07,
0xfc,0xff,0xc0,0x07,0xfc,0xff,0x80,0x07,0xfc,0xff,0x80,0x0f,0xfc,0xff,0x80,0x0f,0xfc,0xff,0xc0,0x1f,0xfc,0xff,0xe0,0x7f,
0xfc,0xff,0xff,0xff,0xfc,0x7f,0xff,0xff,0xfc,0x7f,0xff,0xff,0xfc,0x3f,0xff,0xf3,0xfc,0x1f,0xff,0xe3,0xfe,0x07,0xff,0x83,
0xfe,0x01,0xfe,0x00,0x00,0x01,0xf0,0x0f,0x80,0x03,0xf8,0x1f,0xc0,0x07,0xfc,0x3f,0xe0,0x07,0xfc,0x3f,0xe0,0x07,0xfc,0x3f,
0xe0,0x07,0xfc,0x3f,0xe0,0x07,0xfc,0x3f,0xe0,0x03,0xf8,0x1f,0xc0,0x01,0xf0,0x0f,0x80,0x00,0x00,0x00,0x00,0x00,0x00,0x00,
0x00,0x00,0x00,0x00,0x00,0x00,0x00,0x00,0x00,0x00,0x1f,0xf8,0x00,0x00,0xff,0xff,0x00,0x03,0xff,0xff,0xc0,0x07,0xff,0xff,
0xe0,0x0f,0xff,0xff,0xf0,0x1f,0xff,0xff,0xf0,0x1f,0xf0,0x3f,0xf8,0x3f,0xe0,0x0f,0xf8,0x07,0xc0,0x0f,0xf8,0x00,0xc0,0x07,
0xfc,0x00,0x00,0x07,0xfc,0x00,0x00,0x07,0xfc,0x00,0x00,0x07,0xfc,0x00,0x03,0xff,0xfc,0x00,0x7f,0xff,0xfc,0x01,0xff,0xff,
0xfc,0x07,0xff,0xff,0xfc,0x1f,0xff,0xff,0xfc,0x3f,0xff,0x87,0xfc,0x7f,0xf8,0x07,0xfc,0x7f,0xc0,0x07,0xfc,0xff,0xc0,0x07,
0xfc,0xff,0x80,0x07,0xfc,0xff,0x80,0x0f,0xfc,0xff,0x80,0x0f,0xfc,0xff,0xc0,0x1f,0xfc,0xff,0xe0,0x7f,0xfc,0xff,0xff,0xff,
0xfc,0x7f,0xff,0xff,0xfc,0x7f,0xff,0xff,0xfc,0x3f,0xff,0xf3,0xfc,0x1f,0xff,0xe3,0xfe,0x07,0xff,0x83,0xfe,0x01,0xfe,0x00,
0x00,0x00,0x07,0xe0,0x00,0x00,0x1f,0xf8,0x00,0x00,0x3f,0xfc,0x00,0x00,0x7f,0xfe,0x00,0x00,0x7f,0xfe,0x00,0x00,0xfc,0x3f,
0x00,0x00,0xf8,0x1f,0x00,0x00,0xf8,0x1f,0x00,0x00,0xf8,0x1f,0x00,0x00,0xf8,0x1f,0x00,0x00,0xfc,0x3f,0x00,0x00,0x7f,0xfe,
0x00,0x00,0x7f,0xfe,0x00,0x00,0x3f,0xfc,0x00,0x00,0x1f,0xf8,0x00,0x00,0x07,0xe0,0x00,0x00,0x00,0x00,0x00,0x00,0x00,0x00,
0x00,0x00,0x1f,0xf8,0x00,0x00,0xff,0xff,0x00,0x01,0xff,0xff,0xc0,0x07,0xff,0xff,0xe0,0x0f,0xff,0xff,0xf0,0x1f,0xff,0xff,
0xf0,0x1f,0xf0,0x3f,0xf8,0x3f,0xe0,0x0f,0xf8,0x07,0xc0,0x0f,0xf8,0x00,0xc0,0x07,0xfc,0x00,0x00,0x07,0xfc,0x00,0x00,0x07,
0xfc,0x00,0x00,0x07,0xfc,0x00,0x03,0xff,0xfc,0x00,0x7f,0xff,0xfc,0x01,0xff,0xff,0xfc,0x07,0xff,0xff,0xfc,0x1f,0xff,0xff,
0xfc,0x3f,0xff,0x87,0xfc,0x7f,0xf8,0x07,0xfc,0x7f,0xc0,0x07,0xfc,0xff,0xc0,0x07,0xfc,0xff,0x80,0x07,0xfc,0xff,0x80,0x0f,
0xfc,0xff,0x80,0x0f,0xfc,0xff,0xc0,0x1f,0xfc,0xff,0xe0,0x7f,0xfc,0xff,0xff,0xff,0xfc,0x7f,0xff,0xff,0xfc,0x7f,0xff,0xff,
0xfc,0x3f,0xff,0xf3,0xfc,0x1f,0xff,0xe3,0xfe,0x07,0xff,0x83,0xfe,0x01,0xfe,0x00,0x00,0x00,0x1f,0xf8,0x00,0x7f,0xc0,0x00,
0x00,0xff,0xff,0x03,0xff,0xf0,0x00,0x01,0xff,0xff,0x8f,0xff,0xfc,0x00,0x07,0xff,0xff,0xdf,0xff,0xfe,0x00,0x0f,0xff,0xff,
0xff,0xff,0xff,0x00,0x1f,0xff,0xff,0xff,0xff,0xff,0x80,0x1f,0xf8,0x3f,0xff,0xff,0xff,0xc0,0x3f,0xe0,0x0f,0xff,0xe0,0xff,
0xe0,0x0f,0xc0,0x07,0xff,0x80,0x3f,0xe0,0x03,0xc0,0x07,0xfe,0x00,0x1f,0xf0,0x00,0x00,0x07,0xfe,0x00,0x0f,0xf0,0x00,0x00,
0x07,0xfc,0x00,0x0f,0xf0,0x00,0x00,0x07,0xfc,0x00,0x0f,0xf8,0x00,0x00,0x07,0xfc,0x00,0x0f,0xf8,0x00,0x07,0xff,0xff,0xff,
0xff,0xf8,0x00,0x7f,0xff,0xff,0xff,0xff,0xf8,0x03,0xff,0xff,0xff,0xff,0xff,0xf8,0x0f,0xff,0xff,0xff,0xff,0xff,0xf8,0x1f,
0xff,0xff,0xff,0xff,0xff,0xf8,0x3f,0xfc,0x07,0xf8,0x00,0x00,0x00,0x7f,0xe0,0x07,0xfc,0x00,0x00,0x00,0x7f,0xc0,0x07,0xfc,
0x00,0x00,0x00,0xff,0x80,0x07,0xfc,0x00,0x00,0x00,0xff,0x80,0x07,0xfe,0x00,0x00,0x00,0xff,0x80,0x0f,0xff,0x00,0x00,0x00,
0xff,0xc0,0x1f,0xff,0x80,0x3e,0x00,0xff,0xe0,0x7f,0xff,0xc0,0xff,0xc0,0xff,0xff,0xff,0xff,0xff,0xff,0xe0,0x7f,0xff,0xff,
0x7f,0xff,0xff,0xc0,0x7f,0xff,0xfe,0x3f,0xff,0xff,0x80,0x3f,0xff,0xfc,0x1f,0xff,0xff,0x00,0x0f,0xff,0xf8,0x0f,0xff,0xfe,
0x00,0x07,0xff,0xe0,0x03,0xff,0xf8,0x00,0x00,0xff,0x00,0x00,0x7f,0xc0,0x00,0x00,0x0f,0xf0,0x00,0x00,0x7f,0xfe,0x00,0x01,
0xff,0xff,0x80,0x03,0xff,0xff,0xc0,0x07,0xff,0xff,0xe0,0x0f,0xff,0xff,0xf0,0x1f,0xff,0xff,0xf8,0x3f,0xfc,0x1f,0xf8,0x3f,
0xf0,0x07,0xf8,0x7f,0xe0,0x07,0xc0,0x7f,0xc0,0x02,0x00,0x7f,0xc0,0x00,0x00,0xff,0xc0,0x00,0x00,0xff,0x80,0x00,0x00,0xff,
0x80,0x00,0x00,0xff,0x80,0x00,0x00,0xff,0x80,0x00,0x00,0xff,0x80,0x00,0x00,0xff,0x80,0x00,0x00,0xff,0x80,0x00,0x00,0xff,
0x80,0x00,0x00,0xff,0xc0,0x00,0x00,0x7f,0xc0,0x00,0x00,0x7f,0xc0,0x00,0x00,0x7f,0xe0,0x03,0x80,0x3f,0xf0,0x07,0xe0,0x3f,
0xfc,0x1f,0xfc,0x1f,0xff,0xff,0xf8,0x1f,0xff,0xff,0xf0,0x0f,0xff,0xff,0xe0,0x07,0xff,0xff,0xc0,0x03,0xff,0xff,0x80,0x00,
0xff,0xfe,0x00,0x00,0x1f,0xf8,0x00,0x00,0x07,0x00,0x00,0x00,0x0f,0x00,0x00,0x00,0x0f,0xf0,0x00,0x00,0x1f,0xfc,0x00,0x00,
0x0f,0xfe,0x00,0x00,0x00,0x7e,0x00,0x00,0x00,0x7e,0x00,0x00,0x20,0xfe,0x00,0x00,0x3f,0xfc,0x00,0x00,0x3f,0xf8,0x00,0x00,
0x1f,0xe0,0x00,0x00,0x20,0x00,0x00,0x00,0x00,0xf8,0x00,0x00,0x00,0x00,0xfc,0x00,0x00,0x00,0x00,0xfe,0x00,0x00,0x00,0x00,
0xff,0x00,0x00,0x00,0x00,0xff,0x80,0x00,0x00,0x00,0x7f,0xc0,0x00,0x00,0x00,0x3f,0xc0,0x00,0x00,0x00,0x0f,0xe0,0x00,0x00,
0x00,0x07,0xf0,0x00,0x00,0x00,0x00,0x00,0x00,0x00,0x00,0x00,0x00,0x00,0x00,0x00,0x00,0x00,0x00,0x00,0x00,0x00,0x00,0x00,
0x00,0x00,0x0f,0xf8,0x00,0x00,0x00,0x3f,0xff,0x00,0x00,0x00,0xff,0xff,0xc0,0x00,0x03,0xff,0xff,0xe0,0x00,0x07,0xff,0xff,
0xf0,0x00,0x0f,0xff,0xff,0xf8,0x00,0x1f,0xff,0xff,0xfc,0x00,0x1f,0xfc,0x0f,0xfc,0x00,0x3f,0xf0,0x03,0xfe,0x00,0x7f,0xe0,
0x01,0xfe,0x00,0x7f,0xc0,0x01,0xff,0x00,0x7f,0xc0,0x00,0xff,0x00,0xff,0x80,0x00,0xff,0x00,0xff,0x80,0x00,0xff,0x80,0xff,
0xff,0xff,0xff,0x80,0xff,0xff,0xff,0xff,0x80,0xff,0xff,0xff,0xff,0x80,0xff,0xff,0xff,0xff,0x80,0xff,0xff,0xff,0xff,0x80,
0xff,0x80,0x00,0x00,0x00,0xff,0x80,0x00,0x00,0x00,0xff,0x80,0x00,0x00,0x00,0x7f,0xc0,0x00,0x00,0x00,0x7f,0xc0,0x00,0x00,
0x00,0x7f,0xe0,0x01,0x00,0x00,0x3f,0xf0,0x03,0xe0,0x00,0x3f,0xfc,0x0f,0xf8,0x00,0x1f,0xff,0xff,0xfc,0x00,0x0f,0xff,0xff,
0xfc,0x00,0x07,0xff,0xff,0xf8,0x00,0x03,0xff,0xff,0xf0,0x00,0x01,0xff,0xff,0xc0,0x00,0x00,0x7f,0xff,0x00,0x00,0x00,0x0f,
0xf8,0x00,0x00,0x00,0x00,0x01,0x00,0x00,0x00,0x00,0x07,0xc0,0x00,0x00,0x00,0x0f,0xe0,0x00,0x00,0x00,0x1f,0xe0,0x00,0x00,
0x00,0x3f,0xe0,0x00,0x00,0x00,0x3f,0xc0,0x00,0x00,0x00,0x7f,0x80,0x00,0x00,0x00,0xff,0x00,0x00,0x00,0x01,0xfe,0x00,0x00,
0x00,0x03,0xf8,0x00,0x00,0x00,0x00,0x00,0x00,0x00,0x00,0x00,0x00,0x00,0x00,0x00,0x00,0x00,0x00,0x00,0x00,0x00,0x00,0x00,
0x00,0x00,0x0f,0xf8,0x00,0x00,0x00,0x3f,0xff,0x00,0x00,0x00,0xff,0xff,0xc0,0x00,0x03,0xff,0xff,0xe0,0x00,0x07,0xff,0xff,
0xf0,0x00,0x0f,0xff,0xff,0xf8,0x00,0x1f,0xff,0xff,0xfc,0x00,0x1f,0xfc,0x0f,0xfc,0x00,0x3f,0xf0,0x03,0xfe,0x00,0x7f,0xe0,
0x01,0xfe,0x00,0x7f,0xc0,0x01,0xff,0x00,0x7f,0xc0,0x00,0xff,0x00,0xff,0x80,0x00,0xff,0x00,0xff,0x80,0x00,0xff,0x80,0xff,
0xff,0xff,0xff,0x80,0xff,0xff,0xff,0xff,0x80,0xff,0xff,0xff,0xff,0x80,0xff,0xff,0xff,0xff,0x80,0xff,0xff,0xff,0xff,0x80,
0xff,0x80,0x00,0x00,0x00,0xff,0x80,0x00,0x00,0x00,0xff,0x80,0x00,0x00,0x00,0x7f,0xc0,0x00,0x00,0x00,0x7f,0xc0,0x00,0x00,
0x00,0x7f,0xe0,0x01,0x00,0x00,0x3f,0xf0,0x03,0xe0,0x00,0x3f,0xfc,0x0f,0xf8,0x00,0x1f,0xff,0xff,0xfc,0x00,0x0f,0xff,0xff,
0xfc,0x00,0x07,0xff,0xff,0xf8,0x00,0x03,0xff,0xff,0xf0,0x00,0x01,0xff,0xff,0xc0,0x00,0x00,0x7f,0xff,0x00,0x00,0x00,0x0f,
0xf8,0x00,0x00,0x00,0x03,0xf0,0x00,0x00,0x00,0x07,0xf8,0x00,0x00,0x00,0x0f,0xfc,0x00,0x00,0x00,0x1f,0xfe,0x00,0x00,0x00,
0x3f,0xff,0x00,0x00,0x00,0x7f,0xbf,0x80,0x00,0x00,0xff,0x1f,0xe0,0x00,0x01,0xfc,0x0f,0xf0,0x00,0x07,0xf8,0x07,0xf8,0x00,
0x00,0x00,0x00,0x00,0x00,0x00,0x00,0x00,0x00,0x00,0x00,0x00,0x00,0x00,0x00,0x00,0x00,0x00,0x00,0x00,0x00,0x0f,0xf8,0x00,
0x00,0x00,0x3f,0xff,0x00,0x00,0x00,0xff,0xff,0xc0,0x00,0x03,0xff,0xff,0xe0,0x00,0x07,0xff,0xff,0xf0,0x00,0x0f,0xff,0xff,
0xf8,0x00,0x1f,0xff,0xff,0xfc,0x00,0x1f,0xfc,0x0f,0xfc,0x00,0x3f,0xf0,0x03,0xfe,0x00,0x7f,0xe0,0x01,0xfe,0x00,0x7f,0xc0,
0x01,0xff,0x00,0x7f,0xc0,0x00,0xff,0x00,0xff,0x80,0x00,0xff,0x00,0xff,0x80,0x00,0xff,0x80,0xff,0xff,0xff,0xff,0x80,0xff,
0xff,0xff,0xff,0x80,0xff,0xff,0xff,0xff,0x80,0xff,0xff,0xff,0xff,0x80,0xff,0xff,0xff,0xff,0x80,0xff,0x80,0x00,0x00,0x00,
0xff,0x80,0x00,0x00,0x00,0xff,0x80,0x00,0x00,0x00,0x7f,0xc0,0x00,0x00,0x00,0x7f,0xc0,0x00,0x00,0x00,0x7f,0xe0,0x01,0x00,
0x00,0x3f,0xf0,0x03,0xe0,0x00,0x3f,0xfc,0x0f,0xf8,0x00,0x1f,0xff,0xff,0xfc,0x00,0x0f,0xff,0xff,0xfc,0x00,0x07,0xff,0xff,
0xf8,0x00,0x03,0xff,0xff,0xf0,0x00,0x01,0xff,0xff,0xc0,0x00,0x00,0x7f,0xff,0x00,0x00,0x00,0x0f,0xf8,0x00,0x00,0x00,0xf8,
0x07,0xc0,0x00,0x01,0xfc,0x0f,0xe0,0x00,0x03,0xfe,0x1f,0xf0,0x00,0x03,0xfe,0x1f,0xf0,0x00,0x03,0xfe,0x1f,0xf0,0x00,0x03,
0xfe,0x1f,0xf0,0x00,0x03,0xfe,0x1f,0xf0,0x00,0x01,0xfc,0x0f,0xe0,0x00,0x00,0xf8,0x07,0xc0,0x00,0x00,0x00,0x00,0x00,0x00,
0x00,0x00,0x00,0x00,0x00,0x00,0x00,0x00,0x00,0x00,0x00,0x00,0x00,0x00,0x00,0x00,0x0f,0xf8,0x00,0x00,0x00,0x3f,0xff,0x00,
0x00,0x00,0xff,0xff,0xc0,0x00,0x03,0xff,0xff,0xe0,0x00,0x07,0xff,0xff,0xf0,0x00,0x0f,0xff,0xff,0xf8,0x00,0x1f,0xff,0xff,
0xfc,0x00,0x1f,0xfc,0x0f,0xfc,0x00,0x3f,0xf0,0x03,0xfe,0x00,0x7f,0xe0,0x01,0xfe,0x00,0x7f,0xc0,0x01,0xff,0x00,0x7f,0x80,
0x00,0xff,0x00,0xff,0x80,0x00,0xff,0x00,0xff,0x80,0x00,0xff,0x80,0xff,0xff,0xff,0xff,0x80,0xff,0xff,0xff,0xff,0x80,0xff,
0xff,0xff,0xff,0x80,0xff,0xff,0xff,0xff,0x80,0xff,0xff,0xff,0xff,0x80,0xff,0x80,0x00,0x00,0x00,0xff,0x80,0x00,0x00,0x00,
0xff,0x80,0x00,0x00,0x00,0x7f,0xc0,0x00,0x00,0x00,0x7f,0xc0,0x00,0x00,0x00,0x7f,0xe0,0x01,0x00,0x00,0x3f,0xf0,0x03,0xe0,
0x00,0x3f,0xfc,0x0f,0xf8,0x00,0x1f,0xff,0xff,0xfc,0x00,0x0f,0xff,0xff,0xfc,0x00,0x07,0xff,0xff,0xf8,0x00,0x03,0xff,0xff,
0xf0,0x00,0x01,0xff,0xff,0xc0,0x00,0x00,0x7f,0xff,0x00,0x00,0x00,0x0f,0xf8,0x00,0x00,0x10,0x00,0x7c,0x00,0x7e,0x00,0xff,
0x00,0x7f,0x80,0x7f,0xc0,0x3f,0xc0,0x1f,0xe0,0x0f,0xf0,0x03,0xf8,0x00,0x00,0x00,0x00,0x00,0x00,0x00,0x00,0x00,0x00,0x7f,
0xfe,0x7f,0xfe,0x7f,0xfe,0x7f,0xfe,0x7f,0xfe,0x7f,0xfe,0x7f,0xfe,0x03,0xfe,0x03,0xfe,0x03,0xfe,0x03,0xfe,0x03,0xfe,0x03,
0xfe,0x03,0xfe,0x03,0xfe,0x03,0xfe,0x03,0xfe,0x03,0xfe,0x03,0xfe,0x03,0xfe,0x03,0xfe,0x03,0xfe,0x03,0xfe,0x03,0xfe,0x03,
0xfe,0x03,0xfe,0x03,0xfe,0x03,0xfe,0x03,0xfe,0x03,0xfe,0x03,0xfe,0x03,0xfe,0x03,0xfe,0x00,0x07,0xc0,0x00,0x0f,0xc0,0x00,
0x1f,0xe0,0x00,0x3f,0xc0,0x00,0x7f,0xc0,0x00,0x7f,0x80,0x00,0xff,0x00,0x01,0xfe,0x00,0x03,0xf8,0x00,0x00,0x00,0x00,0x00,
0x00,0x00,0x00,0x00,0x00,0x00,0x00,0x00,0x00,0x00,0x00,0xff,0xfc,0x00,0xff,0xfc,0x00,0xff,0xfc,0x00,0xff,0xfc,0x00,0xff,
0xfc,0x00,0xff,0xfc,0x00,0xff,0xfc,0x00,0x07,0xfc,0x00,0x07,0xfc,0x00,0x07,0xfc,0x00,0x07,0xfc,0x00,0x07,0xfc,0x00,0x07,
0xfc,0x00,0x07,0xfc,0x00,0x07,0xfc,0x00,0x07,0xfc,0x00,0x07,0xfc,0x00,0x07,0xfc,0x00,0x07,0xfc,0x00,0x07,0xfc,0x00,0x07,
0xfc,0x00,0x07,0xfc,0x00,0x07,0xfc,0x00,0x07,0xfc,0x00,0x07,0xfc,0x00,0x07,0xfc,0x00,0x07,0xfc,0x00,0x07,0xfc,0x00,0x07,
0xfc,0x00,0x07,0xfc,0x00,0x07,0xfc,0x00,0x07,0xfc,0x00,0x07,0xfc,0x00,0x00,0x7e,0x00,0x00,0xff,0x00,0x01,0xff,0x80,0x03,
0xff,0xc0,0x07,0xff,0xe0,0x0f,0xef,0xf0,0x1f,0xc3,0xf8,0x3f,0x81,0xfe,0xff,0x00,0xff,0x00,0x00,0x00,0x00,0x00,0x00,0x00,
0x00,0x00,0x00,0x00,0x00,0x00,0x00,0x00,0x1f,0xff,0x80,0x1f,0xff,0x80,0x1f,0xff,0x80,0x1f,0xff,0x80,0x1f,0xff,0x80,0x1f,
0xff,0x80,0x1f,0xff,0x80,0x00,0xff,0x80,0x00,0xff,0x80,0x00,0xff,0x80,0x00,0xff,0x80,0x00,0xff,0x80,0x00,0xff,0x80,0x00,
0xff,0x80,0x00,0xff,0x80,0x00,0xff,0x80,0x00,0xff,0x80,0x00,0xff,0x80,0x00,0xff,0x80,0x00,0xff,0x80,0x00,0xff,0x80,0x00,
0xff,0x80,0x00,0xff,0x80,0x00,0xff,0x80,0x00,0xff,0x80,0x00,0xff,0x80,0x00,0xff,0x80,0x00,0xff,0x80,0x00,0xff,0x80,0x00,
0xff,0x80,0x00,0xff,0x80,0x00,0xff,0x80,0x00,0xff,0x80,0x3e,0x01,0xf0,0x7f,0x03,0xf8,0xff,0x87,0xfc,0xff,0x87,0xfc,0xff,
0x87,0xfc,0xff,0x87,0xfc,0xff,0x87,0xfc,0x7f,0x03,0xf8,0x3e,0x01,0xf0,0x00,0x00,0x00,0x00,0x00,0x00,0x00,0x00,0x00,0x00,
0x00,0x00,0x00,0x00,0x00,0x3f,0xff,0x00,0x3f,0xff,0x00,0x3f,0xff,0x00,0x3f,0xff,0x00,0x3f,0xff,0x00,0x3f,0xff,0x00,0x3f,
0xff,0x00,0x01,0xff,0x00,0x01,0xff,0x00,0x01,0xff,0x00,0x01,0xff,0x00,0x01,0xff,0x00,0x01,0xff,0x00,0x01,0xff,0x00,0x01,
0xff,0x00,0x01,0xff,0x00,0x01,0xff,0x00,0x01,0xff,0x00,0x01,0xff,0x00,0x01,0xff,0x00,0x01,0xff,0x00,0x01,0xff,0x00,0x01,
0xff,0x00,0x01,0xff,0x00,0x01,0xff,0x00,0x01,0xff,0x00,0x01,0xff,0x00,0x01,0xff,0x00,0x01,0xff,0x00,0x01,0xff,0x00,0x01,
0xff,0x00,0x01,0xff,0x00,0x01,0xff,0x00,0x00,0x7e,0x00,0xc0,0x00,0x00,0x7f,0xe1,0xe0,0x00,0x00,0x7f,0xfb,0xf0,0x00,0x00,
0x7f,0xff,0xe0,0x00,0x00,0x7f,0xff,0xc0,0x00,0x00,0x7f,0xff,0xc0,0x00,0x00,0x7f,0xff,0xe0,0x00,0x00,0x03,0xff,0xf0,0x00,
0x00,0x00,0xff,0xf0,0x00,0x00,0x01,0xff,0xf8,0x00,0x00,0x03,0xff,0xfc,0x00,0x00,0x07,0xe7,0xfc,0x00,0x00,0x07,0xc3,0xfe,
0x00,0x00,0x03,0x83,0xfe,0x00,0x00,0x01,0x01,0xfe,0x00,0x00,0x00,0x01,0xff,0x00,0x00,0x00,0x01,0xff,0x00,0x00,0x1f,0xe0,
0xff,0x00,0x00,0xff,0xf8,0xff,0x00,0x03,0xff,0xfe,0xff,0x80,0x07,0xff,0xff,0xff,0x80,0x0f,0xff,0xff,0xff,0x80,0x1f,0xff,
0xff,0xff,0x80,0x3f,0xff,0xff,0xff,0x80,0x3f,0xf8,0x1f,0xff,0x80,0x7f,0xf0,0x07,0xff,0x80,0x7f,0xe0,0x03,0xff,0x80,0x7f,
0xc0,0x01,0xff,0x80,0xff,0xc0,0x01,0xff,0x80,0xff,0x80,0x00,0xff,0x80,0xff,0x80,0x00,0xff,0x80,0xff,0x80,0x00,0xff,0x80,
0xff,0x80,0x00,0xff,0x00,0xff,0x80,0x00,0xff,0x00,0xff,0x80,0x00,0xff,0x00,0xff,0xc0,0x01,0xff,0x00,0x7f,0xc0,0x01,0xfe,
0x00,0x7f,0xe0,0x03,0xfe,0x00,0x7f,0xf0,0x07,0xfc,0x00,0x3f,0xf8,0x1f,0xfc,0x00,0x3f,0xff,0xff,0xf8,0x00,0x1f,0xff,0xff,
0xf8,0x00,0x0f,0xff,0xff,0xf0,0x00,0x07,0xff,0xff,0xe0,0x00,0x01,0xff,0xff,0x80,0x00,0x00,0x7f,0xff,0x00,0x00,0x00,0x0f,
0xf8,0x00,0x00,0x00,0x70,0x01,0x00,0x01,0xfe,0x07,0x80,0x07,0xff,0x0f,0xc0,0x07,0xff,0xff,0xc0,0x0f,0xff,0xff,0x80,0x0f,
0xef,0xff,0x80,0x1f,0x83,0xff,0x00,0x1f,0x80,0xfc,0x00,0x00,0x00,0x00,0x00,0x00,0x00,0x00,0x00,0x00,0x00,0x00,0x00,0x00,
0x00,0x00,0x00,0x00,0x01,0xfe,0x00,0xff,0x07,0xff,0x80,0xff,0x1f,0xff,0xc0,0xff,0x3f,0xff,0xe0,0xff,0xff,0xff,0xe0,0xff,
0xff,0xff,0xf0,0xff,0xff,0xff,0xf0,0xff,0xf8,0x7f,0xf0,0xff,0xe0,0x1f,0xf8,0xff,0xc0,0x1f,0xf8,0xff,0xc0,0x0f,0xf8,0xff,
0xc0,0x0f,0xf8,0xff,0x80,0x0f,0xf8,0xff,0x80,0x0f,0xf8,0xff,0x80,0x0f,0xf8,0xff,0x80,0x0f,0xf8,0xff,0x80,0x0f,0xf8,0xff,
0x80,0x0f,0xf8,0xff,0x80,0x0f,0xf8,0xff,0x80,0x0f,0xf8,0xff,0x80,0x0f,0xf8,0xff,0x80,0x0f,0xf8,0xff,0x80,0x0f,0xf8,0xff,
0x80,0x0f,0xf8,0xff,0x80,0x0f,0xf8,0xff,0x80,0x0f,0xf8,0xff,0x80,0x0f,0xf8,0xff,0x80,0x0f,0xf8,0xff,0x80,0x0f,0xf8,0xff,
0x80,0x0f,0xf8,0xff,0x80,0x0f,0xf8,0xff,0x80,0x0f,0xf8,0xff,0x80,0x0f,0xf8,0x00,0xf8,0x00,0x00,0x00,0x01,0xfc,0x00,0x00,
0x00,0x01,0xfc,0x00,0x00,0x00,0x01,0xfe,0x00,0x00,0x00,0x01,0xff,0x00,0x00,0x00,0x00,0xff,0x80,0x00,0x00,0x00,0x3f,0xc0,
0x00,0x00,0x00,0x1f,0xe0,0x00,0x00,0x00,0x0f,0xe0,0x00,0x00,0x00,0x00,0x00,0x00,0x00,0x00,0x00,0x00,0x00,0x00,0x00,0x00,
0x00,0x00,0x00,0x00,0x00,0x00,0x00,0x00,0x00,0x0f,0xf8,0x00,0x00,0x00,0x7f,0xff,0x00,0x00,0x01,0xff,0xff,0xc0,0x00,0x03,
0xff,0xff,0xe0,0x00,0x07,0xff,0xff,0xf0,0x00,0x0f,0xff,0xff,0xf8,0x00,0x1f,0xff,0xff,0xfc,0x00,0x3f,0xfc,0x1f,0xfe,0x00,
0x3f,0xf0,0x07,0xfe,0x00,0x7f,0xe0,0x03,0xff,0x00,0x7f,0xc0,0x01,0xff,0x00,0x7f,0xc0,0x01,0xff,0x00,0xff,0xc0,0x01,0xff,
0x80,0xff,0x80,0x00,0xff,0x80,0xff,0x80,0x00,0xff,0x80,0xff,0x80,0x00,0xff,0x80,0xff,0x80,0x00,0xff,0x80,0xff,0x80,0x00,
0xff,0x80,0xff,0x80,0x00,0xff,0x80,0xff,0x80,0x00,0xff,0x80,0xff,0x80,0x00,0xff,0x80,0xff,0xc0,0x01,0xff,0x80,0x7f,0xc0,
0x01,0xff,0x00,0x7f,0xc0,0x01,0xff,0x00,0x7f,0xe0,0x03,0xff,0x00,0x3f,0xf0,0x07,0xfe,0x00,0x3f,0xfc,0x1f,0xfe,0x00,0x1f,
0xff,0xff,0xfc,0x00,0x0f,0xff,0xff,0xf8,0x00,0x07,0xff,0xff,0xf0,0x00,0x03,0xff,0xff,0xe0,0x00,0x01,0xff,0xff,0xc0,0x00,
0x00,0x7f,0xff,0x00,0x00,0x00,0x0f,0xf8,0x00,0x00,0x00,0x00,0x0f,0x80,0x00,0x00,0x00,0x1f,0xc0,0x00,0x00,0x00,0x1f,0xc0,
0x00,0x00,0x00,0x3f,0xc0,0x00,0x00,0x00,0x7f,0xc0,0x00,0x00,0x00,0xff,0x80,0x00,0x00,0x01,0xfe,0x00,0x00,0x00,0x01,0xfc,
0x00,0x00,0x00,0x03,0xf8,0x00,0x00,0x00,0x00,0x00,0x00,0x00,0x00,0x00,0x00,0x00,0x00,0x00,0x00,0x00,0x00,0x00,0x00,0x00,
0x00,0x00,0x00,0x00,0x0f,0xf8,0x00,0x00,0x00,0x7f,0xff,0x00,0x00,0x01,0xff,0xff,0xc0,0x00,0x03,0xff,0xff,0xe0,0x00,0x07,
0xff,0xff,0xf0,0x00,0x0f,0xff,0xff,0xf8,0x00,0x1f,0xff,0xff,0xfc,0x00,0x3f,0xfc,0x1f,0xfe,0x00,0x3f,0xf0,0x07,0xfe,0x00,
0x7f,0xe0,0x03,0xff,0x00,0x7f,0xc0,0x01,0xff,0x00,0x7f,0xc0,0x01,0xff,0x00,0xff,0xc0,0x01,0xff,0x80,0xff,0x80,0x00,0xff,
0x80,0xff,0x80,0x00,0xff,0x80,0xff,0x80,0x00,0xff,0x80,0xff,0x80,0x00,0xff,0x80,0xff,0x80,0x00,0xff,0x80,0xff,0x80,0x00,
0xff,0x80,0xff,0x80,0x00,0xff,0x80,0xff,0x80,0x00,0xff,0x80,0xff,0xc0,0x01,0xff,0x80,0x7f,0xc0,0x01,0xff,0x00,0x7f,0xc0,
0x01,0xff,0x00,0x7f,0xe0,0x03,0xff,0x00,0x3f,0xf0,0x07,0xfe,0x00,0x3f,0xfc,0x1f,0xfe,0x00,0x1f,0xff,0xff,0xfc,0x00,0x0f,
0xff,0xff,0xf8,0x00,0x07,0xff,0xff,0xf0,0x00,0x03,0xff,0xff,0xe0,0x00,0x01,0xff,0xff,0xc0,0x00,0x00,0x7f,0xff,0x00,0x00,
0x00,0x0f,0xf8,0x00,0x00,0x00,0x00,0x80,0x00,0x00,0x00,0x03,0xe0,0x00,0x00,0x00,0x07,0xf0,0x00,0x00,0x00,0x1f,0xfc,0x00,
0x00,0x00,0x3f,0xfe,0x00,0x00,0x00,0x7f,0xff,0x00,0x00,0x00,0xff,0x7f,0x80,0x00,0x01,0xfe,0x3f,0xc0,0x00,0x03,0xfc,0x1f,
0xe0,0x00,0x07,0xf8,0x0f,0xf0,0x00,0x00,0x00,0x00,0x00,0x00,0x00,0x00,0x00,0x00,0x00,0x00,0x00,0x00,0x00,0x00,0x00,0x00,
0x00,0x00,0x00,0x00,0x0f,0xf8,0x00,0x00,0x00,0x7f,0xff,0x00,0x00,0x01,0xff,0xff,0xc0,0x00,0x03,0xff,0xff,0xe0,0x00,0x07,
0xff,0xff,0xf0,0x00,0x0f,0xff,0xff,0xf8,0x00,0x1f,0xff,0xff,0xfc,0x00,0x3f,0xfc,0x1f,0xfe,0x00,0x3f,0xf0,0x07,0xfe,0x00,
0x7f,0xe0,0x03,0xff,0x00,0x7f,0xc0,0x01,0xff,0x00,0x7f,0xc0,0x01,0xff,0x00,0xff,0xc0,0x01,0xff,0x80,0xff,0x80,0x00,0xff,
0x80,0xff,0x80,0x00,0xff,0x80,0xff,0x80,0x00,0xff,0x80,0xff,0x80,0x00,0xff,0x80,0xff,0x80,0x00,0xff,0x80,0xff,0x80,0x00,
0xff,0x80,0xff,0x80,0x00,0xff,0x80,0xff,0x80,0x00,0xff,0x80,0xff,0xc0,0x01,0xff,0x80,0x7f,0xc0,0x01,0xff,0x00,0x7f,0xc0,
0x01,0xff,0x00,0x7f,0xe0,0x03,0xff,0x00,0x3f,0xf0,0x07,0xfe,0x00,0x3f,0xfc,0x1f,0xfe,0x00,0x1f,0xff,0xff,0xfc,0x00,0x0f,
0xff,0xff,0xf8,0x00,0x07,0xff,0xff,0xf0,0x00,0x03,0xff,0xff,0xe0,0x00,0x01,0xff,0xff,0xc0,0x00,0x00,0x7f,0xff,0x00,0x00,
0x00,0x0f,0xf8,0x00,0x00,0x00,0x1c,0x00,0x40,0x00,0x00,0xff,0x80,0xf0,0x00,0x01,0xff,0xc3,0xf0,0x00,0x03,0xff,0xff,0xf0,
0x00,0x03,0xff,0xff,0xf0,0x00,0x07,0xff,0xff,0xe0,0x00,0x07,0xe0,0xff,0xc0,0x00,0x07,0xc0,0x3f,0x00,0x00,0x00,0x00,0x00,
0x00,0x00,0x00,0x00,0x00,0x00,0x00,0x00,0x00,0x00,0x00,0x00,0x00,0x00,0x00,0x00,0x00,0x00,0x0f,0xf8,0x00,0x00,0x00,0x7f,
0xff,0x00,0x00,0x01,0xff,0xff,0xc0,0x00,0x03,0xff,0xff,0xe0,0x00,0x07,0xff,0xff,0xf0,0x00,0x0f,0xff,0xff,0xf8,0x00,0x1f,
0xff,0xff,0xfc,0x00,0x3f,0xfc,0x1f,0xfe,0x00,0x3f,0xf0,0x07,0xfe,0x00,0x7f,0xe0,0x03,0xff,0x00,0x7f,0xc0,0x01,0xff,0x00,
0x7f,0xc0,0x01,0xff,0x00,0xff,0xc0,0x01,0xff,0x80,0xff,0x80,0x00,0xff,0x80,0xff,0x80,0x00,0xff,0x80,0xff,0x80,0x00,0xff,
0x80,0xff,0x80,0x00,0xff,0x80,0xff,0x80,0x00,0xff,0x80,0xff,0x80,0x00,0xff,0x80,0xff,0x80,0x00,0xff,0x80,0xff,0x80,0x00,
0xff,0x80,0xff,0xc0,0x01,0xff,0x80,0x7f,0xc0,0x01,0xff,0x00,0x7f,0xc0,0x01,0xff,0x00,0x7f,0xe0,0x03,0xff,0x00,0x3f,0xf0,
0x07,0xfe,0x00,0x3f,0xfc,0x1f,0xfe,0x00,0x1f,0xff,0xff,0xfc,0x00,0x0f,0xff,0xff,0xf8,0x00,0x07,0xff,0xff,0xf0,0x00,0x03,
0xff,0xff,0xe0,0x00,0x01,0xff,0xff,0xc0,0x00,0x00,0x7f,0xff,0x00,0x00,0x00,0x0f,0xf8,0x00,0x00,0x01,0xf0,0x0f,0x80,0x00,
0x03,0xf8,0x1f,0xc0,0x00,0x07,0xfc,0x3f,0xe0,0x00,0x07,0xfc,0x3f,0xe0,0x00,0x07,0xfc,0x3f,0xe0,0x00,0x07,0xfc,0x3f,0xe0,
0x00,0x07,0xfc,0x3f,0xe0,0x00,0x03,0xf8,0x1f,0xc0,0x00,0x01,0xf0,0x0f,0x80,0x00,0x00,0x00,0x00,0x00,0x00,0x00,0x00,0x00,
0x00,0x00,0x00,0x00,0x00,0x00,0x00,0x00,0x00,0x00,0x00,0x00,0x00,0x0f,0xf8,0x00,0x00,0x00,0x7f,0xff,0x00,0x00,0x01,0xff,
0xff,0xc0,0x00,0x03,0xff,0xff,0xe0,0x00,0x07,0xff,0xff,0xf0,0x00,0x0f,0xff,0xff,0xf8,0x00,0x1f,0xff,0xff,0xfc,0x00,0x3f,
0xfc,0x1f,0xfe,0x00,0x3f,0xf0,0x07,0xfe,0x00,0x7f,0xe0,0x03,0xff,0x00,0x7f,0xc0,0x01,0xff,0x00,0x7f,0xc0,0x01,0xff,0x00,
0xff,0xc0,0x01,0xff,0x80,0xff,0x80,0x00,0xff,0x80,0xff,0x80,0x00,0xff,0x80,0xff,0x80,0x00,0xff,0x80,0xff,0x80,0x00,0xff,
0x80,0xff,0x80,0x00,0xff,0x80,0xff,0x80,0x00,0xff,0x80,0xff,0x80,0x00,0xff,0x80,0xff,0x80,0x00,0xff,0x80,0xff,0xc0,0x01,
0xff,0x80,0x7f,0xc0,0x01,0xff,0x00,0x7f,0xc0,0x01,0xff,0x00,0x7f,0xe0,0x03,0xff,0x00,0x3f,0xf0,0x07,0xfe,0x00,0x3f,0xfc,
0x1f,0xfe,0x00,0x1f,0xff,0xff,0xfc,0x00,0x0f,0xff,0xff,0xf8,0x00,0x07,0xff,0xff,0xf0,0x00,0x03,0xff,0xff,0xe0,0x00,0x01,
0xff,0xff,0xc0,0x00,0x00,0x7f,0xff,0x00,0x00,0x00,0x0f,0xf8,0x00,0x00,0x00,0x01,0xc0,0x00,0x00,0x00,0x07,0xf0,0x00,0x00,
0x00,0x07,0xf0,0x00,0x00,0x00,0x0f,0xf8,0x00,0x00,0x00,0x0f,0xf8,0x00,0x00,0x00,0x0f,0xf8,0x00,0x00,0x00,0x0f,0xf8,0x00,
0x00,0x00,0x07,0xf0,0x00,0x00,0x00,0x07,0xf0,0x00,0x00,0x00,0x03,0xe0,0x00,0x00,0x00,0x00,0x00,0x00,0x00,0x00,0x00,0x00,
0x00,0x00,0x00,0x00,0x00,0x00,0x00,0xff,0xff,0xff,0xff,0x80,0xff,0xff,0xff,0xff,0x80,0xff,0xff,0xff,0xff,0x80,0xff,0xff,
0xff,0xff,0x80,0xff,0xff,0xff,0xff,0x80,0xff,0xff,0xff,0xff,0x80,0xff,0xff,0xff,0xff,0x80,0x00,0x00,0x00,0x00,0x00,0x00,
0x00,0x00,0x00,0x00,0x00,0x00,0x00,0x00,0x00,0x00,0x01,0xc0,0x00,0x00,0x00,0x07,0xf0,0x00,0x00,0x00,0x07,0xf0,0x00,0x00,
0x00,0x0f,0xf8,0x00,0x00,0x00,0x0f,0xf8,0x00,0x00,0x00,0x0f,0xf8,0x00,0x00,0x00,0x0f,0xf8,0x00,0x00,0x00,0x07,0xf0,0x00,
0x00,0x00,0x07,0xf0,0x00,0x00,0x00,0x03,0xe0,0x00,0x00,0x00,0x00,0x00,0x08,0x00,0x00,0x0f,0xf8,0x0c,0x00,0x00,0x7f,0xff,
0x1e,0x00,0x01,0xff,0xff,0xff,0x00,0x03,0xff,0xff,0xfe,0x00,0x07,0xff,0xff,0xfc,0x00,0x0f,0xff,0xff,0xf8,0x00,0x1f,0xff,
0xff,0xfc,0x00,0x3f,0xfc,0x1f,0xfe,0x00,0x3f,0xf0,0x07,0xfe,0x00,0x7f,0xe0,0x0f,0xff,0x00,0x7f,0xc0,0x1f,0xff,0x00,0x7f,
0xc0,0x3f,0xff,0x00,0xff,0xc0,0x7f,0xff,0x80,0xff,0x80,0x7c,0xff,0x80,0xff,0x80,0xfc,0xff,0x80,0xff,0x81,0xf8,0xff,0x80,
0xff,0x83,0xf0,0xff,0x80,0xff,0x87,0xe0,0xff,0x80,0xff,0x8f,0xc0,0xff,0x80,0xff,0x9f,0x80,0xff,0x80,0xff,0x9f,0x80,0xff,
0x80,0xff,0xff,0x01,0xff,0x80,0x7f,0xfe,0x01,0xff,0x00,0x7f,0xfc,0x01,0xff,0x00,0x7f,0xf8,0x03,0xff,0x00,0x3f,0xf0,0x07,
0xfe,0x00,0x3f,0xfc,0x1f,0xfe,0x00,0x1f,0xff,0xff,0xfc,0x00,0x1f,0xff,0xff,0xf8,0x00,0x1f,0xff,0xff,0xf0,0x00,0x3f,0xff,
0xff,0xe0,0x00,0x7f,0xff,0xff,0xc0,0x00,0x3c,0x7f,0xff,0x00,0x00,0x18,0x0f,0xf8,0x00,0x00,0x08,0x00,0x00,0x00,0x00,0x03,
0xe0,0x00,0x00,0x07,0xf0,0x00,0x00,0x07,0xf0,0x00,0x00,0x07,0xf8,0x00,0x00,0x03,0xfc,0x00,0x00,0x03,0xfe,0x00,0x00,0x00,
0xff,0x00,0x00,0x00,0x7f,0x00,0x00,0x00,0x3f,0x80,0x00,0x00,0x00,0x00,0x00,0x00,0x00,0x00,0x00,0x00,0x00,0x00,0x00,0x00,
0x00,0x00,0x00,0x00,0x00,0x00,0x00,0xff,0x80,0x0f,0xf8,0xff,0x80,0x0f,0xf8,0xff,0x80,0x0f,0xf8,0xff,0x80,0x0f,0xf8,0xff,
0x80,0x0f,0xf8,0xff,0x80,0x0f,0xf8,0xff,0x80,0x0f,0xf8,0xff,0x80,0x0f,0xf8,0xff,0x80,0x0f,0xf8,0xff,0x80,0x0f,0xf8,0xff,
0x80,0x0f,0xf8,0xff,0x80,0x0f,0xf8,0xff,0x80,0x0f,0xf8,0xff,0x80,0x0f,0xf8,0xff,0x80,0x0f,0xf8,0xff,0x80,0x0f,0xf8,0xff,
0x80,0x0f,0xf8,0xff,0x80,0x0f,0xf8,0xff,0x80,0x0f,0xf8,0xff,0x80,0x0f,0xf8,0xff,0x80,0x0f,0xf8,0xff,0x80,0x0f,0xf8,0xff,
0x80,0x1f,0xf8,0xff,0xc0,0x1f,0xf8,0xff,0xc0,0x3f,0xf8,0x7f,0xf0,0x7f,0xf8,0x7f,0xff,0xff,0xf8,0x7f,0xff,0xff,0xf8,0x3f,
0xff,0xef,0xf8,0x3f,0xff,0xe7,0xf8,0x1f,0xff,0xc7,0xf8,0x0f,0xff,0x87,0xf8,0x01,0xfc,0x00,0x00,0x00,0x00,0x3e,0x00,0x00,
0x00,0x7f,0x00,0x00,0x00,0x7f,0x00,0x00,0x00,0xff,0x00,0x00,0x01,0xfe,0x00,0x00,0x03,0xfe,0x00,0x00,0x07,0xf8,0x00,0x00,
0x07,0xf0,0x00,0x00,0x0f,0xe0,0x00,0x00,0x00,0x00,0x00,0x00,0x00,0x00,0x00,0x00,0x00,0x00,0x00,0x00,0x00,0x00,0x00,0x00,
0x00,0x00,0x00,0xff,0x80,0x0f,0xf8,0xff,0x80,0x0f,0xf8,0xff,0x80,0x0f,0xf8,0xff,0x80,0x0f,0xf8,0xff,0x80,0x0f,0xf8,0xff,
0x80,0x0f,0xf8,0xff,0x80,0x0f,0xf8,0xff,0x80,0x0f,0xf8,0xff,0x80,0x0f,0xf8,0xff,0x80,0x0f,0xf8,0xff,0x80,0x0f,0xf8,0xff,
0x80,0x0f,0xf8,0xff,0x80,0x0f,0xf8,0xff,0x80,0x0f,0xf8,0xff,0x80,0x0f,0xf8,0xff,0x80,0x0f,0xf8,0xff,0x80,0x0f,0xf8,0xff,
0x80,0x0f,0xf8,0xff,0x80,0x0f,0xf8,0xff,0x80,0x0f,0xf8,0xff,0x80,0x0f,0xf8,0xff,0x80,0x0f,0xf8,0xff,0x80,0x1f,0xf8,0xff,
0xc0,0x1f,0xf8,0xff,0xc0,0x3f,0xf8,0x7f,0xf0,0x7f,0xf8,0x7f,0xff,0xff,0xf8,0x7f,0xff,0xff,0xf8,0x3f,0xff,0xef,0xf8,0x3f,
0xff,0xe7,0xf8,0x1f,0xff,0xc7,0xf8,0x0f,0xff,0x87,0xf8,0x01,0xfc,0x00,0x00,0x00,0x02,0x00,0x00,0x00,0x0f,0x80,0x00,0x00,
0x1f,0xc0,0x00,0x00,0x3f,0xf0,0x00,0x00,0xff,0xf8,0x00,0x01,0xff,0xfc,0x00,0x03,0xfd,0xfe,0x00,0x07,0xf8,0xff,0x00,0x0f,
0xf0,0x7f,0x80,0x1f,0xe0,0x3f,0xc0,0x00,0x00,0x00,0x00,0x00,0x00,0x00,0x00,0x00,0x00,0x00,0x00,0x00,0x00,0x00,0x00,0x00,
0x00,0x00,0x00,0xff,0x80,0x0f,0xf8,0xff,0x80,0x0f,0xf8,0xff,0x80,0x0f,0xf8,0xff,0x80,0x0f,0xf8,0xff,0x80,0x0f,0xf8,0xff,
0x80,0x0f,0xf8,0xff,0x80,0x0f,0xf8,0xff,0x80,0x0f,0xf8,0xff,0x80,0x0f,0xf8,0xff,0x80,0x0f,0xf8,0xff,0x80,0x0f,0xf8,0xff,
0x80,0x0f,0xf8,0xff,0x80,0x0f,0xf8,0xff,0x80,0x0f,0xf8,0xff,0x80,0x0f,0xf8,0xff,0x80,0x0f,0xf8,0xff,0x80,0x0f,0xf8,0xff,
0x80,0x0f,0xf8,0xff,0x80,0x0f,0xf8,0xff,0x80,0x0f,0xf8,0xff,0x80,0x0f,0xf8,0xff,0x80,0x0f,0xf8,0xff,0x80,0x1f,0xf8,0xff,
0xc0,0x1f,0xf8,0xff,0xc0,0x3f,0xf8,0x7f,0xf0,0x7f,0xf8,0x7f,0xff,0xff,0xf8,0x7f,0xff,0xff,0xf8,0x3f,0xff,0xef,0xf8,0x3f,
0xff,0xe7,0xf8,0x1f,0xff,0xc7,0xf8,0x0f,0xff,0x87,0xf8,0x01,0xfc,0x00,0x00,0x03,0xe0,0x1f,0x00,0x07,0xf0,0x3f,0x80,0x0f,
0xf8,0x7f,0xc0,0x0f,0xf8,0x7f,0xc0,0x0f,0xf8,0x7f,0xc0,0x0f,0xf8,0x7f,0xc0,0x0f,0xf8,0x7f,0xc0,0x07,0xf0,0x3f,0x80,0x03,
0xe0,0x1f,0x00,0x00,0x00,0x00,0x00,0x00,0x00,0x00,0x00,0x00,0x00,0x00,0x00,0x00,0x00,0x00,0x00,0x00,0x00,0x00,0x00,0xff,
0x80,0x0f,0xf8,0xff,0x80,0x0f,0xf8,0xff,0x80,0x0f,0xf8,0xff,0x80,0x0f,0xf8,0xff,0x80,0x0f,0xf8,0xff,0x80,0x0f,0xf8,0xff,
0x80,0x0f,0xf8,0xff,0x80,0x0f,0xf8,0xff,0x80,0x0f,0xf8,0xff,0x80,0x0f,0xf8,0xff,0x80,0x0f,0xf8,0xff,0x80,0x0f,0xf8,0xff,
0x80,0x0f,0xf8,0xff,0x80,0x0f,0xf8,0xff,0x80,0x0f,0xf8,0xff,0x80,0x0f,0xf8,0xff,0x80,0x0f,0xf8,0xff,0x80,0x0f,0xf8,0xff,
0x80,0x0f,0xf8,0xff,0x80,0x0f,0xf8,0xff,0x80,0x0f,0xf8,0xff,0x80,0x0f,0xf8,0xff,0x80,0x1f,0xf8,0xff,0xc0,0x1f,0xf8,0xff,
0xc0,0x3f,0xf8,0x7f,0xf0,0x7f,0xf8,0x7f,0xff,0xff,0xf8,0x7f,0xff,0xff,0xf8,0x3f,0xff,0xef,0xf8,0x3f,0xff,0xe7,0xf8,0x1f,
0xff,0xc7,0xf8,0x0f,0xff,0x87,0xf8,0x01,0xfc,0x00,0x00,0x00,0x00,0x02,0x00,0x00,0x00,0x0f,0x80,0x00,0x00,0x1f,0xc0,0x00,
0x00,0x1f,0xc0,0x00,0x00,0x3f,0xc0,0x00,0x00,0x7f,0xc0,0x00,0x00,0xff,0x80,0x00,0x00,0xff,0x00,0x00,0x01,0xfc,0x00,0x00,
0x03,0xf8,0x00,0x00,0x07,0xf0,0x00,0x00,0x00,0x00,0x00,0x00,0x00,0x00,0x00,0x00,0x00,0x00,0x00,0x00,0x00,0x00,0x00,0xff,
0xc0,0x01,0xff,0x7f,0xc0,0x01,0xff,0x7f,0xe0,0x03,0xff,0x3f,0xe0,0x03,0xfe,0x3f,0xe0,0x03,0xfe,0x3f,0xf0,0x07,0xfe,0x1f,
0xf0,0x07,0xfc,0x1f,0xf0,0x07,0xfc,0x1f,0xf8,0x0f,0xf8,0x0f,0xf8,0x0f,0xf8,0x0f,0xf8,0x0f,0xf8,0x07,0xf8,0x1f,0xf0,0x07,
0xfc,0x1f,0xf0,0x07,0xfc,0x1f,0xf0,0x03,0xfc,0x1f,0xe0,0x03,0xfe,0x3f,0xe0,0x03,0xfe,0x3f,0xe0,0x01,0xfe,0x3f,0xc0,0x01,
0xff,0x7f,0xc0,0x00,0xff,0x7f,0x80,0x00,0xff,0x7f,0x80,0x00,0xff,0xff,0x80,0x00,0x7f,0xff,0x00,0x00,0x7f,0xff,0x00,0x00,
0x3f,0xff,0x00,0x00,0x3f,0xfe,0x00,0x00,0x3f,0xfe,0x00,0x00,0x1f,0xfc,0x00,0x00,0x1f,0xfc,0x00,0x00,0x1f,0xfc,0x00,0x00,
0x0f,0xf8,0x00,0x00,0x0f,0xf8,0x00,0x00,0x0f,0xf8,0x00,0x00,0x0f,0xf0,0x00,0x00,0x1f,0xf0,0x00,0x00,0x3f,0xe0,0x00,0x0f,
0xff,0xe0,0x00,0x0f,0xff,0xc0,0x00,0x0f,0xff,0xc0,0x00,0x0f,0xff,0x80,0x00,0x0f,0xff,0x00,0x00,0x0f,0xfe,0x00,0x00,0x0f,
0xf8,0x00,0x00,0xff,0x80,0x00,0x00,0xff,0x80,0x00,0x00,0xff,0x80,0x00,0x00,0xff,0x80,0x00,0x00,0xff,0x80,0x00,0x00,0xff,
0x80,0x00,0x00,0xff,0x80,0x00,0x00,0xff,0x80,0x00,0x00,0xff,0x80,0x00,0x00,0xff,0x80,0x00,0x00,0xff,0x80,0x00,0x00,0xff,
0x80,0x00,0x00,0xff,0x80,0x00,0x00,0xff,0x81,0xfc,0x00,0xff,0x87,0xff,0x80,0xff,0x9f,0xff,0xc0,0xff,0xbf,0xff,0xe0,0xff,
0xbf,0xff,0xf0,0xff,0xff,0xff,0xf8,0xff,0xff,0xff,0xfc,0xff,0xf8,0x3f,0xfc,0xff,0xe0,0x0f,0xfe,0xff,0xe0,0x07,0xfe,0xff,
0xc0,0x03,0xfe,0xff,0x80,0x03,0xfe,0xff,0x80,0x03,0xff,0xff,0x80,0x01,0xff,0xff,0x80,0x01,0xff,0xff,0x80,0x01,0xff,0xff,
0x80,0x01,0xff,0xff,0x80,0x01,0xff,0xff,0x80,0x01,0xff,0xff,0x80,0x01,0xff,0xff,0x80,0x01,0xff,0xff,0x80,0x03,0xff,0xff,
0xc0,0x03,0xfe,0xff,0xe0,0x07,0xfe,0xff,0xf0,0x0f,0xfe,0xff,0xf8,0x3f,0xfc,0xff,0xff,0xff,0xfc,0xff,0xff,0xff,0xf8,0xff,
0xff,0xff,0xf0,0xff,0xbf,0xff,0xe0,0xff,0x9f,0xff,0xc0,0xff,0x87,0xff,0x80,0xff,0x81,0xfc,0x00,0xff,0x80,0x00,0x00,0xff,
0x80,0x00,0x00,0xff,0x80,0x00,0x00,0xff,0x80,0x00,0x00,0xff,0x80,0x00,0x00,0xff,0x80,0x00,0x00,0xff,0x80,0x00,0x00,0xff,
0x80,0x00,0x00,0xff,0x80,0x00,0x00,0xff,0x80,0x00,0x00,0x01,0xf0,0x0f,0x80,0x03,0xf8,0x1f,0xc0,0x07,0xfc,0x3f,0xe0,0x07,
0xfc,0x3f,0xe0,0x07,0xfc,0x3f,0xe0,0x07,0xfc,0x3f,0xe0,0x07,0xfc,0x3f,0xe0,0x03,0xf8,0x1f,0xc0,0x01,0xf0,0x0f,0x80,0x00,
0x00,0x00,0x00,0x00,0x00,0x00,0x00,0x00,0x00,0x00,0x00,0x00,0x00,0x00,0x00,0x00,0x00,0x00,0x00,0xff,0xc0,0x03,0xff,0xff,
0xc0,0x03,0xff,0x7f,0xc0,0x03,0xfe,0x7f,0xe0,0x03,0xfe,0x3f,0xe0,0x07,0xfc,0x3f,0xe0,0x07,0xfc,0x3f,0xf0,0x07,0xfc,0x1f,
0xf0,0x0f,0xf8,0x1f,0xf0,0x0f,0xf8,0x1f,0xf8,0x0f,0xf8,0x0f,0xf8,0x1f,0xf0,0x0f,0xf8,0x1f,0xf0,0x07,0xf8,0x1f,0xf0,0x07,
0xfc,0x3f,0xe0,0x07,0xfc,0x3f,0xe0,0x03,0xfc,0x3f,0xc0,0x03,0xfe,0x3f,0xc0,0x03,0xfe,0x7f,0xc0,0x01,0xfe,0x7f,0x80,0x01,
0xff,0x7f,0x80,0x00,0xff,0xff,0x80,0x00,0xff,0xff,0x00,0x00,0xff,0xff,0x00,0x00,0x7f,0xfe,0x00,0x00,0x7f,0xfe,0x00,0x00,
0x7f,0xfe,0x00,0x00,0x3f,0xfc,0x00,0x00,0x3f,0xfc,0x00,0x00,0x1f,0xfc,0x00,0x00,0x1f,0xf8,0x00,0x00,0x1f,0xf8,0x00,0x00,
0x0f,0xf8,0x00,0x00,0x0f,0xf0,0x00,0x00,0x1f,0xf0,0x00,0x00,0x1f,0xe0,0x00,0x00,0x3f,0xe0,0x00,0x1f,0xff,0xc0,0x00,0x1f,
0xff,0xc0,0x00,0x1f,0xff,0x80,0x00,0x1f,0xff,0x80,0x00,0x1f,0xff,0x00,0x00,0x1f,0xfc,0x00,0x00,0x1f,0xf0,0x00,0x00,0x00,
0x0f,0xff,0xfe,0x00,0x00,0x00,0x0f,0xff,0xfe,0x00,0x00,0x00,0x0f,0xff,0xfe,0x00,0x00,0x00,0x0f,0xff,0xfe,0x00,0x00,0x00,
0x0f,0xff,0xfe,0x00,0x00,0x00,0x0f,0xff,0xfe,0x00,0x00,0x00,0x00,0x00,0x00,0x00,0x00,0x00,0x00,0x00,0x00,0x00,0x00,0x00,
0x00,0x00,0x00,0x00,0x00,0x00,0x00,0x00,0x00,0x00,0x00,0x00,0x00,0x00,0x00,0x00,0x00,0x00,0x00,0xff,0xe0,0x00,0x00,0x00,
0x00,0xff,0xe0,0x00,0x00,0x00,0x00,0xff,0xe0,0x00,0x00,0x00,0x01,0xff,0xf0,0x00,0x00,0x00,0x01,0xff,0xf0,0x00,0x00,0x00,
0x03,0xff,0xf8,0x00,0x00,0x00,0x03,0xff,0xf8,0x00,0x00,0x00,0x03,0xff,0xf8,0x00,0x00,0x00,0x07,0xff,0xfc,0x00,0x00,0x00,
0x07,0xff,0xfc,0x00,0x00,0x00,0x07,0xff,0xfc,0x00,0x00,0x00,0x0f,0xfb,0xfe,0x00,0x00,0x00,0x0f,0xfb,0xfe,0x00,0x00,0x00,
0x0f,0xfb,0xff,0x00,0x00,0x00,0x1f,0xf1,0xff,0x00,0x00,0x00,0x1f,0xf1,0xff,0x00,0x00,0x00,0x3f,0xf1,0xff,0x80,0x00,0x00,
0x3f,0xe0,0xff,0x80,0x00,0x00,0x3f,0xe0,0xff,0x80,0x00,0x00,0x7f,0xe0,0xff,0xc0,0x00,0x00,0x7f,0xc0,0x7f,0xc0,0x00,0x00,
0x7f,0xc0,0x7f,0xe0,0x00,0x00,0xff,0xc0,0x7f,0xe0,0x00,0x00,0xff,0x80,0x3f,0xe0,0x00,0x01,0xff,0x80,0x3f,0xf0,0x00,0x01,
0xff,0x80,0x3f,0xf0,0x00,0x01,0xff,0x00,0x1f,0xf0,0x00,0x03,0xff,0x00,0x1f,0xf8,0x00,0x03,0xff,0x00,0x1f,0xf8,0x00,0x03,
0xff,0xff,0xff,0xfc,0x00,0x07,0xff,0xff,0xff,0xfc,0x00,0x07,0xff,0xff,0xff,0xfc,0x00,0x0f,0xff,0xff,0xff,0xfe,0x00,0x0f,
0xff,0xff,0xff,0xfe,0x00,0x0f,0xff,0xff,0xff,0xfe,0x00,0x1f,0xff,0xff,0xff,0xff,0x00,0x1f,0xf8,0x00,0x03,0xff,0x00,0x1f,
0xf8,0x00,0x01,0xff,0x00,0x3f,0xf0,0x00,0x01,0xff,0x80,0x3f,0xf0,0x00,0x01,0xff,0x80,0x7f,0xe0,0x00,0x00,0xff,0xc0,0x7f,
0xe0,0x00,0x00,0xff,0xc0,0x7f,0xe0,0x00,0x00,0xff,0xc0,0xff,0xc0,0x00,0x00,0x7f,0xe0,0x03,0xff,0xff,0x80,0x03,0xff,0xff,
0x80,0x03,0xff,0xff,0x80,0x03,0xff,0xff,0x80,0x03,0xff,0xff,0x80,0x03,0xff,0xff,0x80,0x00,0x00,0x00,0x00,0x00,0x00,0x00,
0x00,0x00,0x00,0x00,0x00,0x00,0x00,0x00,0x00,0x00,0x1f,0xf8,0x00,0x00,0xff,0xff,0x00,0x03,0xff,0xff,0xc0,0x07,0xff,0xff,
0xe0,0x0f,0xff,0xff,0xf0,0x1f,0xff,0xff,0xf0,0x3f,0xf8,0x3f,0xf8,0x3f,0xe0,0x0f,0xf8,0x07,0xc0,0x0f,0xf8,0x00,0xc0,0x07,
0xfc,0x00,0x00,0x07,0xfc,0x00,0x00,0x07,0xfc,0x00,0x00,0x07,0xfc,0x00,0x03,0xff,0xfc,0x00,0x7f,0xff,0xfc,0x01,0xff,0xff,
0xfc,0x07,0xff,0xff,0xfc,0x1f,0xff,0xff,0xfc,0x3f,0xff,0x87,0xfc,0x7f,0xf8,0x07,0xfc,0x7f,0xc0,0x07,0xfc,0xff,0xc0,0x07,
0xfc,0xff,0x80,0x07,0xfc,0xff,0x80,0x0f,0xfc,0xff,0x80,0x0f,0xfc,0xff,0xc0,0x1f,0xfc,0xff,0xe0,0x7f,0xfc,0xff,0xff,0xff,
0xfc,0x7f,0xff,0xff,0xfc,0x7f,0xff,0xff,0xfc,0x3f,0xff,0xf3,0xfc,0x1f,0xff,0xe3,0xfe,0x07,0xff,0x83,0xfe,0x01,0xfe,0x00,
0x00,0x00,0x1f,0x80,0x7c,0x00,0x00,0x00,0x0f,0x80,0x7c,0x00,0x00,0x00,0x0f,0xc0,0xfc,0x00,0x00,0x00,0x0f,0xe1,0xf8,0x00,
0x00,0x00,0x07,0xff,0xf8,0x00,0x00,0x00,0x07,0xff,0xf0,0x00,0x00,0x00,0x03,0xff,0xe0,0x00,0x00,0x00,0x01,0xff,0xc0,0x00,
0x00,0x00,0x00,0x7f,0x00,0x00,0x00,0x00,0x00,0x00,0x00,0x00,0x00,0x00,0x00,0x00,0x00,0x00,0x00,0x00,0x00,0x00,0x00,0x00,
0x00,0x00,0x00,0x00,0x00,0x00,0x00,0x00,0x01,0xff,0xc0,0x00,0x00,0x00,0x01,0xff,0xc0,0x00,0x00,0x00,0x01,0xff,0xe0,0x00,
0x00,0x00,0x03,0xff,0xe0,0x00,0x00,0x00,0x03,0xff,0xf0,0x00,0x00,0x00,0x07,0xff,0xf0,0x00,0x00,0x00,0x07,0xff,0xf0,0x00,
0x00,0x00,0x07,0xff,0xf8,0x00,0x00,0x00,0x0f,0xff,0xf8,0x00,0x00,0x00,0x0f,0xff,0xf8,0x00,0x00,0x00,0x0f,0xf7,0xfc,0x00,
0x00,0x00,0x1f,0xf7,0xfc,0x00,0x00,0x00,0x1f,0xf7,0xfe,0x00,0x00,0x00,0x3f,0xf3,0xfe,0x00,0x00,0x00,0x3f,0xe3,0xfe,0x00,
0x00,0x00,0x3f,0xe3,0xff,0x00,0x00,0x00,0x7f,0xe1,0xff,0x00,0x00,0x00,0x7f,0xc1,0xff,0x00,0x00,0x00,0x7f,0xc1,0xff,0x80,
0x00,0x00,0xff,0xc0,0xff,0x80,0x00,0x00,0xff,0x80,0xff,0xc0,0x00,0x01,0xff,0x80,0xff,0xc0,0x00,0x01,0xff,0x80,0x7f,0xc0,
0x00,0x01,0xff,0x00,0x7f,0xe0,0x00,0x03,0xff,0x00,0x7f,0xe0,0x00,0x03,0xff,0x00,0x3f,0xe0,0x00,0x03,0xfe,0x00,0x3f,0xf0,
0x00,0x07,0xfe,0x00,0x3f,0xf0,0x00,0x07,0xff,0xff,0xff,0xf8,0x00,0x0f,0xff,0xff,0xff,0xf8,0x00,0x0f,0xff,0xff,0xff,0xf8,
0x00,0x0f,0xff,0xff,0xff,0xfc,0x00,0x1f,0xff,0xff,0xff,0xfc,0x00,0x1f,0xff,0xff,0xff,0xfc,0x00,0x1f,0xff,0xff,0xff,0xfe,
0x00,0x3f,0xf0,0x00,0x07,0xfe,0x00,0x3f,0xf0,0x00,0x03,0xff,0x00,0x7f,0xe0,0x00,0x03,0xff,0x00,0x7f,0xe0,0x00,0x03,0xff,
0x00,0x7f,0xe0,0x00,0x01,0xff,0x80,0xff,0xc0,0x00,0x01,0xff,0x80,0xff,0xc0,0x00,0x01,0xff,0x80,0xff,0xc0,0x00,0x00,0xff,
0xc0,0x03,0xf0,0x1f,0x80,0x01,0xf0,0x1f,0x80,0x01,0xfc,0x3f,0x00,0x01,0xff,0xff,0x00,0x00,0xff,0xfe,0x00,0x00,0x7f,0xfc,
0x00,0x00,0x3f,0xf8,0x00,0x00,0x0f,0xe0,0x00,0x00,0x00,0x00,0x00,0x00,0x00,0x00,0x00,0x00,0x00,0x00,0x00,0x00,0x1f,0xf8,
0x00,0x00,0xff,0xff,0x00,0x03,0xff,0xff,0xc0,0x07,0xff,0xff,0xe0,0x0f,0xff,0xff,0xf0,0x1f,0xff,0xff,0xf0,0x3f,0xf8,0x3f,
0xf8,0x3f,0xe0,0x0f,0xf8,0x07,0xc0,0x0f,0xf8,0x00,0xc0,0x07,0xfc,0x00,0x00,0x07,0xfc,0x00,0x00,0x07,0xfc,0x00,0x00,0x07,
0xfc,0x00,0x03,0xff,0xfc,0x00,0x7f,0xff,0xfc,0x01,0xff,0xff,0xfc,0x07,0xff,0xff,0xfc,0x1f,0xff,0xff,0xfc,0x3f,0xff,0x87,
0xfc,0x7f,0xf8,0x07,0xfc,0x7f,0xc0,0x07,0xfc,0xff,0xc0,0x07,0xfc,0xff,0x80,0x07,0xfc,0xff,0x80,0x0f,0xfc,0xff,0x80,0x0f,
0xfc,0xff,0xc0,0x1f,0xfc,0xff,0xe0,0x7f,0xfc,0xff,0xff,0xff,0xfc,0x7f,0xff,0xff,0xfc,0x7f,0xff,0xff,0xfc,0x3f,0xff,0xf3,
0xfc,0x1f,0xff,0xe3,0xfe,0x07,0xff,0x83,0xfe,0x01,0xfe,0x00,0x00,0x00,0x00,0xff,0xc0,0x00,0x00,0x00,0x01,0xff,0xe0,0x00,
0x00,0x00,0x01,0xff,0xe0,0x00,0x00,0x00,0x01,0xff,0xf0,0x00,0x00,0x00,0x03,0xff,0xf0,0x00,0x00,0x00,0x03,0xff,0xf0,0x00,
0x00,0x00,0x03,0xff,0xf8,0x00,0x00,0x00,0x07,0xff,0xf8,0x00,0x00,0x00,0x07,0xff,0xf8,0x00,0x00,0x00,0x0f,0xff,0xfc,0x00,
0x00,0x00,0x0f,0xff,0xfc,0x00,0x00,0x00,0x0f,0xff,0xfe,0x00,0x00,0x00,0x1f,0xf3,0xfe,0x00,0x00,0x00,0x1f,0xf3,0xfe,0x00,
0x00,0x00,0x1f,0xf3,0xff,0x00,0x00,0x00,0x3f,0xe1,0xff,0x00,0x00,0x00,0x3f,0xe1,0xff,0x00,0x00,0x00,0x7f,0xe1,0xff,0x80,
0x00,0x00,0x7f,0xc0,0xff,0x80,0x00,0x00,0x7f,0xc0,0xff,0xc0,0x00,0x00,0xff,0xc0,0xff,0xc0,0x00,0x00,0xff,0x80,0x7f,0xc0,
0x00,0x00,0xff,0x80,0x7f,0xe0,0x00,0x01,0xff,0x80,0x7f,0xe0,0x00,0x01,0xff,0x00,0x3f,0xe0,0x00,0x03,0xff,0x00,0x3f,0xf0,
0x00,0x03,0xff,0x00,0x3f,0xf0,0x00,0x03,0xfe,0x00,0x1f,0xf8,0x00,0x07,0xff,0xff,0xff,0xf8,0x00,0x07,0xff,0xff,0xff,0xf8,
0x00,0x07,0xff,0xff,0xff,0xfc,0x00,0x0f,0xff,0xff,0xff,0xfc,0x00,0x0f,0xff,0xff,0xff,0xfc,0x00,0x1f,0xff,0xff,0xff,0xfe,
0x00,0x1f,0xff,0xff,0xff,0xfe,0x00,0x1f,0xf0,0x00,0x03,0xff,0x00,0x3f,0xf0,0x00,0x03,0xff,0x00,0x3f,0xf0,0x00,0x03,0xff,
0x00,0x3f,0xf0,0x00,0x01,0xff,0x80,0x7f,0xe0,0x00,0x01,0xff,0x80,0x7f,0xe0,0x00,0x01,0xff,0x80,0x7f,0xe0,0x00,0x01,0xff,
0xc0,0xff,0xc0,0x00,0x00,0xff,0xc0,0xff,0xc0,0x00,0x00,0xff,0xc0,0x00,0x00,0x00,0x01,0xff,0x00,0x00,0x00,0x00,0x03,0xfc,
0x00,0x00,0x00,0x00,0x03,0xf8,0x00,0x00,0x00,0x00,0x07,0xf0,0x00,0x00,0x00,0x00,0x07,0xf0,0x00,0x00,0x00,0x00,0x07,0xf0,
0x00,0x00,0x00,0x00,0x07,0xff,0xe0,0x00,0x00,0x00,0x03,0xff,0xe0,0x00,0x00,0x00,0x01,0xff,0xe0,0x00,0x00,0x00,0x00,0xff,
0xe0,0x00,0x00,0x00,0x00,0x06,0x00,0x00,0x1f,0xf8,0x00,0x00,0xff,0xff,0x00,0x03,0xff,0xff,0xc0,0x07,0xff,0xff,0xe0,0x0f,
0xff,0xff,0xf0,0x1f,0xff,0xff,0xf0,0x3f,0xf0,0x3f,0xf8,0x3f,0xe0,0x0f,0xf8,0x07,0xc0,0x0f,0xf8,0x00,0xc0,0x07,0xfc,0x00,
0x00,0x07,0xfc,0x00,0x00,0x07,0xfc,0x00,0x00,0x07,0xfc,0x00,0x03,0xff,0xfc,0x00,0x7f,0xff,0xfc,0x01,0xff,0xff,0xfc,0x07,
0xff,0xff,0xfc,0x1f,0xff,0xff,0xfc,0x3f,0xff,0x87,0xfc,0x7f,0xf8,0x07,0xfc,0x7f,0xc0,0x07,0xfc,0xff,0xc0,0x07,0xfc,0xff,
0x80,0x07,0xfc,0xff,0x80,0x0f,0xfc,0xff,0x80,0x0f,0xfc,0xff,0xc0,0x1f,0xfc,0xff,0xe0,0x7f,0xfc,0xff,0xff,0xff,0xfc,0x7f,
0xff,0xff,0xfc,0x7f,0xff,0xff,0xfc,0x3f,0xff,0xf3,0xfc,0x1f,0xff,0xe3,0xfe,0x07,0xff,0x83,0xfe,0x01,0xfe,0x07,0xfc,0x00,
0x00,0x0f,0xf0,0x00,0x00,0x1f,0xc0,0x00,0x00,0x3f,0xc0,0x00,0x00,0x3f,0x80,0x00,0x00,0x3f,0x80,0x00,0x00,0x3f,0x80,0x00,
0x00,0x3f,0xfe,0x00,0x00,0x1f,0xfe,0x00,0x00,0x0f,0xfe,0x00,0x00,0x07,0xfe,0x00,0x00,0x00,0x20,0x00,0x00,0x00,0x3c,0x00,
0x00,0x00,0x00,0x7e,0x00,0x00,0x00,0x00,0xfe,0x00,0x00,0x00,0x01,0xfe,0x00,0x00,0x00,0x03,0xfe,0x00,0x00,0x00,0x07,0xfc,
0x00,0x00,0x00,0x0f,0xf8,0x00,0x00,0x00,0x1f,0xf0,0x00,0x00,0x00,0x1f,0xc0,0x00,0x00,0x00,0x3f,0x80,0x00,0x00,0x00,0x00,
0x00,0x00,0x00,0x00,0x00,0x00,0x00,0x00,0x00,0x00,0x00,0x00,0x00,0x00,0xff,0xc0,0x00,0x00,0x07,0xff,0xf8,0x00,0x00,0x3f,
0xff,0xfe,0x00,0x00,0x7f,0xff,0xff,0x80,0x01,0xff,0xff,0xff,0xc0,0x03,0xff,0xff,0xff,0xe0,0x07,0xff,0xff,0xff,0xf0,0x07,
0xff,0xff,0xff,0xf8,0x0f,0xff,0xc0,0xff,0xfc,0x1f,0xff,0x00,0x1f,0xfc,0x1f,0xfc,0x00,0x0f,0xfc,0x3f,0xf8,0x00,0x07,0xe0,
0x3f,0xf8,0x00,0x03,0x00,0x7f,0xf0,0x00,0x00,0x00,0x7f,0xf0,0x00,0x00,0x00,0x7f,0xe0,0x00,0x00,0x00,0x7f,0xe0,0x00,0x00,
0x00,0xff,0xe0,0x00,0x00,0x00,0xff,0xc0,0x00,0x00,0x00,0xff,0xc0,0x00,0x00,0x00,0xff,0xc0,0x00,0x00,0x00,0xff,0xc0,0x00,
0x00,0x00,0xff,0xc0,0x00,0x00,0x00,0xff,0xc0,0x00,0x00,0x00,0xff,0xc0,0x00,0x00,0x00,0xff,0xc0,0x00,0x00,0x00,0xff,0xc0,
0x00,0x00,0x00,0xff,0xe0,0x00,0x00,0x00,0x7f,0xe0,0x00,0x00,0x00,0x7f,0xe0,0x00,0x00,0x00,0x7f,0xf0,0x00,0x00,0x00,0x7f,
0xf0,0x00,0x00,0x00,0x3f,0xf8,0x00,0x03,0x00,0x3f,0xf8,0x00,0x07,0xe0,0x1f,0xfc,0x00,0x0f,0xfc,0x1f,0xff,0x00,0x1f,0xfc,
0x0f,0xff,0xc0,0x7f,0xfc,0x0f,0xff,0xff,0xff,0xf8,0x07,0xff,0xff,0xff,0xf0,0x03,0xff,0xff,0xff,0xe0,0x01,0xff,0xff,0xff,
0xc0,0x00,0xff,0xff,0xff,0x80,0x00,0x3f,0xff,0xfe,0x00,0x00,0x0f,0xff,0xf8,0x00,0x00,0x00,0xff,0xc0,0x00,0x00,0x00,0x02,
0x00,0x00,0x00,0x0f,0x80,0x00,0x00,0x1f,0xc0,0x00,0x00,0x1f,0xc0,0x00,0x00,0x3f,0xc0,0x00,0x00,0x7f,0x80,0x00,0x00,0xff,
0x00,0x00,0x01,0xfe,0x00,0x00,0x03,0xfc,0x00,0x00,0x03,0xf8,0x00,0x00,0x00,0x00,0x00,0x00,0x00,0x00,0x00,0x00,0x00,0x00,
0x00,0x00,0x00,0x00,0x00,0x00,0x0f,0xf0,0x00,0x00,0x7f,0xfe,0x00,0x01,0xff,0xff,0x80,0x03,0xff,0xff,0xc0,0x07,0xff,0xff,
0xe0,0x0f,0xff,0xff,0xf0,0x1f,0xff,0xff,0xf8,0x3f,0xfc,0x1f,0xf8,0x3f,0xf0,0x07,0xf8,0x7f,0xe0,0x07,0xc0,0x7f,0xc0,0x02,
0x00,0x7f,0xc0,0x00,0x00,0xff,0xc0,0x00,0x00,0xff,0x80,0x00,0x00,0xff,0x80,0x00,0x00,0xff,0x80,0x00,0x00,0xff,0x80,0x00,
0x00,0xff,0x80,0x00,0x00,0xff,0x80,0x00,0x00,0xff,0x80,0x00,0x00,0xff,0x80,0x00,0x00,0xff,0xc0,0x00,0x00,0x7f,0xc0,0x00,
0x00,0x7f,0xc0,0x00,0x00,0x7f,0xe0,0x03,0x80,0x3f,0xf0,0x07,0xe0,0x3f,0xfc,0x1f,0xfc,0x1f,0xff,0xff,0xf8,0x1f,0xff,0xff,
0xf0,0x0f,0xff,0xff,0xe0,0x07,0xff,0xff,0xc0,0x01,0xff,0xff,0x80,0x00,0xff,0xfe,0x00,0x00,0x1f,0xf0,0x00,0xff,0xff,0xff,
0xe0,0xc0,0x00,0x00,0x60,0xc0,0x00,0x00,0x60,0xe0,0x00,0x00,0xe0,0xb0,0x00,0x01,0xa0,0x90,0x00,0x01,0x20,0x98,0x00,0x03,
0x20,0x88,0x00,0x02,0x20,0x8c,0x00,0x06,0x20,0x86,0x00,0x0c,0x20,0x86,0x00,0x08,0x20,0x83,0x00,0x18,0x20,0x81,0x00,0x30,
0x20,0x81,0x80,0x30,0x20,0x80,0xc0,0x60,0x20,0x80,0xc0,0x40,0x20,0x80,0x60,0xc0,0x20,0x80,0x21,0x80,0x20,0x80,0x31,0x80,
0x20,0x80,0x1b,0x00,0x20,0x80,0x1b,0x00,0x20,0x80,0x0e,0x00,0x20,0x80,0x04,0x00,0x20,0x80,0x0e,0x00,0x20,0x80,0x1a,0x00,
0x20,0x80,0x1b,0x00,0x20,0x80,0x31,0x80,0x20,0x80,0x20,0x80,0x20,0x80,0x60,0xc0,0x20,0x80,0x40,0x40,0x20,0x80,0xc0,0x60,
0x20,0x81,0x80,0x30,0x20,0x81,0x00,0x10,0x20,0x83,0x00,0x18,0x20,0x82,0x00,0x08,0x20,0x86,0x00,0x0c,0x20,0x8c,0x00,0x06,
0x20,0x88,0x00,0x02,0x20,0x98,0x00,0x03,0x20,0x90,0x00,0x01,0x20,0xb0,0x00,0x01,0xa0,0xe0,0x00,0x00,0xe0,0xc0,0x00,0x00,
0x60,0xc0,0x00,0x00,0x60,0xff,0xff,0xff,0xe0,0xff,0xff,0xff,0xe0,0xc0,0x00,0x00,0x60,0xc0,0x00,0x00,0x60,0xe0,0x00,0x00,
0xe0,0xb0,0x00,0x01,0xa0,0x90,0x00,0x01,0x20,0x98,0x00,0x03,0x20,0x88,0x00,0x02,0x20,0x8c,0x00,0x06,0x20,0x86,0x00,0x0c,
0x20,0x86,0x00,0x08,0x20,0x83,0x00,0x18,0x20,0x81,0x00,0x30,0x20,0x81,0x80,0x30,0x20,0x80,0xc0,0x60,0x20,0x80,0xc0,0x40,
0x20,0x80,0x60,0xc0,0x20,0x80,0x21,0x80,0x20,0x80,0x31,0x80,0x20,0x80,0x1b,0x00,0x20,0x80,0x1b,0x00,0x20,0x80,0x0e,0x00,
0x20,0x80,0x04,0x00,0x20,0x80,0x0e,0x00,0x20,0x80,0x1a,0x00,0x20,0x80,0x1b,0x00,0x20,0x80,0x31,0x80,0x20,0x80,0x20,0x80,
0x20,0x80,0x60,0xc0,0x20,0x80,0x40,0x40,0x20,0x80,0xc0,0x60,0x20,0x81,0x80,0x30,0x20,0x81,0x00,0x10,0x20,0x83,0x00,0x18,
0x20,0x82,0x00,0x08,0x20,0x86,0x00,0x0c,0x20,0x8c,0x00,0x06,0x20,0x88,0x00,0x02,0x20,0x98,0x00,0x03,0x20,0x90,0x00,0x01,
0x20,0xb0,0x00,0x01,0xa0,0xe0,0x00,0x00,0xe0,0xc0,0x00,0x00,0x60,0xc0,0x00,0x00,0x60,0xff,0xff,0xff,0xe0,0x00,0x00,0x1f,
0x00,0x00,0x00,0x00,0x3f,0x80,0x00,0x00,0x00,0x7f,0xc0,0x00,0x00,0x00,0x7f,0xc0,0x00,0x00,0x00,0x7f,0xc0,0x00,0x00,0x00,
0x7f,0xc0,0x00,0x00,0x00,0x7f,0xc0,0x00,0x00,0x00,0x3f,0x80,0x00,0x00,0x00,0x1f,0x00,0x00,0x00,0x00,0x00,0x00,0x00,0x00,
0x00,0x00,0x00,0x00,0x00,0x00,0x00,0x00,0x00,0x00,0x00,0xff,0xc0,0x00,0x00,0x07,0xff,0xfc,0x00,0x00,0x1f,0xff,0xff,0x00,
0x00,0x7f,0xff,0xff,0x80,0x00,0xff,0xff,0xff,0xc0,0x03,0xff,0xff,0xff,0xf0,0x07,0xff,0xff,0xff,0xf0,0x07,0xff,0xff,0xff,
0xf8,0x0f,0xff,0xc0,0x7f,0xfc,0x1f,0xff,0x00,0x1f,0xfe,0x1f,0xfc,0x00,0x0f,0xfc,0x3f,0xf8,0x00,0x07,0xe0,0x3f,0xf8,0x00,
0x03,0x80,0x7f,0xf0,0x00,0x00,0x00,0x7f,0xf0,0x00,0x00,0x00,0x7f,0xe0,0x00,0x00,0x00,0x7f,0xe0,0x00,0x00,0x00,0xff,0xe0,
0x00,0x00,0x00,0xff,0xc0,0x00,0x00,0x00,0xff,0xc0,0x00,0x00,0x00,0xff,0xc0,0x00,0x00,0x00,0xff,0xc0,0x00,0x00,0x00,0xff,
0xc0,0x00,0x00,0x00,0xff,0xc0,0x00,0x00,0x00,0xff,0xc0,0x00,0x00,0x00,0xff,0xc0,0x00,0x00,0x00,0xff,0xc0,0x00,0x00,0x00,
0xff,0xe0,0x00,0x00,0x00,0x7f,0xe0,0x00,0x00,0x00,0x7f,0xe0,0x00,0x00,0x00,0x7f,0xf0,0x00,0x00,0x00,0x7f,0xf0,0x00,0x00,
0x00,0x3f,0xf8,0x00,0x01,0x80,0x3f,0xfc,0x00,0x03,0xf0,0x1f,0xfe,0x00,0x07,0xfc,0x1f,0xff,0x00,0x1f,0xfe,0x0f,0xff,0xc0,
0x7f,0xfc,0x0f,0xff,0xff,0xff,0xf8,0x07,0xff,0xff,0xff,0xf8,0x03,0xff,0xff,0xff,0xf0,0x01,0xff,0xff,0xff,0xc0,0x00,0x7f,
0xff,0xff,0x80,0x00,0x3f,0xff,0xff,0x00,0x00,0x0f,0xff,0xfc,0x00,0x00,0x00,0xff,0xc0,0x00,0x00,0x03,0xe0,0x00,0x00,0x07,
0xf0,0x00,0x00,0x0f,0xf8,0x00,0x00,0x0f,0xf8,0x00,0x00,0x0f,0xf8,0x00,0x00,0x0f,0xf8,0x00,0x00,0x0f,0xf8,0x00,0x00,0x07,
0xf0,0x00,0x00,0x03,0xe0,0x00,0x00,0x00,0x00,0x00,0x00,0x00,0x00,0x00,0x00,0x00,0x00,0x00,0x00,0x00,0x00,0x00,0x00,0x0f,
0xf0,0x00,0x00,0x7f,0xfe,0x00,0x01,0xff,0xff,0x80,0x03,0xff,0xff,0xc0,0x07,0xff,0xff,0xe0,0x0f,0xff,0xff,0xf0,0x1f,0xff,
0xff,0xf8,0x3f,0xfc,0x1f,0xfc,0x3f,0xf0,0x07,0xf8,0x7f,0xe0,0x03,0xc0,0x7f,0xc0,0x03,0x00,0x7f,0xc0,0x00,0x00,0xff,0xc0,
0x00,0x00,0xff,0x80,0x00,0x00,0xff,0x80,0x00,0x00,0xff,0x80,0x00,0x00,0xff,0x80,0x00,0x00,0xff,0x80,0x00,0x00,0xff,0x80,
0x00,0x00,0xff,0x80,0x00,0x00,0xff,0x80,0x00,0x00,0xff,0xc0,0x00,0x00,0x7f,0xc0,0x00,0x00,0x7f,0xc0,0x00,0x00,0x7f,0xe0,
0x03,0x80,0x3f,0xf0,0x07,0xe0,0x3f,0xfc,0x1f,0xfc,0x1f,0xff,0xff,0xf8,0x1f,0xff,0xff,0xf0,0x0f,0xff,0xff,0xf0,0x07,0xff,
0xff,0xe0,0x01,0xff,0xff,0x80,0x00,0xff,0xfe,0x00,0x00,0x1f,0xf0,0x00,0x00,0x7f,0x80,0x3f,0x80,0x00,0x3f,0xc0,0x7f,0x00,
0x00,0x1f,0xe1,0xfe,0x00,0x00,0x0f,0xf3,0xfc,0x00,0x00,0x03,0xff,0xf8,0x00,0x00,0x01,0xff,0xf0,0x00,0x00,0x00,0xff,0xe0,
0x00,0x00,0x00,0x7f,0xc0,0x00,0x00,0x00,0x3f,0x80,0x00,0x00,0x00,0x1e,0x00,0x00,0x00,0x00,0x00,0x00,0x00,0x00,0x00,0x00,
0x00,0x00,0x00,0x00,0x00,0x00,0x00,0x00,0x00,0xff,0xc0,0x00,0x00,0x07,0xff,0xf8,0x00,0x00,0x1f,0xff,0xfe,0x00,0x00,0x7f,
0xff,0xff,0x80,0x00,0xff,0xff,0xff,0xc0,0x03,0xff,0xff,0xff,0xe0,0x07,0xff,0xff,0xff,0xf0,0x07,0xff,0xff,0xff,0xf8,0x0f,
0xff,0xc0,0x7f,0xfc,0x1f,0xff,0x00,0x1f,0xfc,0x1f,0xfc,0x00,0x0f,0xfc,0x3f,0xf8,0x00,0x07,0xe0,0x3f,0xf8,0x00,0x03,0x00,
0x7f,0xf0,0x00,0x00,0x00,0x7f,0xf0,0x00,0x00,0x00,0x7f,0xe0,0x00,0x00,0x00,0x7f,0xe0,0x00,0x00,0x00,0xff,0xe0,0x00,0x00,
0x00,0xff,0xc0,0x00,0x00,0x00,0xff,0xc0,0x00,0x00,0x00,0xff,0xc0,0x00,0x00,0x00,0xff,0xc0,0x00,0x00,0x00,0xff,0xc0,0x00,
0x00,0x00,0xff,0xc0,0x00,0x00,0x00,0xff,0xc0,0x00,0x00,0x00,0xff,0xc0,0x00,0x00,0x00,0xff,0xc0,0x00,0x00,0x00,0xff,0xe0,
0x00,0x00,0x00,0x7f,0xe0,0x00,0x00,0x00,0x7f,0xe0,0x00,0x00,0x00,0x7f,0xf0,0x00,0x00,0x00,0x7f,0xf0,0x00,0x00,0x00,0x3f,
0xf8,0x00,0x03,0x80,0x3f,0xf8,0x00,0x03,0xe0,0x1f,0xfc,0x00,0x07,0xfc,0x1f,0xff,0x00,0x1f,0xfe,0x0f,0xff,0xc0,0x7f,0xfc,
0x0f,0xff,0xff,0xff,0xf8,0x07,0xff,0xff,0xff,0xf0,0x03,0xff,0xff,0xff,0xf0,0x01,0xff,0xff,0xff,0xc0,0x00,0x7f,0xff,0xff,
0x80,0x00,0x3f,0xff,0xff,0x00,0x00,0x0f,0xff,0xf8,0x00,0x00,0x00,0xff,0xc0,0x00,0x07,0xf8,0x0f,0xf0,0x03,0xfc,0x1f,0xe0,
0x01,0xfe,0x3f,0xc0,0x00,0xff,0x7f,0x80,0x00,0x7f,0xff,0x00,0x00,0x3f,0xfe,0x00,0x00,0x1f,0xfc,0x00,0x00,0x0f,0xf0,0x00,
0x00,0x07,0xe0,0x00,0x00,0x00,0x80,0x00,0x00,0x00,0x00,0x00,0x00,0x00,0x00,0x00,0x00,0x00,0x00,0x00,0x00,0x0f,0xf0,0x00,
0x00,0x7f,0xfe,0x00,0x01,0xff,0xff,0x80,0x03,0xff,0xff,0xc0,0x07,0xff,0xff,0xe0,0x0f,0xff,0xff,0xf0,0x1f,0xff,0xff,0xf8,
0x3f,0xfc,0x1f,0xf8,0x3f,0xf0,0x07,0xf8,0x7f,0xe0,0x07,0xc0,0x7f,0xc0,0x02,0x00,0x7f,0xc0,0x00,0x00,0xff,0xc0,0x00,0x00,
0xff,0x80,0x00,0x00,0xff,0x80,0x00,0x00,0xff,0x80,0x00,0x00,0xff,0x80,0x00,0x00,0xff,0x80,0x00,0x00,0xff,0x80,0x00,0x00,
0xff,0x80,0x00,0x00,0xff,0x80,0x00,0x00,0xff,0xc0,0x00,0x00,0x7f,0xc0,0x00,0x00,0x7f,0xc0,0x00,0x00,0x7f,0xe0,0x03,0x80,
0x3f,0xf0,0x07,0xe0,0x3f,0xfc,0x1f,0xfc,0x1f,0xff,0xff,0xf8,0x1f,0xff,0xff,0xf0,0x0f,0xff,0xff,0xf0,0x07,0xff,0xff,0xc0,
0x01,0xff,0xff,0x80,0x00,0xff,0xfe,0x00,0x00,0x1f,0xf0,0x00,0x07,0xf8,0x03,0xfc,0x00,0x03,0xfc,0x07,0xf8,0x00,0x01,0xfe,
0x0f,0xf0,0x00,0x00,0xff,0x3f,0xe0,0x00,0x00,0x7f,0xff,0x80,0x00,0x00,0x1f,0xff,0x00,0x00,0x00,0x0f,0xfe,0x00,0x00,0x00,
0x07,0xfc,0x00,0x00,0x00,0x03,0xf8,0x00,0x00,0x00,0x01,0xf0,0x00,0x00,0x00,0x00,0x00,0x00,0x00,0x00,0x00,0x00,0x00,0x00,
0x00,0x00,0x00,0x00,0x00,0x00,0x00,0x00,0x00,0x00,0xff,0xff,0xf0,0x00,0x00,0xff,0xff,0xff,0x80,0x00,0xff,0xff,0xff,0xe0,
0x00,0xff,0xff,0xff,0xf8,0x00,0xff,0xff,0xff,0xfe,0x00,0xff,0xff,0xff,0xff,0x00,0xff,0xff,0xff,0xff,0x80,0xff,0xff,0xff,
0xff,0xc0,0xff,0x80,0x1f,0xff,0xe0,0xff,0x80,0x01,0xff,0xe0,0xff,0x80,0x00,0xff,0xf0,0xff,0x80,0x00,0x3f,0xf0,0xff,0x80,
0x00,0x1f,0xf8,0xff,0x80,0x00,0x1f,0xf8,0xff,0x80,0x00,0x0f,0xf8,0xff,0x80,0x00,0x0f,0xf8,0xff,0x80,0x00,0x0f,0xfc,0xff,
0x80,0x00,0x07,0xfc,0xff,0x80,0x00,0x07,0xfc,0xff,0x80,0x00,0x07,0xfc,0xff,0x80,0x00,0x07,0xfc,0xff,0x80,0x00,0x07,0xfc,
0xff,0x80,0x00,0x07,0xfc,0xff,0x80,0x00,0x07,0xfc,0xff,0x80,0x00,0x07,0xfc,0xff,0x80,0x00,0x07,0xfc,0xff,0x80,0x00,0x0f,
0xfc,0xff,0x80,0x00,0x0f,0xf8,0xff,0x80,0x00,0x0f,0xf8,0xff,0x80,0x00,0x1f,0xf8,0xff,0x80,0x00,0x1f,0xf8,0xff,0x80,0x00,
0x3f,0xf0,0xff,0x80,0x00,0x7f,0xf0,0xff,0x80,0x01,0xff,0xe0,0xff,0x80,0x1f,0xff,0xe0,0xff,0xff,0xff,0xff,0xc0,0xff,0xff,
0xff,0xff,0x80,0xff,0xff,0xff,0xff,0x00,0xff,0xff,0xff,0xfe,0x00,0xff,0xff,0xff,0xf8,0x00,0xff,0xff,0xff,0xe0,0x00,0xff,
0xff,0xff,0x80,0x00,0xff,0xff,0xf8,0x00,0x00,0x00,0x00,0x00,0xff,0x83,0xc0,0x00,0x00,0x00,0xff,0x87,0xe0,0x00,0x00,0x00,
0xff,0x87,0xe0,0x00,0x00,0x00,0xff,0x87,0xe0,0x00,0x00,0x00,0xff,0x87,0xe0,0x00,0x00,0x00,0xff,0x87,0xe0,0x00,0x00,0x00,
0xff,0x8f,0xc0,0x00,0x00,0x00,0xff,0x8f,0xc0,0x00,0x00,0x00,0xff,0x8f,0x80,0x00,0x00,0x00,0xff,0x8f,0x80,0x00,0x00,0x00,
0xff,0x8f,0x80,0x00,0x00,0x00,0xff,0x8f,0x00,0x00,0x00,0x00,0xff,0x80,0x00,0x00,0x3f,0xc0,0xff,0x80,0x00,0x00,0xff,0xf0,
0xff,0x80,0x00,0x03,0xff,0xfc,0xff,0x80,0x00,0x07,0xff,0xfe,0xff,0x80,0x00,0x0f,0xff,0xfe,0xff,0x80,0x00,0x1f,0xff,0xff,
0xff,0x80,0x00,0x1f,0xff,0xff,0xff,0x80,0x00,0x3f,0xfc,0x1f,0xff,0x80,0x00,0x7f,0xf0,0x07,0xff,0x80,0x00,0x7f,0xe0,0x03,
0xff,0x80,0x00,0x7f,0xc0,0x01,0xff,0x80,0x00,0x7f,0xc0,0x01,0xff,0x80,0x00,0xff,0xc0,0x00,0xff,0x80,0x00,0xff,0x80,0x00,
0xff,0x80,0x00,0xff,0x80,0x00,0xff,0x80,0x00,0xff,0x80,0x00,0xff,0x80,0x00,0xff,0x80,0x00,0xff,0x80,0x00,0xff,0x80,0x00,
0xff,0x80,0x00,0xff,0x80,0x00,0xff,0x80,0x00,0xff,0x80,0x00,0xff,0x80,0x00,0xff,0x80,0x00,0xff,0x80,0x00,0xff,0xc0,0x00,
0xff,0x80,0x00,0x7f,0xc0,0x01,0xff,0x80,0x00,0x7f,0xe0,0x01,0xff,0x80,0x00,0x7f,0xe0,0x03,0xff,0x80,0x00,0x3f,0xf0,0x07,
0xff,0x80,0x00,0x3f,0xfc,0x1f,0xff,0x80,0x00,0x1f,0xff,0xff,0xff,0x80,0x00,0x1f,0xff,0xff,0xff,0x80,0x00,0x0f,0xff,0xff,
0xff,0x80,0x00,0x07,0xff,0xfe,0x7f,0x80,0x00,0x03,0xff,0xfc,0x7f,0xc0,0x00,0x00,0xff,0xf0,0x7f,0xc0,0x00,0x00,0x3f,0xc0,
0x00,0x00,0x00,0x0f,0xff,0xff,0x00,0x00,0x00,0x0f,0xff,0xff,0xf8,0x00,0x00,0x0f,0xff,0xff,0xfe,0x00,0x00,0x0f,0xff,0xff,
0xff,0x80,0x00,0x0f,0xff,0xff,0xff,0xe0,0x00,0x0f,0xff,0xff,0xff,0xf0,0x00,0x0f,0xff,0xff,0xff,0xf8,0x00,0x0f,0xff,0xff,
0xff,0xfc,0x00,0x0f,0xf8,0x01,0xff,0xfe,0x00,0x0f,0xf8,0x00,0x1f,0xfe,0x00,0x0f,0xf8,0x00,0x0f,0xff,0x00,0x0f,0xf8,0x00,
0x03,0xff,0x00,0x0f,0xf8,0x00,0x01,0xff,0x80,0x0f,0xf8,0x00,0x01,0xff,0x80,0x0f,0xf8,0x00,0x00,0xff,0x80,0x0f,0xf8,0x00,
0x00,0xff,0x80,0x0f,0xf8,0x00,0x00,0xff,0xc0,0xff,0xff,0xfe,0x00,0x7f,0xc0,0xff,0xff,0xfe,0x00,0x7f,0xc0,0xff,0xff,0xfe,
0x00,0x7f,0xc0,0xff,0xff,0xfe,0x00,0x7f,0xc0,0xff,0xff,0xfe,0x00,0x7f,0xc0,0xff,0xff,0xfe,0x00,0x7f,0xc0,0xff,0xff,0xfe,
0x00,0x7f,0xc0,0xff,0xff,0xfe,0x00,0x7f,0xc0,0x0f,0xf8,0x00,0x00,0x7f,0xc0,0x0f,0xf8,0x00,0x00,0xff,0xc0,0x0f,0xf8,0x00,
0x00,0xff,0x80,0x0f,0xf8,0x00,0x00,0xff,0x80,0x0f,0xf8,0x00,0x01,0xff,0x80,0x0f,0xf8,0x00,0x01,0xff,0x80,0x0f,0xf8,0x00,
0x03,0xff,0x00,0x0f,0xf8,0x00,0x07,0xff,0x00,0x0f,0xf8,0x00,0x1f,0xfe,0x00,0x0f,0xf8,0x01,0xff,0xfe,0x00,0x0f,0xff,0xff,
0xff,0xfc,0x00,0x0f,0xff,0xff,0xff,0xf8,0x00,0x0f,0xff,0xff,0xff,0xf0,0x00,0x0f,0xff,0xff,0xff,0xe0,0x00,0x0f,0xff,0xff,
0xff,0x80,0x00,0x0f,0xff,0xff,0xfe,0x00,0x00,0x0f,0xff,0xff,0xf8,0x00,0x00,0x0f,0xff,0xff,0x80,0x00,0x00,0x00,0x00,0x00,
0xff,0x80,0x00,0x00,0x00,0xff,0x80,0x00,0x00,0x00,0xff,0x80,0x00,0x00,0x00,0xff,0x80,0x00,0x00,0x00,0xff,0x80,0x00,0x00,
0x00,0xff,0x80,0x00,0x01,0xff,0xff,0xfc,0x00,0x01,0xff,0xff,0xfc,0x00,0x01,0xff,0xff,0xfc,0x00,0x01,0xff,0xff,0xfc,0x00,
0x01,0xff,0xff,0xfc,0x00,0x00,0x00,0xff,0x80,0x00,0x00,0x00,0xff,0x80,0x00,0x3f,0xc0,0xff,0x80,0x00,0xff,0xf0,0xff,0x80,
0x03,0xff,0xfc,0xff,0x80,0x07,0xff,0xfe,0xff,0x80,0x0f,0xff,0xfe,0xff,0x80,0x1f,0xff,0xff,0xff,0x80,0x1f,0xff,0xff,0xff,
0x80,0x3f,0xfc,0x1f,0xff,0x80,0x7f,0xf0,0x07,0xff,0x80,0x7f,0xe0,0x03,0xff,0x80,0x7f,0xc0,0x01,0xff,0x80,0x7f,0xc0,0x01,
0xff,0x80,0xff,0xc0,0x01,0xff,0x80,0xff,0x80,0x00,0xff,0x80,0xff,0x80,0x00,0xff,0x80,0xff,0x80,0x00,0xff,0x80,0xff,0x80,
0x00,0xff,0x80,0xff,0x80,0x00,0xff,0x80,0xff,0x80,0x00,0xff,0x80,0xff,0x80,0x00,0xff,0x80,0xff,0x80,0x00,0xff,0x80,0xff,
0xc0,0x01,0xff,0x80,0x7f,0xc0,0x01,0xff,0x80,0x7f,0xe0,0x01,0xff,0x80,0x7f,0xe0,0x03,0xff,0x80,0x3f,0xf0,0x07,0xff,0x80,
0x3f,0xfc,0x1f,0xff,0x80,0x1f,0xff,0xff,0xff,0x80,0x1f,0xff,0xff,0xff,0x80,0x0f,0xff,0xff,0xff,0x80,0x07,0xff,0xfe,0xff,
0x80,0x03,0xff,0xfc,0x7f,0xc0,0x00,0xff,0xf0,0x7f,0xc0,0x00,0x3f,0x80,0x00,0x00,0x01,0xff,0xff,0xc0,0x01,0xff,0xff,0xc0,
0x01,0xff,0xff,0xc0,0x01,0xff,0xff,0xc0,0x01,0xff,0xff,0xc0,0x01,0xff,0xff,0xc0,0x00,0x00,0x00,0x00,0x00,0x00,0x00,0x00,
0x00,0x00,0x00,0x00,0x00,0x00,0x00,0x00,0x00,0x00,0x00,0x00,0x00,0x00,0x00,0x00,0xff,0xff,0xff,0xff,0xff,0xff,0xff,0xff,
0xff,0xff,0xff,0xff,0xff,0xff,0xff,0xff,0xff,0xff,0xff,0xff,0xff,0xff,0xff,0xff,0xff,0xff,0xff,0xff,0xff,0xff,0xff,0xff,
0xff,0x80,0x00,0x00,0xff,0x80,0x00,0x00,0xff,0x80,0x00,0x00,0xff,0x80,0x00,0x00,0xff,0x80,0x00,0x00,0xff,0x80,0x00,0x00,
0xff,0x80,0x00,0x00,0xff,0x80,0x00,0x00,0xff,0x80,0x00,0x00,0xff,0xff,0xff,0x00,0xff,0xff,0xff,0x00,0xff,0xff,0xff,0x00,
0xff,0xff,0xff,0x00,0xff,0xff,0xff,0x00,0xff,0xff,0xff,0x00,0xff,0xff,0xff,0x00,0xff,0xff,0xff,0x00,0xff,0x80,0x00,0x00,
0xff,0x80,0x00,0x00,0xff,0x80,0x00,0x00,0xff,0x80,0x00,0x00,0xff,0x80,0x00,0x00,0xff,0x80,0x00,0x00,0xff,0x80,0x00,0x00,
0xff,0x80,0x00,0x00,0xff,0x80,0x00,0x00,0xff,0x80,0x00,0x00,0xff,0xff,0xff,0xff,0xff,0xff,0xff,0xff,0xff,0xff,0xff,0xff,
0xff,0xff,0xff,0xff,0xff,0xff,0xff,0xff,0xff,0xff,0xff,0xff,0xff,0xff,0xff,0xff,0xff,0xff,0xff,0xff,0x00,0xff,0xff,0xe0,
0x00,0x00,0xff,0xff,0xe0,0x00,0x00,0xff,0xff,0xe0,0x00,0x00,0xff,0xff,0xe0,0x00,0x00,0xff,0xff,0xe0,0x00,0x00,0xff,0xff,
0xe0,0x00,0x00,0x00,0x00,0x00,0x00,0x00,0x00,0x00,0x00,0x00,0x00,0x00,0x00,0x00,0x00,0x00,0x00,0x00,0x00,0x00,0x00,0x0f,
0xf8,0x00,0x00,0x00,0x3f,0xff,0x00,0x00,0x00,0xff,0xff,0xc0,0x00,0x03,0xff,0xff,0xe0,0x00,0x07,0xff,0xff,0xf0,0x00,0x0f,
0xff,0xff,0xf8,0x00,0x1f,0xff,0xff,0xfc,0x00,0x1f,0xfc,0x0f,0xfc,0x00,0x3f,0xf0,0x03,0xfe,0x00,0x7f,0xe0,0x01,0xfe,0x00,
0x7f,0xc0,0x00,0xff,0x00,0x7f,0xc0,0x00,0xff,0x00,0xff,0xc0,0x00,0x7f,0x00,0xff,0x80,0x00,0x7f,0x80,0xff,0xff,0xff,0xff,
0x80,0xff,0xff,0xff,0xff,0x80,0xff,0xff,0xff,0xff,0x80,0xff,0xff,0xff,0xff,0x80,0xff,0xff,0xff,0xff,0x80,0xff,0x80,0x00,
0x00,0x00,0xff,0x80,0x00,0x00,0x00,0xff,0xc0,0x00,0x00,0x00,0x7f,0xc0,0x00,0x00,0x00,0x7f,0xe0,0x00,0x00,0x00,0x7f,0xf0,
0x00,0x80,0x00,0x3f,0xf8,0x01,0xe0,0x00,0x3f,0xfc,0x07,0xfc,0x00,0x1f,0xff,0xff,0xfe,0x00,0x0f,0xff,0xff,0xfc,0x00,0x07,
0xff,0xff,0xf8,0x00,0x03,0xff,0xff,0xf0,0x00,0x01,0xff,0xff,0xc0,0x00,0x00,0x7f,0xff,0x80,0x00,0x00,0x0f,0xfc,0x00,0x00,
0xff,0xff,0xff,0xe0,0xc0,0x00,0x00,0x60,0xc0,0x00,0x00,0x60,0xe0,0x00,0x00,0xe0,0xb0,0x00,0x01,0xa0,0x90,0x00,0x01,0x20,
0x98,0x00,0x03,0x20,0x88,0x00,0x02,0x20,0x8c,0x00,0x06,0x20,0x86,0x00,0x0c,0x20,0x86,0x00,0x08,0x20,0x83,0x00,0x18,0x20,
0x81,0x00,0x30,0x20,0x81,0x80,0x30,0x20,0x80,0xc0,0x60,0x20,0x80,0xc0,0x40,0x20,0x80,0x60,0xc0,0x20,0x80,0x21,0x80,0x20,
0x80,0x31,0x80,0x20,0x80,0x1b,0x00,0x20,0x80,0x1b,0x00,0x20,0x80,0x0e,0x00,0x20,0x80,0x04,0x00,0x20,0x80,0x0e,0x00,0x20,
0x80,0x1a,0x00,0x20,0x80,0x1b,0x00,0x20,0x80,0x31,0x80,0x20,0x80,0x20,0x80,0x20,0x80,0x60,0xc0,0x20,0x80,0x40,0x40,0x20,
0x80,0xc0,0x60,0x20,0x81,0x80,0x30,0x20,0x81,0x00,0x10,0x20,0x83,0x00,0x18,0x20,0x82,0x00,0x08,0x20,0x86,0x00,0x0c,0x20,
0x8c,0x00,0x06,0x20,0x88,0x00,0x02,0x20,0x98,0x00,0x03,0x20,0x90,0x00,0x01,0x20,0xb0,0x00,0x01,0xa0,0xe0,0x00,0x00,0xe0,
0xc0,0x00,0x00,0x60,0xc0,0x00,0x00,0x60,0xff,0xff,0xff,0xe0,0xff,0xff,0xff,0xe0,0xc0,0x00,0x00,0x60,0xc0,0x00,0x00,0x60,
0xe0,0x00,0x00,0xe0,0xb0,0x00,0x01,0xa0,0x90,0x00,0x01,0x20,0x98,0x00,0x03,0x20,0x88,0x00,0x02,0x20,0x8c,0x00,0x06,0x20,
0x86,0x00,0x0c,0x20,0x86,0x00,0x08,0x20,0x83,0x00,0x18,0x20,0x81,0x00,0x30,0x20,0x81,0x80,0x30,0x20,0x80,0xc0,0x60,0x20,
0x80,0xc0,0x40,0x20,0x80,0x60,0xc0,0x20,0x80,0x21,0x80,0x20,0x80,0x31,0x80,0x20,0x80,0x1b,0x00,0x20,0x80,0x1b,0x00,0x20,
0x80,0x0e,0x00,0x20,0x80,0x04,0x00,0x20,0x80,0x0e,0x00,0x20,0x80,0x1a,0x00,0x20,0x80,0x1b,0x00,0x20,0x80,0x31,0x80,0x20,
0x80,0x20,0x80,0x20,0x80,0x60,0xc0,0x20,0x80,0x40,0x40,0x20,0x80,0xc0,0x60,0x20,0x81,0x80,0x30,0x20,0x81,0x00,0x10,0x20,
0x83,0x00,0x18,0x20,0x82,0x00,0x08,0x20,0x86,0x00,0x0c,0x20,0x8c,0x00,0x06,0x20,0x88,0x00,0x02,0x20,0x98,0x00,0x03,0x20,
0x90,0x00,0x01,0x20,0xb0,0x00,0x01,0xa0,0xe0,0x00,0x00,0xe0,0xc0,0x00,0x00,0x60,0xc0,0x00,0x00,0x60,0xff,0xff,0xff,0xe0,
0x00,0x03,0xe0,0x00,0x00,0x07,0xf0,0x00,0x00,0x0f,0xf8,0x00,0x00,0x0f,0xf8,0x00,0x00,0x0f,0xf8,0x00,0x00,0x0f,0xf8,0x00,
0x00,0x0f,0xf8,0x00,0x00,0x07,0xf0,0x00,0x00,0x03,0xe0,0x00,0x00,0x00,0x00,0x00,0x00,0x00,0x00,0x00,0x00,0x00,0x00,0x00,
0x00,0x00,0x00,0x00,0xff,0xff,0xff,0xff,0xff,0xff,0xff,0xff,0xff,0xff,0xff,0xff,0xff,0xff,0xff,0xff,0xff,0xff,0xff,0xff,
0xff,0xff,0xff,0xff,0xff,0xff,0xff,0xff,0xff,0xff,0xff,0xff,0xff,0x80,0x00,0x00,0xff,0x80,0x00,0x00,0xff,0x80,0x00,0x00,
0xff,0x80,0x00,0x00,0xff,0x80,0x00,0x00,0xff,0x80,0x00,0x00,0xff,0x80,0x00,0x00,0xff,0x80,0x00,0x00,0xff,0x80,0x00,0x00,
0xff,0xff,0xff,0x00,0xff,0xff,0xff,0x00,0xff,0xff,0xff,0x00,0xff,0xff,0xff,0x00,0xff,0xff,0xff,0x00,0xff,0xff,0xff,0x00,
0xff,0xff,0xff,0x00,0xff,0xff,0xff,0x00,0xff,0x80,0x00,0x00,0xff,0x80,0x00,0x00,0xff,0x80,0x00,0x00,0xff,0x80,0x00,0x00,
0xff,0x80,0x00,0x00,0xff,0x80,0x00,0x00,0xff,0x80,0x00,0x00,0xff,0x80,0x00,0x00,0xff,0x80,0x00,0x00,0xff,0x80,0x00,0x00,
0xff,0xff,0xff,0xff,0xff,0xff,0xff,0xff,0xff,0xff,0xff,0xff,0xff,0xff,0xff,0xff,0xff,0xff,0xff,0xff,0xff,0xff,0xff,0xff,
0xff,0xff,0xff,0xff,0xff,0xff,0xff,0xff,0x00,0x01,0xf0,0x00,0x00,0x00,0x03,0xf8,0x00,0x00,0x00,0x07,0xfc,0x00,0x00,0x00,
0x07,0xfc,0x00,0x00,0x00,0x07,0xfc,0x00,0x00,0x00,0x07,0xfc,0x00,0x00,0x00,0x07,0xfc,0x00,0x00,0x00,0x03,0xf8,0x00,0x00,
0x00,0x01,0xf0,0x00,0x00,0x00,0x00,0x00,0x00,0x00,0x00,0x00,0x00,0x00,0x00,0x00,0x00,0x00,0x00,0x00,0x00,0x00,0x00,0x00,
0x00,0x00,0x0f,0xf8,0x00,0x00,0x00,0x3f,0xff,0x00,0x00,0x00,0xff,0xff,0xc0,0x00,0x03,0xff,0xff,0xe0,0x00,0x07,0xff,0xff,
0xf0,0x00,0x0f,0xff,0xff,0xf8,0x00,0x1f,0xff,0xff,0xfc,0x00,0x1f,0xfc,0x0f,0xfc,0x00,0x3f,0xf0,0x03,0xfe,0x00,0x7f,0xe0,
0x01,0xfe,0x00,0x7f,0xc0,0x00,0xff,0x00,0x7f,0xc0,0x00,0xff,0x00,0xff,0x80,0x00,0xff,0x00,0xff,0x80,0x00,0x7f,0x80,0xff,
0xff,0xff,0xff,0x80,0xff,0xff,0xff,0xff,0x80,0xff,0xff,0xff,0xff,0x80,0xff,0xff,0xff,0xff,0x80,0xff,0xff,0xff,0xff,0x80,
0xff,0x80,0x00,0x00,0x00,0xff,0x80,0x00,0x00,0x00,0xff,0xc0,0x00,0x00,0x00,0x7f,0xc0,0x00,0x00,0x00,0x7f,0xe0,0x00,0x00,
0x00,0x7f,0xf0,0x00,0x80,0x00,0x3f,0xf8,0x03,0xe0,0x00,0x3f,0xfc,0x0f,0xfc,0x00,0x1f,0xff,0xff,0xfe,0x00,0x0f,0xff,0xff,
0xfc,0x00,0x07,0xff,0xff,0xf8,0x00,0x03,0xff,0xff,0xf0,0x00,0x01,0xff,0xff,0xc0,0x00,0x00,0x7f,0xff,0x00,0x00,0x00,0x0f,
0xfc,0x00,0x00,0xff,0xff,0xff,0xff,0xff,0xff,0xff,0xff,0xff,0xff,0xff,0xff,0xff,0xff,0xff,0xff,0xff,0xff,0xff,0xff,0xff,
0xff,0xff,0xff,0xff,0xff,0xff,0xff,0xff,0xff,0xff,0xff,0xff,0x80,0x00,0x00,0xff,0x80,0x00,0x00,0xff,0x80,0x00,0x00,0xff,
0x80,0x00,0x00,0xff,0x80,0x00,0x00,0xff,0x80,0x00,0x00,0xff,0x80,0x00,0x00,0xff,0x80,0x00,0x00,0xff,0x80,0x00,0x00,0xff,
0xff,0xff,0x00,0xff,0xff,0xff,0x00,0xff,0xff,0xff,0x00,0xff,0xff,0xff,0x00,0xff,0xff,0xff,0x00,0xff,0xff,0xff,0x00,0xff,
0xff,0xff,0x00,0xff,0xff,0xff,0x00,0xff,0x80,0x00,0x00,0xff,0x80,0x00,0x00,0xff,0x80,0x00,0x00,0xff,0x80,0x00,0x00,0xff,
0x80,0x00,0x00,0xff,0x80,0x00,0x00,0xff,0x80,0x00,0x00,0xff,0x80,0x00,0x00,0xff,0x80,0x00,0x00,0xff,0x80,0x00,0x00,0xff,
0xff,0xff,0xff,0xff,0xff,0xff,0xff,0xff,0xff,0xff,0xff,0xff,0xff,0xff,0xff,0xff,0xff,0xff,0xff,0xff,0xff,0xff,0xff,0xff,
0xff,0xff,0xff,0xff,0xff,0xff,0xff,0x00,0x00,0x03,0xfc,0x00,0x00,0x07,0xf8,0x00,0x00,0x0f,0xe0,0x00,0x00,0x1f,0xc0,0x00,
0x00,0x1f,0xc0,0x00,0x00,0x1f,0xc0,0x00,0x00,0x1f,0xc0,0x00,0x00,0x1f,0xff,0x00,0x00,0x0f,0xff,0x00,0x00,0x07,0xff,0x00,
0x00,0x03,0xff,0x00,0x00,0x00,0x10,0x00,0x0f,0xf8,0x00,0x00,0x00,0x3f,0xff,0x00,0x00,0x00,0xff,0xff,0xc0,0x00,0x03,0xff,
0xff,0xe0,0x00,0x07,0xff,0xff,0xf0,0x00,0x0f,0xff,0xff,0xf8,0x00,0x1f,0xff,0xff,0xfc,0x00,0x1f,0xfc,0x0f,0xfc,0x00,0x3f,
0xf0,0x03,0xfe,0x00,0x7f,0xe0,0x01,0xfe,0x00,0x7f,0xc0,0x01,0xff,0x00,0x7f,0xc0,0x00,0xff,0x00,0xff,0x80,0x00,0xff,0x00,
0xff,0x80,0x00,0xff,0x80,0xff,0xff,0xff,0xff,0x80,0xff,0xff,0xff,0xff,0x80,0xff,0xff,0xff,0xff,0x80,0xff,0xff,0xff,0xff,
0x80,0xff,0xff,0xff,0xff,0x80,0xff,0x80,0x00,0x00,0x00,0xff,0x80,0x00,0x00,0x00,0xff,0xc0,0x00,0x00,0x00,0x7f,0xc0,0x00,
0x00,0x00,0x7f,0xe0,0x00,0x00,0x00,0x7f,0xe0,0x01,0x00,0x00,0x3f,0xf0,0x03,0xe0,0x00,0x3f,0xfc,0x0f,0xf8,0x00,0x1f,0xff,
0xff,0xfe,0x00,0x0f,0xff,0xff,0xfc,0x00,0x07,0xff,0xff,0xf8,0x00,0x03,0xff,0xff,0xf0,0x00,0x01,0xff,0xff,0xe0,0x00,0x00,
0x7f,0xff,0x80,0x00,0x00,0x0f,0xff,0x00,0x00,0x00,0x00,0xfe,0x00,0x00,0x00,0x00,0xfe,0x00,0x00,0x00,0x01,0xfc,0x00,0x00,
0x00,0x01,0xfc,0x00,0x00,0x00,0x01,0xfc,0x00,0x00,0x00,0x01,0xfc,0x00,0x00,0x00,0x01,0xff,0xf0,0x00,0x00,0x00,0xff,0xf0,
0x00,0x00,0x00,0x7f,0xf0,0x00,0x00,0x00,0x3f,0xf0,0x00,0x00,0x00,0x01,0x00,0x00,0x0f,0xf0,0x07,0xf0,0x07,0xf8,0x1f,0xe0,
0x03,0xfc,0x3f,0xc0,0x01,0xfe,0x7f,0x80,0x00,0xff,0xff,0x00,0x00,0x7f,0xfe,0x00,0x00,0x3f,0xfc,0x00,0x00,0x0f,0xf8,0x00,
0x00,0x07,0xf0,0x00,0x00,0x03,0xc0,0x00,0x00,0x00,0x00,0x00,0x00,0x00,0x00,0x00,0x00,0x00,0x00,0x00,0x00,0x00,0x00,0x00,
0xff,0xff,0xff,0xff,0xff,0xff,0xff,0xff,0xff,0xff,0xff,0xff,0xff,0xff,0xff,0xff,0xff,0xff,0xff,0xff,0xff,0xff,0xff,0xff,
0xff,0xff,0xff,0xff,0xff,0xff,0xff,0xff,0xff,0x80,0x00,0x00,0xff,0x80,0x00,0x00,0xff,0x80,0x00,0x00,0xff,0x80,0x00,0x00,
0xff,0x80,0x00,0x00,0xff,0x80,0x00,0x00,0xff,0x80,0x00,0x00,0xff,0x80,0x00,0x00,0xff,0x80,0x00,0x00,0xff,0xff,0xff,0x00,
0xff,0xff,0xff,0x00,0xff,0xff,0xff,0x00,0xff,0xff,0xff,0x00,0xff,0xff,0xff,0x00,0xff,0xff,0xff,0x00,0xff,0xff,0xff,0x00,
0xff,0xff,0xff,0x00,0xff,0x80,0x00,0x00,0xff,0x80,0x00,0x00,0xff,0x80,0x00,0x00,0xff,0x80,0x00,0x00,0xff,0x80,0x00,0x00,
0xff,0x80,0x00,0x00,0xff,0x80,0x00,0x00,0xff,0x80,0x00,0x00,0xff,0x80,0x00,0x00,0xff,0x80,0x00,0x00,0xff,0xff,0xff,0xff,
0xff,0xff,0xff,0xff,0xff,0xff,0xff,0xff,0xff,0xff,0xff,0xff,0xff,0xff,0xff,0xff,0xff,0xff,0xff,0xff,0xff,0xff,0xff,0xff,
0xff,0xff,0xff,0xff,0x07,0xf8,0x07,0xf8,0x00,0x01,0xfc,0x0f,0xf0,0x00,0x00,0xff,0x1f,0xe0,0x00,0x00,0x7f,0xbf,0xc0,0x00,
0x00,0x3f,0xff,0x00,0x00,0x00,0x1f,0xfe,0x00,0x00,0x00,0x0f,0xfc,0x00,0x00,0x00,0x07,0xf8,0x00,0x00,0x00,0x03,0xf0,0x00,
0x00,0x00,0x00,0x40,0x00,0x00,0x00,0x00,0x00,0x00,0x00,0x00,0x00,0x00,0x00,0x00,0x00,0x00,0x00,0x00,0x00,0x00,0x0f,0xf8,
0x00,0x00,0x00,0x3f,0xff,0x00,0x00,0x00,0xff,0xff,0xc0,0x00,0x03,0xff,0xff,0xe0,0x00,0x07,0xff,0xff,0xf0,0x00,0x0f,0xff,
0xff,0xf8,0x00,0x1f,0xff,0xff,0xfc,0x00,0x1f,0xfc,0x0f,0xfc,0x00,0x3f,0xf0,0x03,0xfe,0x00,0x7f,0xe0,0x01,0xfe,0x00,0x7f,
0xc0,0x01,0xff,0x00,0x7f,0xc0,0x00,0xff,0x00,0xff,0x80,0x00,0xff,0x00,0xff,0x80,0x00,0xff,0x80,0xff,0xff,0xff,0xff,0x80,
0xff,0xff,0xff,0xff,0x80,0xff,0xff,0xff,0xff,0x80,0xff,0xff,0xff,0xff,0x80,0xff,0xff,0xff,0xff,0x80,0xff,0x80,0x00,0x00,
0x00,0xff,0x80,0x00,0x00,0x00,0xff,0x80,0x00,0x00,0x00,0x7f,0xc0,0x00,0x00,0x00,0x7f,0xc0,0x00,0x00,0x00,0x7f,0xe0,0x01,
0x00,0x00,0x3f,0xf0,0x03,0xe0,0x00,0x3f,0xfc,0x0f,0xf8,0x00,0x1f,0xff,0xff,0xfc,0x00,0x0f,0xff,0xff,0xfc,0x00,0x07,0xff,
0xff,0xf8,0x00,0x03,0xff,0xff,0xf0,0x00,0x01,0xff,0xff,0xc0,0x00,0x00,0x7f,0xff,0x00,0x00,0x00,0x0f,0xf8,0x00,0x00,0xff,
0xff,0xff,0xe0,0xc0,0x00,0x00,0x60,0xc0,0x00,0x00,0x60,0xe0,0x00,0x00,0xe0,0xb0,0x00,0x01,0xa0,0x90,0x00,0x01,0x20,0x98,
0x00,0x03,0x20,0x88,0x00,0x02,0x20,0x8c,0x00,0x06,0x20,0x86,0x00,0x0c,0x20,0x86,0x00,0x08,0x20,0x83,0x00,0x18,0x20,0x81,
0x00,0x30,0x20,0x81,0x80,0x30,0x20,0x80,0xc0,0x60,0x20,0x80,0xc0,0x40,0x20,0x80,0x60,0xc0,0x20,0x80,0x21,0x80,0x20,0x80,
0x31,0x80,0x20,0x80,0x1b,0x00,0x20,0x80,0x1b,0x00,0x20,0x80,0x0e,0x00,0x20,0x80,0x04,0x00,0x20,0x80,0x0e,0x00,0x20,0x80,
0x1a,0x00,0x20,0x80,0x1b,0x00,0x20,0x80,0x31,0x80,0x20,0x80,0x20,0x80,0x20,0x80,0x60,0xc0,0x20,0x80,0x40,0x40,0x20,0x80,
0xc0,0x60,0x20,0x81,0x80,0x30,0x20,0x81,0x00,0x10,0x20,0x83,0x00,0x18,0x20,0x82,0x00,0x08,0x20,0x86,0x00,0x0c,0x20,0x8c,
0x00,0x06,0x20,0x88,0x00,0x02,0x20,0x98,0x00,0x03,0x20,0x90,0x00,0x01,0x20,0xb0,0x00,0x01,0xa0,0xe0,0x00,0x00,0xe0,0xc0,
0x00,0x00,0x60,0xc0,0x00,0x00,0x60,0xff,0xff,0xff,0xe0,0xff,0xff,0xff,0xe0,0xc0,0x00,0x00,0x60,0xc0,0x00,0x00,0x60,0xe0,
0x00,0x00,0xe0,0xb0,0x00,0x01,0xa0,0x90,0x00,0x01,0x20,0x98,0x00,0x03,0x20,0x88,0x00,0x02,0x20,0x8c,0x00,0x06,0x20,0x86,
0x00,0x0c,0x20,0x86,0x00,0x08,0x20,0x83,0x00,0x18,0x20,0x81,0x00,0x30,0x20,0x81,0x80,0x30,0x20,0x80,0xc0,0x60,0x20,0x80,
0xc0,0x40,0x20,0x80,0x60,0xc0,0x20,0x80,0x21,0x80,0x20,0x80,0x31,0x80,0x20,0x80,0x1b,0x00,0x20,0x80,0x1b,0x00,0x20,0x80,
0x0e,0x00,0x20,0x80,0x04,0x00,0x20,0x80,0x0e,0x00,0x20,0x80,0x1a,0x00,0x20,0x80,0x1b,0x00,0x20,0x80,0x31,0x80,0x20,0x80,
0x20,0x80,0x20,0x80,0x60,0xc0,0x20,0x80,0x40,0x40,0x20,0x80,0xc0,0x60,0x20,0x81,0x80,0x30,0x20,0x81,0x00,0x10,0x20,0x83,
0x00,0x18,0x20,0x82,0x00,0x08,0x20,0x86,0x00,0x0c,0x20,0x8c,0x00,0x06,0x20,0x88,0x00,0x02,0x20,0x98,0x00,0x03,0x20,0x90,
0x00,0x01,0x20,0xb0,0x00,0x01,0xa0,0xe0,0x00,0x00,0xe0,0xc0,0x00,0x00,0x60,0xc0,0x00,0x00,0x60,0xff,0xff,0xff,0xe0,0x00,
0x0f,0x80,0x7c,0x00,0x00,0x00,0x0f,0xc0,0xfc,0x00,0x00,0x00,0x0f,0xe1,0xfc,0x00,0x00,0x00,0x07,0xff,0xf8,0x00,0x00,0x00,
0x07,0xff,0xf8,0x00,0x00,0x00,0x03,0xff,0xf0,0x00,0x00,0x00,0x01,0xff,0xe0,0x00,0x00,0x00,0x00,0x7f,0x00,0x00,0x00,0x00,
0x00,0x00,0x00,0x00,0x00,0x00,0x00,0x00,0x00,0x00,0x00,0x00,0x00,0x00,0x00,0x00,0x00,0x00,0x00,0xff,0xe0,0x00,0x00,0x00,
0x07,0xff,0xfc,0x00,0x00,0x00,0x1f,0xff,0xff,0x00,0x00,0x00,0x7f,0xff,0xff,0xc0,0x00,0x00,0xff,0xff,0xff,0xe0,0x00,0x01,
0xff,0xff,0xff,0xf0,0x00,0x03,0xff,0xff,0xff,0xf8,0x00,0x07,0xff,0xff,0xff,0xfc,0x00,0x0f,0xff,0xc0,0x7f,0xfe,0x00,0x1f,
0xff,0x00,0x0f,0xfe,0x00,0x1f,0xfe,0x00,0x07,0xf8,0x00,0x3f,0xfc,0x00,0x03,0xc0,0x00,0x3f,0xf8,0x00,0x00,0x00,0x00,0x7f,
0xf0,0x00,0x00,0x00,0x00,0x7f,0xf0,0x00,0x00,0x00,0x00,0x7f,0xe0,0x00,0x00,0x00,0x00,0x7f,0xe0,0x00,0x00,0x00,0x00,0xff,
0xc0,0x00,0x00,0x00,0x00,0xff,0xc0,0x00,0x00,0x00,0x00,0xff,0xc0,0x00,0x00,0x00,0x00,0xff,0xc0,0x03,0xff,0xff,0x80,0xff,
0xc0,0x03,0xff,0xff,0x80,0xff,0xc0,0x03,0xff,0xff,0x80,0xff,0xc0,0x03,0xff,0xff,0x80,0xff,0xc0,0x03,0xff,0xff,0x80,0xff,
0xc0,0x03,0xff,0xff,0x80,0xff,0xc0,0x03,0xff,0xff,0x80,0xff,0xe0,0x00,0x00,0xff,0x80,0x7f,0xe0,0x00,0x00,0xff,0x80,0x7f,
0xe0,0x00,0x00,0xff,0x80,0x7f,0xf0,0x00,0x00,0xff,0x80,0x7f,0xf0,0x00,0x00,0xff,0x80,0x3f,0xf8,0x00,0x01,0xff,0x80,0x3f,
0xfc,0x00,0x03,0xff,0x80,0x1f,0xfe,0x00,0x07,0xff,0x80,0x1f,0xff,0x00,0x0f,0xff,0x80,0x0f,0xff,0xc0,0x3f,0xff,0x80,0x0f,
0xff,0xff,0xff,0xff,0x80,0x07,0xff,0xff,0xff,0xff,0x80,0x03,0xff,0xff,0xff,0xff,0x80,0x01,0xff,0xff,0xff,0xbf,0x80,0x00,
0xff,0xff,0xff,0x3f,0x80,0x00,0x3f,0xff,0xfc,0x1f,0x80,0x00,0x0f,0xff,0xf8,0x1f,0x80,0x00,0x01,0xff,0xc0,0x00,0x00,0x00,
0xf8,0x07,0xe0,0x00,0x00,0xfc,0x07,0xe0,0x00,0x00,0xfe,0x1f,0xc0,0x00,0x00,0x7f,0xff,0xc0,0x00,0x00,0x7f,0xff,0x80,0x00,
0x00,0x3f,0xff,0x00,0x00,0x00,0x1f,0xfe,0x00,0x00,0x00,0x07,0xf8,0x00,0x00,0x00,0x00,0x00,0x00,0x00,0x00,0x00,0x00,0x00,
0x00,0x00,0x00,0x00,0x00,0x00,0x00,0x00,0x00,0x00,0x00,0x00,0x3f,0x80,0x00,0x00,0x00,0xff,0xf0,0x7f,0x80,0x03,0xff,0xf8,
0x7f,0x80,0x07,0xff,0xfe,0x7f,0x80,0x0f,0xff,0xfe,0xff,0x80,0x1f,0xff,0xff,0xff,0x80,0x3f,0xff,0xff,0xff,0x80,0x3f,0xfc,
0x0f,0xff,0x80,0x7f,0xf0,0x07,0xff,0x80,0x7f,0xe0,0x03,0xff,0x80,0x7f,0xc0,0x01,0xff,0x80,0xff,0xc0,0x00,0xff,0x80,0xff,
0x80,0x00,0xff,0x80,0xff,0x80,0x00,0xff,0x80,0xff,0x80,0x00,0xff,0x80,0xff,0x80,0x00,0xff,0x80,0xff,0x80,0x00,0xff,0x80,
0xff,0x80,0x00,0xff,0x80,0xff,0x80,0x00,0xff,0x80,0xff,0x80,0x00,0xff,0x80,0xff,0xc0,0x00,0xff,0x80,0x7f,0xc0,0x01,0xff,
0x80,0x7f,0xe0,0x01,0xff,0x80,0x7f,0xf0,0x03,0xff,0x80,0x3f,0xfc,0x0f,0xff,0x80,0x3f,0xff,0xff,0xff,0x80,0x1f,0xff,0xff,
0xff,0x80,0x0f,0xff,0xfe,0xff,0x80,0x07,0xff,0xfe,0xff,0x80,0x03,0xff,0xf8,0xff,0x80,0x00,0xff,0xf0,0xff,0x80,0x00,0x3f,
0x80,0xff,0x80,0x00,0x00,0x00,0xff,0x80,0x00,0x00,0x00,0xff,0x80,0x00,0x00,0x00,0xff,0x80,0x00,0x00,0x01,0xff,0x80,0x00,
0xe0,0x01,0xff,0x00,0x07,0xf0,0x03,0xff,0x00,0x1f,0xfc,0x0f,0xff,0x00,0x1f,0xff,0xff,0xfe,0x00,0x0f,0xff,0xff,0xfc,0x00,
0x07,0xff,0xff,0xfc,0x00,0x03,0xff,0xff,0xf8,0x00,0x01,0xff,0xff,0xe0,0x00,0x00,0x7f,0xff,0x80,0x00,0x00,0x0f,0xfc,0x00,
0x00,0x00,0x00,0x3e,0x00,0x00,0x00,0x00,0x00,0x7f,0x00,0x00,0x00,0x00,0x00,0xff,0x80,0x00,0x00,0x00,0x00,0xff,0x80,0x00,
0x00,0x00,0x00,0xff,0x80,0x00,0x00,0x00,0x00,0xff,0x80,0x00,0x00,0x00,0x00,0xff,0x80,0x00,0x00,0x00,0x00,0x7f,0x00,0x00,
0x00,0x00,0x00,0x3e,0x00,0x00,0x00,0x00,0x00,0x00,0x00,0x00,0x00,0x00,0x00,0x00,0x00,0x00,0x00,0x00,0x00,0x00,0x00,0x00,
0x00,0x00,0x00,0xff,0xe0,0x00,0x00,0x00,0x07,0xff,0xfc,0x00,0x00,0x00,0x1f,0xff,0xff,0x00,0x00,0x00,0x7f,0xff,0xff,0xc0,
0x00,0x00,0xff,0xff,0xff,0xe0,0x00,0x01,0xff,0xff,0xff,0xf0,0x00,0x03,0xff,0xff,0xff,0xf8,0x00,0x07,0xff,0xff,0xff,0xfc,
0x00,0x0f,0xff,0xc0,0x7f,0xfe,0x00,0x1f,0xff,0x00,0x0f,0xfe,0x00,0x1f,0xfe,0x00,0x07,0xf8,0x00,0x3f,0xfc,0x00,0x03,0xc0,
0x00,0x3f,0xf8,0x00,0x00,0x00,0x00,0x7f,0xf0,0x00,0x00,0x00,0x00,0x7f,0xf0,0x00,0x00,0x00,0x00,0x7f,0xe0,0x00,0x00,0x00,
0x00,0x7f,0xe0,0x00,0x00,0x00,0x00,0xff,0xc0,0x00,0x00,0x00,0x00,0xff,0xc0,0x00,0x00,0x00,0x00,0xff,0xc0,0x00,0x00,0x00,
0x00,0xff,0xc0,0x07,0xff,0xff,0x80,0xff,0xc0,0x07,0xff,0xff,0x80,0xff,0xc0,0x07,0xff,0xff,0x80,0xff,0xc0,0x07,0xff,0xff,
0x80,0xff,0xc0,0x07,0xff,0xff,0x80,0xff,0xc0,0x07,0xff,0xff,0x80,0xff,0xc0,0x07,0xff,0xff,0x80,0xff,0xe0,0x00,0x00,0xff,
0x80,0x7f,0xe0,0x00,0x00,0xff,0x80,0x7f,0xe0,0x00,0x00,0xff,0x80,0x7f,0xf0,0x00,0x00,0xff,0x80,0x7f,0xf0,0x00,0x00,0xff,
0x80,0x3f,0xf8,0x00,0x01,0xff,0x80,0x3f,0xfc,0x00,0x03,0xff,0x80,0x1f,0xfe,0x00,0x07,0xff,0x80,0x1f,0xff,0x00,0x0f,0xff,
0x80,0x0f,0xff,0xc0,0x3f,0xff,0x80,0x0f,0xff,0xff,0xff,0xff,0x80,0x07,0xff,0xff,0xff,0xff,0x80,0x03,0xff,0xff,0xff,0xff,
0x80,0x01,0xff,0xff,0xff,0xbf,0x80,0x00,0xff,0xff,0xff,0x3f,0x80,0x00,0x3f,0xff,0xfc,0x1f,0x80,0x00,0x0f,0xff,0xf8,0x1f,
0x80,0x00,0x01,0xff,0xc0,0x00,0x00,0x00,0x01,0xf0,0x00,0x00,0x00,0x03,0xf8,0x00,0x00,0x00,0x07,0xfc,0x00,0x00,0x00,0x07,
0xfc,0x00,0x00,0x00,0x07,0xfc,0x00,0x00,0x00,0x07,0xfc,0x00,0x00,0x00,0x07,0xfc,0x00,0x00,0x00,0x03,0xf8,0x00,0x00,0x00,
0x01,0xf0,0x00,0x00,0x00,0x00,0x00,0x00,0x00,0x00,0x00,0x00,0x00,0x00,0x00,0x00,0x00,0x00,0x00,0x00,0x00,0x00,0x00,0x00,
0x00,0x3f,0x80,0x00,0x00,0x00,0xff,0xf0,0x7f,0x80,0x03,0xff,0xf8,0x7f,0x80,0x07,0xff,0xfe,0x7f,0x80,0x0f,0xff,0xfe,0xff,
0x80,0x1f,0xff,0xff,0xff,0x80,0x3f,0xff,0xff,0xff,0x80,0x3f,0xfc,0x0f,0xff,0x80,0x7f,0xf0,0x07,0xff,0x80,0x7f,0xe0,0x03,
0xff,0x80,0x7f,0xc0,0x01,0xff,0x80,0xff,0xc0,0x00,0xff,0x80,0xff,0x80,0x00,0xff,0x80,0xff,0x80,0x00,0xff,0x80,0xff,0x80,
0x00,0xff,0x80,0xff,0x80,0x00,0xff,0x80,0xff,0x80,0x00,0xff,0x80,0xff,0x80,0x00,0xff,0x80,0xff,0x80,0x00,0xff,0x80,0xff,
0x80,0x00,0xff,0x80,0xff,0xc0,0x00,0xff,0x80,0x7f,0xc0,0x01,0xff,0x80,0x7f,0xe0,0x01,0xff,0x80,0x7f,0xf0,0x03,0xff,0x80,
0x3f,0xfc,0x0f,0xff,0x80,0x3f,0xff,0xff,0xff,0x80,0x1f,0xff,0xff,0xff,0x80,0x0f,0xff,0xfe,0xff,0x80,0x07,0xff,0xfe,0xff,
0x80,0x03,0xff,0xf8,0xff,0x80,0x00,0xff,0xf0,0xff,0x80,0x00,0x3f,0x80,0xff,0x80,0x00,0x00,0x00,0xff,0x80,0x00,0x00,0x00,
0xff,0x80,0x00,0x00,0x00,0xff,0x80,0x00,0x00,0x01,0xff,0x80,0x00,0xe0,0x01,0xff,0x00,0x07,0xf0,0x03,0xff,0x00,0x1f,0xfc,
0x0f,0xff,0x00,0x1f,0xff,0xff,0xfe,0x00,0x0f,0xff,0xff,0xfc,0x00,0x07,0xff,0xff,0xfc,0x00,0x03,0xff,0xff,0xf8,0x00,0x01,
0xff,0xff,0xe0,0x00,0x00,0x7f,0xff,0x80,0x00,0x00,0x0f,0xfc,0x00,0x00,0x00,0x00,0xff,0xe0,0x00,0x00,0x00,0x07,0xff,0xfc,
0x00,0x00,0x00,0x1f,0xff,0xff,0x00,0x00,0x00,0x7f,0xff,0xff,0xc0,0x00,0x00,0xff,0xff,0xff,0xe0,0x00,0x01,0xff,0xff,0xff,
0xf0,0x00,0x03,0xff,0xff,0xff,0xf8,0x00,0x07,0xff,0xff,0xff,0xfc,0x00,0x0f,0xff,0xc0,0x7f,0xfe,0x00,0x1f,0xff,0x00,0x0f,
0xfe,0x00,0x1f,0xfe,0x00,0x07,0xf8,0x00,0x3f,0xfc,0x00,0x03,0xc0,0x00,0x3f,0xf8,0x00,0x00,0x00,0x00,0x7f,0xf0,0x00,0x00,
0x00,0x00,0x7f,0xf0,0x00,0x00,0x00,0x00,0x7f,0xe0,0x00,0x00,0x00,0x00,0x7f,0xe0,0x00,0x00,0x00,0x00,0xff,0xc0,0x00,0x00,
0x00,0x00,0xff,0xc0,0x00,0x00,0x00,0x00,0xff,0xc0,0x00,0x00,0x00,0x00,0xff,0xc0,0x07,0xff,0xff,0x80,0xff,0xc0,0x07,0xff,
0xff,0x80,0xff,0xc0,0x07,0xff,0xff,0x80,0xff,0xc0,0x07,0xff,0xff,0x80,0xff,0xc0,0x07,0xff,0xff,0x80,0xff,0xc0,0x07,0xff,
0xff,0x80,0xff,0xc0,0x07,0xff,0xff,0x80,0xff,0xe0,0x00,0x00,0xff,0x80,0x7f,0xe0,0x00,0x00,0xff,0x80,0x7f,0xe0,0x00,0x00,
0xff,0x80,0x7f,0xf0,0x00,0x00,0xff,0x80,0x7f,0xf0,0x00,0x00,0xff,0x80,0x3f,0xf8,0x00,0x01,0xff,0x80,0x3f,0xfc,0x00,0x03,
0xff,0x80,0x1f,0xfe,0x00,0x07,0xff,0x80,0x1f,0xff,0x00,0x0f,0xff,0x80,0x0f,0xff,0xc0,0x3f,0xff,0x80,0x0f,0xff,0xff,0xff,
0xff,0x80,0x07,0xff,0xff,0xff,0xff,0x80,0x03,0xff,0xff,0xff,0xff,0x80,0x01,0xff,0xff,0xff,0xbf,0x80,0x00,0xff,0xff,0xff,
0x3f,0x80,0x00,0x3f,0xff,0xfc,0x1f,0x80,0x00,0x0f,0xff,0xf8,0x1f,0x80,0x00,0x01,0xff,0xc0,0x00,0x00,0x00,0x00,0x00,0x00,
0x00,0x00,0x00,0x00,0x00,0x00,0x00,0x00,0x00,0x00,0x04,0x00,0x00,0x00,0x00,0x00,0x1f,0x00,0x00,0x00,0x00,0x00,0xff,0x80,
0x00,0x00,0x00,0x00,0x3f,0xc0,0x00,0x00,0x00,0x00,0x1f,0xe0,0x00,0x00,0x00,0x00,0x0f,0xe0,0x00,0x00,0x00,0x00,0x0f,0xe0,
0x00,0x00,0x00,0x00,0x0f,0xe0,0x00,0x00,0x00,0x00,0x1f,0xe0,0x00,0x00,0x00,0x00,0x1f,0xc0,0x00,0x00,0x00,0x00,0xff,0x80,
0x00,0x00,0x00,0x03,0xff,0x00,0x00,0x00,0x00,0x00,0xfc,0x00,0x00,0x00,0x00,0x00,0x40,0x00,0x00,0x00,0x00,0x00,0x7c,0x00,
0x00,0x00,0x01,0xff,0x00,0x00,0x00,0x07,0xff,0x80,0x00,0x00,0x0f,0xf0,0x00,0x00,0x00,0x0f,0xe0,0x00,0x00,0x00,0x1f,0xc0,
0x00,0x00,0x00,0x1f,0xc0,0x00,0x00,0x00,0x1f,0xc0,0x00,0x00,0x00,0x1f,0xe0,0x00,0x00,0x00,0x0f,0xf0,0x00,0x00,0x00,0x0f,
0xfc,0x00,0x00,0x00,0x07,0xf0,0x00,0x00,0x00,0x01,0xc0,0x00,0x00,0x00,0x00,0x00,0x00,0x00,0x00,0x00,0x00,0x00,0x00,0x00,
0x00,0x00,0x00,0x00,0x00,0x00,0x00,0x00,0x00,0x00,0x3f,0x80,0x00,0x00,0x00,0xff,0xf0,0x7f,0x80,0x03,0xff,0xf8,0x7f,0x80,
0x07,0xff,0xfe,0x7f,0x80,0x0f,0xff,0xfe,0xff,0x80,0x1f,0xff,0xff,0xff,0x80,0x3f,0xff,0xff,0xff,0x80,0x3f,0xfc,0x0f,0xff,
0x80,0x7f,0xf0,0x07,0xff,0x80,0x7f,0xe0,0x03,0xff,0x80,0x7f,0xc0,0x01,0xff,0x80,0xff,0xc0,0x00,0xff,0x80,0xff,0x80,0x00,
0xff,0x80,0xff,0x80,0x00,0xff,0x80,0xff,0x80,0x00,0xff,0x80,0xff,0x80,0x00,0xff,0x80,0xff,0x80,0x00,0xff,0x80,0xff,0x80,
0x00,0xff,0x80,0xff,0x80,0x00,0xff,0x80,0xff,0x80,0x00,0xff,0x80,0xff,0xc0,0x00,0xff,0x80,0x7f,0xc0,0x01,0xff,0x80,0x7f,
0xe0,0x01,0xff,0x80,0x7f,0xf0,0x03,0xff,0x80,0x3f,0xfc,0x0f,0xff,0x80,0x3f,0xff,0xff,0xff,0x80,0x1f,0xff,0xff,0xff,0x80,
0x0f,0xff,0xfe,0xff,0x80,0x07,0xff,0xfe,0xff,0x80,0x03,0xff,0xf8,0xff,0x80,0x00,0xff,0xf0,0xff,0x80,0x00,0x3f,0x80,0xff,
0x80,0x00,0x00,0x00,0xff,0x80,0x00,0x00,0x00,0xff,0x80,0x00,0x00,0x00,0xff,0x80,0x00,0x00,0x01,0xff,0x80,0x00,0xe0,0x01,
0xff,0x00,0x07,0xf0,0x03,0xff,0x00,0x1f,0xfc,0x0f,0xff,0x00,0x1f,0xff,0xff,0xfe,0x00,0x0f,0xff,0xff,0xfc,0x00,0x07,0xff,
0xff,0xfc,0x00,0x03,0xff,0xff,0xf8,0x00,0x01,0xff,0xff,0xe0,0x00,0x00,0x7f,0xff,0x80,0x00,0x00,0x0f,0xfc,0x00,0x00,0xff,
0xff,0xff,0xe0,0xc0,0x00,0x00,0x60,0xc0,0x00,0x00,0x60,0xe0,0x00,0x00,0xe0,0xb0,0x00,0x01,0xa0,0x90,0x00,0x01,0x20,0x98,
0x00,0x03,0x20,0x88,0x00,0x02,0x20,0x8c,0x00,0x06,0x20,0x86,0x00,0x0c,0x20,0x86,0x00,0x08,0x20,0x83,0x00,0x18,0x20,0x81,
0x00,0x30,0x20,0x81,0x80,0x30,0x20,0x80,0xc0,0x60,0x20,0x80,0xc0,0x40,0x20,0x80,0x60,0xc0,0x20,0x80,0x21,0x80,0x20,0x80,
0x31,0x80,0x20,0x80,0x1b,0x00,0x20,0x80,0x1b,0x00,0x20,0x80,0x0e,0x00,0x20,0x80,0x04,0x00,0x20,0x80,0x0e,0x00,0x20,0x80,
0x1a,0x00,0x20,0x80,0x1b,0x00,0x20,0x80,0x31,0x80,0x20,0x80,0x20,0x80,0x20,0x80,0x60,0xc0,0x20,0x80,0x40,0x40,0x20,0x80,
0xc0,0x60,0x20,0x81,0x80,0x30,0x20,0x81,0x00,0x10,0x20,0x83,0x00,0x18,0x20,0x82,0x00,0x08,0x20,0x86,0x00,0x0c,0x20,0x8c,
0x00,0x06,0x20,0x88,0x00,0x02,0x20,0x98,0x00,0x03,0x20,0x90,0x00,0x01,0x20,0xb0,0x00,0x01,0xa0,0xe0,0x00,0x00,0xe0,0xc0,
0x00,0x00,0x60,0xc0,0x00,0x00,0x60,0xff,0xff,0xff,0xe0,0xff,0xff,0xff,0xe0,0xc0,0x00,0x00,0x60,0xc0,0x00,0x00,0x60,0xe0,
0x00,0x00,0xe0,0xb0,0x00,0x01,0xa0,0x90,0x00,0x01,0x20,0x98,0x00,0x03,0x20,0x88,0x00,0x02,0x20,0x8c,0x00,0x06,0x20,0x86,
0x00,0x0c,0x20,0x86,0x00,0x08,0x20,0x83,0x00,0x18,0x20,0x81,0x00,0x30,0x20,0x81,0x80,0x30,0x20,0x80,0xc0,0x60,0x20,0x80,
0xc0,0x40,0x20,0x80,0x60,0xc0,0x20,0x80,0x21,0x80,0x20,0x80,0x31,0x80,0x20,0x80,0x1b,0x00,0x20,0x80,0x1b,0x00,0x20,0x80,
0x0e,0x00,0x20,0x80,0x04,0x00,0x20,0x80,0x0e,0x00,0x20,0x80,0x1a,0x00,0x20,0x80,0x1b,0x00,0x20,0x80,0x31,0x80,0x20,0x80,
0x20,0x80,0x20,0x80,0x60,0xc0,0x20,0x80,0x40,0x40,0x20,0x80,0xc0,0x60,0x20,0x81,0x80,0x30,0x20,0x81,0x00,0x10,0x20,0x83,
0x00,0x18,0x20,0x82,0x00,0x08,0x20,0x86,0x00,0x0c,0x20,0x8c,0x00,0x06,0x20,0x88,0x00,0x02,0x20,0x98,0x00,0x03,0x20,0x90,
0x00,0x01,0x20,0xb0,0x00,0x01,0xa0,0xe0,0x00,0x00,0xe0,0xc0,0x00,0x00,0x60,0xc0,0x00,0x00,0x60,0xff,0xff,0xff,0xe0,0x1f,
0xf0,0x00,0x01,0xff,0x00,0x1f,0xf0,0x00,0x01,0xff,0x00,0x1f,0xf0,0x00,0x01,0xff,0x00,0x1f,0xf0,0x00,0x01,0xff,0x00,0xff,
0xff,0xff,0xff,0xff,0xe0,0xff,0xff,0xff,0xff,0xff,0xe0,0xff,0xff,0xff,0xff,0xff,0xe0,0xff,0xff,0xff,0xff,0xff,0xe0,0xff,
0xff,0xff,0xff,0xff,0xe0,0xff,0xff,0xff,0xff,0xff,0xe0,0x1f,0xf0,0x00,0x01,0xff,0x00,0x1f,0xf0,0x00,0x01,0xff,0x00,0x1f,
0xf0,0x00,0x01,0xff,0x00,0x1f,0xf0,0x00,0x01,0xff,0x00,0x1f,0xf0,0x00,0x01,0xff,0x00,0x1f,0xf0,0x00,0x01,0xff,0x00,0x1f,
0xf0,0x00,0x01,0xff,0x00,0x1f,0xff,0xff,0xff,0xff,0x00,0x1f,0xff,0xff,0xff,0xff,0x00,0x1f,0xff,0xff,0xff,0xff,0x00,0x1f,
0xff,0xff,0xff,0xff,0x00,0x1f,0xff,0xff,0xff,0xff,0x00,0x1f,0xff,0xff,0xff,0xff,0x00,0x1f,0xff,0xff,0xff,0xff,0x00,0x1f,
0xff,0xff,0xff,0xff,0x00,0x1f,0xf0,0x00,0x01,0xff,0x00,0x1f,0xf0,0x00,0x01,0xff,0x00,0x1f,0xf0,0x00,0x01,0xff,0x00,0x1f,
0xf0,0x00,0x01,0xff,0x00,0x1f,0xf0,0x00,0x01,0xff,0x00,0x1f,0xf0,0x00,0x01,0xff,0x00,0x1f,0xf0,0x00,0x01,0xff,0x00,0x1f,
0xf0,0x00,0x01,0xff,0x00,0x1f,0xf0,0x00,0x01,0xff,0x00,0x1f,0xf0,0x00,0x01,0xff,0x00,0x1f,0xf0,0x00,0x01,0xff,0x00,0x1f,
0xf0,0x00,0x01,0xff,0x00,0x1f,0xf0,0x00,0x01,0xff,0x00,0x1f,0xf0,0x00,0x01,0xff,0x00,0x1f,0xf0,0x00,0x01,0xff,0x00,0x1f,
0xf0,0x00,0x01,0xff,0x00,0x1f,0xf0,0x00,0x01,0xff,0x00,0x1f,0xf0,0x00,0x01,0xff,0x00,0x07,0xfc,0x00,0x00,0x00,0x07,0xfc,
0x00,0x00,0x00,0x07,0xfc,0x00,0x00,0x00,0x07,0xfc,0x00,0x00,0x00,0x07,0xfc,0x00,0x00,0x00,0x07,0xfc,0x00,0x00,0x00,0xff,
0xff,0xfe,0x00,0x00,0xff,0xff,0xfe,0x00,0x00,0xff,0xff,0xfe,0x00,0x00,0xff,0xff,0xfe,0x00,0x00,0xff,0xff,0xfe,0x00,0x00,
0x07,0xfc,0x00,0x00,0x00,0x07,0xfc,0x00,0x00,0x00,0x07,0xfc,0x0f,0xf0,0x00,0x07,0xfc,0x3f,0xfc,0x00,0x07,0xfc,0xff,0xff,
0x00,0x07,0xfd,0xff,0xff,0x80,0x07,0xff,0xff,0xff,0x80,0x07,0xff,0xff,0xff,0xc0,0x07,0xff,0xff,0xff,0xc0,0x07,0xff,0xc1,
0xff,0xc0,0x07,0xff,0x00,0x7f,0xe0,0x07,0xff,0x00,0x7f,0xe0,0x07,0xfe,0x00,0x3f,0xe0,0x07,0xfe,0x00,0x3f,0xe0,0x07,0xfc,
0x00,0x3f,0xe0,0x07,0xfc,0x00,0x3f,0xe0,0x07,0xfc,0x00,0x3f,0xe0,0x07,0xfc,0x00,0x3f,0xe0,0x07,0xfc,0x00,0x3f,0xe0,0x07,
0xfc,0x00,0x3f,0xe0,0x07,0xfc,0x00,0x3f,0xe0,0x07,0xfc,0x00,0x3f,0xe0,0x07,0xfc,0x00,0x3f,0xe0,0x07,0xfc,0x00,0x3f,0xe0,
0x07,0xfc,0x00,0x3f,0xe0,0x07,0xfc,0x00,0x3f,0xe0,0x07,0xfc,0x00,0x3f,0xe0,0x07,0xfc,0x00,0x3f,0xe0,0x07,0xfc,0x00,0x3f,
0xe0,0x07,0xfc,0x00,0x3f,0xe0,0x07,0xfc,0x00,0x3f,0xe0,0x07,0xfc,0x00,0x3f,0xe0,0x07,0xfc,0x00,0x3f,0xe0,0x07,0xfc,0x00,
0x3f,0xe0,0x07,0xfc,0x00,0x3f,0xe0,0xff,0xff,0xff,0xe0,0xc0,0x00,0x00,0x60,0xc0,0x00,0x00,0x60,0xe0,0x00,0x00,0xe0,0xb0,
0x00,0x01,0xa0,0x90,0x00,0x01,0x20,0x98,0x00,0x03,0x20,0x88,0x00,0x02,0x20,0x8c,0x00,0x06,0x20,0x86,0x00,0x0c,0x20,0x86,
0x00,0x08,0x20,0x83,0x00,0x18,0x20,0x81,0x00,0x30,0x20,0x81,0x80,0x30,0x20,0x80,0xc0,0x60,0x20,0x80,0xc0,0x40,0x20,0x80,
0x60,0xc0,0x20,0x80,0x21,0x80,0x20,0x80,0x31,0x80,0x20,0x80,0x1b,0x00,0x20,0x80,0x1b,0x00,0x20,0x80,0x0e,0x00,0x20,0x80,
0x04,0x00,0x20,0x80,0x0e,0x00,0x20,0x80,0x1a,0x00,0x20,0x80,0x1b,0x00,0x20,0x80,0x31,0x80,0x20,0x80,0x20,0x80,0x20,0x80,
0x60,0xc0,0x20,0x80,0x40,0x40,0x20,0x80,0xc0,0x60,0x20,0x81,0x80,0x30,0x20,0x81,0x00,0x10,0x20,0x83,0x00,0x18,0x20,0x82,
0x00,0x08,0x20,0x86,0x00,0x0c,0x20,0x8c,0x00,0x06,0x20,0x88,0x00,0x02,0x20,0x98,0x00,0x03,0x20,0x90,0x00,0x01,0x20,0xb0,
0x00,0x01,0xa0,0xe0,0x00,0x00,0xe0,0xc0,0x00,0x00,0x60,0xc0,0x00,0x00,0x60,0xff,0xff,0xff,0xe0,0xff,0xff,0xff,0xe0,0xc0,
0x00,0x00,0x60,0xc0,0x00,0x00,0x60,0xe0,0x00,0x00,0xe0,0xb0,0x00,0x01,0xa0,0x90,0x00,0x01,0x20,0x98,0x00,0x03,0x20,0x88,
0x00,0x02,0x20,0x8c,0x00,0x06,0x20,0x86,0x00,0x0c,0x20,0x86,0x00,0x08,0x20,0x83,0x00,0x18,0x20,0x81,0x00,0x30,0x20,0x81,
0x80,0x30,0x20,0x80,0xc0,0x60,0x20,0x80,0xc0,0x40,0x20,0x80,0x60,0xc0,0x20,0x80,0x21,0x80,0x20,0x80,0x31,0x80,0x20,0x80,
0x1b,0x00,0x20,0x80,0x1b,0x00,0x20,0x80,0x0e,0x00,0x20,0x80,0x04,0x00,0x20,0x80,0x0e,0x00,0x20,0x80,0x1a,0x00,0x20,0x80,
0x1b,0x00,0x20,0x80,0x31,0x80,0x20,0x80,0x20,0x80,0x20,0x80,0x60,0xc0,0x20,0x80,0x40,0x40,0x20,0x80,0xc0,0x60,0x20,0x81,
0x80,0x30,0x20,0x81,0x00,0x10,0x20,0x83,0x00,0x18,0x20,0x82,0x00,0x08,0x20,0x86,0x00,0x0c,0x20,0x8c,0x00,0x06,0x20,0x88,
0x00,0x02,0x20,0x98,0x00,0x03,0x20,0x90,0x00,0x01,0x20,0xb0,0x00,0x01,0xa0,0xe0,0x00,0x00,0xe0,0xc0,0x00,0x00,0x60,0xc0,
0x00,0x00,0x60,0xff,0xff,0xff,0xe0,0x7f,0xff,0xf0,0x7f,0xff,0xf0,0x7f,0xff,0xf0,0x7f,0xff,0xf0,0x7f,0xff,0xf0,0x7f,0xff,
0xf0,0x00,0x00,0x00,0x00,0x00,0x00,0x00,0x00,0x00,0x00,0x00,0x00,0x00,0x00,0x00,0x00,0x00,0x00,0xff,0xff,0xf8,0xff,0xff,
0xf8,0xff,0xff,0xf8,0xff,0xff,0xf8,0xff,0xff,0xf8,0xff,0xff,0xf8,0xff,0xff,0xf8,0x03,0xfe,0x00,0x03,0xfe,0x00,0x03,0xfe,
0x00,0x03,0xfe,0x00,0x03,0xfe,0x00,0x03,0xfe,0x00,0x03,0xfe,0x00,0x03,0xfe,0x00,0x03,0xfe,0x00,0x03,0xfe,0x00,0x03,0xfe,
0x00,0x03,0xfe,0x00,0x03,0xfe,0x00,0x03,0xfe,0x00,0x03,0xfe,0x00,0x03,0xfe,0x00,0x03,0xfe,0x00,0x03,0xfe,0x00,0x03,0xfe,
0x00,0x03,0xfe,0x00,0x03,0xfe,0x00,0x03,0xfe,0x00,0x03,0xfe,0x00,0x03,0xfe,0x00,0x03,0xfe,0x00,0x03,0xfe,0x00,0x03,0xfe,
0x00,0x03,0xfe,0x00,0x03,0xfe,0x00,0xff,0xff,0xf8,0xff,0xff,0xf8,0xff,0xff,0xf8,0xff,0xff,0xf8,0xff,0xff,0xf8,0xff,0xff,
0xf8,0xff,0xff,0xf8,0xff,0xff,0xe0,0xff,0xff,0xe0,0xff,0xff,0xe0,0xff,0xff,0xe0,0xff,0xff,0xe0,0xff,0xff,0xe0,0x00,0x00,
0x00,0x00,0x00,0x00,0x00,0x00,0x00,0x00,0x00,0x00,0x00,0x00,0x00,0xff,0xfc,0x00,0xff,0xfc,0x00,0xff,0xfc,0x00,0xff,0xfc,
0x00,0xff,0xfc,0x00,0xff,0xfc,0x00,0xff,0xfc,0x00,0x07,0xfc,0x00,0x07,0xfc,0x00,0x07,0xfc,0x00,0x07,0xfc,0x00,0x07,0xfc,
0x00,0x07,0xfc,0x00,0x07,0xfc,0x00,0x07,0xfc,0x00,0x07,0xfc,0x00,0x07,0xfc,0x00,0x07,0xfc,0x00,0x07,0xfc,0x00,0x07,0xfc,
0x00,0x07,0xfc,0x00,0x07,0xfc,0x00,0x07,0xfc,0x00,0x07,0xfc,0x00,0x07,0xfc,0x00,0x07,0xfc,0x00,0x07,0xfc,0x00,0x07,0xfc,
0x00,0x07,0xfc,0x00,0x07,0xfc,0x00,0x07,0xfc,0x00,0x07,0xfc,0x00,0x07,0xfc,0x00,0xff,0xff,0xff,0xe0,0xc0,0x00,0x00,0x60,
0xc0,0x00,0x00,0x60,0xe0,0x00,0x00,0xe0,0xb0,0x00,0x01,0xa0,0x90,0x00,0x01,0x20,0x98,0x00,0x03,0x20,0x88,0x00,0x02,0x20,
0x8c,0x00,0x06,0x20,0x86,0x00,0x0c,0x20,0x86,0x00,0x08,0x20,0x83,0x00,0x18,0x20,0x81,0x00,0x30,0x20,0x81,0x80,0x30,0x20,
0x80,0xc0,0x60,0x20,0x80,0xc0,0x40,0x20,0x80,0x60,0xc0,0x20,0x80,0x21,0x80,0x20,0x80,0x31,0x80,0x20,0x80,0x1b,0x00,0x20,
0x80,0x1b,0x00,0x20,0x80,0x0e,0x00,0x20,0x80,0x04,0x00,0x20,0x80,0x0e,0x00,0x20,0x80,0x1a,0x00,0x20,0x80,0x1b,0x00,0x20,
0x80,0x31,0x80,0x20,0x80,0x20,0x80,0x20,0x80,0x60,0xc0,0x20,0x80,0x40,0x40,0x20,0x80,0xc0,0x60,0x20,0x81,0x80,0x30,0x20,
0x81,0x00,0x10,0x20,0x83,0x00,0x18,0x20,0x82,0x00,0x08,0x20,0x86,0x00,0x0c,0x20,0x8c,0x00,0x06,0x20,0x88,0x00,0x02,0x20,
0x98,0x00,0x03,0x20,0x90,0x00,0x01,0x20,0xb0,0x00,0x01,0xa0,0xe0,0x00,0x00,0xe0,0xc0,0x00,0x00,0x60,0xc0,0x00,0x00,0x60,
0xff,0xff,0xff,0xe0,0xff,0xff,0xff,0xe0,0xc0,0x00,0x00,0x60,0xc0,0x00,0x00,0x60,0xe0,0x00,0x00,0xe0,0xb0,0x00,0x01,0xa0,
0x90,0x00,0x01,0x20,0x98,0x00,0x03,0x20,0x88,0x00,0x02,0x20,0x8c,0x00,0x06,0x20,0x86,0x00,0x0c,0x20,0x86,0x00,0x08,0x20,
0x83,0x00,0x18,0x20,0x81,0x00,0x30,0x20,0x81,0x80,0x30,0x20,0x80,0xc0,0x60,0x20,0x80,0xc0,0x40,0x20,0x80,0x60,0xc0,0x20,
0x80,0x21,0x80,0x20,0x80,0x31,0x80,0x20,0x80,0x1b,0x00,0x20,0x80,0x1b,0x00,0x20,0x80,0x0e,0x00,0x20,0x80,0x04,0x00,0x20,
0x80,0x0e,0x00,0x20,0x80,0x1a,0x00,0x20,0x80,0x1b,0x00,0x20,0x80,0x31,0x80,0x20,0x80,0x20,0x80,0x20,0x80,0x60,0xc0,0x20,
0x80,0x40,0x40,0x20,0x80,0xc0,0x60,0x20,0x81,0x80,0x30,0x20,0x81,0x00,0x10,0x20,0x83,0x00,0x18,0x20,0x82,0x00,0x08,0x20,
0x86,0x00,0x0c,0x20,0x8c,0x00,0x06,0x20,0x88,0x00,0x02,0x20,0x98,0x00,0x03,0x20,0x90,0x00,0x01,0x20,0xb0,0x00,0x01,0xa0,
0xe0,0x00,0x00,0xe0,0xc0,0x00,0x00,0x60,0xc0,0x00,0x00,0x60,0xff,0xff,0xff,0xe0,0xff,0xff,0xf8,0xff,0xff,0xf8,0xff,0xff,
0xf8,0xff,0xff,0xf8,0xff,0xff,0xf8,0xff,0xff,0xf8,0xff,0xff,0xf8,0x03,0xfe,0x00,0x03,0xfe,0x00,0x03,0xfe,0x00,0x03,0xfe,
0x00,0x03,0xfe,0x00,0x03,0xfe,0x00,0x03,0xfe,0x00,0x03,0xfe,0x00,0x03,0xfe,0x00,0x03,0xfe,0x00,0x03,0xfe,0x00,0x03,0xfe,
0x00,0x03,0xfe,0x00,0x03,0xfe,0x00,0x03,0xfe,0x00,0x03,0xfe,0x00,0x03,0xfe,0x00,0x03,0xfe,0x00,0x03,0xfe,0x00,0x03,0xfe,
0x00,0x03,0xfe,0x00,0x03,0xfe,0x00,0x03,0xfe,0x00,0x03,0xfe,0x00,0x03,0xfe,0x00,0x03,0xfe,0x00,0x03,0xfe,0x00,0x03,0xfe,
0x00,0x03,0xfe,0x00,0xff,0xff,0xf8,0xff,0xff,0xf8,0xff,0xff,0xf8,0xff,0xff,0xf8,0xff,0xff,0xf8,0xff,0xff,0xf8,0xff,0xff,
0xf8,0x00,0x1f,0xe0,0x00,0x3f,0x80,0x00,0x7f,0x00,0x00,0xfe,0x00,0x00,0xfe,0x00,0x00,0xfe,0x00,0x00,0xfe,0x00,0x00,0xff,
0xf8,0x00,0x7f,0xf8,0x00,0x3f,0xf8,0x00,0x1f,0xf8,0x00,0x00,0x80,0x01,0xf0,0x03,0xf8,0x07,0xfc,0x0f,0xfe,0x0f,0xfe,0x0f,
0xfe,0x0f,0xfe,0x0f,0xfe,0x07,0xfc,0x03,0xf8,0x01,0xf0,0x00,0x00,0x00,0x00,0x00,0x00,0x00,0x00,0x00,0x00,0xff,0xfc,0xff,
0xfc,0xff,0xfc,0xff,0xfc,0xff,0xfc,0xff,0xfc,0xff,0xfc,0x07,0xfc,0x07,0xfc,0x07,0xfc,0x07,0xfc,0x07,0xfc,0x07,0xfc,0x07,
0xfc,0x07,0xfc,0x07,0xfc,0x07,0xfc,0x07,0xfc,0x07,0xfc,0x07,0xfc,0x07,0xfc,0x07,0xfc,0x07,0xfc,0x07,0xfc,0x07,0xfc,0x07,
0xfc,0x07,0xfc,0x07,0xfc,0x07,0xfc,0x07,0xfc,0x07,0xfc,0x07,0xfc,0x07,0xfc,0x1f,0xf0,0x3f,0xc0,0x3f,0x80,0x7f,0x00,0x7f,
0x00,0x7f,0x00,0x7f,0xfc,0x3f,0xfc,0x1f,0xfc,0x0f,0xfc,0x00,0x40,0x00,0xf8,0x00,0x01,0xfc,0x00,0x03,0xfe,0x00,0x03,0xfe,
0x00,0x03,0xfe,0x00,0x03,0xfe,0x00,0x03,0xfe,0x00,0x01,0xfc,0x00,0x00,0xf8,0x00,0x00,0x00,0x00,0x00,0x00,0x00,0x00,0x00,
0x00,0x00,0x00,0x00,0xff,0xff,0xf8,0xff,0xff,0xf8,0xff,0xff,0xf8,0xff,0xff,0xf8,0xff,0xff,0xf8,0xff,0xff,0xf8,0xff,0xff,
0xf8,0x03,0xfe,0x00,0x03,0xfe,0x00,0x03,0xfe,0x00,0x03,0xfe,0x00,0x03,0xfe,0x00,0x03,0xfe,0x00,0x03,0xfe,0x00,0x03,0xfe,
0x00,0x03,0xfe,0x00,0x03,0xfe,0x00,0x03,0xfe,0x00,0x03,0xfe,0x00,0x03,0xfe,0x00,0x03,0xfe,0x00,0x03,0xfe,0x00,0x03,0xfe,
0x00,0x03,0xfe,0x00,0x03,0xfe,0x00,0x03,0xfe,0x00,0x03,0xfe,0x00,0x03,0xfe,0x00,0x03,0xfe,0x00,0x03,0xfe,0x00,0x03,0xfe,
0x00,0x03,0xfe,0x00,0x03,0xfe,0x00,0x03,0xfe,0x00,0x03,0xfe,0x00,0x03,0xfe,0x00,0xff,0xff,0xf8,0xff,0xff,0xf8,0xff,0xff,
0xf8,0xff,0xff,0xf8,0xff,0xff,0xf8,0xff,0xff,0xf8,0xff,0xff,0xf8,0xff,0xfc,0xff,0xfc,0xff,0xfc,0xff,0xfc,0xff,0xfc,0xff,
0xfc,0xff,0xfc,0x07,0xfc,0x07,0xfc,0x07,0xfc,0x07,0xfc,0x07,0xfc,0x07,0xfc,0x07,0xfc,0x07,0xfc,0x07,0xfc,0x07,0xfc,0x07,
0xfc,0x07,0xfc,0x07,0xfc,0x07,0xfc,0x07,0xfc,0x07,0xfc,0x07,0xfc,0x07,0xfc,0x07,0xfc,0x07,0xfc,0x07,0xfc,0x07,0xfc,0x07,
0xfc,0x07,0xfc,0x07,0xfc,0x07,0xfc,0xff,0xff,0xf8,0x00,0x00,0x01,0xff,0xff,0xff,0xf8,0x00,0x00,0x01,0xff,0xff,0xff,0xf8,
0x00,0x00,0x01,0xff,0xff,0xff,0xf8,0x00,0x00,0x01,0xff,0xff,0xff,0xf8,0x00,0x00,0x01,0xff,0xff,0xff,0xf8,0x00,0x00,0x01,
0xff,0xff,0xff,0xf8,0x00,0x00,0x01,0xff,0x03,0xfe,0x00,0x00,0x00,0x01,0xff,0x03,0xfe,0x00,0x00,0x00,0x01,0xff,0x03,0xfe,
0x00,0x00,0x00,0x01,0xff,0x03,0xfe,0x00,0x00,0x00,0x01,0xff,0x03,0xfe,0x00,0x00,0x00,0x01,0xff,0x03,0xfe,0x00,0x00,0x00,
0x01,0xff,0x03,0xfe,0x00,0x00,0x00,0x01,0xff,0x03,0xfe,0x00,0x00,0x00,0x01,0xff,0x03,0xfe,0x00,0x00,0x00,0x01,0xff,0x03,
0xfe,0x00,0x00,0x00,0x01,0xff,0x03,0xfe,0x00,0x00,0x00,0x01,0xff,0x03,0xfe,0x00,0x00,0x00,0x01,0xff,0x03,0xfe,0x00,0x00,
0x00,0x01,0xff,0x03,0xfe,0x00,0x00,0x00,0x01,0xff,0x03,0xfe,0x00,0x00,0x00,0x01,0xff,0x03,0xfe,0x00,0x00,0x00,0x01,0xff,
0x03,0xfe,0x00,0x00,0x00,0x01,0xff,0x03,0xfe,0x00,0x00,0x00,0x01,0xff,0x03,0xfe,0x00,0x00,0x00,0x01,0xff,0x03,0xfe,0x00,
0x00,0x00,0x01,0xff,0x03,0xfe,0x00,0x00,0x00,0x01,0xff,0x03,0xfe,0x00,0x00,0x00,0x01,0xff,0x03,0xfe,0x00,0x03,0x80,0x01,
0xff,0x03,0xfe,0x00,0x1f,0xc0,0x01,0xff,0x03,0xfe,0x00,0xff,0xc0,0x03,0xff,0x03,0xfe,0x00,0x7f,0xc0,0x03,0xfe,0x03,0xfe,
0x00,0x7f,0xe0,0x07,0xfe,0x03,0xfe,0x00,0x7f,0xf0,0x07,0xfe,0x03,0xfe,0x00,0x3f,0xfc,0x1f,0xfc,0xff,0xff,0xf8,0x3f,0xff,
0xff,0xfc,0xff,0xff,0xf8,0x1f,0xff,0xff,0xf8,0xff,0xff,0xf8,0x1f,0xff,0xff,0xf8,0xff,0xff,0xf8,0x0f,0xff,0xff,0xf0,0xff,
0xff,0xf8,0x07,0xff,0xff,0xe0,0xff,0xff,0xf8,0x01,0xff,0xff,0xc0,0xff,0xff,0xf8,0x00,0xff,0xff,0x00,0x00,0x00,0x00,0x00,
0x1f,0xf8,0x00,0x01,0xf0,0x00,0xf8,0x03,0xf8,0x01,0xfc,0x07,0xfc,0x03,0xfe,0x0f,0xfe,0x07,0xff,0x0f,0xfe,0x07,0xff,0x0f,
0xfe,0x07,0xff,0x0f,0xfe,0x07,0xff,0x0f,0xfe,0x07,0xff,0x07,0xfc,0x03,0xfe,0x03,0xf8,0x01,0xfc,0x01,0xf0,0x00,0xf8,0x00,
0x00,0x00,0x00,0x00,0x00,0x00,0x00,0x00,0x00,0x00,0x00,0x00,0x00,0x00,0x00,0x00,0x00,0x00,0x00,0xff,0xfc,0x03,0xfe,0xff,
0xfc,0x03,0xfe,0xff,0xfc,0x03,0xfe,0xff,0xfc,0x03,0xfe,0xff,0xfc,0x03,0xfe,0xff,0xfc,0x03,0xfe,0xff,0xfc,0x03,0xfe,0x07,
0xfc,0x03,0xfe,0x07,0xfc,0x03,0xfe,0x07,0xfc,0x03,0xfe,0x07,0xfc,0x03,0xfe,0x07,0xfc,0x03,0xfe,0x07,0xfc,0x03,0xfe,0x07,
0xfc,0x03,0xfe,0x07,0xfc,0x03,0xfe,0x07,0xfc,0x03,0xfe,0x07,0xfc,0x03,0xfe,0x07,0xfc,0x03,0xfe,0x07,0xfc,0x03,0xfe,0x07,
0xfc,0x03,0xfe,0x07,0xfc,0x03,0xfe,0x07,0xfc,0x03,0xfe,0x07,0xfc,0x03,0xfe,0x07,0xfc,0x03,0xfe,0x07,0xfc,0x03,0xfe,0x07,
0xfc,0x03,0xfe,0x07,0xfc,0x03,0xfe,0x07,0xfc,0x03,0xfe,0x07,0xfc,0x03,0xfe,0x07,0xfc,0x03,0xfe,0x07,0xfc,0x03,0xfe,0x07,
0xfc,0x03,0xfe,0x07,0xfc,0x03,0xfe,0x00,0x00,0x03,0xfe,0x00,0x00,0x03,0xfe,0x00,0x00,0x0f,0xfe,0x00,0x07,0xff,0xfe,0x00,
0x07,0xff,0xfc,0x00,0x07,0xff,0xfc,0x00,0x07,0xff,0xf8,0x00,0x07,0xff,0xf0,0x00,0x07,0xff,0xe0,0x00,0x07,0xff,0x00,0xff,
0xff,0xff,0xe0,0xc0,0x00,0x00,0x60,0xc0,0x00,0x00,0x60,0xe0,0x00,0x00,0xe0,0xb0,0x00,0x01,0xa0,0x90,0x00,0x01,0x20,0x98,
0x00,0x03,0x20,0x88,0x00,0x02,0x20,0x8c,0x00,0x06,0x20,0x86,0x00,0x0c,0x20,0x86,0x00,0x08,0x20,0x83,0x00,0x18,0x20,0x81,
0x00,0x30,0x20,0x81,0x80,0x30,0x20,0x80,0xc0,0x60,0x20,0x80,0xc0,0x40,0x20,0x80,0x60,0xc0,0x20,0x80,0x21,0x80,0x20,0x80,
0x31,0x80,0x20,0x80,0x1b,0x00,0x20,0x80,0x1b,0x00,0x20,0x80,0x0e,0x00,0x20,0x80,0x04,0x00,0x20,0x80,0x0e,0x00,0x20,0x80,
0x1a,0x00,0x20,0x80,0x1b,0x00,0x20,0x80,0x31,0x80,0x20,0x80,0x20,0x80,0x20,0x80,0x60,0xc0,0x20,0x80,0x40,0x40,0x20,0x80,
0xc0,0x60,0x20,0x81,0x80,0x30,0x20,0x81,0x00,0x10,0x20,0x83,0x00,0x18,0x20,0x82,0x00,0x08,0x20,0x86,0x00,0x0c,0x20,0x8c,
0x00,0x06,0x20,0x88,0x00,0x02,0x20,0x98,0x00,0x03,0x20,0x90,0x00,0x01,0x20,0xb0,0x00,0x01,0xa0,0xe0,0x00,0x00,0xe0,0xc0,
0x00,0x00,0x60,0xc0,0x00,0x00,0x60,0xff,0xff,0xff,0xe0,0xff,0xff,0xff,0xe0,0xc0,0x00,0x00,0x60,0xc0,0x00,0x00,0x60,0xe0,
0x00,0x00,0xe0,0xb0,0x00,0x01,0xa0,0x90,0x00,0x01,0x20,0x98,0x00,0x03,0x20,0x88,0x00,0x02,0x20,0x8c,0x00,0x06,0x20,0x86,
0x00,0x0c,0x20,0x86,0x00,0x08,0x20,0x83,0x00,0x18,0x20,0x81,0x00,0x30,0x20,0x81,0x80,0x30,0x20,0x80,0xc0,0x60,0x20,0x80,
0xc0,0x40,0x20,0x80,0x60,0xc0,0x20,0x80,0x21,0x80,0x20,0x80,0x31,0x80,0x20,0x80,0x1b,0x00,0x20,0x80,0x1b,0x00,0x20,0x80,
0x0e,0x00,0x20,0x80,0x04,0x00,0x20,0x80,0x0e,0x00,0x20,0x80,0x1a,0x00,0x20,0x80,0x1b,0x00,0x20,0x80,0x31,0x80,0x20,0x80,
0x20,0x80,0x20,0x80,0x60,0xc0,0x20,0x80,0x40,0x40,0x20,0x80,0xc0,0x60,0x20,0x81,0x80,0x30,0x20,0x81,0x00,0x10,0x20,0x83,
0x00,0x18,0x20,0x82,0x00,0x08,0x20,0x86,0x00,0x0c,0x20,0x8c,0x00,0x06,0x20,0x88,0x00,0x02,0x20,0x98,0x00,0x03,0x20,0x90,
0x00,0x01,0x20,0xb0,0x00,0x01,0xa0,0xe0,0x00,0x00,0xe0,0xc0,0x00,0x00,0x60,0xc0,0x00,0x00,0x60,0xff,0xff,0xff,0xe0,0xff,
0x80,0x00,0x7f,0xf0,0xff,0x80,0x00,0xff,0xf0,0xff,0x80,0x01,0xff,0xe0,0xff,0x80,0x03,0xff,0xc0,0xff,0x80,0x07,0xff,0x80,
0xff,0x80,0x0f,0xff,0x00,0xff,0x80,0x1f,0xfe,0x00,0xff,0x80,0x1f,0xfc,0x00,0xff,0x80,0x3f,0xf8,0x00,0xff,0x80,0x7f,0xf0,
0x00,0xff,0x80,0xff,0xe0,0x00,0xff,0x81,0xff,0xc0,0x00,0xff,0x83,0xff,0x80,0x00,0xff,0x87,0xff,0x80,0x00,0xff,0x8f,0xff,
0x00,0x00,0xff,0x9f,0xfe,0x00,0x00,0xff,0xbf,0xfc,0x00,0x00,0xff,0xff,0xf8,0x00,0x00,0xff,0xff,0xf0,0x00,0x00,0xff,0xff,
0xf8,0x00,0x00,0xff,0xff,0xfc,0x00,0x00,0xff,0xff,0xfc,0x00,0x00,0xff,0xff,0xfe,0x00,0x00,0xff,0xff,0xff,0x00,0x00,0xff,
0xff,0xff,0x80,0x00,0xff,0xfb,0xff,0x80,0x00,0xff,0xf1,0xff,0xc0,0x00,0xff,0xf0,0xff,0xe0,0x00,0xff,0xe0,0x7f,0xe0,0x00,
0xff,0xc0,0x7f,0xf0,0x00,0xff,0x80,0x3f,0xf8,0x00,0xff,0x80,0x1f,0xfc,0x00,0xff,0x80,0x1f,0xfc,0x00,0xff,0x80,0x0f,0xfe,
0x00,0xff,0x80,0x07,0xff,0x00,0xff,0x80,0x03,0xff,0x80,0xff,0x80,0x03,0xff,0x80,0xff,0x80,0x01,0xff,0xc0,0xff,0x80,0x00,
0xff,0xe0,0xff,0x80,0x00,0x7f,0xe0,0xff,0x80,0x00,0x7f,0xf0,0xff,0x80,0x00,0x3f,0xf8,0xff,0x80,0x00,0x1f,0xfc,0x00,0x00,
0x00,0x00,0x00,0x00,0x00,0x00,0x00,0x00,0x00,0x00,0x00,0x00,0x00,0x00,0x00,0x30,0x00,0x00,0x00,0x01,0xf8,0x00,0x00,0x00,
0x07,0xfe,0x00,0x00,0x00,0x01,0xfe,0x00,0x00,0x00,0x00,0xff,0x00,0x00,0x00,0x00,0x7f,0x00,0x00,0x00,0x00,0x7f,0x00,0x00,
0x00,0x00,0x7f,0x00,0x00,0x00,0x00,0xff,0x00,0x00,0x00,0x01,0xfe,0x00,0x00,0x00,0x07,0xfc,0x00,0x00,0x00,0x1f,0xf8,0x00,
0x00,0x00,0x0f,0xe0,0x00,0x00,0x00,0x02,0x00,0x00,0x00,0xff,0x80,0x00,0x00,0xff,0x80,0x00,0x00,0xff,0x80,0x00,0x00,0xff,
0x80,0x00,0x00,0xff,0x80,0x00,0x00,0xff,0x80,0x00,0x00,0xff,0x80,0x00,0x00,0xff,0x80,0x00,0x00,0xff,0x80,0x00,0x00,0xff,
0x80,0x00,0x00,0xff,0x80,0x00,0x00,0xff,0x80,0x00,0x00,0xff,0x80,0x00,0x00,0xff,0x80,0x00,0x00,0xff,0x80,0x0f,0xfc,0xff,
0x80,0x1f,0xfc,0xff,0x80,0x3f,0xf8,0xff,0x80,0x7f,0xf0,0xff,0x80,0xff,0xe0,0xff,0x81,0xff,0xc0,0xff,0x83,0xff,0x80,0xff,
0x83,0xff,0x00,0xff,0x87,0xfe,0x00,0xff,0x8f,0xfc,0x00,0xff,0x9f,0xf8,0x00,0xff,0xbf,0xf0,0x00,0xff,0xff,0xe0,0x00,0xff,
0xff,0xe0,0x00,0xff,0xff,0xe0,0x00,0xff,0xff,0xf0,0x00,0xff,0xff,0xf8,0x00,0xff,0xff,0xfc,0x00,0xff,0xff,0xfc,0x00,0xff,
0xff,0xfe,0x00,0xff,0xf7,0xff,0x00,0xff,0xe3,0xff,0x80,0xff,0xc1,0xff,0x80,0xff,0x81,0xff,0xc0,0xff,0x80,0xff,0xe0,0xff,
0x80,0x7f,0xe0,0xff,0x80,0x7f,0xf0,0xff,0x80,0x3f,0xf8,0xff,0x80,0x1f,0xfc,0xff,0x80,0x0f,0xfc,0xff,0x80,0x0f,0xfe,0xff,
0x80,0x07,0xff,0x00,0x00,0x00,0x00,0x00,0x00,0x00,0x00,0x00,0x00,0x00,0x00,0x00,0x01,0x80,0x00,0x00,0x0f,0xc0,0x00,0x00,
0x3f,0xf0,0x00,0x00,0x0f,0xf0,0x00,0x00,0x07,0xf8,0x00,0x00,0x03,0xf8,0x00,0x00,0x03,0xf8,0x00,0x00,0x03,0xf8,0x00,0x00,
0x07,0xf8,0x00,0x00,0x0f,0xf0,0x00,0x00,0x3f,0xe0,0x00,0x00,0xff,0xc0,0x00,0x00,0x7f,0x00,0x00,0x00,0x10,0x00,0x00,0xff,
0xff,0xff,0xe0,0xc0,0x00,0x00,0x60,0xc0,0x00,0x00,0x60,0xe0,0x00,0x00,0xe0,0xb0,0x00,0x01,0xa0,0x90,0x00,0x01,0x20,0x98,
0x00,0x03,0x20,0x88,0x00,0x02,0x20,0x8c,0x00,0x06,0x20,0x86,0x00,0x0c,0x20,0x86,0x00,0x08,0x20,0x83,0x00,0x18,0x20,0x81,
0x00,0x30,0x20,0x81,0x80,0x30,0x20,0x80,0xc0,0x60,0x20,0x80,0xc0,0x40,0x20,0x80,0x60,0xc0,0x20,0x80,0x21,0x80,0x20,0x80,
0x31,0x80,0x20,0x80,0x1b,0x00,0x20,0x80,0x1b,0x00,0x20,0x80,0x0e,0x00,0x20,0x80,0x04,0x00,0x20,0x80,0x0e,0x00,0x20,0x80,
0x1a,0x00,0x20,0x80,0x1b,0x00,0x20,0x80,0x31,0x80,0x20,0x80,0x20,0x80,0x20,0x80,0x60,0xc0,0x20,0x80,0x40,0x40,0x20,0x80,
0xc0,0x60,0x20,0x81,0x80,0x30,0x20,0x81,0x00,0x10,0x20,0x83,0x00,0x18,0x20,0x82,0x00,0x08,0x20,0x86,0x00,0x0c,0x20,0x8c,
0x00,0x06,0x20,0x88,0x00,0x02,0x20,0x98,0x00,0x03,0x20,0x90,0x00,0x01,0x20,0xb0,0x00,0x01,0xa0,0xe0,0x00,0x00,0xe0,0xc0,
0x00,0x00,0x60,0xc0,0x00,0x00,0x60,0xff,0xff,0xff,0xe0,0x00,0x00,0x1e,0x00,0x00,0x00,0x7f,0x00,0x00,0x00,0xff,0x00,0x00,
0x01,0xff,0x00,0x00,0x01,0xff,0x00,0x00,0x03,0xfe,0x00,0x00,0x07,0xfc,0x00,0x00,0x0f,0xf8,0x00,0x00,0x1f,0xe0,0x00,0x00,
0x3f,0xc0,0x00,0x00,0x00,0x00,0x00,0x00,0x00,0x00,0x00,0x00,0x00,0x00,0x00,0xff,0x80,0x00,0x00,0xff,0x80,0x00,0x00,0xff,
0x80,0x00,0x00,0xff,0x80,0x00,0x00,0xff,0x80,0x00,0x00,0xff,0x80,0x00,0x00,0xff,0x80,0x00,0x00,0xff,0x80,0x00,0x00,0xff,
0x80,0x00,0x00,0xff,0x80,0x00,0x00,0xff,0x80,0x00,0x00,0xff,0x80,0x00,0x00,0xff,0x80,0x00,0x00,0xff,0x80,0x00,0x00,0xff,
0x80,0x00,0x00,0xff,0x80,0x00,0x00,0xff,0x80,0x00,0x00,0xff,0x80,0x00,0x00,0xff,0x80,0x00,0x00,0xff,0x80,0x00,0x00,0xff,
0x80,0x00,0x00,0xff,0x80,0x00,0x00,0xff,0x80,0x00,0x00,0xff,0x80,0x00,0x00,0xff,0x80,0x00,0x00,0xff,0x80,0x00,0x00,0xff,
0x80,0x00,0x00,0xff,0x80,0x00,0x00,0xff,0x80,0x00,0x00,0xff,0x80,0x00,0x00,0xff,0x80,0x00,0x00,0xff,0x80,0x00,0x00,0xff,
0x80,0x00,0x00,0xff,0x80,0x00,0x00,0xff,0x80,0x00,0x00,0xff,0x80,0x00,0x00,0xff,0xff,0xff,0xfe,0xff,0xff,0xff,0xfe,0xff,
0xff,0xff,0xfe,0xff,0xff,0xff,0xfe,0xff,0xff,0xff,0xfe,0xff,0xff,0xff,0xfe,0xff,0xff,0xff,0xfe,0xff,0xff,0xff,0xfe,0x00,
0xfc,0x01,0xfc,0x01,0xfe,0x03,0xfc,0x07,0xfc,0x0f,0xf8,0x1f,0xf0,0x3f,0xc0,0x7f,0x80,0x00,0x00,0x00,0x00,0x00,0x00,0x00,
0x00,0xff,0x80,0xff,0x80,0xff,0x80,0xff,0x80,0xff,0x80,0xff,0x80,0xff,0x80,0xff,0x80,0xff,0x80,0xff,0x80,0xff,0x80,0xff,
0x80,0xff,0x80,0xff,0x80,0xff,0x80,0xff,0x80,0xff,0x80,0xff,0x80,0xff,0x80,0xff,0x80,0xff,0x80,0xff,0x80,0xff,0x80,0xff,
0x80,0xff,0x80,0xff,0x80,0xff,0x80,0xff,0x80,0xff,0x80,0xff,0x80,0xff,0x80,0xff,0x80,0xff,0x80,0xff,0x80,0xff,0x80,0xff,
0x80,0xff,0x80,0xff,0x80,0xff,0xc0,0xff,0xff,0xff,0xff,0xff,0xff,0x7f,0xff,0x7f,0xff,0x3f,0xff,0x07,0xff,0xff,0x80,0x00,
0x00,0xff,0x80,0x00,0x00,0xff,0x80,0x00,0x00,0xff,0x80,0x00,0x00,0xff,0x80,0x00,0x00,0xff,0x80,0x00,0x00,0xff,0x80,0x00,
0x00,0xff,0x80,0x00,0x00,0xff,0x80,0x00,0x00,0xff,0x80,0x00,0x00,0xff,0x80,0x00,0x00,0xff,0x80,0x00,0x00,0xff,0x80,0x00,
0x00,0xff,0x80,0x00,0x00,0xff,0x80,0x00,0x00,0xff,0x80,0x00,0x00,0xff,0x80,0x00,0x00,0xff,0x80,0x00,0x00,0xff,0x80,0x00,
0x00,0xff,0x80,0x00,0x00,0xff,0x80,0x00,0x00,0xff,0x80,0x00,0x00,0xff,0x80,0x00,0x00,0xff,0x80,0x00,0x00,0xff,0x80,0x00,
0x00,0xff,0x80,0x00,0x00,0xff,0x80,0x00,0x00,0xff,0x80,0x00,0x00,0xff,0x80,0x00,0x00,0xff,0x80,0x00,0x00,0xff,0x80,0x00,
0x00,0xff,0x80,0x00,0x00,0xff,0x80,0x00,0x00,0xff,0x80,0x00,0x00,0xff,0x80,0x00,0x00,0xff,0x80,0x00,0x00,0xff,0xff,0xff,
0xfe,0xff,0xff,0xff,0xfe,0xff,0xff,0xff,0xfe,0xff,0xff,0xff,0xfe,0xff,0xff,0xff,0xfe,0xff,0xff,0xff,0xfe,0xff,0xff,0xff,
0xfe,0xff,0xff,0xff,0xfe,0x00,0x00,0x00,0x00,0x00,0x00,0x00,0x00,0x00,0x00,0x00,0x00,0x00,0x03,0x00,0x00,0x00,0x1f,0x80,
0x00,0x00,0x7f,0xe0,0x00,0x00,0x1f,0xe0,0x00,0x00,0x0f,0xf0,0x00,0x00,0x07,0xf0,0x00,0x00,0x07,0xf0,0x00,0x00,0x07,0xf0,
0x00,0x00,0x0f,0xf0,0x00,0x00,0x1f,0xe0,0x00,0x00,0x7f,0xc0,0x00,0x01,0xff,0x80,0x00,0x00,0x7e,0x00,0x00,0x00,0x20,0x00,
0x00,0xff,0x80,0xff,0x80,0xff,0x80,0xff,0x80,0xff,0x80,0xff,0x80,0xff,0x80,0xff,0x80,0xff,0x80,0xff,0x80,0xff,0x80,0xff,
0x80,0xff,0x80,0xff,0x80,0xff,0x80,0xff,0x80,0xff,0x80,0xff,0x80,0xff,0x80,0xff,0x80,0xff,0x80,0xff,0x80,0xff,0x80,0xff,
0x80,0xff,0x80,0xff,0x80,0xff,0x80,0xff,0x80,0xff,0x80,0xff,0x80,0xff,0x80,0xff,0x80,0xff,0x80,0xff,0x80,0xff,0x80,0xff,
0x80,0xff,0x80,0xff,0x80,0xff,0xc0,0xff,0xff,0xff,0xff,0xff,0xff,0x7f,0xff,0x7f,0xff,0x3f,0xff,0x07,0xff,0x00,0x00,0x00,
0x00,0x00,0x00,0x01,0x80,0x0f,0xc0,0x3f,0xf0,0x0f,0xf0,0x07,0xf8,0x03,0xf8,0x03,0xf8,0x03,0xf8,0x07,0xf8,0x0f,0xf0,0x3f,
0xe0,0xff,0xc0,0x3f,0x00,0x10,0x00,0x00,0x00,0x78,0x00,0xff,0x80,0xfc,0x00,0xff,0x81,0xfc,0x00,0xff,0x81,0xfc,0x00,0xff,
0x81,0xfc,0x00,0xff,0x81,0xf8,0x00,0xff,0x81,0xf8,0x00,0xff,0x83,0xf0,0x00,0xff,0x83,0xf0,0x00,0xff,0x83,0xf0,0x00,0xff,
0x83,0xe0,0x00,0xff,0x83,0xe0,0x00,0xff,0x80,0x00,0x00,0xff,0x80,0x00,0x00,0xff,0x80,0x00,0x00,0xff,0x80,0x00,0x00,0xff,
0x80,0x00,0x00,0xff,0x80,0x00,0x00,0xff,0x80,0x00,0x00,0xff,0x80,0x00,0x00,0xff,0x80,0x00,0x00,0xff,0x80,0x00,0x00,0xff,
0x80,0x00,0x00,0xff,0x80,0x00,0x00,0xff,0x80,0x00,0x00,0xff,0x80,0x00,0x00,0xff,0x80,0x00,0x00,0xff,0x80,0x00,0x00,0xff,
0x80,0x00,0x00,0xff,0x80,0x00,0x00,0xff,0x80,0x00,0x00,0xff,0x80,0x00,0x00,0xff,0x80,0x00,0x00,0xff,0x80,0x00,0x00,0xff,
0x80,0x00,0x00,0xff,0x80,0x00,0x00,0xff,0xff,0xff,0xfe,0xff,0xff,0xff,0xfe,0xff,0xff,0xff,0xfe,0xff,0xff,0xff,0xfe,0xff,
0xff,0xff,0xfe,0xff,0xff,0xff,0xfe,0xff,0xff,0xff,0xfe,0xff,0xff,0xff,0xfe,0x00,0x01,0xe0,0xff,0x83,0xf0,0xff,0x87,0xf0,
0xff,0x87,0xf0,0xff,0x87,0xf0,0xff,0x87,0xe0,0xff,0x87,0xe0,0xff,0x8f,0xc0,0xff,0x8f,0xc0,0xff,0x8f,0x80,0xff,0x8f,0x80,
0xff,0x8f,0x80,0xff,0x80,0x00,0xff,0x80,0x00,0xff,0x80,0x00,0xff,0x80,0x00,0xff,0x80,0x00,0xff,0x80,0x00,0xff,0x80,0x00,
0xff,0x80,0x00,0xff,0x80,0x00,0xff,0x80,0x00,0xff,0x80,0x00,0xff,0x80,0x00,0xff,0x80,0x00,0xff,0x80,0x00,0xff,0x80,0x00,
0xff,0x80,0x00,0xff,0x80,0x00,0xff,0x80,0x00,0xff,0x80,0x00,0xff,0x80,0x00,0xff,0x80,0x00,0xff,0x80,0x00,0xff,0x80,0x00,
0xff,0x80,0x00,0xff,0x80,0x00,0xff,0x80,0x00,0xff,0xc0,0x00,0xff,0xff,0x00,0xff,0xff,0x00,0xff,0xff,0x00,0x7f,0xff,0x00,
0x7f,0xff,0x00,0x3f,0xff,0x00,0x07,0xff,0x00,0xff,0xff,0xff,0xe0,0xc0,0x00,0x00,0x60,0xc0,0x00,0x00,0x60,0xe0,0x00,0x00,
0xe0,0xb0,0x00,0x01,0xa0,0x90,0x00,0x01,0x20,0x98,0x00,0x03,0x20,0x88,0x00,0x02,0x20,0x8c,0x00,0x06,0x20,0x86,0x00,0x0c,
0x20,0x86,0x00,0x08,0x20,0x83,0x00,0x18,0x20,0x81,0x00,0x30,0x20,0x81,0x80,0x30,0x20,0x80,0xc0,0x60,0x20,0x80,0xc0,0x40,
0x20,0x80,0x60,0xc0,0x20,0x80,0x21,0x80,0x20,0x80,0x31,0x80,0x20,0x80,0x1b,0x00,0x20,0x80,0x1b,0x00,0x20,0x80,0x0e,0x00,
0x20,0x80,0x04,0x00,0x20,0x80,0x0e,0x00,0x20,0x80,0x1a,0x00,0x20,0x80,0x1b,0x00,0x20,0x80,0x31,0x80,0x20,0x80,0x20,0x80,
0x20,0x80,0x60,0xc0,0x20,0x80,0x40,0x40,0x20,0x80,0xc0,0x60,0x20,0x81,0x80,0x30,0x20,0x81,0x00,0x10,0x20,0x83,0x00,0x18,
0x20,0x82,0x00,0x08,0x20,0x86,0x00,0x0c,0x20,0x8c,0x00,0x06,0x20,0x88,0x00,0x02,0x20,0x98,0x00,0x03,0x20,0x90,0x00,0x01,
0x20,0xb0,0x00,0x01,0xa0,0xe0,0x00,0x00,0xe0,0xc0,0x00,0x00,0x60,0xc0,0x00,0x00,0x60,0xff,0xff,0xff,0xe0,0xff,0xff,0xff,
0xe0,0xc0,0x00,0x00,0x60,0xc0,0x00,0x00,0x60,0xe0,0x00,0x00,0xe0,0xb0,0x00,0x01,0xa0,0x90,0x00,0x01,0x20,0x98,0x00,0x03,
0x20,0x88,0x00,0x02,0x20,0x8c,0x00,0x06,0x20,0x86,0x00,0x0c,0x20,0x86,0x00,0x08,0x20,0x83,0x00,0x18,0x20,0x81,0x00,0x30,
0x20,0x81,0x80,0x30,0x20,0x80,0xc0,0x60,0x20,0x80,0xc0,0x40,0x20,0x80,0x60,0xc0,0x20,0x80,0x21,0x80,0x20,0x80,0x31,0x80,
0x20,0x80,0x1b,0x00,0x20,0x80,0x1b,0x00,0x20,0x80,0x0e,0x00,0x20,0x80,0x04,0x00,0x20,0x80,0x0e,0x00,0x20,0x80,0x1a,0x00,
0x20,0x80,0x1b,0x00,0x20,0x80,0x31,0x80,0x20,0x80,0x20,0x80,0x20,0x80,0x60,0xc0,0x20,0x80,0x40,0x40,0x20,0x80,0xc0,0x60,
0x20,0x81,0x80,0x30,0x20,0x81,0x00,0x10,0x20,0x83,0x00,0x18,0x20,0x82,0x00,0x08,0x20,0x86,0x00,0x0c,0x20,0x8c,0x00,0x06,
0x20,0x88,0x00,0x02,0x20,0x98,0x00,0x03,0x20,0x90,0x00,0x01,0x20,0xb0,0x00,0x01,0xa0,0xe0,0x00,0x00,0xe0,0xc0,0x00,0x00,
0x60,0xc0,0x00,0x00,0x60,0xff,0xff,0xff,0xe0,0x07,0xfc,0x00,0x00,0x00,0x07,0xfc,0x00,0x00,0x00,0x07,0xfc,0x00,0x00,0x00,
0x07,0xfc,0x00,0x00,0x00,0x07,0xfc,0x00,0x00,0x00,0x07,0xfc,0x00,0x00,0x00,0x07,0xfc,0x00,0x00,0x00,0x07,0xfc,0x00,0x00,
0x00,0x07,0xfc,0x00,0x00,0x00,0x07,0xfc,0x00,0x00,0x00,0x07,0xfc,0x01,0x80,0x00,0x07,0xfc,0x03,0x80,0x00,0x07,0xfc,0x0f,
0x80,0x00,0x07,0xfc,0x3f,0x80,0x00,0x07,0xfc,0x7f,0x80,0x00,0x07,0xfd,0xff,0x80,0x00,0x07,0xff,0xff,0x80,0x00,0x07,0xff,
0xff,0x00,0x00,0x07,0xff,0xfc,0x00,0x00,0x07,0xff,0xf8,0x00,0x00,0x07,0xff,0xe0,0x00,0x00,0x07,0xff,0x80,0x00,0x00,0x0f,
0xff,0x00,0x00,0x00,0x3f,0xfc,0x00,0x00,0x00,0x7f,0xfc,0x00,0x00,0x00,0xff,0xfc,0x00,0x00,0x00,0xff,0xfc,0x00,0x00,0x00,
0xff,0xfc,0x00,0x00,0x00,0xff,0xfc,0x00,0x00,0x00,0xff,0xfc,0x00,0x00,0x00,0xe7,0xfc,0x00,0x00,0x00,0x87,0xfc,0x00,0x00,
0x00,0x07,0xfc,0x00,0x00,0x00,0x07,0xfc,0x00,0x00,0x00,0x07,0xfc,0x00,0x00,0x00,0x07,0xfc,0x00,0x00,0x00,0x07,0xff,0xff,
0xff,0xf0,0x07,0xff,0xff,0xff,0xf0,0x07,0xff,0xff,0xff,0xf0,0x07,0xff,0xff,0xff,0xf0,0x07,0xff,0xff,0xff,0xf0,0x07,0xff,
0xff,0xff,0xf0,0x07,0xff,0xff,0xff,0xf0,0x07,0xff,0xff,0xff,0xf0,0x1f,0xf0,0x00,0x1f,0xf0,0x00,0x1f,0xf0,0x00,0x1f,0xf0,
0x00,0x1f,0xf0,0x00,0x1f,0xf0,0x00,0x1f,0xf0,0x00,0x1f,0xf0,0x00,0x1f,0xf0,0x00,0x1f,0xf0,0x00,0x1f,0xf0,0x00,0x1f,0xf0,
0x00,0x1f,0xf0,0x00,0x1f,0xf0,0x00,0x1f,0xf0,0x40,0x1f,0xf0,0xc0,0x1f,0xf3,0xc0,0x1f,0xff,0xc0,0x1f,0xff,0xc0,0x1f,0xff,
0xc0,0x1f,0xff,0xc0,0x1f,0xff,0x80,0x1f,0xff,0x00,0x3f,0xfc,0x00,0xff,0xf0,0x00,0xff,0xf0,0x00,0xff,0xf0,0x00,0xff,0xf0,
0x00,0xff,0xf0,0x00,0xff,0xf0,0x00,0xdf,0xf0,0x00,0x1f,0xf0,0x00,0x1f,0xf0,0x00,0x1f,0xf0,0x00,0x1f,0xf0,0x00,0x1f,0xf0,
0x00,0x1f,0xf0,0x00,0x1f,0xf0,0x00,0x1f,0xf8,0x00,0x1f,0xff,0xe0,0x1f,0xff,0xe0,0x1f,0xff,0xe0,0x0f,0xff,0xe0,0x0f,0xff,
0xe0,0x07,0xff,0xe0,0x00,0xff,0xe0,0x00,0x00,0x00,0xf0,0x00,0x00,0x00,0x03,0xf0,0x00,0x00,0x00,0x03,0xf8,0x00,0x00,0x00,
0x07,0xf8,0x00,0x00,0x00,0x0f,0xf8,0x00,0x00,0x00,0x1f,0xf0,0x00,0x00,0x00,0x3f,0xe0,0x00,0x00,0x00,0x7f,0xc0,0x00,0x00,
0x00,0xff,0x00,0x00,0x00,0x00,0xfe,0x00,0x00,0x00,0x00,0x00,0x00,0x00,0x00,0x00,0x00,0x00,0x00,0x00,0x00,0x00,0x00,0x00,
0x00,0x00,0x00,0x00,0x00,0xff,0xf0,0x00,0x07,0xfc,0xff,0xf8,0x00,0x07,0xfc,0xff,0xf8,0x00,0x07,0xfc,0xff,0xfc,0x00,0x07,
0xfc,0xff,0xfe,0x00,0x07,0xfc,0xff,0xfe,0x00,0x07,0xfc,0xff,0xff,0x00,0x07,0xfc,0xff,0xff,0x00,0x07,0xfc,0xff,0xff,0x80,
0x07,0xfc,0xff,0xff,0x80,0x07,0xfc,0xff,0xff,0xc0,0x07,0xfc,0xff,0xff,0xc0,0x07,0xfc,0xff,0xbf,0xe0,0x07,0xfc,0xff,0xbf,
0xe0,0x07,0xfc,0xff,0x9f,0xf0,0x07,0xfc,0xff,0x9f,0xf0,0x07,0xfc,0xff,0x8f,0xf8,0x07,0xfc,0xff,0x8f,0xf8,0x07,0xfc,0xff,
0x87,0xfc,0x07,0xfc,0xff,0x87,0xfc,0x07,0xfc,0xff,0x83,0xfe,0x07,0xfc,0xff,0x83,0xff,0x07,0xfc,0xff,0x81,0xff,0x07,0xfc,
0xff,0x80,0xff,0x87,0xfc,0xff,0x80,0xff,0x87,0xfc,0xff,0x80,0x7f,0xc7,0xfc,0xff,0x80,0x7f,0xc7,0xfc,0xff,0x80,0x3f,0xe7,
0xfc,0xff,0x80,0x3f,0xe7,0xfc,0xff,0x80,0x1f,0xf7,0xfc,0xff,0x80,0x1f,0xf7,0xfc,0xff,0x80,0x0f,0xff,0xfc,0xff,0x80,0x0f,
0xff,0xfc,0xff,0x80,0x07,0xff,0xfc,0xff,0x80,0x07,0xff,0xfc,0xff,0x80,0x03,0xff,0xfc,0xff,0x80,0x03,0xff,0xfc,0xff,0x80,
0x01,0xff,0xfc,0xff,0x80,0x00,0xff,0xfc,0xff,0x80,0x00,0xff,0xfc,0xff,0x80,0x00,0x7f,0xfc,0xff,0x80,0x00,0x7f,0xfc,0xff,
0x80,0x00,0x3f,0xfc,0x00,0x00,0x1e,0x00,0x00,0x00,0x3e,0x00,0x00,0x00,0x7f,0x00,0x00,0x00,0xff,0x00,0x00,0x00,0xff,0x00,
0x00,0x01,0xfe,0x00,0x00,0x03,0xfc,0x00,0x00,0x07,0xf8,0x00,0x00,0x07,0xf0,0x00,0x00,0x0f,0xe0,0x00,0x00,0x00,0x00,0x00,
0x00,0x00,0x00,0x00,0x00,0x00,0x00,0x00,0x00,0x00,0x00,0x00,0x00,0x01,0xfe,0x00,0xff,0x07,0xff,0x80,0xff,0x1f,0xff,0xc0,
0xff,0x3f,0xff,0xe0,0xff,0xff,0xff,0xe0,0xff,0xff,0xff,0xf0,0xff,0xff,0xff,0xf0,0xff,0xf8,0x7f,0xf0,0xff,0xe0,0x1f,0xf8,
0xff,0xc0,0x1f,0xf8,0xff,0xc0,0x0f,0xf8,0xff,0xc0,0x0f,0xf8,0xff,0x80,0x0f,0xf8,0xff,0x80,0x0f,0xf8,0xff,0x80,0x0f,0xf8,
0xff,0x80,0x0f,0xf8,0xff,0x80,0x0f,0xf8,0xff,0x80,0x0f,0xf8,0xff,0x80,0x0f,0xf8,0xff,0x80,0x0f,0xf8,0xff,0x80,0x0f,0xf8,
0xff,0x80,0x0f,0xf8,0xff,0x80,0x0f,0xf8,0xff,0x80,0x0f,0xf8,0xff,0x80,0x0f,0xf8,0xff,0x80,0x0f,0xf8,0xff,0x80,0x0f,0xf8,
0xff,0x80,0x0f,0xf8,0xff,0x80,0x0f,0xf8,0xff,0x80,0x0f,0xf8,0xff,0x80,0x0f,0xf8,0xff,0x80,0x0f,0xf8,0xff,0x80,0x0f,0xf8,
0xff,0xf0,0x00,0x07,0xfc,0xff,0xf8,0x00,0x07,0xfc,0xff,0xf8,0x00,0x07,0xfc,0xff,0xfc,0x00,0x07,0xfc,0xff,0xfc,0x00,0x07,
0xfc,0xff,0xfe,0x00,0x07,0xfc,0xff,0xfe,0x00,0x07,0xfc,0xff,0xff,0x00,0x07,0xfc,0xff,0xff,0x80,0x07,0xfc,0xff,0xff,0x80,
0x07,0xfc,0xff,0xff,0xc0,0x07,0xfc,0xff,0xff,0xc0,0x07,0xfc,0xff,0xbf,0xe0,0x07,0xfc,0xff,0xbf,0xe0,0x07,0xfc,0xff,0x9f,
0xf0,0x07,0xfc,0xff,0x9f,0xf0,0x07,0xfc,0xff,0x8f,0xf8,0x07,0xfc,0xff,0x8f,0xf8,0x07,0xfc,0xff,0x87,0xfc,0x07,0xfc,0xff,
0x87,0xfc,0x07,0xfc,0xff,0x83,0xfe,0x07,0xfc,0xff,0x83,0xff,0x07,0xfc,0xff,0x81,0xff,0x07,0xfc,0xff,0x81,0xff,0x87,0xfc,
0xff,0x80,0xff,0x87,0xfc,0xff,0x80,0x7f,0xc7,0xfc,0xff,0x80,0x7f,0xc7,0xfc,0xff,0x80,0x3f,0xe7,0xfc,0xff,0x80,0x3f,0xe7,
0xfc,0xff,0x80,0x1f,0xf7,0xfc,0xff,0x80,0x1f,0xf7,0xfc,0xff,0x80,0x0f,0xff,0xfc,0xff,0x80,0x0f,0xff,0xfc,0xff,0x80,0x07,
0xff,0xfc,0xff,0x80,0x07,0xff,0xfc,0xff,0x80,0x03,0xff,0xfc,0xff,0x80,0x03,0xff,0xfc,0xff,0x80,0x01,0xff,0xfc,0xff,0x80,
0x01,0xff,0xfc,0xff,0x80,0x00,0xff,0xfc,0xff,0x80,0x00,0xff,0xfc,0xff,0x80,0x00,0x7f,0xfc,0xff,0x80,0x00,0x7f,0xfc,0x00,
0x00,0x00,0x00,0x00,0x00,0x00,0x00,0x00,0x00,0x00,0x00,0x00,0x00,0x00,0x00,0x00,0x18,0x00,0x00,0x00,0x00,0xfc,0x00,0x00,
0x00,0x03,0xff,0x00,0x00,0x00,0x00,0xff,0x00,0x00,0x00,0x00,0x7f,0x80,0x00,0x00,0x00,0x3f,0x80,0x00,0x00,0x00,0x3f,0x80,
0x00,0x00,0x00,0x3f,0x80,0x00,0x00,0x00,0x7f,0x80,0x00,0x00,0x00,0xff,0x00,0x00,0x00,0x03,0xfe,0x00,0x00,0x00,0x0f,0xfc,
0x00,0x00,0x00,0x03,0xf0,0x00,0x00,0x00,0x01,0x00,0x00,0x00,0x00,0x01,0xfe,0x00,0xff,0x07,0xff,0x80,0xff,0x1f,0xff,0xc0,
0xff,0x3f,0xff,0xe0,0xff,0xff,0xff,0xe0,0xff,0xff,0xff,0xf0,0xff,0xff,0xff,0xf0,0xff,0xf8,0x7f,0xf0,0xff,0xe0,0x1f,0xf8,
0xff,0xc0,0x1f,0xf8,0xff,0xc0,0x0f,0xf8,0xff,0xc0,0x0f,0xf8,0xff,0x80,0x0f,0xf8,0xff,0x80,0x0f,0xf8,0xff,0x80,0x0f,0xf8,
0xff,0x80,0x0f,0xf8,0xff,0x80,0x0f,0xf8,0xff,0x80,0x0f,0xf8,0xff,0x80,0x0f,0xf8,0xff,0x80,0x0f,0xf8,0xff,0x80,0x0f,0xf8,
0xff,0x80,0x0f,0xf8,0xff,0x80,0x0f,0xf8,0xff,0x80,0x0f,0xf8,0xff,0x80,0x0f,0xf8,0xff,0x80,0x0f,0xf8,0xff,0x80,0x0f,0xf8,
0xff,0x80,0x0f,0xf8,0xff,0x80,0x0f,0xf8,0xff,0x80,0x0f,0xf8,0xff,0x80,0x0f,0xf8,0xff,0x80,0x0f,0xf8,0xff,0x80,0x0f,0xf8,
0x00,0x00,0x00,0x00,0x00,0x00,0x00,0x00,0x00,0x00,0x00,0x00,0x00,0x01,0x80,0x00,0x00,0x0f,0xc0,0x00,0x00,0x3f,0xf0,0x00,
0x00,0x0f,0xf0,0x00,0x00,0x07,0xf8,0x00,0x00,0x03,0xf8,0x00,0x00,0x03,0xf8,0x00,0x00,0x03,0xf8,0x00,0x00,0x07,0xf8,0x00,
0x00,0x0f,0xf0,0x00,0x00,0x3f,0xe0,0x00,0x00,0xff,0xc0,0x00,0x00,0x3f,0x00,0x00,0x00,0x10,0x00,0x00,0x01,0xfe,0x01,0xfe,
0x00,0x00,0xff,0x03,0xfc,0x00,0x00,0x7f,0x87,0xf8,0x00,0x00,0x3f,0xcf,0xf0,0x00,0x00,0x1f,0xff,0xe0,0x00,0x00,0x0f,0xff,
0xc0,0x00,0x00,0x07,0xff,0x80,0x00,0x00,0x01,0xff,0x00,0x00,0x00,0x00,0xfe,0x00,0x00,0x00,0x00,0x78,0x00,0x00,0x00,0x00,
0x00,0x00,0x00,0x00,0x00,0x00,0x00,0x00,0x00,0x00,0x00,0x00,0x00,0x00,0x00,0x00,0x00,0x00,0xff,0xf0,0x00,0x07,0xfc,0xff,
0xf8,0x00,0x07,0xfc,0xff,0xf8,0x00,0x07,0xfc,0xff,0xfc,0x00,0x07,0xfc,0xff,0xfe,0x00,0x07,0xfc,0xff,0xfe,0x00,0x07,0xfc,
0xff,0xff,0x00,0x07,0xfc,0xff,0xff,0x00,0x07,0xfc,0xff,0xff,0x80,0x07,0xfc,0xff,0xff,0x80,0x07,0xfc,0xff,0xff,0xc0,0x07,
0xfc,0xff,0xff,0xc0,0x07,0xfc,0xff,0xbf,0xe0,0x07,0xfc,0xff,0xbf,0xe0,0x07,0xfc,0xff,0x9f,0xf0,0x07,0xfc,0xff,0x9f,0xf0,
0x07,0xfc,0xff,0x8f,0xf8,0x07,0xfc,0xff,0x8f,0xf8,0x07,0xfc,0xff,0x87,0xfc,0x07,0xfc,0xff,0x87,0xfc,0x07,0xfc,0xff,0x83,
0xfe,0x07,0xfc,0xff,0x83,0xff,0x07,0xfc,0xff,0x81,0xff,0x07,0xfc,0xff,0x80,0xff,0x87,0xfc,0xff,0x80,0xff,0x87,0xfc,0xff,
0x80,0x7f,0xc7,0xfc,0xff,0x80,0x7f,0xc7,0xfc,0xff,0x80,0x3f,0xe7,0xfc,0xff,0x80,0x3f,0xe7,0xfc,0xff,0x80,0x1f,0xf7,0xfc,
0xff,0x80,0x1f,0xf7,0xfc,0xff,0x80,0x0f,0xff,0xfc,0xff,0x80,0x0f,0xff,0xfc,0xff,0x80,0x07,0xff,0xfc,0xff,0x80,0x07,0xff,
0xfc,0xff,0x80,0x03,0xff,0xfc,0xff,0x80,0x03,0xff,0xfc,0xff,0x80,0x01,0xff,0xfc,0xff,0x80,0x00,0xff,0xfc,0xff,0x80,0x00,
0xff,0xfc,0xff,0x80,0x00,0x7f,0xfc,0xff,0x80,0x00,0x7f,0xfc,0xff,0x80,0x00,0x3f,0xfc,0x1f,0xc0,0x1f,0xc0,0x0f,0xe0,0x3f,
0x80,0x07,0xf0,0x7f,0x00,0x03,0xf9,0xfe,0x00,0x01,0xff,0xfc,0x00,0x00,0xff,0xf8,0x00,0x00,0x7f,0xf0,0x00,0x00,0x3f,0xe0,
0x00,0x00,0x1f,0xc0,0x00,0x00,0x0f,0x80,0x00,0x00,0x00,0x00,0x00,0x00,0x00,0x00,0x00,0x00,0x00,0x00,0x00,0x00,0x00,0x00,
0x00,0x00,0x01,0xfe,0x00,0xff,0x07,0xff,0x80,0xff,0x1f,0xff,0xc0,0xff,0x3f,0xff,0xe0,0xff,0xff,0xff,0xe0,0xff,0xff,0xff,
0xf0,0xff,0xff,0xff,0xf0,0xff,0xf8,0x7f,0xf0,0xff,0xe0,0x1f,0xf8,0xff,0xc0,0x1f,0xf8,0xff,0xc0,0x0f,0xf8,0xff,0xc0,0x0f,
0xf8,0xff,0x80,0x0f,0xf8,0xff,0x80,0x0f,0xf8,0xff,0x80,0x0f,0xf8,0xff,0x80,0x0f,0xf8,0xff,0x80,0x0f,0xf8,0xff,0x80,0x0f,
0xf8,0xff,0x80,0x0f,0xf8,0xff,0x80,0x0f,0xf8,0xff,0x80,0x0f,0xf8,0xff,0x80,0x0f,0xf8,0xff,0x80,0x0f,0xf8,0xff,0x80,0x0f,
0xf8,0xff,0x80,0x0f,0xf8,0xff,0x80,0x0f,0xf8,0xff,0x80,0x0f,0xf8,0xff,0x80,0x0f,0xf8,0xff,0x80,0x0f,0xf8,0xff,0x80,0x0f,
0xf8,0xff,0x80,0x0f,0xf8,0xff,0x80,0x0f,0xf8,0xff,0x80,0x0f,0xf8,0xff,0xff,0xff,0xe0,0xc0,0x00,0x00,0x60,0xc0,0x00,0x00,
0x60,0xe0,0x00,0x00,0xe0,0xb0,0x00,0x01,0xa0,0x90,0x00,0x01,0x20,0x98,0x00,0x03,0x20,0x88,0x00,0x02,0x20,0x8c,0x00,0x06,
0x20,0x86,0x00,0x0c,0x20,0x86,0x00,0x08,0x20,0x83,0x00,0x18,0x20,0x81,0x00,0x30,0x20,0x81,0x80,0x30,0x20,0x80,0xc0,0x60,
0x20,0x80,0xc0,0x40,0x20,0x80,0x60,0xc0,0x20,0x80,0x21,0x80,0x20,0x80,0x31,0x80,0x20,0x80,0x1b,0x00,0x20,0x80,0x1b,0x00,
0x20,0x80,0x0e,0x00,0x20,0x80,0x04,0x00,0x20,0x80,0x0e,0x00,0x20,0x80,0x1a,0x00,0x20,0x80,0x1b,0x00,0x20,0x80,0x31,0x80,
0x20,0x80,0x20,0x80,0x20,0x80,0x60,0xc0,0x20,0x80,0x40,0x40,0x20,0x80,0xc0,0x60,0x20,0x81,0x80,0x30,0x20,0x81,0x00,0x10,
0x20,0x83,0x00,0x18,0x20,0x82,0x00,0x08,0x20,0x86,0x00,0x0c,0x20,0x8c,0x00,0x06,0x20,0x88,0x00,0x02,0x20,0x98,0x00,0x03,
0x20,0x90,0x00,0x01,0x20,0xb0,0x00,0x01,0xa0,0xe0,0x00,0x00,0xe0,0xc0,0x00,0x00,0x60,0xc0,0x00,0x00,0x60,0xff,0xff,0xff,
0xe0,0xff,0xff,0xff,0xe0,0xc0,0x00,0x00,0x60,0xc0,0x00,0x00,0x60,0xe0,0x00,0x00,0xe0,0xb0,0x00,0x01,0xa0,0x90,0x00,0x01,
0x20,0x98,0x00,0x03,0x20,0x88,0x00,0x02,0x20,0x8c,0x00,0x06,0x20,0x86,0x00,0x0c,0x20,0x86,0x00,0x08,0x20,0x83,0x00,0x18,
0x20,0x81,0x00,0x30,0x20,0x81,0x80,0x30,0x20,0x80,0xc0,0x60,0x20,0x80,0xc0,0x40,0x20,0x80,0x60,0xc0,0x20,0x80,0x21,0x80,
0x20,0x80,0x31,0x80,0x20,0x80,0x1b,0x00,0x20,0x80,0x1b,0x00,0x20,0x80,0x0e,0x00,0x20,0x80,0x04,0x00,0x20,0x80,0x0e,0x00,
0x20,0x80,0x1a,0x00,0x20,0x80,0x1b,0x00,0x20,0x80,0x31,0x80,0x20,0x80,0x20,0x80,0x20,0x80,0x60,0xc0,0x20,0x80,0x40,0x40,
0x20,0x80,0xc0,0x60,0x20,0x81,0x80,0x30,0x20,0x81,0x00,0x10,0x20,0x83,0x00,0x18,0x20,0x82,0x00,0x08,0x20,0x86,0x00,0x0c,
0x20,0x8c,0x00,0x06,0x20,0x88,0x00,0x02,0x20,0x98,0x00,0x03,0x20,0x90,0x00,0x01,0x20,0xb0,0x00,0x01,0xa0,0xe0,0x00,0x00,
0xe0,0xc0,0x00,0x00,0x60,0xc0,0x00,0x00,0x60,0xff,0xff,0xff,0xe0,0xff,0xff,0xff,0xe0,0xc0,0x00,0x00,0x60,0xc0,0x00,0x00,
0x60,0xe0,0x00,0x00,0xe0,0xb0,0x00,0x01,0xa0,0x90,0x00,0x01,0x20,0x98,0x00,0x03,0x20,0x88,0x00,0x02,0x20,0x8c,0x00,0x06,
0x20,0x86,0x00,0x0c,0x20,0x86,0x00,0x08,0x20,0x83,0x00,0x18,0x20,0x81,0x00,0x30,0x20,0x81,0x80,0x30,0x20,0x80,0xc0,0x60,
0x20,0x80,0xc0,0x40,0x20,0x80,0x60,0xc0,0x20,0x80,0x21,0x80,0x20,0x80,0x31,0x80,0x20,0x80,0x1b,0x00,0x20,0x80,0x1b,0x00,
0x20,0x80,0x0e,0x00,0x20,0x80,0x04,0x00,0x20,0x80,0x0e,0x00,0x20,0x80,0x1a,0x00,0x20,0x80,0x1b,0x00,0x20,0x80,0x31,0x80,
0x20,0x80,0x20,0x80,0x20,0x80,0x60,0xc0,0x20,0x80,0x40,0x40,0x20,0x80,0xc0,0x60,0x20,0x81,0x80,0x30,0x20,0x81,0x00,0x10,
0x20,0x83,0x00,0x18,0x20,0x82,0x00,0x08,0x20,0x86,0x00,0x0c,0x20,0x8c,0x00,0x06,0x20,0x88,0x00,0x02,0x20,0x98,0x00,0x03,
0x20,0x90,0x00,0x01,0x20,0xb0,0x00,0x01,0xa0,0xe0,0x00,0x00,0xe0,0xc0,0x00,0x00,0x60,0xc0,0x00,0x00,0x60,0xff,0xff,0xff,
0xe0,0xff,0xff,0xff,0xe0,0xc0,0x00,0x00,0x60,0xc0,0x00,0x00,0x60,0xe0,0x00,0x00,0xe0,0xb0,0x00,0x01,0xa0,0x90,0x00,0x01,
0x20,0x98,0x00,0x03,0x20,0x88,0x00,0x02,0x20,0x8c,0x00,0x06,0x20,0x86,0x00,0x0c,0x20,0x86,0x00,0x08,0x20,0x83,0x00,0x18,
0x20,0x81,0x00,0x30,0x20,0x81,0x80,0x30,0x20,0x80,0xc0,0x60,0x20,0x80,0xc0,0x40,0x20,0x80,0x60,0xc0,0x20,0x80,0x21,0x80,
0x20,0x80,0x31,0x80,0x20,0x80,0x1b,0x00,0x20,0x80,0x1b,0x00,0x20,0x80,0x0e,0x00,0x20,0x80,0x04,0x00,0x20,0x80,0x0e,0x00,
0x20,0x80,0x1a,0x00,0x20,0x80,0x1b,0x00,0x20,0x80,0x31,0x80,0x20,0x80,0x20,0x80,0x20,0x80,0x60,0xc0,0x20,0x80,0x40,0x40,
0x20,0x80,0xc0,0x60,0x20,0x81,0x80,0x30,0x20,0x81,0x00,0x10,0x20,0x83,0x00,0x18,0x20,0x82,0x00,0x08,0x20,0x86,0x00,0x0c,
0x20,0x8c,0x00,0x06,0x20,0x88,0x00,0x02,0x20,0x98,0x00,0x03,0x20,0x90,0x00,0x01,0x20,0xb0,0x00,0x01,0xa0,0xe0,0x00,0x00,
0xe0,0xc0,0x00,0x00,0x60,0xc0,0x00,0x00,0x60,0xff,0xff,0xff,0xe0,0xff,0xff,0xff,0xe0,0xc0,0x00,0x00,0x60,0xc0,0x00,0x00,
0x60,0xe0,0x00,0x00,0xe0,0xb0,0x00,0x01,0xa0,0x90,0x00,0x01,0x20,0x98,0x00,0x03,0x20,0x88,0x00,0x02,0x20,0x8c,0x00,0x06,
0x20,0x86,0x00,0x0c,0x20,0x86,0x00,0x08,0x20,0x83,0x00,0x18,0x20,0x81,0x00,0x30,0x20,0x81,0x80,0x30,0x20,0x80,0xc0,0x60,
0x20,0x80,0xc0,0x40,0x20,0x80,0x60,0xc0,0x20,0x80,0x21,0x80,0x20,0x80,0x31,0x80,0x20,0x80,0x1b,0x00,0x20,0x80,0x1b,0x00,
0x20,0x80,0x0e,0x00,0x20,0x80,0x04,0x00,0x20,0x80,0x0e,0x00,0x20,0x80,0x1a,0x00,0x20,0x80,0x1b,0x00,0x20,0x80,0x31,0x80,
0x20,0x80,0x20,0x80,0x20,0x80,0x60,0xc0,0x20,0x80,0x40,0x40,0x20,0x80,0xc0,0x60,0x20,0x81,0x80,0x30,0x20,0x81,0x00,0x10,
0x20,0x83,0x00,0x18,0x20,0x82,0x00,0x08,0x20,0x86,0x00,0x0c,0x20,0x8c,0x00,0x06,0x20,0x88,0x00,0x02,0x20,0x98,0x00,0x03,
0x20,0x90,0x00,0x01,0x20,0xb0,0x00,0x01,0xa0,0xe0,0x00,0x00,0xe0,0xc0,0x00,0x00,0x60,0xc0,0x00,0x00,0x60,0xff,0xff,0xff,
0xe0,0xff,0xff,0xff,0xe0,0xc0,0x00,0x00,0x60,0xc0,0x00,0x00,0x60,0xe0,0x00,0x00,0xe0,0xb0,0x00,0x01,0xa0,0x90,0x00,0x01,
0x20,0x98,0x00,0x03,0x20,0x88,0x00,0x02,0x20,0x8c,0x00,0x06,0x20,0x86,0x00,0x0c,0x20,0x86,0x00,0x08,0x20,0x83,0x00,0x18,
0x20,0x81,0x00,0x30,0x20,0x81,0x80,0x30,0x20,0x80,0xc0,0x60,0x20,0x80,0xc0,0x40,0x20,0x80,0x60,0xc0,0x20,0x80,0x21,0x80,
0x20,0x80,0x31,0x80,0x20,0x80,0x1b,0x00,0x20,0x80,0x1b,0x00,0x20,0x80,0x0e,0x00,0x20,0x80,0x04,0x00,0x20,0x80,0x0e,0x00,
0x20,0x80,0x1a,0x00,0x20,0x80,0x1b,0x00,0x20,0x80,0x31,0x80,0x20,0x80,0x20,0x80,0x20,0x80,0x60,0xc0,0x20,0x80,0x40,0x40,
0x20,0x80,0xc0,0x60,0x20,0x81,0x80,0x30,0x20,0x81,0x00,0x10,0x20,0x83,0x00,0x18,0x20,0x82,0x00,0x08,0x20,0x86,0x00,0x0c,
0x20,0x8c,0x00,0x06,0x20,0x88,0x00,0x02,0x20,0x98,0x00,0x03,0x20,0x90,0x00,0x01,0x20,0xb0,0x00,0x01,0xa0,0xe0,0x00,0x00,
0xe0,0xc0,0x00,0x00,0x60,0xc0,0x00,0x00,0x60,0xff,0xff,0xff,0xe0,0xff,0xff,0xff,0xe0,0xc0,0x00,0x00,0x60,0xc0,0x00,0x00,
0x60,0xe0,0x00,0x00,0xe0,0xb0,0x00,0x01,0xa0,0x90,0x00,0x01,0x20,0x98,0x00,0x03,0x20,0x88,0x00,0x02,0x20,0x8c,0x00,0x06,
0x20,0x86,0x00,0x0c,0x20,0x86,0x00,0x08,0x20,0x83,0x00,0x18,0x20,0x81,0x00,0x30,0x20,0x81,0x80,0x30,0x20,0x80,0xc0,0x60,
0x20,0x80,0xc0,0x40,0x20,0x80,0x60,0xc0,0x20,0x80,0x21,0x80,0x20,0x80,0x31,0x80,0x20,0x80,0x1b,0x00,0x20,0x80,0x1b,0x00,
0x20,0x80,0x0e,0x00,0x20,0x80,0x04,0x00,0x20,0x80,0x0e,0x00,0x20,0x80,0x1a,0x00,0x20,0x80,0x1b,0x00,0x20,0x80,0x31,0x80,
0x20,0x80,0x20,0x80,0x20,0x80,0x60,0xc0,0x20,0x80,0x40,0x40,0x20,0x80,0xc0,0x60,0x20,0x81,0x80,0x30,0x20,0x81,0x00,0x10,
0x20,0x83,0x00,0x18,0x20,0x82,0x00,0x08,0x20,0x86,0x00,0x0c,0x20,0x8c,0x00,0x06,0x20,0x88,0x00,0x02,0x20,0x98,0x00,0x03,
0x20,0x90,0x00,0x01,0x20,0xb0,0x00,0x01,0xa0,0xe0,0x00,0x00,0xe0,0xc0,0x00,0x00,0x60,0xc0,0x00,0x00,0x60,0xff,0xff,0xff,
0xe0,0x00,0x00,0x00,0x00,0x20,0x00,0x00,0x00,0x0f,0x80,0xf8,0x00,0x00,0x00,0x1f,0x81,0xfc,0x00,0x00,0x00,0x3f,0x83,0xfc,
0x00,0x00,0x00,0x7f,0x87,0xfc,0x00,0x00,0x00,0xff,0x87,0xf8,0x00,0x00,0x01,0xff,0x0f,0xf0,0x00,0x00,0x03,0xfe,0x1f,0xe0,
0x00,0x00,0x03,0xf8,0x3f,0xc0,0x00,0x00,0x07,0xf0,0x7f,0x00,0x00,0x00,0x00,0x00,0x00,0x00,0x00,0x00,0x00,0x00,0x00,0x00,
0x00,0x00,0x00,0x00,0x00,0x00,0x00,0x00,0x00,0x00,0x00,0x00,0x00,0x00,0x00,0x7f,0xe0,0x00,0x00,0x00,0x07,0xff,0xfe,0x00,
0x00,0x00,0x1f,0xff,0xff,0x80,0x00,0x00,0x7f,0xff,0xff,0xe0,0x00,0x00,0xff,0xff,0xff,0xf0,0x00,0x01,0xff,0xff,0xff,0xf8,
0x00,0x03,0xff,0xff,0xff,0xfc,0x00,0x07,0xff,0xff,0xff,0xfe,0x00,0x0f,0xff,0xe0,0x7f,0xff,0x00,0x1f,0xff,0x00,0x0f,0xff,
0x00,0x1f,0xfe,0x00,0x07,0xff,0x80,0x3f,0xfc,0x00,0x03,0xff,0xc0,0x3f,0xf8,0x00,0x01,0xff,0xc0,0x7f,0xf0,0x00,0x00,0xff,
0xc0,0x7f,0xf0,0x00,0x00,0xff,0xe0,0x7f,0xe0,0x00,0x00,0x7f,0xe0,0x7f,0xe0,0x00,0x00,0x7f,0xe0,0xff,0xe0,0x00,0x00,0x7f,
0xf0,0xff,0xc0,0x00,0x00,0x3f,0xf0,0xff,0xc0,0x00,0x00,0x3f,0xf0,0xff,0xc0,0x00,0x00,0x3f,0xf0,0xff,0xc0,0x00,0x00,0x3f,
0xf0,0xff,0xc0,0x00,0x00,0x3f,0xf0,0xff,0xc0,0x00,0x00,0x3f,0xf0,0xff,0xc0,0x00,0x00,0x3f,0xf0,0xff,0xc0,0x00,0x00,0x3f,
0xf0,0xff,0xc0,0x00,0x00,0x3f,0xf0,0xff,0xe0,0x00,0x00,0x7f,0xf0,0x7f,0xe0,0x00,0x00,0x7f,0xe0,0x7f,0xe0,0x00,0x00,0x7f,
0xe0,0x7f,0xf0,0x00,0x00,0xff,0xe0,0x7f,0xf0,0x00,0x00,0xff,0xc0,0x3f,0xf8,0x00,0x01,0xff,0xc0,0x3f,0xfc,0x00,0x03,0xff,
0xc0,0x1f,0xfe,0x00,0x07,0xff,0x80,0x1f,0xff,0x00,0x0f,0xff,0x00,0x0f,0xff,0xe0,0x7f,0xff,0x00,0x07,0xff,0xff,0xff,0xfe,
0x00,0x03,0xff,0xff,0xff,0xfc,0x00,0x01,0xff,0xff,0xff,0xf8,0x00,0x00,0xff,0xff,0xff,0xf0,0x00,0x00,0x7f,0xff,0xff,0xe0,
0x00,0x00,0x1f,0xff,0xff,0x80,0x00,0x00,0x07,0xff,0xfe,0x00,0x00,0x00,0x00,0x7f,0xe0,0x00,0x00,0x00,0x00,0x80,0x00,0x00,
0x00,0x03,0xe0,0x3e,0x00,0x00,0x07,0xf0,0x3f,0x00,0x00,0x0f,0xf0,0x7f,0x00,0x00,0x1f,0xf0,0xff,0x00,0x00,0x1f,0xe1,0xff,
0x00,0x00,0x3f,0xc3,0xfe,0x00,0x00,0x7f,0x87,0xf8,0x00,0x00,0xff,0x07,0xf0,0x00,0x01,0xfc,0x0f,0xe0,0x00,0x00,0x00,0x00,
0x00,0x00,0x00,0x00,0x00,0x00,0x00,0x00,0x00,0x00,0x00,0x00,0x00,0x00,0x00,0x00,0x00,0x00,0x0f,0xf8,0x00,0x00,0x00,0x7f,
0xff,0x00,0x00,0x01,0xff,0xff,0xc0,0x00,0x03,0xff,0xff,0xe0,0x00,0x07,0xff,0xff,0xf0,0x00,0x0f,0xff,0xff,0xf8,0x00,0x1f,
0xff,0xff,0xfc,0x00,0x3f,0xfc,0x1f,0xfe,0x00,0x3f,0xf0,0x07,0xfe,0x00,0x7f,0xe0,0x03,0xff,0x00,0x7f,0xc0,0x01,0xff,0x00,
0x7f,0xc0,0x01,0xff,0x00,0xff,0xc0,0x01,0xff,0x80,0xff,0x80,0x00,0xff,0x80,0xff,0x80,0x00,0xff,0x80,0xff,0x80,0x00,0xff,
0x80,0xff,0x80,0x00,0xff,0x80,0xff,0x80,0x00,0xff,0x80,0xff,0x80,0x00,0xff,0x80,0xff,0x80,0x00,0xff,0x80,0xff,0x80,0x00,
0xff,0x80,0xff,0xc0,0x01,0xff,0x80,0x7f,0xc0,0x01,0xff,0x00,0x7f,0xc0,0x01,0xff,0x00,0x7f,0xe0,0x03,0xff,0x00,0x3f,0xf0,
0x07,0xfe,0x00,0x3f,0xfc,0x1f,0xfe,0x00,0x1f,0xff,0xff,0xfc,0x00,0x0f,0xff,0xff,0xf8,0x00,0x07,0xff,0xff,0xf0,0x00,0x03,
0xff,0xff,0xe0,0x00,0x01,0xff,0xff,0xc0,0x00,0x00,0x7f,0xff,0x00,0x00,0x00,0x0f,0xf8,0x00,0x00,0x00,0x01,0xff,0x80,0x00,
0x00,0x00,0x00,0x00,0x0f,0xff,0xe1,0xff,0xff,0xff,0xf8,0x00,0x3f,0xff,0xf9,0xff,0xff,0xff,0xf8,0x00,0x7f,0xff,0xff,0xff,
0xff,0xff,0xf8,0x01,0xff,0xff,0xff,0xff,0xff,0xff,0xf8,0x03,0xff,0xff,0xff,0xff,0xff,0xff,0xf8,0x07,0xff,0xff,0xff,0xff,
0xff,0xff,0xf8,0x07,0xff,0xff,0xff,0xff,0xff,0xff,0xf8,0x0f,0xff,0x80,0xff,0xff,0xff,0xff,0xf8,0x1f,0xfe,0x00,0x3f,0xff,
0x00,0x00,0x00,0x1f,0xfc,0x00,0x1f,0xff,0x00,0x00,0x00,0x3f,0xf8,0x00,0x0f,0xff,0x00,0x00,0x00,0x3f,0xf0,0x00,0x07,0xff,
0x00,0x00,0x00,0x7f,0xf0,0x00,0x07,0xff,0x00,0x00,0x00,0x7f,0xe0,0x00,0x03,0xff,0x00,0x00,0x00,0x7f,0xe0,0x00,0x03,0xff,
0x00,0x00,0x00,0x7f,0xe0,0x00,0x03,0xff,0x00,0x00,0x00,0xff,0xc0,0x00,0x01,0xff,0x00,0x00,0x00,0xff,0xc0,0x00,0x01,0xff,
0xff,0xf8,0x00,0xff,0xc0,0x00,0x01,0xff,0xff,0xf8,0x00,0xff,0xc0,0x00,0x01,0xff,0xff,0xf8,0x00,0xff,0xc0,0x00,0x01,0xff,
0xff,0xf8,0x00,0xff,0xc0,0x00,0x01,0xff,0xff,0xf8,0x00,0xff,0xc0,0x00,0x01,0xff,0xff,0xf8,0x00,0xff,0xc0,0x00,0x01,0xff,
0xff,0xf8,0x00,0xff,0xc0,0x00,0x01,0xff,0xff,0xf8,0x00,0xff,0xc0,0x00,0x01,0xff,0x00,0x00,0x00,0xff,0xc0,0x00,0x01,0xff,
0x00,0x00,0x00,0x7f,0xe0,0x00,0x03,0xff,0x00,0x00,0x00,0x7f,0xe0,0x00,0x03,0xff,0x00,0x00,0x00,0x7f,0xe0,0x00,0x03,0xff,
0x00,0x00,0x00,0x7f,0xf0,0x00,0x07,0xff,0x00,0x00,0x00,0x3f,0xf0,0x00,0x07,0xff,0x00,0x00,0x00,0x3f,0xf8,0x00,0x0f,0xff,
0x00,0x00,0x00,0x1f,0xfc,0x00,0x1f,0xff,0x00,0x00,0x00,0x1f,0xfe,0x00,0x3f,0xff,0x00,0x00,0x00,0x0f,0xff,0x80,0xff,0xff,
0xff,0xff,0xf8,0x0f,0xff,0xff,0xff,0xff,0xff,0xff,0xf8,0x07,0xff,0xff,0xff,0xff,0xff,0xff,0xf8,0x03,0xff,0xff,0xff,0xff,
0xff,0xff,0xf8,0x01,0xff,0xff,0xff,0xff,0xff,0xff,0xf8,0x00,0x7f,0xff,0xff,0xff,0xff,0xff,0xf8,0x00,0x3f,0xff,0xf9,0xff,
0xff,0xff,0xf8,0x00,0x0f,0xff,0xe1,0xff,0xff,0xff,0xf8,0x00,0x01,0xff,0x80,0x00,0x00,0x00,0x00,0x00,0x0f,0xf8,0x00,0x07,
0xf8,0x00,0x00,0x00,0x7f,0xff,0x00,0x3f,0xff,0x00,0x00,0x01,0xff,0xff,0x80,0xff,0xff,0xc0,0x00,0x03,0xff,0xff,0xe1,0xff,
0xff,0xe0,0x00,0x07,0xff,0xff,0xf3,0xff,0xff,0xf0,0x00,0x0f,0xff,0xff,0xff,0xff,0xff,0xf8,0x00,0x1f,0xff,0xff,0xff,0xff,
0xff,0xfc,0x00,0x3f,0xfc,0x1f,0xff,0xfc,0x0f,0xfc,0x00,0x3f,0xf0,0x07,0xff,0xf0,0x03,0xfe,0x00,0x7f,0xe0,0x03,0xff,0xe0,
0x01,0xfe,0x00,0x7f,0xc0,0x01,0xff,0xc0,0x01,0xff,0x00,0x7f,0xc0,0x01,0xff,0xc0,0x00,0xff,0x00,0xff,0xc0,0x01,0xff,0x80,
0x00,0xff,0x00,0xff,0x80,0x00,0xff,0x80,0x00,0xff,0x80,0xff,0x80,0x00,0xff,0xff,0xff,0xff,0x80,0xff,0x80,0x00,0xff,0xff,
0xff,0xff,0x80,0xff,0x80,0x00,0xff,0xff,0xff,0xff,0x80,0xff,0x80,0x00,0xff,0xff,0xff,0xff,0x80,0xff,0x80,0x00,0xff,0xff,
0xff,0xff,0x80,0xff,0x80,0x00,0xff,0x80,0x00,0x00,0x00,0xff,0x80,0x00,0xff,0x80,0x00,0x00,0x00,0xff,0xc0,0x01,0xff,0x80,
0x00,0x00,0x00,0x7f,0xc0,0x01,0xff,0xc0,0x00,0x00,0x00,0x7f,0xc0,0x01,0xff,0xc0,0x00,0x00,0x00,0x7f,0xe0,0x03,0xff,0xe0,
0x01,0x00,0x00,0x3f,0xf0,0x07,0xff,0xf0,0x03,0xe0,0x00,0x3f,0xfc,0x1f,0xff,0xfc,0x0f,0xf8,0x00,0x1f,0xff,0xff,0xff,0xff,
0xff,0xfc,0x00,0x0f,0xff,0xff,0xff,0xff,0xff,0xfc,0x00,0x07,0xff,0xff,0xf7,0xff,0xff,0xf8,0x00,0x03,0xff,0xff,0xe3,0xff,
0xff,0xf0,0x00,0x01,0xff,0xff,0x80,0xff,0xff,0xc0,0x00,0x00,0x7f,0xff,0x00,0x7f,0xff,0x00,0x00,0x00,0x0f,0xf8,0x00,0x0f,
0xf8,0x00,0x00,0x00,0x00,0x07,0xc0,0x00,0x00,0x00,0x0f,0xe0,0x00,0x00,0x00,0x1f,0xe0,0x00,0x00,0x00,0x3f,0xe0,0x00,0x00,
0x00,0x7f,0xe0,0x00,0x00,0x00,0x7f,0xc0,0x00,0x00,0x00,0xff,0x00,0x00,0x00,0x01,0xfe,0x00,0x00,0x00,0x03,0xf8,0x00,0x00,
0x00,0x00,0x00,0x00,0x00,0x00,0x00,0x00,0x00,0x00,0x00,0x00,0x00,0x00,0x00,0x00,0x00,0x00,0x00,0x00,0xff,0xff,0xff,0x00,
0x00,0xff,0xff,0xff,0xe0,0x00,0xff,0xff,0xff,0xf8,0x00,0xff,0xff,0xff,0xfe,0x00,0xff,0xff,0xff,0xff,0x00,0xff,0xff,0xff,
0xff,0x80,0xff,0xff,0xff,0xff,0x80,0xff,0xff,0xff,0xff,0xc0,0xff,0x80,0x03,0xff,0xc0,0xff,0x80,0x01,0xff,0xe0,0xff,0x80,
0x00,0xff,0xe0,0xff,0x80,0x00,0x7f,0xe0,0xff,0x80,0x00,0x7f,0xe0,0xff,0x80,0x00,0x7f,0xe0,0xff,0x80,0x00,0x7f,0xe0,0xff,
0x80,0x00,0x7f,0xe0,0xff,0x80,0x00,0xff,0xe0,0xff,0x80,0x01,0xff,0xe0,0xff,0x80,0x03,0xff,0xc0,0xff,0xff,0xff,0xff,0xc0,
0xff,0xff,0xff,0xff,0x80,0xff,0xff,0xff,0xff,0x00,0xff,0xff,0xff,0xff,0x00,0xff,0xff,0xff,0xfc,0x00,0xff,0xff,0xff,0xf8,
0x00,0xff,0xff,0xff,0xe0,0x00,0xff,0xff,0xff,0x80,0x00,0xff,0x83,0xff,0x80,0x00,0xff,0x81,0xff,0xc0,0x00,0xff,0x80,0xff,
0xe0,0x00,0xff,0x80,0x7f,0xf0,0x00,0xff,0x80,0x7f,0xf0,0x00,0xff,0x80,0x3f,0xf8,0x00,0xff,0x80,0x1f,0xfc,0x00,0xff,0x80,
0x1f,0xfc,0x00,0xff,0x80,0x0f,0xfe,0x00,0xff,0x80,0x07,0xff,0x00,0xff,0x80,0x03,0xff,0x80,0xff,0x80,0x03,0xff,0x80,0xff,
0x80,0x01,0xff,0xc0,0xff,0x80,0x00,0xff,0xe0,0xff,0x80,0x00,0xff,0xe0,0xff,0x80,0x00,0x7f,0xf0,0xff,0x80,0x00,0x3f,0xf8,
0x00,0x03,0xc0,0x00,0x07,0xe0,0x00,0x07,0xe0,0x00,0x0f,0xe0,0x00,0x1f,0xe0,0x00,0x3f,0xe0,0x00,0x7f,0xc0,0x00,0x7f,0x80,
0x00,0xfe,0x00,0x01,0xfc,0x00,0x00,0x00,0x00,0x00,0x00,0x00,0x00,0x00,0x00,0x00,0x00,0x00,0x00,0x01,0xe0,0xfe,0x07,0xe0,
0xff,0x0f,0xe0,0xff,0x1f,0xe0,0xff,0x3f,0xe0,0xff,0x7f,0xe0,0xff,0xff,0xe0,0xff,0xff,0xe0,0xff,0xff,0xe0,0xff,0xfc,0x00,
0xff,0xf0,0x00,0xff,0xe0,0x00,0xff,0xc0,0x00,0xff,0xc0,0x00,0xff,0x80,0x00,0xff,0x80,0x00,0xff,0x80,0x00,0xff,0x80,0x00,
0xff,0x80,0x00,0xff,0x80,0x00,0xff,0x80,0x00,0xff,0x80,0x00,0xff,0x80,0x00,0xff,0x80,0x00,0xff,0x80,0x00,0xff,0x80,0x00,
0xff,0x80,0x00,0xff,0x80,0x00,0xff,0x80,0x00,0xff,0x80,0x00,0xff,0x80,0x00,0xff,0x80,0x00,0xff,0x80,0x00,0xff,0xff,0xff,
0xe0,0xc0,0x00,0x00,0x60,0xc0,0x00,0x00,0x60,0xe0,0x00,0x00,0xe0,0xb0,0x00,0x01,0xa0,0x90,0x00,0x01,0x20,0x98,0x00,0x03,
0x20,0x88,0x00,0x02,0x20,0x8c,0x00,0x06,0x20,0x86,0x00,0x0c,0x20,0x86,0x00,0x08,0x20,0x83,0x00,0x18,0x20,0x81,0x00,0x30,
0x20,0x81,0x80,0x30,0x20,0x80,0xc0,0x60,0x20,0x80,0xc0,0x40,0x20,0x80,0x60,0xc0,0x20,0x80,0x21,0x80,0x20,0x80,0x31,0x80,
0x20,0x80,0x1b,0x00,0x20,0x80,0x1b,0x00,0x20,0x80,0x0e,0x00,0x20,0x80,0x04,0x00,0x20,0x80,0x0e,0x00,0x20,0x80,0x1a,0x00,
0x20,0x80,0x1b,0x00,0x20,0x80,0x31,0x80,0x20,0x80,0x20,0x80,0x20,0x80,0x60,0xc0,0x20,0x80,0x40,0x40,0x20,0x80,0xc0,0x60,
0x20,0x81,0x80,0x30,0x20,0x81,0x00,0x10,0x20,0x83,0x00,0x18,0x20,0x82,0x00,0x08,0x20,0x86,0x00,0x0c,0x20,0x8c,0x00,0x06,
0x20,0x88,0x00,0x02,0x20,0x98,0x00,0x03,0x20,0x90,0x00,0x01,0x20,0xb0,0x00,0x01,0xa0,0xe0,0x00,0x00,0xe0,0xc0,0x00,0x00,
0x60,0xc0,0x00,0x00,0x60,0xff,0xff,0xff,0xe0,0xff,0xff,0xff,0xe0,0xc0,0x00,0x00,0x60,0xc0,0x00,0x00,0x60,0xe0,0x00,0x00,
0xe0,0xb0,0x00,0x01,0xa0,0x90,0x00,0x01,0x20,0x98,0x00,0x03,0x20,0x88,0x00,0x02,0x20,0x8c,0x00,0x06,0x20,0x86,0x00,0x0c,
0x20,0x86,0x00,0x08,0x20,0x83,0x00,0x18,0x20,0x81,0x00,0x30,0x20,0x81,0x80,0x30,0x20,0x80,0xc0,0x60,0x20,0x80,0xc0,0x40,
0x20,0x80,0x60,0xc0,0x20,0x80,0x21,0x80,0x20,0x80,0x31,0x80,0x20,0x80,0x1b,0x00,0x20,0x80,0x1b,0x00,0x20,0x80,0x0e,0x00,
0x20,0x80,0x04,0x00,0x20,0x80,0x0e,0x00,0x20,0x80,0x1a,0x00,0x20,0x80,0x1b,0x00,0x20,0x80,0x31,0x80,0x20,0x80,0x20,0x80,
0x20,0x80,0x60,0xc0,0x20,0x80,0x40,0x40,0x20,0x80,0xc0,0x60,0x20,0x81,0x80,0x30,0x20,0x81,0x00,0x10,0x20,0x83,0x00,0x18,
0x20,0x82,0x00,0x08,0x20,0x86,0x00,0x0c,0x20,0x8c,0x00,0x06,0x20,0x88,0x00,0x02,0x20,0x98,0x00,0x03,0x20,0x90,0x00,0x01,
0x20,0xb0,0x00,0x01,0xa0,0xe0,0x00,0x00,0xe0,0xc0,0x00,0x00,0x60,0xc0,0x00,0x00,0x60,0xff,0xff,0xff,0xe0,0x07,0xf8,0x07,
0xf8,0x00,0x01,0xfc,0x0f,0xf0,0x00,0x00,0xfe,0x1f,0xe0,0x00,0x00,0x7f,0xff,0x80,0x00,0x00,0x3f,0xff,0x00,0x00,0x00,0x1f,
0xfe,0x00,0x00,0x00,0x0f,0xfc,0x00,0x00,0x00,0x07,0xf8,0x00,0x00,0x00,0x01,0xf0,0x00,0x00,0x00,0x00,0x00,0x00,0x00,0x00,
0x00,0x00,0x00,0x00,0x00,0x00,0x00,0x00,0x00,0x00,0x00,0x00,0x00,0x00,0xff,0xff,0xff,0x00,0x00,0xff,0xff,0xff,0xe0,0x00,
0xff,0xff,0xff,0xf8,0x00,0xff,0xff,0xff,0xfe,0x00,0xff,0xff,0xff,0xff,0x00,0xff,0xff,0xff,0xff,0x80,0xff,0xff,0xff,0xff,
0x80,0xff,0xff,0xff,0xff,0xc0,0xff,0x80,0x03,0xff,0xc0,0xff,0x80,0x00,0xff,0xe0,0xff,0x80,0x00,0xff,0xe0,0xff,0x80,0x00,
0x7f,0xe0,0xff,0x80,0x00,0x7f,0xe0,0xff,0x80,0x00,0x7f,0xe0,0xff,0x80,0x00,0x7f,0xe0,0xff,0x80,0x00,0xff,0xe0,0xff,0x80,
0x00,0xff,0xe0,0xff,0x80,0x03,0xff,0xc0,0xff,0xff,0xff,0xff,0xc0,0xff,0xff,0xff,0xff,0x80,0xff,0xff,0xff,0xff,0x80,0xff,
0xff,0xff,0xff,0x00,0xff,0xff,0xff,0xfe,0x00,0xff,0xff,0xff,0xf8,0x00,0xff,0xff,0xff,0xe0,0x00,0xff,0xff,0xff,0x80,0x00,
0xff,0x83,0xff,0x80,0x00,0xff,0x81,0xff,0xc0,0x00,0xff,0x80,0xff,0xe0,0x00,0xff,0x80,0x7f,0xe0,0x00,0xff,0x80,0x7f,0xf0,
0x00,0xff,0x80,0x3f,0xf8,0x00,0xff,0x80,0x1f,0xfc,0x00,0xff,0x80,0x1f,0xfc,0x00,0xff,0x80,0x0f,0xfe,0x00,0xff,0x80,0x07,
0xff,0x00,0xff,0x80,0x07,0xff,0x00,0xff,0x80,0x03,0xff,0x80,0xff,0x80,0x01,0xff,0xc0,0xff,0x80,0x01,0xff,0xc0,0xff,0x80,
0x00,0xff,0xe0,0xff,0x80,0x00,0x7f,0xf0,0xff,0x80,0x00,0x7f,0xf8,0xff,0x00,0xff,0x7f,0x81,0xfe,0x3f,0xc3,0xfc,0x1f,0xe7,
0xf8,0x0f,0xff,0xf0,0x07,0xff,0xc0,0x03,0xff,0x80,0x01,0xff,0x00,0x00,0xfe,0x00,0x00,0x3c,0x00,0x00,0x00,0x00,0x00,0x00,
0x00,0x00,0x00,0x00,0x00,0x00,0x00,0x00,0x00,0x78,0x3f,0x81,0xf8,0x3f,0xc3,0xf8,0x3f,0xc7,0xf8,0x3f,0xcf,0xf8,0x3f,0xdf,
0xf8,0x3f,0xff,0xf8,0x3f,0xff,0xf8,0x3f,0xff,0xf8,0x3f,0xff,0x00,0x3f,0xfc,0x00,0x3f,0xf8,0x00,0x3f,0xf0,0x00,0x3f,0xf0,
0x00,0x3f,0xe0,0x00,0x3f,0xe0,0x00,0x3f,0xe0,0x00,0x3f,0xe0,0x00,0x3f,0xe0,0x00,0x3f,0xe0,0x00,0x3f,0xe0,0x00,0x3f,0xe0,
0x00,0x3f,0xe0,0x00,0x3f,0xe0,0x00,0x3f,0xe0,0x00,0x3f,0xe0,0x00,0x3f,0xe0,0x00,0x3f,0xe0,0x00,0x3f,0xe0,0x00,0x3f,0xe0,
0x00,0x3f,0xe0,0x00,0x3f,0xe0,0x00,0x3f,0xe0,0x00,0x00,0x00,0x01,0xe0,0x00,0x00,0x00,0x03,0xf0,0x00,0x00,0x00,0x07,0xf0,
0x00,0x00,0x00,0x0f,0xf0,0x00,0x00,0x00,0x1f,0xf0,0x00,0x00,0x00,0x3f,0xe0,0x00,0x00,0x00,0x7f,0xc0,0x00,0x00,0x00,0xff,
0x80,0x00,0x00,0x01,0xfe,0x00,0x00,0x00,0x03,0xfc,0x00,0x00,0x00,0x00,0x00,0x00,0x00,0x00,0x00,0x00,0x00,0x00,0x00,0x00,
0x00,0x00,0x00,0x00,0x03,0xff,0x00,0x00,0x00,0x3f,0xff,0xe0,0x00,0x00,0xff,0xff,0xf8,0x00,0x03,0xff,0xff,0xfe,0x00,0x07,
0xff,0xff,0xff,0x00,0x0f,0xff,0xff,0xff,0x80,0x1f,0xff,0xff,0xff,0xc0,0x1f,0xfc,0x07,0xff,0xc0,0x3f,0xf0,0x00,0xff,0xe0,
0x3f,0xe0,0x00,0x7f,0x80,0x7f,0xc0,0x00,0x3c,0x00,0x7f,0xc0,0x00,0x20,0x00,0x7f,0xc0,0x00,0x00,0x00,0x7f,0xc0,0x00,0x00,
0x00,0x7f,0xe0,0x00,0x00,0x00,0x7f,0xf0,0x00,0x00,0x00,0x7f,0xfe,0x00,0x00,0x00,0x3f,0xff,0xf0,0x00,0x00,0x3f,0xff,0xff,
0x00,0x00,0x1f,0xff,0xff,0xe0,0x00,0x1f,0xff,0xff,0xfc,0x00,0x0f,0xff,0xff,0xfe,0x00,0x03,0xff,0xff,0xff,0x80,0x01,0xff,
0xff,0xff,0xc0,0x00,0x7f,0xff,0xff,0xc0,0x00,0x07,0xff,0xff,0xe0,0x00,0x00,0x7f,0xff,0xe0,0x00,0x00,0x03,0xff,0xf0,0x00,
0x00,0x00,0xff,0xf0,0x00,0x00,0x00,0x3f,0xf0,0x00,0x00,0x00,0x1f,0xf0,0x00,0x00,0x00,0x1f,0xf0,0x07,0x80,0x00,0x1f,0xf0,
0x1f,0x80,0x00,0x1f,0xf0,0xff,0xc0,0x00,0x1f,0xe0,0xff,0xe0,0x00,0x3f,0xe0,0x7f,0xf0,0x00,0x7f,0xe0,0x7f,0xfe,0x01,0xff,
0xc0,0x3f,0xff,0xff,0xff,0x80,0x1f,0xff,0xff,0xff,0x80,0x0f,0xff,0xff,0xff,0x00,0x07,0xff,0xff,0xfc,0x00,0x01,0xff,0xff,
0xf8,0x00,0x00,0x7f,0xff,0xe0,0x00,0x00,0x07,0xfe,0x00,0x00,0x00,0x00,0x1f,0x00,0x00,0x00,0x3f,0x00,0x00,0x00,0x7f,0x80,
0x00,0x00,0x7f,0x00,0x00,0x00,0xff,0x00,0x00,0x01,0xfe,0x00,0x00,0x03,0xfc,0x00,0x00,0x03,0xf8,0x00,0x00,0x07,0xe0,0x00,
0x00,0x00,0x00,0x00,0x00,0x00,0x00,0x00,0x00,0x00,0x00,0x00,0x00,0x00,0x00,0x00,0x00,0x3f,0xf0,0x00,0x01,0xff,0xfe,0x00,
0x07,0xff,0xff,0x80,0x0f,0xff,0xff,0xc0,0x1f,0xff,0xff,0xe0,0x3f,0xff,0xff,0xf0,0x3f,0xff,0xff,0xf0,0x7f,0xf0,0x3f,0xf8,
0x7f,0xe0,0x0f,0xe0,0x7f,0xc0,0x07,0x00,0x7f,0xc0,0x00,0x00,0x7f,0xe0,0x00,0x00,0x7f,0xf0,0x00,0x00,0x3f,0xff,0x80,0x00,
0x3f,0xff,0xfc,0x00,0x1f,0xff,0xff,0x80,0x0f,0xff,0xff,0xe0,0x03,0xff,0xff,0xf0,0x00,0xff,0xff,0xf8,0x00,0x0f,0xff,0xf8,
0x00,0x00,0x7f,0xfc,0x00,0x00,0x0f,0xfc,0x00,0x00,0x07,0xfc,0x03,0x00,0x07,0xfc,0x1f,0x80,0x07,0xfc,0xff,0xc0,0x0f,0xfc,
0xff,0xf0,0x3f,0xfc,0x7f,0xff,0xff,0xf8,0x3f,0xff,0xff,0xf8,0x1f,0xff,0xff,0xf0,0x0f,0xff,0xff,0xe0,0x07,0xff,0xff,0x80,
0x01,0xff,0xff,0x00,0x00,0x3f,0xf0,0x00,0xff,0xff,0xff,0xe0,0xc0,0x00,0x00,0x60,0xc0,0x00,0x00,0x60,0xe0,0x00,0x00,0xe0,
0xb0,0x00,0x01,0xa0,0x90,0x00,0x01,0x20,0x98,0x00,0x03,0x20,0x88,0x00,0x02,0x20,0x8c,0x00,0x06,0x20,0x86,0x00,0x0c,0x20,
0x86,0x00,0x08,0x20,0x83,0x00,0x18,0x20,0x81,0x00,0x30,0x20,0x81,0x80,0x30,0x20,0x80,0xc0,0x60,0x20,0x80,0xc0,0x40,0x20,
0x80,0x60,0xc0,0x20,0x80,0x21,0x80,0x20,0x80,0x31,0x80,0x20,0x80,0x1b,0x00,0x20,0x80,0x1b,0x00,0x20,0x80,0x0e,0x00,0x20,
0x80,0x04,0x00,0x20,0x80,0x0e,0x00,0x20,0x80,0x1a,0x00,0x20,0x80,0x1b,0x00,0x20,0x80,0x31,0x80,0x20,0x80,0x20,0x80,0x20,
0x80,0x60,0xc0,0x20,0x80,0x40,0x40,0x20,0x80,0xc0,0x60,0x20,0x81,0x80,0x30,0x20,0x81,0x00,0x10,0x20,0x83,0x00,0x18,0x20,
0x82,0x00,0x08,0x20,0x86,0x00,0x0c,0x20,0x8c,0x00,0x06,0x20,0x88,0x00,0x02,0x20,0x98,0x00,0x03,0x20,0x90,0x00,0x01,0x20,
0xb0,0x00,0x01,0xa0,0xe0,0x00,0x00,0xe0,0xc0,0x00,0x00,0x60,0xc0,0x00,0x00,0x60,0xff,0xff,0xff,0xe0,0xff,0xff,0xff,0xe0,
0xc0,0x00,0x00,0x60,0xc0,0x00,0x00,0x60,0xe0,0x00,0x00,0xe0,0xb0,0x00,0x01,0xa0,0x90,0x00,0x01,0x20,0x98,0x00,0x03,0x20,
0x88,0x00,0x02,0x20,0x8c,0x00,0x06,0x20,0x86,0x00,0x0c,0x20,0x86,0x00,0x08,0x20,0x83,0x00,0x18,0x20,0x81,0x00,0x30,0x20,
0x81,0x80,0x30,0x20,0x80,0xc0,0x60,0x20,0x80,0xc0,0x40,0x20,0x80,0x60,0xc0,0x20,0x80,0x21,0x80,0x20,0x80,0x31,0x80,0x20,
0x80,0x1b,0x00,0x20,0x80,0x1b,0x00,0x20,0x80,0x0e,0x00,0x20,0x80,0x04,0x00,0x20,0x80,0x0e,0x00,0x20,0x80,0x1a,0x00,0x20,
0x80,0x1b,0x00,0x20,0x80,0x31,0x80,0x20,0x80,0x20,0x80,0x20,0x80,0x60,0xc0,0x20,0x80,0x40,0x40,0x20,0x80,0xc0,0x60,0x20,
0x81,0x80,0x30,0x20,0x81,0x00,0x10,0x20,0x83,0x00,0x18,0x20,0x82,0x00,0x08,0x20,0x86,0x00,0x0c,0x20,0x8c,0x00,0x06,0x20,
0x88,0x00,0x02,0x20,0x98,0x00,0x03,0x20,0x90,0x00,0x01,0x20,0xb0,0x00,0x01,0xa0,0xe0,0x00,0x00,0xe0,0xc0,0x00,0x00,0x60,
0xc0,0x00,0x00,0x60,0xff,0xff,0xff,0xe0,0x00,0x07,0xff,0x00,0x00,0x00,0x3f,0xff,0xe0,0x00,0x00,0xff,0xff,0xf8,0x00,0x03,
0xff,0xff,0xfe,0x00,0x07,0xff,0xff,0xff,0x00,0x0f,0xff,0xff,0xff,0x80,0x1f,0xff,0xff,0xff,0xc0,0x3f,0xfc,0x07,0xff,0xc0,
0x3f,0xf0,0x00,0xff,0xe0,0x3f,0xe0,0x00,0x7f,0x00,0x7f,0xc0,0x00,0x3c,0x00,0x7f,0xc0,0x00,0x20,0x00,0x7f,0xc0,0x00,0x00,
0x00,0x7f,0xc0,0x00,0x00,0x00,0x7f,0xe0,0x00,0x00,0x00,0x7f,0xf8,0x00,0x00,0x00,0x7f,0xff,0x00,0x00,0x00,0x3f,0xff,0xf8,
0x00,0x00,0x3f,0xff,0xff,0x80,0x00,0x1f,0xff,0xff,0xf0,0x00,0x0f,0xff,0xff,0xfc,0x00,0x07,0xff,0xff,0xff,0x00,0x01,0xff,
0xff,0xff,0x80,0x00,0x7f,0xff,0xff,0xc0,0x00,0x1f,0xff,0xff,0xe0,0x00,0x00,0xff,0xff,0xe0,0x00,0x00,0x07,0xff,0xf0,0x00,
0x00,0x00,0xff,0xf0,0x00,0x00,0x00,0x3f,0xf0,0x00,0x00,0x00,0x3f,0xf0,0x00,0x00,0x00,0x1f,0xf0,0x03,0x80,0x00,0x1f,0xf0,
0x1f,0x80,0x00,0x1f,0xf0,0x7f,0xc0,0x00,0x1f,0xf0,0xff,0xe0,0x00,0x3f,0xe0,0x7f,0xf0,0x00,0x7f,0xe0,0x7f,0xfe,0x01,0xff,
0xc0,0x3f,0xff,0xff,0xff,0xc0,0x1f,0xff,0xff,0xff,0x80,0x0f,0xff,0xff,0xff,0x00,0x07,0xff,0xff,0xfe,0x00,0x01,0xff,0xff,
0xf8,0x00,0x00,0x7f,0xff,0xe0,0x00,0x00,0x0f,0xfe,0x00,0x00,0x00,0x01,0xc0,0x00,0x00,0x00,0x03,0xc0,0x00,0x00,0x00,0x03,
0xf8,0x00,0x00,0x00,0x07,0xfe,0x00,0x00,0x00,0x07,0xff,0x00,0x00,0x00,0x02,0x3f,0x80,0x00,0x00,0x00,0x1f,0x80,0x00,0x00,
0x00,0x1f,0x80,0x00,0x00,0x08,0x3f,0x80,0x00,0x00,0x0f,0xff,0x00,0x00,0x00,0x0f,0xfe,0x00,0x00,0x00,0x07,0xf8,0x00,0x00,
0x00,0x3f,0xf0,0x00,0x01,0xff,0xfe,0x00,0x07,0xff,0xff,0x80,0x0f,0xff,0xff,0xc0,0x1f,0xff,0xff,0xe0,0x3f,0xff,0xff,0xf0,
0x3f,0xff,0xff,0xf8,0x7f,0xf0,0x3f,0xf8,0x7f,0xe0,0x0f,0xe0,0x7f,0xc0,0x07,0x00,0x7f,0xc0,0x00,0x00,0x7f,0xe0,0x00,0x00,
0x7f,0xf0,0x00,0x00,0x3f,0xff,0x80,0x00,0x3f,0xff,0xfc,0x00,0x1f,0xff,0xff,0x80,0x0f,0xff,0xff,0xc0,0x03,0xff,0xff,0xf0,
0x00,0xff,0xff,0xf8,0x00,0x0f,0xff,0xf8,0x00,0x00,0x7f,0xfc,0x00,0x00,0x0f,0xfc,0x00,0x00,0x07,0xfc,0x03,0x00,0x07,0xfc,
0x1f,0x80,0x07,0xfc,0xff,0xc0,0x0f,0xfc,0xff,0xf0,0x3f,0xfc,0x7f,0xff,0xff,0xf8,0x3f,0xff,0xff,0xf8,0x1f,0xff,0xff,0xf0,
0x0f,0xff,0xff,0xe0,0x07,0xff,0xff,0xc0,0x01,0xff,0xff,0x00,0x00,0x3f,0xf8,0x00,0x00,0x07,0x00,0x00,0x00,0x07,0x00,0x00,
0x00,0x0f,0xf0,0x00,0x00,0x1f,0xfc,0x00,0x00,0x0f,0xfe,0x00,0x00,0x00,0x7e,0x00,0x00,0x00,0x7e,0x00,0x00,0x10,0xfe,0x00,
0x00,0x3f,0xfc,0x00,0x00,0x3f,0xf8,0x00,0x00,0x1f,0xe0,0x00,0x07,0xf8,0x01,0xfc,0x00,0x01,0xfe,0x07,0xf8,0x00,0x00,0xff,
0x0f,0xf0,0x00,0x00,0x7f,0x9f,0xe0,0x00,0x00,0x3f,0xff,0xc0,0x00,0x00,0x1f,0xff,0x80,0x00,0x00,0x0f,0xff,0x00,0x00,0x00,
0x07,0xfe,0x00,0x00,0x00,0x03,0xfc,0x00,0x00,0x00,0x00,0xf0,0x00,0x00,0x00,0x00,0x00,0x00,0x00,0x00,0x00,0x00,0x00,0x00,
0x00,0x00,0x00,0x00,0x00,0x00,0x03,0xff,0x00,0x00,0x00,0x3f,0xff,0xe0,0x00,0x00,0xff,0xff,0xf8,0x00,0x03,0xff,0xff,0xfe,
0x00,0x07,0xff,0xff,0xff,0x00,0x0f,0xff,0xff,0xff,0x80,0x1f,0xff,0xff,0xff,0xc0,0x1f,0xfc,0x07,0xff,0xc0,0x3f,0xf0,0x00,
0xff,0xe0,0x3f,0xe0,0x00,0x7f,0x80,0x7f,0xc0,0x00,0x3c,0x00,0x7f,0xc0,0x00,0x20,0x00,0x7f,0xc0,0x00,0x00,0x00,0x7f,0xc0,
0x00,0x00,0x00,0x7f,0xe0,0x00,0x00,0x00,0x7f,0xf0,0x00,0x00,0x00,0x7f,0xfe,0x00,0x00,0x00,0x3f,0xff,0xf0,0x00,0x00,0x3f,
0xff,0xff,0x00,0x00,0x1f,0xff,0xff,0xe0,0x00,0x1f,0xff,0xff,0xfc,0x00,0x0f,0xff,0xff,0xfe,0x00,0x03,0xff,0xff,0xff,0x80,
0x01,0xff,0xff,0xff,0xc0,0x00,0x7f,0xff,0xff,0xc0,0x00,0x07,0xff,0xff,0xe0,0x00,0x00,0x7f,0xff,0xe0,0x00,0x00,0x03,0xff,
0xf0,0x00,0x00,0x00,0xff,0xf0,0x00,0x00,0x00,0x3f,0xf0,0x00,0x00,0x00,0x1f,0xf0,0x00,0x00,0x00,0x1f,0xf0,0x07,0x80,0x00,
0x1f,0xf0,0x1f,0x80,0x00,0x1f,0xf0,0xff,0xc0,0x00,0x1f,0xe0,0xff,0xe0,0x00,0x3f,0xe0,0x7f,0xf0,0x00,0x7f,0xe0,0x7f,0xfe,
0x01,0xff,0xc0,0x3f,0xff,0xff,0xff,0x80,0x1f,0xff,0xff,0xff,0x80,0x0f,0xff,0xff,0xff,0x00,0x07,0xff,0xff,0xfc,0x00,0x01,
0xff,0xff,0xf8,0x00,0x00,0x7f,0xff,0xe0,0x00,0x00,0x07,0xfe,0x00,0x00,0x0f,0xf0,0x1f,0xe0,0x07,0xf8,0x3f,0xc0,0x03,0xfc,
0x7f,0x00,0x01,0xfe,0xfe,0x00,0x00,0xff,0xfc,0x00,0x00,0x7f,0xf8,0x00,0x00,0x3f,0xf0,0x00,0x00,0x1f,0xe0,0x00,0x00,0x0f,
0xc0,0x00,0x00,0x01,0x00,0x00,0x00,0x00,0x00,0x00,0x00,0x00,0x00,0x00,0x00,0x00,0x00,0x00,0x00,0x3f,0xf0,0x00,0x01,0xff,
0xfe,0x00,0x07,0xff,0xff,0x80,0x0f,0xff,0xff,0xc0,0x1f,0xff,0xff,0xe0,0x3f,0xff,0xff,0xf0,0x3f,0xff,0xff,0xf0,0x7f,0xf0,
0x3f,0xf8,0x7f,0xe0,0x0f,0xe0,0x7f,0xc0,0x07,0x00,0x7f,0xc0,0x00,0x00,0x7f,0xe0,0x00,0x00,0x7f,0xf0,0x00,0x00,0x3f,0xff,
0x80,0x00,0x3f,0xff,0xfc,0x00,0x1f,0xff,0xff,0x80,0x0f,0xff,0xff,0xe0,0x03,0xff,0xff,0xf0,0x00,0xff,0xff,0xf8,0x00,0x0f,
0xff,0xf8,0x00,0x00,0x7f,0xfc,0x00,0x00,0x0f,0xfc,0x00,0x00,0x07,0xfc,0x03,0x00,0x07,0xfc,0x1f,0x80,0x07,0xfc,0xff,0xc0,
0x0f,0xfc,0xff,0xf0,0x3f,0xfc,0x7f,0xff,0xff,0xf8,0x3f,0xff,0xff,0xf8,0x1f,0xff,0xff,0xf0,0x0f,0xff,0xff,0xe0,0x07,0xff,
0xff,0x80,0x01,0xff,0xff,0x00,0x00,0x3f,0xf0,0x00,0xff,0xff,0xff,0xff,0xf8,0xff,0xff,0xff,0xff,0xf8,0xff,0xff,0xff,0xff,
0xf8,0xff,0xff,0xff,0xff,0xf8,0xff,0xff,0xff,0xff,0xf8,0xff,0xff,0xff,0xff,0xf8,0xff,0xff,0xff,0xff,0xf8,0xff,0xff,0xff,
0xff,0xf8,0x00,0x03,0xfe,0x00,0x00,0x00,0x03,0xfe,0x00,0x00,0x00,0x03,0xfe,0x00,0x00,0x00,0x03,0xfe,0x00,0x00,0x00,0x03,
0xfe,0x00,0x00,0x00,0x03,0xfe,0x00,0x00,0x00,0x03,0xfe,0x00,0x00,0x00,0x03,0xfe,0x00,0x00,0x00,0x03,0xfe,0x00,0x00,0x00,
0x03,0xfe,0x00,0x00,0x00,0x03,0xfe,0x00,0x00,0x00,0x03,0xfe,0x00,0x00,0x00,0x03,0xfe,0x00,0x00,0x00,0x03,0xfe,0x00,0x00,
0x00,0x03,0xfe,0x00,0x00,0x00,0x03,0xfe,0x00,0x00,0x00,0x03,0xfe,0x00,0x00,0x00,0x03,0xfe,0x00,0x00,0x00,0x03,0xfe,0x00,
0x00,0x00,0x03,0xfe,0x00,0x00,0x00,0x03,0xfe,0x00,0x00,0x00,0x03,0xfe,0x00,0x00,0x00,0x03,0xfe,0x00,0x00,0x00,0x03,0xfe,
0x00,0x00,0x00,0x03,0xfe,0x00,0x00,0x00,0x03,0xfe,0x00,0x00,0x00,0x03,0xfe,0x00,0x00,0x00,0x03,0xfe,0x00,0x00,0x00,0x03,
0xfe,0x00,0x00,0x00,0x03,0xfe,0x00,0x00,0x00,0x03,0xfe,0x00,0x00,0x00,0x03,0xfe,0x00,0x00,0x00,0x03,0xfe,0x00,0x00,0x00,
0x03,0xfe,0x00,0x00,0x00,0x03,0xfe,0x00,0x00,0x00,0x00,0x70,0x00,0x00,0x00,0x00,0xe0,0x00,0x00,0x00,0x01,0xe0,0x00,0x00,
0x00,0x01,0xfe,0x00,0x00,0x00,0x03,0xff,0x80,0x00,0x00,0x01,0xbf,0xc0,0x00,0x00,0x00,0x0f,0xc0,0x00,0x00,0x00,0x0f,0xc0,
0x00,0x00,0x06,0x1f,0xc0,0x00,0x00,0x07,0xff,0x80,0x00,0x00,0x07,0xff,0x00,0x00,0x00,0x03,0xfc,0x00,0x00,0x07,0xfc,0x00,
0x07,0xfc,0x00,0x07,0xfc,0x00,0x07,0xfc,0x00,0x07,0xfc,0x00,0x07,0xfc,0x00,0x07,0xfc,0x00,0x07,0xfc,0x00,0xff,0xff,0xf8,
0xff,0xff,0xf8,0xff,0xff,0xf8,0xff,0xff,0xf8,0xff,0xff,0xf8,0xff,0xff,0xf8,0xff,0xff,0xf8,0x07,0xfc,0x00,0x07,0xfc,0x00,
0x07,0xfc,0x00,0x07,0xfc,0x00,0x07,0xfc,0x00,0x07,0xfc,0x00,0x07,0xfc,0x00,0x07,0xfc,0x00,0x07,0xfc,0x00,0x07,0xfc,0x00,
0x07,0xfc,0x00,0x07,0xfc,0x00,0x07,0xfc,0x00,0x07,0xfc,0x00,0x07,0xfc,0x00,0x07,0xfc,0x00,0x07,0xfc,0x00,0x07,0xfe,0x00,
0x07,0xff,0xf8,0x07,0xff,0xf8,0x07,0xff,0xf8,0x03,0xff,0xf8,0x03,0xff,0xf8,0x01,0xff,0xf8,0x00,0x3f,0xf8,0x00,0x3c,0x00,
0x00,0x38,0x00,0x00,0x78,0x00,0x00,0xff,0xc0,0x00,0xff,0xe0,0x00,0x07,0xf0,0x00,0x03,0xf0,0x00,0x03,0xf0,0x01,0x87,0xf0,
0x01,0xff,0xe0,0x01,0xff,0xc0,0x00,0xff,0x00,0x03,0xfc,0x01,0xfe,0x00,0x01,0xfe,0x03,0xf8,0x00,0x00,0x7f,0x07,0xf0,0x00,
0x00,0x3f,0xcf,0xe0,0x00,0x00,0x1f,0xff,0xc0,0x00,0x00,0x0f,0xff,0x80,0x00,0x00,0x07,0xff,0x00,0x00,0x00,0x03,0xfe,0x00,
0x00,0x00,0x01,0xfc,0x00,0x00,0x00,0x00,0xf8,0x00,0x00,0x00,0x00,0x00,0x00,0x00,0x00,0x00,0x00,0x00,0x00,0x00,0x00,0x00,
0x00,0x00,0x00,0x00,0x00,0x00,0x00,0xff,0xff,0xff,0xff,0xf8,0xff,0xff,0xff,0xff,0xf8,0xff,0xff,0xff,0xff,0xf8,0xff,0xff,
0xff,0xff,0xf8,0xff,0xff,0xff,0xff,0xf8,0xff,0xff,0xff,0xff,0xf8,0xff,0xff,0xff,0xff,0xf8,0xff,0xff,0xff,0xff,0xf8,0x00,
0x03,0xfe,0x00,0x00,0x00,0x03,0xfe,0x00,0x00,0x00,0x03,0xfe,0x00,0x00,0x00,0x03,0xfe,0x00,0x00,0x00,0x03,0xfe,0x00,0x00,
0x00,0x03,0xfe,0x00,0x00,0x00,0x03,0xfe,0x00,0x00,0x00,0x03,0xfe,0x00,0x00,0x00,0x03,0xfe,0x00,0x00,0x00,0x03,0xfe,0x00,
0x00,0x00,0x03,0xfe,0x00,0x00,0x00,0x03,0xfe,0x00,0x00,0x00,0x03,0xfe,0x00,0x00,0x00,0x03,0xfe,0x00,0x00,0x00,0x03,0xfe,
0x00,0x00,0x00,0x03,0xfe,0x00,0x00,0x00,0x03,0xfe,0x00,0x00,0x00,0x03,0xfe,0x00,0x00,0x00,0x03,0xfe,0x00,0x00,0x00,0x03,
0xfe,0x00,0x00,0x00,0x03,0xfe,0x00,0x00,0x00,0x03,0xfe,0x00,0x00,0x00,0x03,0xfe,0x00,0x00,0x00,0x03,0xfe,0x00,0x00,0x00,
0x03,0xfe,0x00,0x00,0x00,0x03,0xfe,0x00,0x00,0x00,0x03,0xfe,0x00,0x00,0x00,0x03,0xfe,0x00,0x00,0x00,0x03,0xfe,0x00,0x00,
0x00,0x03,0xfe,0x00,0x00,0x00,0x03,0xfe,0x00,0x00,0x00,0x03,0xfe,0x00,0x00,0x00,0x03,0xfe,0x00,0x00,0x00,0x03,0xfe,0x00,
0x00,0x00,0x03,0xfe,0x00,0x00,0x00,0x00,0x0f,0x00,0x00,0x00,0x1f,0x80,0x00,0x00,0x3f,0x80,0x00,0x00,0x3f,0x80,0x00,0x00,
0x3f,0x80,0x00,0x00,0x3f,0x00,0x00,0x00,0x7f,0x00,0x00,0x00,0x7e,0x00,0x00,0x00,0x7e,0x00,0x00,0x00,0x7e,0x00,0x07,0xfc,
0x7c,0x00,0x07,0xfc,0x7c,0x00,0x07,0xfc,0x00,0x00,0x07,0xfc,0x00,0x00,0x07,0xfc,0x00,0x00,0x07,0xfc,0x00,0x00,0x07,0xfc,
0x00,0x00,0x07,0xfc,0x00,0x00,0xff,0xff,0xf8,0x00,0xff,0xff,0xf8,0x00,0xff,0xff,0xf8,0x00,0xff,0xff,0xf8,0x00,0xff,0xff,
0xf8,0x00,0xff,0xff,0xf8,0x00,0xff,0xff,0xf8,0x00,0x07,0xfc,0x00,0x00,0x07,0xfc,0x00,0x00,0x07,0xfc,0x00,0x00,0x07,0xfc,
0x00,0x00,0x07,0xfc,0x00,0x00,0x07,0xfc,0x00,0x00,0x07,0xfc,0x00,0x00,0x07,0xfc,0x00,0x00,0x07,0xfc,0x00,0x00,0x07,0xfc,
0x00,0x00,0x07,0xfc,0x00,0x00,0x07,0xfc,0x00,0x00,0x07,0xfc,0x00,0x00,0x07,0xfc,0x00,0x00,0x07,0xfc,0x00,0x00,0x07,0xfc,
0x00,0x00,0x07,0xfc,0x00,0x00,0x07,0xfe,0x00,0x00,0x07,0xff,0xf8,0x00,0x07,0xff,0xf8,0x00,0x07,0xff,0xf8,0x00,0x03,0xff,
0xf8,0x00,0x03,0xff,0xf8,0x00,0x01,0xff,0xf8,0x00,0x00,0x3f,0xf8,0x00,0xff,0xff,0xff,0xe0,0xc0,0x00,0x00,0x60,0xc0,0x00,
0x00,0x60,0xe0,0x00,0x00,0xe0,0xb0,0x00,0x01,0xa0,0x90,0x00,0x01,0x20,0x98,0x00,0x03,0x20,0x88,0x00,0x02,0x20,0x8c,0x00,
0x06,0x20,0x86,0x00,0x0c,0x20,0x86,0x00,0x08,0x20,0x83,0x00,0x18,0x20,0x81,0x00,0x30,0x20,0x81,0x80,0x30,0x20,0x80,0xc0,
0x60,0x20,0x80,0xc0,0x40,0x20,0x80,0x60,0xc0,0x20,0x80,0x21,0x80,0x20,0x80,0x31,0x80,0x20,0x80,0x1b,0x00,0x20,0x80,0x1b,
0x00,0x20,0x80,0x0e,0x00,0x20,0x80,0x04,0x00,0x20,0x80,0x0e,0x00,0x20,0x80,0x1a,0x00,0x20,0x80,0x1b,0x00,0x20,0x80,0x31,
0x80,0x20,0x80,0x20,0x80,0x20,0x80,0x60,0xc0,0x20,0x80,0x40,0x40,0x20,0x80,0xc0,0x60,0x20,0x81,0x80,0x30,0x20,0x81,0x00,
0x10,0x20,0x83,0x00,0x18,0x20,0x82,0x00,0x08,0x20,0x86,0x00,0x0c,0x20,0x8c,0x00,0x06,0x20,0x88,0x00,0x02,0x20,0x98,0x00,
0x03,0x20,0x90,0x00,0x01,0x20,0xb0,0x00,0x01,0xa0,0xe0,0x00,0x00,0xe0,0xc0,0x00,0x00,0x60,0xc0,0x00,0x00,0x60,0xff,0xff,
0xff,0xe0,0xff,0xff,0xff,0xe0,0xc0,0x00,0x00,0x60,0xc0,0x00,0x00,0x60,0xe0,0x00,0x00,0xe0,0xb0,0x00,0x01,0xa0,0x90,0x00,
0x01,0x20,0x98,0x00,0x03,0x20,0x88,0x00,0x02,0x20,0x8c,0x00,0x06,0x20,0x86,0x00,0x0c,0x20,0x86,0x00,0x08,0x20,0x83,0x00,
0x18,0x20,0x81,0x00,0x30,0x20,0x81,0x80,0x30,0x20,0x80,0xc0,0x60,0x20,0x80,0xc0,0x40,0x20,0x80,0x60,0xc0,0x20,0x80,0x21,
0x80,0x20,0x80,0x31,0x80,0x20,0x80,0x1b,0x00,0x20,0x80,0x1b,0x00,0x20,0x80,0x0e,0x00,0x20,0x80,0x04,0x00,0x20,0x80,0x0e,
0x00,0x20,0x80,0x1a,0x00,0x20,0x80,0x1b,0x00,0x20,0x80,0x31,0x80,0x20,0x80,0x20,0x80,0x20,0x80,0x60,0xc0,0x20,0x80,0x40,
0x40,0x20,0x80,0xc0,0x60,0x20,0x81,0x80,0x30,0x20,0x81,0x00,0x10,0x20,0x83,0x00,0x18,0x20,0x82,0x00,0x08,0x20,0x86,0x00,
0x0c,0x20,0x8c,0x00,0x06,0x20,0x88,0x00,0x02,0x20,0x98,0x00,0x03,0x20,0x90,0x00,0x01,0x20,0xb0,0x00,0x01,0xa0,0xe0,0x00,
0x00,0xe0,0xc0,0x00,0x00,0x60,0xc0,0x00,0x00,0x60,0xff,0xff,0xff,0xe0,0xff,0xff,0xff,0xe0,0xc0,0x00,0x00,0x60,0xc0,0x00,
0x00,0x60,0xe0,0x00,0x00,0xe0,0xb0,0x00,0x01,0xa0,0x90,0x00,0x01,0x20,0x98,0x00,0x03,0x20,0x88,0x00,0x02,0x20,0x8c,0x00,
0x06,0x20,0x86,0x00,0x0c,0x20,0x86,0x00,0x08,0x20,0x83,0x00,0x18,0x20,0x81,0x00,0x30,0x20,0x81,0x80,0x30,0x20,0x80,0xc0,
0x60,0x20,0x80,0xc0,0x40,0x20,0x80,0x60,0xc0,0x20,0x80,0x21,0x80,0x20,0x80,0x31,0x80,0x20,0x80,0x1b,0x00,0x20,0x80,0x1b,
0x00,0x20,0x80,0x0e,0x00,0x20,0x80,0x04,0x00,0x20,0x80,0x0e,0x00,0x20,0x80,0x1a,0x00,0x20,0x80,0x1b,0x00,0x20,0x80,0x31,
0x80,0x20,0x80,0x20,0x80,0x20,0x80,0x60,0xc0,0x20,0x80,0x40,0x40,0x20,0x80,0xc0,0x60,0x20,0x81,0x80,0x30,0x20,0x81,0x00,
0x10,0x20,0x83,0x00,0x18,0x20,0x82,0x00,0x08,0x20,0x86,0x00,0x0c,0x20,0x8c,0x00,0x06,0x20,0x88,0x00,0x02,0x20,0x98,0x00,
0x03,0x20,0x90,0x00,0x01,0x20,0xb0,0x00,0x01,0xa0,0xe0,0x00,0x00,0xe0,0xc0,0x00,0x00,0x60,0xc0,0x00,0x00,0x60,0xff,0xff,
0xff,0xe0,0xff,0xff,0xff,0xe0,0xc0,0x00,0x00,0x60,0xc0,0x00,0x00,0x60,0xe0,0x00,0x00,0xe0,0xb0,0x00,0x01,0xa0,0x90,0x00,
0x01,0x20,0x98,0x00,0x03,0x20,0x88,0x00,0x02,0x20,0x8c,0x00,0x06,0x20,0x86,0x00,0x0c,0x20,0x86,0x00,0x08,0x20,0x83,0x00,
0x18,0x20,0x81,0x00,0x30,0x20,0x81,0x80,0x30,0x20,0x80,0xc0,0x60,0x20,0x80,0xc0,0x40,0x20,0x80,0x60,0xc0,0x20,0x80,0x21,
0x80,0x20,0x80,0x31,0x80,0x20,0x80,0x1b,0x00,0x20,0x80,0x1b,0x00,0x20,0x80,0x0e,0x00,0x20,0x80,0x04,0x00,0x20,0x80,0x0e,
0x00,0x20,0x80,0x1a,0x00,0x20,0x80,0x1b,0x00,0x20,0x80,0x31,0x80,0x20,0x80,0x20,0x80,0x20,0x80,0x60,0xc0,0x20,0x80,0x40,
0x40,0x20,0x80,0xc0,0x60,0x20,0x81,0x80,0x30,0x20,0x81,0x00,0x10,0x20,0x83,0x00,0x18,0x20,0x82,0x00,0x08,0x20,0x86,0x00,
0x0c,0x20,0x8c,0x00,0x06,0x20,0x88,0x00,0x02,0x20,0x98,0x00,0x03,0x20,0x90,0x00,0x01,0x20,0xb0,0x00,0x01,0xa0,0xe0,0x00,
0x00,0xe0,0xc0,0x00,0x00,0x60,0xc0,0x00,0x00,0x60,0xff,0xff,0xff,0xe0,0x00,0x7f,0xff,0xf0,0x00,0x00,0x7f,0xff,0xf0,0x00,
0x00,0x7f,0xff,0xf0,0x00,0x00,0x7f,0xff,0xf0,0x00,0x00,0x7f,0xff,0xf0,0x00,0x00,0x7f,0xff,0xf0,0x00,0x00,0x00,0x00,0x00,
0x00,0x00,0x00,0x00,0x00,0x00,0x00,0x00,0x00,0x00,0x00,0x00,0x00,0x00,0x00,0x00,0x00,0x00,0x00,0x00,0x00,0xff,0x80,0x00,
0x1f,0xf0,0xff,0x80,0x00,0x1f,0xf0,0xff,0x80,0x00,0x1f,0xf0,0xff,0x80,0x00,0x1f,0xf0,0xff,0x80,0x00,0x1f,0xf0,0xff,0x80,
0x00,0x1f,0xf0,0xff,0x80,0x00,0x1f,0xf0,0xff,0x80,0x00,0x1f,0xf0,0xff,0x80,0x00,0x1f,0xf0,0xff,0x80,0x00,0x1f,0xf0,0xff,
0x80,0x00,0x1f,0xf0,0xff,0x80,0x00,0x1f,0xf0,0xff,0x80,0x00,0x1f,0xf0,0xff,0x80,0x00,0x1f,0xf0,0xff,0x80,0x00,0x1f,0xf0,
0xff,0x80,0x00,0x1f,0xf0,0xff,0x80,0x00,0x1f,0xf0,0xff,0x80,0x00,0x1f,0xf0,0xff,0x80,0x00,0x1f,0xf0,0xff,0x80,0x00,0x1f,
0xf0,0xff,0x80,0x00,0x1f,0xf0,0xff,0x80,0x00,0x1f,0xf0,0xff,0x80,0x00,0x1f,0xf0,0xff,0x80,0x00,0x1f,0xf0,0xff,0x80,0x00,
0x1f,0xf0,0xff,0x80,0x00,0x1f,0xf0,0xff,0x80,0x00,0x1f,0xf0,0xff,0x80,0x00,0x1f,0xf0,0xff,0x80,0x00,0x1f,0xf0,0xff,0x80,
0x00,0x1f,0xf0,0xff,0xc0,0x00,0x3f,0xf0,0x7f,0xc0,0x00,0x3f,0xe0,0x7f,0xc0,0x00,0x3f,0xe0,0x7f,0xe0,0x00,0x7f,0xe0,0x7f,
0xf0,0x00,0xff,0xe0,0x3f,0xfc,0x03,0xff,0xc0,0x3f,0xff,0xff,0xff,0xc0,0x1f,0xff,0xff,0xff,0x80,0x0f,0xff,0xff,0xff,0x00,
0x0f,0xff,0xff,0xff,0x00,0x07,0xff,0xff,0xfe,0x00,0x01,0xff,0xff,0xf8,0x00,0x00,0x7f,0xff,0xe0,0x00,0x00,0x0f,0xff,0x00,
0x00,0x07,0xff,0xff,0x00,0x07,0xff,0xff,0x00,0x07,0xff,0xff,0x00,0x07,0xff,0xff,0x00,0x07,0xff,0xff,0x00,0x07,0xff,0xff,
0x00,0x00,0x00,0x00,0x00,0x00,0x00,0x00,0x00,0x00,0x00,0x00,0x00,0x00,0x00,0x00,0x00,0x00,0x00,0x00,0x00,0xff,0x80,0x0f,
0xf8,0xff,0x80,0x0f,0xf8,0xff,0x80,0x0f,0xf8,0xff,0x80,0x0f,0xf8,0xff,0x80,0x0f,0xf8,0xff,0x80,0x0f,0xf8,0xff,0x80,0x0f,
0xf8,0xff,0x80,0x0f,0xf8,0xff,0x80,0x0f,0xf8,0xff,0x80,0x0f,0xf8,0xff,0x80,0x0f,0xf8,0xff,0x80,0x0f,0xf8,0xff,0x80,0x0f,
0xf8,0xff,0x80,0x0f,0xf8,0xff,0x80,0x0f,0xf8,0xff,0x80,0x0f,0xf8,0xff,0x80,0x0f,0xf8,0xff,0x80,0x0f,0xf8,0xff,0x80,0x0f,
0xf8,0xff,0x80,0x0f,0xf8,0xff,0x80,0x0f,0xf8,0xff,0x80,0x0f,0xf8,0xff,0x80,0x1f,0xf8,0xff,0xc0,0x1f,0xf8,0xff,0xc0,0x3f,
0xf8,0x7f,0xf0,0x7f,0xf8,0x7f,0xff,0xff,0xf8,0x7f,0xff,0xff,0xf8,0x3f,0xff,0xef,0xf8,0x3f,0xff,0xe7,0xf8,0x1f,0xff,0xc7,
0xf8,0x0f,0xff,0x87,0xf8,0x01,0xfc,0x00,0x00,0xff,0xff,0xff,0xe0,0xc0,0x00,0x00,0x60,0xc0,0x00,0x00,0x60,0xe0,0x00,0x00,
0xe0,0xb0,0x00,0x01,0xa0,0x90,0x00,0x01,0x20,0x98,0x00,0x03,0x20,0x88,0x00,0x02,0x20,0x8c,0x00,0x06,0x20,0x86,0x00,0x0c,
0x20,0x86,0x00,0x08,0x20,0x83,0x00,0x18,0x20,0x81,0x00,0x30,0x20,0x81,0x80,0x30,0x20,0x80,0xc0,0x60,0x20,0x80,0xc0,0x40,
0x20,0x80,0x60,0xc0,0x20,0x80,0x21,0x80,0x20,0x80,0x31,0x80,0x20,0x80,0x1b,0x00,0x20,0x80,0x1b,0x00,0x20,0x80,0x0e,0x00,
0x20,0x80,0x04,0x00,0x20,0x80,0x0e,0x00,0x20,0x80,0x1a,0x00,0x20,0x80,0x1b,0x00,0x20,0x80,0x31,0x80,0x20,0x80,0x20,0x80,
0x20,0x80,0x60,0xc0,0x20,0x80,0x40,0x40,0x20,0x80,0xc0,0x60,0x20,0x81,0x80,0x30,0x20,0x81,0x00,0x10,0x20,0x83,0x00,0x18,
0x20,0x82,0x00,0x08,0x20,0x86,0x00,0x0c,0x20,0x8c,0x00,0x06,0x20,0x88,0x00,0x02,0x20,0x98,0x00,0x03,0x20,0x90,0x00,0x01,
0x20,0xb0,0x00,0x01,0xa0,0xe0,0x00,0x00,0xe0,0xc0,0x00,0x00,0x60,0xc0,0x00,0x00,0x60,0xff,0xff,0xff,0xe0,0xff,0xff,0xff,
0xe0,0xc0,0x00,0x00,0x60,0xc0,0x00,0x00,0x60,0xe0,0x00,0x00,0xe0,0xb0,0x00,0x01,0xa0,0x90,0x00,0x01,0x20,0x98,0x00,0x03,
0x20,0x88,0x00,0x02,0x20,0x8c,0x00,0x06,0x20,0x86,0x00,0x0c,0x20,0x86,0x00,0x08,0x20,0x83,0x00,0x18,0x20,0x81,0x00,0x30,
0x20,0x81,0x80,0x30,0x20,0x80,0xc0,0x60,0x20,0x80,0xc0,0x40,0x20,0x80,0x60,0xc0,0x20,0x80,0x21,0x80,0x20,0x80,0x31,0x80,
0x20,0x80,0x1b,0x00,0x20,0x80,0x1b,0x00,0x20,0x80,0x0e,0x00,0x20,0x80,0x04,0x00,0x20,0x80,0x0e,0x00,0x20,0x80,0x1a,0x00,
0x20,0x80,0x1b,0x00,0x20,0x80,0x31,0x80,0x20,0x80,0x20,0x80,0x20,0x80,0x60,0xc0,0x20,0x80,0x40,0x40,0x20,0x80,0xc0,0x60,
0x20,0x81,0x80,0x30,0x20,0x81,0x00,0x10,0x20,0x83,0x00,0x18,0x20,0x82,0x00,0x08,0x20,0x86,0x00,0x0c,0x20,0x8c,0x00,0x06,
0x20,0x88,0x00,0x02,0x20,0x98,0x00,0x03,0x20,0x90,0x00,0x01,0x20,0xb0,0x00,0x01,0xa0,0xe0,0x00,0x00,0xe0,0xc0,0x00,0x00,
0x60,0xc0,0x00,0x00,0x60,0xff,0xff,0xff,0xe0,0x00,0x01,0xf8,0x00,0x00,0x00,0x07,0xfe,0x00,0x00,0x00,0x0f,0xff,0x00,0x00,
0x00,0x1f,0xff,0x80,0x00,0x00,0x1f,0xff,0x80,0x00,0x00,0x3f,0x0f,0xc0,0x00,0x00,0x3e,0x07,0xc0,0x00,0x00,0x3e,0x07,0xc0,
0x00,0x00,0x3e,0x07,0xc0,0x00,0x00,0x3e,0x07,0xc0,0x00,0x00,0x3f,0x0f,0xc0,0x00,0x00,0x1f,0xff,0x80,0x00,0x00,0x1f,0xff,
0x80,0x00,0x00,0x0f,0xff,0x00,0x00,0x00,0x07,0xfe,0x00,0x00,0xff,0x81,0xf8,0x1f,0xf0,0xff,0x80,0x00,0x1f,0xf0,0xff,0x80,
0x00,0x1f,0xf0,0xff,0x80,0x00,0x1f,0xf0,0xff,0x80,0x00,0x1f,0xf0,0xff,0x80,0x00,0x1f,0xf0,0xff,0x80,0x00,0x1f,0xf0,0xff,
0x80,0x00,0x1f,0xf0,0xff,0x80,0x00,0x1f,0xf0,0xff,0x80,0x00,0x1f,0xf0,0xff,0x80,0x00,0x1f,0xf0,0xff,0x80,0x00,0x1f,0xf0,
0xff,0x80,0x00,0x1f,0xf0,0xff,0x80,0x00,0x1f,0xf0,0xff,0x80,0x00,0x1f,0xf0,0xff,0x80,0x00,0x1f,0xf0,0xff,0x80,0x00,0x1f,
0xf0,0xff,0x80,0x00,0x1f,0xf0,0xff,0x80,0x00,0x1f,0xf0,0xff,0x80,0x00,0x1f,0xf0,0xff,0x80,0x00,0x1f,0xf0,0xff,0x80,0x00,
0x1f,0xf0,0xff,0x80,0x00,0x1f,0xf0,0xff,0x80,0x00,0x1f,0xf0,0xff,0x80,0x00,0x1f,0xf0,0xff,0x80,0x00,0x1f,0xf0,0xff,0x80,
0x00,0x1f,0xf0,0xff,0x80,0x00,0x1f,0xf0,0xff,0x80,0x00,0x1f,0xf0,0xff,0x80,0x00,0x1f,0xf0,0xff,0x80,0x00,0x1f,0xf0,0xff,
0xc0,0x00,0x3f,0xe0,0x7f,0xc0,0x00,0x3f,0xe0,0x7f,0xc0,0x00,0x3f,0xe0,0x7f,0xe0,0x00,0x7f,0xe0,0x7f,0xf0,0x00,0xff,0xc0,
0x3f,0xfc,0x03,0xff,0xc0,0x3f,0xff,0xff,0xff,0xc0,0x1f,0xff,0xff,0xff,0x80,0x0f,0xff,0xff,0xff,0x00,0x0f,0xff,0xff,0xff,
0x00,0x07,0xff,0xff,0xfc,0x00,0x01,0xff,0xff,0xf8,0x00,0x00,0x7f,0xff,0xe0,0x00,0x00,0x0f,0xff,0x00,0x00,0x00,0x0f,0xc0,
0x00,0x00,0x3f,0xe0,0x00,0x00,0xff,0xf8,0x00,0x01,0xff,0xfc,0x00,0x01,0xff,0xfc,0x00,0x03,0xf8,0xfe,0x00,0x03,0xf0,0x7e,
0x00,0x03,0xe0,0x3e,0x00,0x03,0xe0,0x3e,0x00,0x03,0xf0,0x7e,0x00,0x03,0xf8,0xfe,0x00,0x01,0xff,0xfc,0x00,0x01,0xff,0xfc,
0x00,0x00,0xff,0xf8,0x00,0x00,0x3f,0xe0,0x00,0x00,0x1f,0x80,0x00,0x00,0x00,0x00,0x00,0x00,0x00,0x00,0x00,0x00,0x00,0x00,
0x00,0xff,0x80,0x0f,0xf8,0xff,0x80,0x0f,0xf8,0xff,0x80,0x0f,0xf8,0xff,0x80,0x0f,0xf8,0xff,0x80,0x0f,0xf8,0xff,0x80,0x0f,
0xf8,0xff,0x80,0x0f,0xf8,0xff,0x80,0x0f,0xf8,0xff,0x80,0x0f,0xf8,0xff,0x80,0x0f,0xf8,0xff,0x80,0x0f,0xf8,0xff,0x80,0x0f,
0xf8,0xff,0x80,0x0f,0xf8,0xff,0x80,0x0f,0xf8,0xff,0x80,0x0f,0xf8,0xff,0x80,0x0f,0xf8,0xff,0x80,0x0f,0xf8,0xff,0x80,0x0f,
0xf8,0xff,0x80,0x0f,0xf8,0xff,0x80,0x0f,0xf8,0xff,0x80,0x0f,0xf8,0xff,0x80,0x0f,0xf8,0xff,0x80,0x1f,0xf8,0xff,0xc0,0x1f,
0xf8,0xff,0xc0,0x3f,0xf8,0x7f,0xf0,0x7f,0xf8,0x7f,0xff,0xff,0xf8,0x7f,0xff,0xff,0xf8,0x3f,0xff,0xef,0xf8,0x3f,0xff,0xe7,
0xf8,0x1f,0xff,0xc7,0xf8,0x0f,0xff,0x87,0xf8,0x01,0xfc,0x00,0x00,0x00,0x00,0xf8,0x0f,0x80,0x00,0x01,0xf8,0x1f,0x80,0x00,
0x03,0xf8,0x3f,0xc0,0x00,0x07,0xf8,0x7f,0xc0,0x00,0x0f,0xf8,0x7f,0x80,0x00,0x1f,0xf0,0xff,0x00,0x00,0x3f,0xe1,0xfe,0x00,
0x00,0x3f,0x83,0xfc,0x00,0x00,0x7f,0x07,0xf0,0x00,0x00,0x00,0x00,0x00,0x00,0x00,0x00,0x00,0x00,0x00,0x00,0x00,0x00,0x00,
0x00,0x00,0x00,0x00,0x00,0x00,0x00,0x00,0x00,0x00,0x00,0xff,0x80,0x00,0x1f,0xf0,0xff,0x80,0x00,0x1f,0xf0,0xff,0x80,0x00,
0x1f,0xf0,0xff,0x80,0x00,0x1f,0xf0,0xff,0x80,0x00,0x1f,0xf0,0xff,0x80,0x00,0x1f,0xf0,0xff,0x80,0x00,0x1f,0xf0,0xff,0x80,
0x00,0x1f,0xf0,0xff,0x80,0x00,0x1f,0xf0,0xff,0x80,0x00,0x1f,0xf0,0xff,0x80,0x00,0x1f,0xf0,0xff,0x80,0x00,0x1f,0xf0,0xff,
0x80,0x00,0x1f,0xf0,0xff,0x80,0x00,0x1f,0xf0,0xff,0x80,0x00,0x1f,0xf0,0xff,0x80,0x00,0x1f,0xf0,0xff,0x80,0x00,0x1f,0xf0,
0xff,0x80,0x00,0x1f,0xf0,0xff,0x80,0x00,0x1f,0xf0,0xff,0x80,0x00,0x1f,0xf0,0xff,0x80,0x00,0x1f,0xf0,0xff,0x80,0x00,0x1f,
0xf0,0xff,0x80,0x00,0x1f,0xf0,0xff,0x80,0x00,0x1f,0xf0,0xff,0x80,0x00,0x1f,0xf0,0xff,0x80,0x00,0x1f,0xf0,0xff,0x80,0x00,
0x1f,0xf0,0xff,0x80,0x00,0x1f,0xf0,0xff,0x80,0x00,0x1f,0xf0,0xff,0x80,0x00,0x1f,0xf0,0xff,0xc0,0x00,0x3f,0xf0,0x7f,0xc0,
0x00,0x3f,0xe0,0x7f,0xc0,0x00,0x3f,0xe0,0x7f,0xe0,0x00,0x7f,0xe0,0x7f,0xf0,0x00,0xff,0xc0,0x3f,0xfc,0x03,0xff,0xc0,0x3f,
0xff,0xff,0xff,0xc0,0x1f,0xff,0xff,0xff,0x80,0x0f,0xff,0xff,0xff,0x00,0x0f,0xff,0xff,0xff,0x00,0x07,0xff,0xff,0xfe,0x00,
0x01,0xff,0xff,0xf8,0x00,0x00,0x7f,0xff,0xe0,0x00,0x00,0x0f,0xff,0x00,0x00,0x00,0x02,0x00,0x00,0x00,0x0f,0x80,0x7c,0x00,
0x1f,0xc0,0xfc,0x00,0x3f,0xc1,0xfe,0x00,0x3f,0xc3,0xfc,0x00,0x7f,0x87,0xfc,0x00,0xff,0x0f,0xf8,0x01,0xfe,0x1f,0xf0,0x03,
0xfc,0x1f,0xc0,0x03,0xf8,0x3f,0x80,0x00,0x00,0x00,0x00,0x00,0x00,0x00,0x00,0x00,0x00,0x00,0x00,0x00,0x00,0x00,0x00,0x00,
0x00,0x00,0x00,0xff,0x80,0x0f,0xf8,0xff,0x80,0x0f,0xf8,0xff,0x80,0x0f,0xf8,0xff,0x80,0x0f,0xf8,0xff,0x80,0x0f,0xf8,0xff,
0x80,0x0f,0xf8,0xff,0x80,0x0f,0xf8,0xff,0x80,0x0f,0xf8,0xff,0x80,0x0f,0xf8,0xff,0x80,0x0f,0xf8,0xff,0x80,0x0f,0xf8,0xff,
0x80,0x0f,0xf8,0xff,0x80,0x0f,0xf8,0xff,0x80,0x0f,0xf8,0xff,0x80,0x0f,0xf8,0xff,0x80,0x0f,0xf8,0xff,0x80,0x0f,0xf8,0xff,
0x80,0x0f,0xf8,0xff,0x80,0x0f,0xf8,0xff,0x80,0x0f,0xf8,0xff,0x80,0x0f,0xf8,0xff,0x80,0x0f,0xf8,0xff,0x80,0x1f,0xf8,0xff,
0xc0,0x1f,0xf8,0xff,0xc0,0x3f,0xf8,0x7f,0xf0,0x7f,0xf8,0x7f,0xff,0xff,0xf8,0x7f,0xff,0xff,0xf8,0x3f,0xff,0xef,0xf8,0x3f,
0xff,0xe7,0xf8,0x1f,0xff,0xc7,0xf8,0x0f,0xff,0x87,0xf8,0x01,0xfc,0x00,0x00,0xff,0x80,0x00,0x1f,0xf0,0xff,0x80,0x00,0x1f,
0xf0,0xff,0x80,0x00,0x1f,0xf0,0xff,0x80,0x00,0x1f,0xf0,0xff,0x80,0x00,0x1f,0xf0,0xff,0x80,0x00,0x1f,0xf0,0xff,0x80,0x00,
0x1f,0xf0,0xff,0x80,0x00,0x1f,0xf0,0xff,0x80,0x00,0x1f,0xf0,0xff,0x80,0x00,0x1f,0xf0,0xff,0x80,0x00,0x1f,0xf0,0xff,0x80,
0x00,0x1f,0xf0,0xff,0x80,0x00,0x1f,0xf0,0xff,0x80,0x00,0x1f,0xf0,0xff,0x80,0x00,0x1f,0xf0,0xff,0x80,0x00,0x1f,0xf0,0xff,
0x80,0x00,0x1f,0xf0,0xff,0x80,0x00,0x1f,0xf0,0xff,0x80,0x00,0x1f,0xf0,0xff,0x80,0x00,0x1f,0xf0,0xff,0x80,0x00,0x1f,0xf0,
0xff,0x80,0x00,0x1f,0xf0,0xff,0x80,0x00,0x1f,0xf0,0xff,0x80,0x00,0x1f,0xf0,0xff,0x80,0x00,0x1f,0xf0,0xff,0x80,0x00,0x1f,
0xf0,0xff,0x80,0x00,0x1f,0xf0,0xff,0x80,0x00,0x1f,0xf0,0xff,0x80,0x00,0x1f,0xf0,0xff,0x80,0x00,0x1f,0xf0,0xff,0xc0,0x00,
0x3f,0xf0,0x7f,0xc0,0x00,0x3f,0xe0,0x7f,0xc0,0x00,0x3f,0xe0,0x7f,0xe0,0x00,0x7f,0xe0,0x7f,0xf0,0x00,0xff,0xe0,0x3f,0xfc,
0x03,0xff,0xc0,0x3f,0xff,0xff,0xff,0xc0,0x1f,0xff,0xff,0xff,0x80,0x0f,0xff,0xff,0xff,0x80,0x0f,0xff,0xff,0xff,0x00,0x03,
0xff,0xff,0xfe,0x00,0x01,0xff,0xff,0xfc,0x00,0x00,0x7f,0xff,0xf8,0x00,0x00,0x07,0xff,0xe0,0x00,0x00,0x00,0x1f,0xc0,0x00,
0x00,0x00,0x1f,0xc0,0x00,0x00,0x00,0x3f,0x80,0x00,0x00,0x00,0x3f,0x80,0x00,0x00,0x00,0x3f,0x80,0x00,0x00,0x00,0x3f,0x80,
0x00,0x00,0x00,0x3f,0xfe,0x00,0x00,0x00,0x1f,0xfe,0x00,0x00,0x00,0x0f,0xfe,0x00,0x00,0x00,0x07,0xfe,0x00,0x00,0x00,0x00,
0x20,0x00,0xff,0x80,0x0f,0xf8,0xff,0x80,0x0f,0xf8,0xff,0x80,0x0f,0xf8,0xff,0x80,0x0f,0xf8,0xff,0x80,0x0f,0xf8,0xff,0x80,
0x0f,0xf8,0xff,0x80,0x0f,0xf8,0xff,0x80,0x0f,0xf8,0xff,0x80,0x0f,0xf8,0xff,0x80,0x0f,0xf8,0xff,0x80,0x0f,0xf8,0xff,0x80,
0x0f,0xf8,0xff,0x80,0x0f,0xf8,0xff,0x80,0x0f,0xf8,0xff,0x80,0x0f,0xf8,0xff,0x80,0x0f,0xf8,0xff,0x80,0x0f,0xf8,0xff,0x80,
0x0f,0xf8,0xff,0x80,0x0f,0xf8,0xff,0x80,0x0f,0xf8,0xff,0x80,0x0f,0xf8,0xff,0x80,0x0f,0xf8,0xff,0x80,0x1f,0xf8,0xff,0xc0,
0x1f,0xf8,0xff,0xc0,0x3f,0xf8,0x7f,0xf0,0x7f,0xf8,0x7f,0xff,0xff,0xf8,0x7f,0xff,0xff,0xf8,0x3f,0xff,0xff,0xf8,0x3f,0xff,
0xe7,0xf8,0x1f,0xff,0xc7,0xf8,0x0f,0xff,0x87,0xf8,0x01,0xfc,0x1f,0xf0,0x00,0x00,0x3f,0xc0,0x00,0x00,0x7f,0x00,0x00,0x00,
0xff,0x00,0x00,0x00,0xfe,0x00,0x00,0x00,0xfe,0x00,0x00,0x00,0xfe,0x00,0x00,0x00,0xff,0xf8,0x00,0x00,0x7f,0xf8,0x00,0x00,
0x3f,0xf8,0x00,0x00,0x1f,0xf8,0x00,0x00,0x00,0x80,0x00,0x00,0x00,0x78,0x00,0x00,0x00,0x00,0x00,0x00,0xfe,0x00,0x00,0x00,
0x00,0x00,0x01,0xff,0x00,0x00,0x00,0x00,0x00,0x03,0xff,0x80,0x00,0x00,0x00,0x00,0x07,0xff,0xc0,0x00,0x00,0x00,0x00,0x0f,
0xff,0xe0,0x00,0x00,0x00,0x00,0x3f,0xcf,0xf0,0x00,0x00,0x00,0x00,0x7f,0x87,0xf8,0x00,0x00,0x00,0x00,0xff,0x01,0xfc,0x00,
0x00,0x00,0x01,0xfe,0x00,0xff,0x00,0x00,0x00,0x00,0x00,0x00,0x00,0x00,0x00,0x00,0x00,0x00,0x00,0x00,0x00,0x00,0x00,0x00,
0x00,0x00,0x00,0x00,0x00,0xff,0x80,0x03,0xff,0x00,0x07,0xfe,0xff,0xc0,0x03,0xff,0x00,0x07,0xfe,0x7f,0xc0,0x03,0xff,0x80,
0x07,0xfc,0x7f,0xc0,0x03,0xff,0x80,0x07,0xfc,0x7f,0xc0,0x03,0xff,0x80,0x0f,0xfc,0x7f,0xc0,0x07,0xff,0x80,0x0f,0xfc,0x7f,
0xe0,0x07,0xff,0xc0,0x0f,0xf8,0x3f,0xe0,0x07,0xff,0xc0,0x0f,0xf8,0x3f,0xe0,0x07,0xff,0xc0,0x0f,0xf8,0x3f,0xe0,0x07,0xff,
0xc0,0x1f,0xf8,0x3f,0xe0,0x0f,0xff,0xc0,0x1f,0xf0,0x1f,0xf0,0x0f,0xff,0xe0,0x1f,0xf0,0x1f,0xf0,0x0f,0xff,0xe0,0x1f,0xf0,
0x1f,0xf0,0x0f,0xef,0xe0,0x1f,0xf0,0x1f,0xf0,0x1f,0xef,0xe0,0x3f,0xe0,0x0f,0xf8,0x1f,0xef,0xe0,0x3f,0xe0,0x0f,0xf8,0x1f,
0xcf,0xf0,0x3f,0xe0,0x0f,0xf8,0x1f,0xcf,0xf0,0x3f,0xe0,0x0f,0xf8,0x1f,0xc7,0xf0,0x3f,0xc0,0x07,0xf8,0x3f,0xc7,0xf0,0x7f,
0xc0,0x07,0xfc,0x3f,0xc7,0xf8,0x7f,0xc0,0x07,0xfc,0x3f,0x87,0xf8,0x7f,0xc0,0x07,0xfc,0x3f,0x83,0xf8,0x7f,0x80,0x03,0xfc,
0x3f,0x83,0xf8,0x7f,0x80,0x03,0xfc,0x7f,0x83,0xf8,0xff,0x80,0x03,0xfe,0x7f,0x83,0xfc,0xff,0x80,0x03,0xfe,0x7f,0x03,0xfc,
0xff,0x80,0x03,0xfe,0x7f,0x01,0xfc,0xff,0x00,0x01,0xfe,0xff,0x01,0xfc,0xff,0x00,0x01,0xfe,0xff,0x01,0xfd,0xff,0x00,0x01,
0xff,0xfe,0x01,0xff,0xff,0x00,0x01,0xff,0xfe,0x01,0xff,0xfe,0x00,0x00,0xff,0xfe,0x00,0xff,0xfe,0x00,0x00,0xff,0xfe,0x00,
0xff,0xfe,0x00,0x00,0xff,0xfe,0x00,0xff,0xfe,0x00,0x00,0xff,0xfc,0x00,0xff,0xfc,0x00,0x00,0x7f,0xfc,0x00,0x7f,0xfc,0x00,
0x00,0x7f,0xfc,0x00,0x7f,0xfc,0x00,0x00,0x7f,0xfc,0x00,0x7f,0xfc,0x00,0x00,0x7f,0xf8,0x00,0x7f,0xf8,0x00,0x00,0x3f,0xf8,
0x00,0x7f,0xf8,0x00,0x00,0x3f,0xf8,0x00,0x3f,0xf8,0x00,0x00,0x3f,0xf8,0x00,0x3f,0xf8,0x00,0x00,0x3f,0xf8,0x00,0x3f,0xf0,
0x00,0x00,0x00,0x0f,0xc0,0x00,0x00,0x00,0x00,0x1f,0xe0,0x00,0x00,0x00,0x00,0x3f,0xf0,0x00,0x00,0x00,0x00,0x7f,0xf8,0x00,
0x00,0x00,0x01,0xff,0xfc,0x00,0x00,0x00,0x03,0xfd,0xfe,0x00,0x00,0x00,0x07,0xf8,0xff,0x00,0x00,0x00,0x0f,0xf0,0x7f,0x80,
0x00,0x00,0x1f,0xe0,0x3f,0xc0,0x00,0x00,0x00,0x00,0x00,0x00,0x00,0x00,0x00,0x00,0x00,0x00,0x00,0x00,0x00,0x00,0x00,0x00,
0x00,0x00,0x00,0x00,0x00,0x00,0x00,0x00,0x00,0x00,0x00,0x00,0x00,0xff,0x80,0x3f,0xe0,0x0f,0xf8,0xff,0x80,0x3f,0xe0,0x0f,
0xf8,0x7f,0x80,0x3f,0xe0,0x0f,0xf8,0x7f,0xc0,0x3f,0xf0,0x0f,0xf8,0x7f,0xc0,0x7f,0xf0,0x1f,0xf0,0x7f,0xc0,0x7f,0xf0,0x1f,
0xf0,0x3f,0xc0,0x7f,0xf0,0x1f,0xf0,0x3f,0xe0,0x7f,0xf0,0x1f,0xf0,0x3f,0xe0,0x7f,0xf8,0x1f,0xe0,0x3f,0xe0,0xfd,0xf8,0x3f,
0xe0,0x1f,0xe0,0xfd,0xf8,0x3f,0xe0,0x1f,0xe0,0xfd,0xf8,0x3f,0xc0,0x1f,0xf0,0xfc,0xf8,0x3f,0xc0,0x1f,0xf0,0xfc,0xfc,0x7f,
0xc0,0x0f,0xf1,0xf8,0xfc,0x7f,0xc0,0x0f,0xf1,0xf8,0xfc,0x7f,0x80,0x0f,0xf9,0xf8,0xfc,0x7f,0x80,0x0f,0xf9,0xf8,0x7e,0xff,
0x80,0x07,0xf9,0xf8,0x7e,0xff,0x80,0x07,0xfb,0xf0,0x7e,0xff,0x00,0x07,0xff,0xf0,0x7e,0xff,0x00,0x07,0xff,0xf0,0x7e,0xff,
0x00,0x03,0xff,0xf0,0x3f,0xff,0x00,0x03,0xff,0xf0,0x3f,0xfe,0x00,0x03,0xff,0xe0,0x3f,0xfe,0x00,0x03,0xff,0xe0,0x3f,0xfe,
0x00,0x01,0xff,0xe0,0x1f,0xfe,0x00,0x01,0xff,0xe0,0x1f,0xfc,0x00,0x01,0xff,0xc0,0x1f,0xfc,0x00,0x00,0xff,0xc0,0x1f,0xfc,
0x00,0x00,0xff,0xc0,0x1f,0xfc,0x00,0x00,0xff,0xc0,0x0f,0xf8,0x00,0x00,0x00,0x3e,0x00,0x00,0x00,0x00,0x00,0x7f,0x00,0x00,
0x00,0x00,0x00,0xff,0x80,0x00,0x00,0x00,0x01,0xff,0xc0,0x00,0x00,0x00,0x03,0xff,0xe0,0x00,0x00,0x00,0x07,0xff,0xf0,0x00,
0x00,0x00,0x0f,0xe3,0xf8,0x00,0x00,0x00,0x1f,0xc1,0xfc,0x00,0x00,0x00,0x3f,0x80,0xfe,0x00,0x00,0x00,0x40,0x00,0x01,0x00,
0x00,0x00,0x00,0x00,0x00,0x00,0x00,0x00,0x00,0x00,0x00,0x00,0x00,0x00,0x00,0x00,0x00,0x00,0x00,0x00,0x00,0x00,0x00,0x00,
0x00,0xff,0xe0,0x00,0x03,0xff,0x80,0x7f,0xf0,0x00,0x07,0xff,0x00,0x3f,0xf0,0x00,0x07,0xfe,0x00,0x3f,0xf8,0x00,0x0f,0xfe,
0x00,0x1f,0xf8,0x00,0x0f,0xfc,0x00,0x1f,0xfc,0x00,0x1f,0xfc,0x00,0x0f,0xfe,0x00,0x3f,0xf8,0x00,0x07,0xfe,0x00,0x3f,0xf0,
0x00,0x07,0xff,0x00,0x7f,0xf0,0x00,0x03,0xff,0x00,0x7f,0xe0,0x00,0x03,0xff,0x80,0xff,0xe0,0x00,0x01,0xff,0x80,0xff,0xc0,
0x00,0x00,0xff,0xc1,0xff,0x80,0x00,0x00,0xff,0xc1,0xff,0x80,0x00,0x00,0x7f,0xe3,0xff,0x00,0x00,0x00,0x7f,0xf7,0xfe,0x00,
0x00,0x00,0x3f,0xf7,0xfe,0x00,0x00,0x00,0x1f,0xff,0xfc,0x00,0x00,0x00,0x1f,0xff,0xfc,0x00,0x00,0x00,0x0f,0xff,0xf8,0x00,
0x00,0x00,0x07,0xff,0xf0,0x00,0x00,0x00,0x07,0xff,0xf0,0x00,0x00,0x00,0x03,0xff,0xe0,0x00,0x00,0x00,0x03,0xff,0xe0,0x00,
0x00,0x00,0x01,0xff,0xc0,0x00,0x00,0x00,0x00,0xff,0x80,0x00,0x00,0x00,0x00,0xff,0x80,0x00,0x00,0x00,0x00,0xff,0x80,0x00,
0x00,0x00,0x00,0xff,0x80,0x00,0x00,0x00,0x00,0xff,0x80,0x00,0x00,0x00,0x00,0xff,0x80,0x00,0x00,0x00,0x00,0xff,0x80,0x00,
0x00,0x00,0x00,0xff,0x80,0x00,0x00,0x00,0x00,0xff,0x80,0x00,0x00,0x00,0x00,0xff,0x80,0x00,0x00,0x00,0x00,0xff,0x80,0x00,
0x00,0x00,0x00,0xff,0x80,0x00,0x00,0x00,0x00,0xff,0x80,0x00,0x00,0x00,0x00,0xff,0x80,0x00,0x00,0x00,0x00,0xff,0x80,0x00,
0x00,0x00,0x00,0xff,0x80,0x00,0x00,0x00,0x00,0xff,0x80,0x00,0x00,0x00,0x00,0xff,0x80,0x00,0x00,0x00,0x03,0xe0,0x00,0x00,
0x07,0xf0,0x00,0x00,0x0f,0xf8,0x00,0x00,0x1f,0xfc,0x00,0x00,0x3f,0xfe,0x00,0x00,0x7f,0xff,0x00,0x00,0xfe,0x7f,0x80,0x03,
0xfc,0x1f,0xc0,0x07,0xf8,0x0f,0xf0,0x0f,0xf0,0x07,0xf8,0x00,0x00,0x00,0x00,0x00,0x00,0x00,0x00,0x00,0x00,0x00,0x00,0x00,
0x00,0x00,0x00,0xff,0xc0,0x01,0xff,0x7f,0xc0,0x01,0xff,0x7f,0xe0,0x03,0xff,0x3f,0xe0,0x03,0xfe,0x3f,0xe0,0x03,0xfe,0x3f,
0xf0,0x07,0xfe,0x1f,0xf0,0x07,0xfc,0x1f,0xf0,0x07,0xfc,0x1f,0xf8,0x0f,0xfc,0x0f,0xf8,0x0f,0xf8,0x0f,0xf8,0x0f,0xf8,0x07,
0xf8,0x0f,0xf0,0x07,0xfc,0x1f,0xf0,0x07,0xfc,0x1f,0xf0,0x03,0xfc,0x1f,0xe0,0x03,0xfe,0x3f,0xe0,0x01,0xfe,0x3f,0xe0,0x01,
0xfe,0x3f,0xc0,0x01,0xff,0x7f,0xc0,0x00,0xff,0x7f,0x80,0x00,0xff,0x7f,0x80,0x00,0xff,0xff,0x80,0x00,0x7f,0xff,0x00,0x00,
0x7f,0xff,0x00,0x00,0x3f,0xff,0x00,0x00,0x3f,0xfe,0x00,0x00,0x3f,0xfe,0x00,0x00,0x1f,0xfc,0x00,0x00,0x1f,0xfc,0x00,0x00,
0x1f,0xfc,0x00,0x00,0x0f,0xf8,0x00,0x00,0x0f,0xf8,0x00,0x00,0x0f,0xf8,0x00,0x00,0x0f,0xf0,0x00,0x00,0x1f,0xf0,0x00,0x00,
0x3f,0xe0,0x00,0x0f,0xff,0xe0,0x00,0x0f,0xff,0xe0,0x00,0x0f,0xff,0xc0,0x00,0x0f,0xff,0x80,0x00,0x0f,0xff,0x00,0x00,0x0f,
0xfe,0x00,0x00,0x0f,0xf8,0x00,0x00,0x00,0x1f,0x00,0xf8,0x00,0x00,0x3f,0x81,0xfc,0x00,0x00,0x7f,0xc3,0xfe,0x00,0x00,0x7f,
0xc3,0xfe,0x00,0x00,0x7f,0xc3,0xfe,0x00,0x00,0x7f,0xc3,0xfe,0x00,0x00,0x7f,0xc3,0xfe,0x00,0x00,0x3f,0x81,0xfc,0x00,0x00,
0x1f,0x00,0xf8,0x00,0x00,0x00,0x00,0x00,0x00,0x00,0x00,0x00,0x00,0x00,0x00,0x00,0x00,0x00,0x00,0x00,0x00,0x00,0x00,0x00,
0xff,0xe0,0x00,0x07,0xff,0xff,0xe0,0x00,0x07,0xff,0x7f,0xf0,0x00,0x0f,0xfe,0x3f,0xf0,0x00,0x0f,0xfc,0x3f,0xf8,0x00,0x1f,
0xfc,0x1f,0xf8,0x00,0x1f,0xf8,0x0f,0xfc,0x00,0x3f,0xf8,0x0f,0xfe,0x00,0x7f,0xf0,0x07,0xfe,0x00,0x7f,0xe0,0x07,0xff,0x00,
0xff,0xe0,0x03,0xff,0x00,0xff,0xc0,0x01,0xff,0x81,0xff,0xc0,0x01,0xff,0x81,0xff,0x80,0x00,0xff,0xc3,0xff,0x00,0x00,0x7f,
0xe7,0xff,0x00,0x00,0x7f,0xe7,0xfe,0x00,0x00,0x3f,0xff,0xfe,0x00,0x00,0x1f,0xff,0xfc,0x00,0x00,0x1f,0xff,0xfc,0x00,0x00,
0x0f,0xff,0xf8,0x00,0x00,0x0f,0xff,0xf0,0x00,0x00,0x07,0xff,0xf0,0x00,0x00,0x03,0xff,0xe0,0x00,0x00,0x03,0xff,0xe0,0x00,
0x00,0x01,0xff,0xc0,0x00,0x00,0x00,0xff,0x80,0x00,0x00,0x00,0xff,0x80,0x00,0x00,0x00,0xff,0x80,0x00,0x00,0x00,0xff,0x80,
0x00,0x00,0x00,0xff,0x80,0x00,0x00,0x00,0xff,0x80,0x00,0x00,0x00,0xff,0x80,0x00,0x00,0x00,0xff,0x80,0x00,0x00,0x00,0xff,
0x80,0x00,0x00,0x00,0xff,0x80,0x00,0x00,0x00,0xff,0x80,0x00,0x00,0x00,0xff,0x80,0x00,0x00,0x00,0xff,0x80,0x00,0x00,0x00,
0xff,0x80,0x00,0x00,0x00,0xff,0x80,0x00,0x00,0x00,0xff,0x80,0x00,0x00,0x00,0xff,0x80,0x00,0x00,0x00,0xff,0x80,0x00,0x00,
0x00,0x03,0xc0,0x00,0x00,0x00,0x07,0xe0,0x00,0x00,0x00,0x0f,0xe0,0x00,0x00,0x00,0x1f,0xe0,0x00,0x00,0x00,0x3f,0xe0,0x00,
0x00,0x00,0x7f,0xe0,0x00,0x00,0x00,0x7f,0xc0,0x00,0x00,0x00,0xff,0x00,0x00,0x00,0x01,0xfe,0x00,0x00,0x00,0x03,0xf8,0x00,
0x00,0x00,0x00,0x00,0x00,0x00,0x00,0x00,0x00,0x00,0x00,0x00,0x00,0x00,0x00,0x00,0x00,0x00,0x00,0x00,0x00,0x7f,0xff,0xff,
0xff,0xc0,0x7f,0xff,0xff,0xff,0xc0,0x7f,0xff,0xff,0xff,0xc0,0x7f,0xff,0xff,0xff,0xc0,0x7f,0xff,0xff,0xff,0xc0,0x7f,0xff,
0xff,0xff,0xc0,0x7f,0xff,0xff,0xff,0xc0,0x7f,0xff,0xff,0xff,0xc0,0x00,0x00,0x03,0xff,0x80,0x00,0x00,0x07,0xff,0x00,0x00,
0x00,0x0f,0xfe,0x00,0x00,0x00,0x1f,0xfe,0x00,0x00,0x00,0x1f,0xfc,0x00,0x00,0x00,0x3f,0xf8,0x00,0x00,0x00,0x7f,0xf0,0x00,
0x00,0x00,0xff,0xe0,0x00,0x00,0x01,0xff,0xe0,0x00,0x00,0x01,0xff,0xc0,0x00,0x00,0x03,0xff,0x80,0x00,0x00,0x07,0xff,0x00,
0x00,0x00,0x0f,0xfe,0x00,0x00,0x00,0x1f,0xfe,0x00,0x00,0x00,0x1f,0xfc,0x00,0x00,0x00,0x3f,0xf8,0x00,0x00,0x00,0x7f,0xf0,
0x00,0x00,0x00,0xff,0xf0,0x00,0x00,0x01,0xff,0xe0,0x00,0x00,0x01,0xff,0xc0,0x00,0x00,0x03,0xff,0x80,0x00,0x00,0x07,0xff,
0x00,0x00,0x00,0x0f,0xff,0x00,0x00,0x00,0x1f,0xfe,0x00,0x00,0x00,0x1f,0xfc,0x00,0x00,0x00,0x3f,0xf8,0x00,0x00,0x00,0x7f,
0xf8,0x00,0x00,0x00,0xff,0xff,0xff,0xff,0xe0,0xff,0xff,0xff,0xff,0xe0,0xff,0xff,0xff,0xff,0xe0,0xff,0xff,0xff,0xff,0xe0,
0xff,0xff,0xff,0xff,0xe0,0xff,0xff,0xff,0xff,0xe0,0xff,0xff,0xff,0xff,0xe0,0xff,0xff,0xff,0xff,0xe0,0x00,0x00,0x1c,0x00,
0x00,0x00,0x3e,0x00,0x00,0x00,0x7f,0x00,0x00,0x00,0xff,0x00,0x00,0x01,0xff,0x00,0x00,0x01,0xfe,0x00,0x00,0x03,0xfc,0x00,
0x00,0x07,0xf8,0x00,0x00,0x0f,0xf0,0x00,0x00,0x1f,0xc0,0x00,0x00,0x00,0x00,0x00,0x00,0x00,0x00,0x00,0x00,0x00,0x00,0x00,
0x00,0x00,0x00,0x00,0x00,0x00,0x00,0x00,0x7f,0xff,0xff,0xf0,0x7f,0xff,0xff,0xf0,0x7f,0xff,0xff,0xf0,0x7f,0xff,0xff,0xf0,
0x7f,0xff,0xff,0xf0,0x7f,0xff,0xff,0xf0,0x7f,0xff,0xff,0xf0,0x00,0x00,0xff,0xf0,0x00,0x01,0xff,0xe0,0x00,0x03,0xff,0xc0,
0x00,0x07,0xff,0x80,0x00,0x07,0xff,0x00,0x00,0x0f,0xfe,0x00,0x00,0x1f,0xfc,0x00,0x00,0x3f,0xf8,0x00,0x00,0x7f,0xf0,0x00,
0x00,0xff,0xe0,0x00,0x01,0xff,0xc0,0x00,0x03,0xff,0x80,0x00,0x07,0xff,0x80,0x00,0x0f,0xff,0x00,0x00,0x1f,0xfe,0x00,0x00,
0x3f,0xfc,0x00,0x00,0x7f,0xf8,0x00,0x00,0xff,0xf0,0x00,0x00,0xff,0xff,0xff,0xf8,0xff,0xff,0xff,0xf8,0xff,0xff,0xff,0xf8,
0xff,0xff,0xff,0xf8,0xff,0xff,0xff,0xf8,0xff,0xff,0xff,0xf8,0xff,0xff,0xff,0xf8,0x00,0x01,0xf0,0x00,0x00,0x00,0x03,0xf8,
0x00,0x00,0x00,0x07,0xfc,0x00,0x00,0x00,0x07,0xfc,0x00,0x00,0x00,0x07,0xfc,0x00,0x00,0x00,0x07,0xfc,0x00,0x00,0x00,0x07,
0xfc,0x00,0x00,0x00,0x03,0xf8,0x00,0x00,0x00,0x01,0xf0,0x00,0x00,0x00,0x00,0x00,0x00,0x00,0x00,0x00,0x00,0x00,0x00,0x00,
0x00,0x00,0x00,0x00,0x00,0x00,0x00,0x00,0x00,0x7f,0xff,0xff,0xff,0xc0,0x7f,0xff,0xff,0xff,0xc0,0x7f,0xff,0xff,0xff,0xc0,
0x7f,0xff,0xff,0xff,0xc0,0x7f,0xff,0xff,0xff,0xc0,0x7f,0xff,0xff,0xff,0xc0,0x7f,0xff,0xff,0xff,0xc0,0x7f,0xff,0xff,0xff,
0xc0,0x00,0x00,0x03,0xff,0x80,0x00,0x00,0x07,0xff,0x00,0x00,0x00,0x0f,0xfe,0x00,0x00,0x00,0x1f,0xfe,0x00,0x00,0x00,0x3f,
0xfc,0x00,0x00,0x00,0x3f,0xf8,0x00,0x00,0x00,0x7f,0xf0,0x00,0x00,0x00,0xff,0xe0,0x00,0x00,0x01,0xff,0xe0,0x00,0x00,0x01,
0xff,0xc0,0x00,0x00,0x03,0xff,0x80,0x00,0x00,0x07,0xff,0x00,0x00,0x00,0x0f,0xfe,0x00,0x00,0x00,0x1f,0xfe,0x00,0x00,0x00,
0x1f,0xfc,0x00,0x00,0x00,0x3f,0xf8,0x00,0x00,0x00,0x7f,0xf0,0x00,0x00,0x00,0xff,0xf0,0x00,0x00,0x01,0xff,0xe0,0x00,0x00,
0x01,0xff,0xc0,0x00,0x00,0x03,0xff,0x80,0x00,0x00,0x07,0xff,0x00,0x00,0x00,0x0f,0xff,0x00,0x00,0x00,0x1f,0xfe,0x00,0x00,
0x00,0x1f,0xfc,0x00,0x00,0x00,0x3f,0xf8,0x00,0x00,0x00,0x7f,0xf0,0x00,0x00,0x00,0xff,0xff,0xff,0xff,0xe0,0xff,0xff,0xff,
0xff,0xe0,0xff,0xff,0xff,0xff,0xe0,0xff,0xff,0xff,0xff,0xe0,0xff,0xff,0xff,0xff,0xe0,0xff,0xff,0xff,0xff,0xe0,0xff,0xff,
0xff,0xff,0xe0,0xff,0xff,0xff,0xff,0xe0,0x00,0x0f,0x80,0x00,0x00,0x1f,0xc0,0x00,0x00,0x3f,0xe0,0x00,0x00,0x3f,0xe0,0x00,
0x00,0x3f,0xe0,0x00,0x00,0x3f,0xe0,0x00,0x00,0x3f,0xe0,0x00,0x00,0x1f,0xc0,0x00,0x00,0x0f,0x80,0x00,0x00,0x00,0x00,0x00,
0x00,0x00,0x00,0x00,0x00,0x00,0x00,0x00,0x00,0x00,0x00,0x00,0x00,0x00,0x00,0x00,0x7f,0xff,0xff,0xf0,0x7f,0xff,0xff,0xf0,
0x7f,0xff,0xff,0xf0,0x7f,0xff,0xff,0xf0,0x7f,0xff,0xff,0xf0,0x7f,0xff,0xff,0xf0,0x7f,0xff,0xff,0xf0,0x00,0x00,0x7f,0xf0,
0x00,0x00,0xff,0xe0,0x00,0x01,0xff,0xc0,0x00,0x03,0xff,0x80,0x00,0x07,0xff,0x00,0x00,0x0f,0xfe,0x00,0x00,0x1f,0xfc,0x00,
0x00,0x3f,0xf8,0x00,0x00,0x7f,0xf0,0x00,0x00,0xff,0xe0,0x00,0x01,0xff,0xe0,0x00,0x03,0xff,0xc0,0x00,0x07,0xff,0x80,0x00,
0x0f,0xff,0x00,0x00,0x1f,0xfe,0x00,0x00,0x3f,0xfc,0x00,0x00,0x7f,0xf8,0x00,0x00,0xff,0xf0,0x00,0x00,0xff,0xff,0xff,0xf8,
0xff,0xff,0xff,0xf8,0xff,0xff,0xff,0xf8,0xff,0xff,0xff,0xf8,0xff,0xff,0xff,0xf8,0xff,0xff,0xff,0xf8,0xff,0xff,0xff,0xf8,
0x07,0xf8,0x03,0xfc,0x00,0x01,0xfc,0x07,0xf8,0x00,0x00,0xfe,0x0f,0xe0,0x00,0x00,0x7f,0x1f,0xc0,0x00,0x00,0x3f,0xff,0x80,
0x00,0x00,0x1f,0xff,0x00,0x00,0x00,0x0f,0xfe,0x00,0x00,0x00,0x07,0xfc,0x00,0x00,0x00,0x03,0xf8,0x00,0x00,0x00,0x01,0xf0,
0x00,0x00,0x00,0x00,0x00,0x00,0x00,0x00,0x00,0x00,0x00,0x00,0x00,0x00,0x00,0x00,0x00,0x00,0x00,0x00,0x00,0x00,0x7f,0xff,
0xff,0xff,0xc0,0x7f,0xff,0xff,0xff,0xc0,0x7f,0xff,0xff,0xff,0xc0,0x7f,0xff,0xff,0xff,0xc0,0x7f,0xff,0xff,0xff,0xc0,0x7f,
0xff,0xff,0xff,0xc0,0x7f,0xff,0xff,0xff,0xc0,0x7f,0xff,0xff,0xff,0xc0,0x00,0x00,0x03,0xff,0x80,0x00,0x00,0x07,0xff,0x00,
0x00,0x00,0x0f,0xfe,0x00,0x00,0x00,0x1f,0xfe,0x00,0x00,0x00,0x1f,0xfc,0x00,0x00,0x00,0x3f,0xf8,0x00,0x00,0x00,0x7f,0xf0,
0x00,0x00,0x00,0xff,0xe0,0x00,0x00,0x01,0xff,0xe0,0x00,0x00,0x01,0xff,0xc0,0x00,0x00,0x03,0xff,0x80,0x00,0x00,0x07,0xff,
0x00,0x00,0x00,0x0f,0xfe,0x00,0x00,0x00,0x1f,0xfe,0x00,0x00,0x00,0x1f,0xfc,0x00,0x00,0x00,0x3f,0xf8,0x00,0x00,0x00,0x7f,
0xf0,0x00,0x00,0x00,0xff,0xf0,0x00,0x00,0x01,0xff,0xe0,0x00,0x00,0x01,0xff,0xc0,0x00,0x00,0x03,0xff,0x80,0x00,0x00,0x07,
0xff,0x00,0x00,0x00,0x0f,0xff,0x00,0x00,0x00,0x1f,0xfe,0x00,0x00,0x00,0x1f,0xfc,0x00,0x00,0x00,0x3f,0xf8,0x00,0x00,0x00,
0x7f,0xf8,0x00,0x00,0x00,0xff,0xff,0xff,0xff,0xe0,0xff,0xff,0xff,0xff,0xe0,0xff,0xff,0xff,0xff,0xe0,0xff,0xff,0xff,0xff,
0xe0,0xff,0xff,0xff,0xff,0xe0,0xff,0xff,0xff,0xff,0xe0,0xff,0xff,0xff,0xff,0xe0,0xff,0xff,0xff,0xff,0xe0,0x3f,0xc0,0x3f,
0xc0,0x1f,0xe0,0x7f,0x80,0x0f,0xf0,0xff,0x00,0x07,0xf9,0xfe,0x00,0x03,0xff,0xfc,0x00,0x01,0xff,0xf8,0x00,0x00,0x7f,0xf0,
0x00,0x00,0x3f,0xe0,0x00,0x00,0x1f,0xc0,0x00,0x00,0x0f,0x00,0x00,0x00,0x00,0x00,0x00,0x00,0x00,0x00,0x00,0x00,0x00,0x00,
0x00,0x00,0x00,0x00,0x00,0x00,0x00,0x00,0x00,0x7f,0xff,0xff,0xf0,0x7f,0xff,0xff,0xf0,0x7f,0xff,0xff,0xf0,0x7f,0xff,0xff,
0xf0,0x7f,0xff,0xff,0xf0,0x7f,0xff,0xff,0xf0,0x7f,0xff,0xff,0xf0,0x00,0x00,0xff,0xf0,0x00,0x01,0xff,0xe0,0x00,0x03,0xff,
0xc0,0x00,0x07,0xff,0x80,0x00,0x07,0xff,0x00,0x00,0x0f,0xfe,0x00,0x00,0x1f,0xfc,0x00,0x00,0x3f,0xf8,0x00,0x00,0x7f,0xf0,
0x00,0x00,0xff,0xe0,0x00,0x01,0xff,0xc0,0x00,0x03,0xff,0x80,0x00,0x07,0xff,0x80,0x00,0x0f,0xff,0x00,0x00,0x1f,0xfe,0x00,
0x00,0x3f,0xfc,0x00,0x00,0x7f,0xf8,0x00,0x00,0xff,0xf0,0x00,0x00,0xff,0xff,0xff,0xf8,0xff,0xff,0xff,0xf8,0xff,0xff,0xff,
0xf8,0xff,0xff,0xff,0xf8,0xff,0xff,0xff,0xf8,0xff,0xff,0xff,0xf8,0xff,0xff,0xff,0xf8,0xff,0xff,0xff,0xe0,0xc0,0x00,0x00,
0x60,0xc0,0x00,0x00,0x60,0xe0,0x00,0x00,0xe0,0xb0,0x00,0x01,0xa0,0x90,0x00,0x01,0x20,0x98,0x00,0x03,0x20,0x88,0x00,0x02,
0x20,0x8c,0x00,0x06,0x20,0x86,0x00,0x0c,0x20,0x86,0x00,0x08,0x20,0x83,0x00,0x18,0x20,0x81,0x00,0x30,0x20,0x81,0x80,0x30,
0x20,0x80,0xc0,0x60,0x20,0x80,0xc0,0x40,0x20,0x80,0x60,0xc0,0x20,0x80,0x21,0x80,0x20,0x80,0x31,0x80,0x20,0x80,0x1b,0x00,
0x20,0x80,0x1b,0x00,0x20,0x80,0x0e,0x00,0x20,0x80,0x04,0x00,0x20,0x80,0x0e,0x00,0x20,0x80,0x1a,0x00,0x20,0x80,0x1b,0x00,
0x20,0x80,0x31,0x80,0x20,0x80,0x20,0x80,0x20,0x80,0x60,0xc0,0x20,0x80,0x40,0x40,0x20,0x80,0xc0,0x60,0x20,0x81,0x80,0x30,
0x20,0x81,0x00,0x10,0x20,0x83,0x00,0x18,0x20,0x82,0x00,0x08,0x20,0x86,0x00,0x0c,0x20,0x8c,0x00,0x06,0x20,0x88,0x00,0x02,
0x20,0x98,0x00,0x03,0x20,0x90,0x00,0x01,0x20,0xb0,0x00,0x01,0xa0,0xe0,0x00,0x00,0xe0,0xc0,0x00,0x00,0x60,0xc0,0x00,0x00,
0x60,0xff,0xff,0xff,0xe0,0xff,0xff,0xff,0xe0,0xc0,0x00,0x00,0x60,0xc0,0x00,0x00,0x60,0xe0,0x00,0x00,0xe0,0xb0,0x00,0x01,
0xa0,0x90,0x00,0x01,0x20,0x98,0x00,0x03,0x20,0x88,0x00,0x02,0x20,0x8c,0x00,0x06,0x20,0x86,0x00,0x0c,0x20,0x86,0x00,0x08,
0x20,0x83,0x00,0x18,0x20,0x81,0x00,0x30,0x20,0x81,0x80,0x30,0x20,0x80,0xc0,0x60,0x20,0x80,0xc0,0x40,0x20,0x80,0x60,0xc0,
0x20,0x80,0x21,0x80,0x20,0x80,0x31,0x80,0x20,0x80,0x1b,0x00,0x20,0x80,0x1b,0x00,0x20,0x80,0x0e,0x00,0x20,0x80,0x04,0x00,
0x20,0x80,0x0e,0x00,0x20,0x80,0x1a,0x00,0x20,0x80,0x1b,0x00,0x20,0x80,0x31,0x80,0x20,0x80,0x20,0x80,0x20,0x80,0x60,0xc0,
0x20,0x80,0x40,0x40,0x20,0x80,0xc0,0x60,0x20,0x81,0x80,0x30,0x20,0x81,0x00,0x10,0x20,0x83,0x00,0x18,0x20,0x82,0x00,0x08,
0x20,0x86,0x00,0x0c,0x20,0x8c,0x00,0x06,0x20,0x88,0x00,0x02,0x20,0x98,0x00,0x03,0x20,0x90,0x00,0x01,0x20,0xb0,0x00,0x01,
0xa0,0xe0,0x00,0x00,0xe0,0xc0,0x00,0x00,0x60,0xc0,0x00,0x00,0x60,0xff,0xff,0xff,0xe0,0xff,0xff,0xff,0xe0,0xc0,0x00,0x00,
0x60,0xc0,0x00,0x00,0x60,0xe0,0x00,0x00,0xe0,0xb0,0x00,0x01,0xa0,0x90,0x00,0x01,0x20,0x98,0x00,0x03,0x20,0x88,0x00,0x02,
0x20,0x8c,0x00,0x06,0x20,0x86,0x00,0x0c,0x20,0x86,0x00,0x08,0x20,0x83,0x00,0x18,0x20,0x81,0x00,0x30,0x20,0x81,0x80,0x30,
0x20,0x80,0xc0,0x60,0x20,0x80,0xc0,0x40,0x20,0x80,0x60,0xc0,0x20,0x80,0x21,0x80,0x20,0x80,0x31,0x80,0x20,0x80,0x1b,0x00,
0x20,0x80,0x1b,0x00,0x20,0x80,0x0e,0x00,0x20,0x80,0x04,0x00,0x20,0x80,0x0e,0x00,0x20,0x80,0x1a,0x00,0x20,0x80,0x1b,0x00,
0x20,0x80,0x31,0x80,0x20,0x80,0x20,0x80,0x20,0x80,0x60,0xc0,0x20,0x80,0x40,0x40,0x20,0x80,0xc0,0x60,0x20,0x81,0x80,0x30,
0x20,0x81,0x00,0x10,0x20,0x83,0x00,0x18,0x20,0x82,0x00,0x08,0x20,0x86,0x00,0x0c,0x20,0x8c,0x00,0x06,0x20,0x88,0x00,0x02,
0x20,0x98,0x00,0x03,0x20,0x90,0x00,0x01,0x20,0xb0,0x00,0x01,0xa0,0xe0,0x00,0x00,0xe0,0xc0,0x00,0x00,0x60,0xc0,0x00,0x00,
0x60,0xff,0xff,0xff,0xe0,0xff,0xff,0xff,0xe0,0xff,0xff,0xff,0xe0,0xff,0xff,0xff,0xe0,0xff,0xff,0xff,0xe0,0xff,0xff,0xff,
0xe0,0xff,0xff,0xff,0xe0,0xff,0xff,0xff,0xe0,0xff,0xff,0xff,0xff,0xff,0xff,0xff,0xff,0xff,0xff,0xff,0xff,0xff,0xff,0xff,
0xff,0xff,0xff,0xff,0xff,0xff,0xff,0xff,0xff,0xff,0xff,0xff,0xff,0xff,0xff,0xff,0xff,0xff,0xff,0xff,0xff,0xff,0xff,0xff,
0xff,0xff,0xff,0x07,0xe0,0x07,0xc0,0x0f,0xc0,0x0f,0x80,0x1f,0x80,0x1f,0x80,0x1f,0x00,0x3f,0x00,0x3e,0x00,0x7f,0xc0,0x7f,
0xe0,0x7f,0xe0,0xff,0xf0,0xff,0xf0,0xff,0xf0,0xff,0xf0,0xff,0xf0,0x7f,0xe0,0x3f,0xc0,0x1f,0x00,0x0f,0x80,0x3f,0xc0,0x7f,
0xe0,0xff,0xf0,0xff,0xf0,0xff,0xf0,0xff,0xf0,0xff,0xf0,0x7f,0xe0,0x7f,0xe0,0x3f,0xe0,0x07,0xc0,0x0f,0xc0,0x0f,0x80,0x1f,
0x80,0x1f,0x80,0x1f,0x00,0x3f,0x00,0x3e,0x00,0x7e,0x00,0x07,0xe0,0x3f,0x00,0x07,0xc0,0x3e,0x00,0x0f,0xc0,0x7e,0x00,0x0f,
0x80,0x7c,0x00,0x1f,0x80,0xfc,0x00,0x1f,0x80,0xfc,0x00,0x1f,0x00,0xf8,0x00,0x3f,0x01,0xf8,0x00,0x3e,0x01,0xf0,0x00,0x7f,
0xc3,0xfe,0x00,0x7f,0xe3,0xff,0x00,0x7f,0xe3,0xff,0x00,0xff,0xf7,0xff,0x80,0xff,0xf7,0xff,0x80,0xff,0xf7,0xff,0x80,0xff,
0xf7,0xff,0x80,0xff,0xf7,0xff,0x80,0x7f,0xe3,0xff,0x00,0x3f,0xc1,0xfe,0x00,0x1f,0x00,0xf8,0x00,0x0f,0x80,0x7c,0x00,0x3f,
0xc1,0xfe,0x00,0x7f,0xe3,0xff,0x00,0xff,0xf7,0xff,0x80,0xff,0xf7,0xff,0x80,0xff,0xf7,0xff,0x80,0xff,0xf7,0xff,0x80,0xff,
0xf7,0xff,0x80,0x7f,0xe3,0xff,0x00,0x7f,0xe3,0xff,0x00,0x3f,0xe1,0xff,0x00,0x07,0xc0,0x3e,0x00,0x0f,0xc0,0x7e,0x00,0x0f,
0x80,0x7c,0x00,0x1f,0x80,0xfc,0x00,0x1f,0x80,0xfc,0x00,0x1f,0x00,0xf8,0x00,0x3f,0x01,0xf8,0x00,0x3e,0x01,0xf0,0x00,0x7e,
0x03,0xf0,0x00,0x01,0xfc,0x00,0x07,0xff,0x00,0x0f,0xff,0x80,0x1f,0xff,0xc0,0x3f,0xff,0xe0,0x7f,0xff,0xf0,0x7f,0xff,0xf0,
0xff,0xff,0xf8,0xff,0xff,0xf8,0xff,0xff,0xf8,0xff,0xff,0xf8,0xff,0xff,0xf8,0xff,0xff,0xf8,0xff,0xff,0xf8,0x7f,0xff,0xf0,
0x7f,0xff,0xf0,0x3f,0xff,0xe0,0x1f,0xff,0xc0,0x0f,0xff,0x80,0x07,0xff,0x00,0x01,0xfc,0x00,0x0f,0x00,0x0f,0x00,0x0f,0x00,
0x3f,0xc0,0x3f,0xc0,0x3f,0xc0,0x7f,0xe0,0x7f,0xe0,0x7f,0xe0,0x7f,0xe0,0x7f,0xe0,0x7f,0xe0,0xff,0xf0,0xff,0xf0,0xff,0xf0,
0xff,0xf0,0xff,0xf0,0xff,0xf0,0xff,0xf0,0xff,0xf0,0xff,0xf0,0xff,0xf0,0xff,0xf0,0xff,0xf0,0xff,0xe0,0xff,0xe0,0xff,0xe0,
0x7f,0xe0,0x7f,0xe0,0x7f,0xe0,0x3f,0xc0,0x3f,0xc0,0x3f,0xc0,0x0f,0x80,0x0f,0x00,0x0f,0x80,0xff,0xff,0xff,0xe0,0xc0,0x00,
0x00,0x60,0xc0,0x00,0x00,0x60,0xe0,0x00,0x00,0xe0,0xb0,0x00,0x01,0xa0,0x90,0x00,0x01,0x20,0x98,0x00,0x03,0x20,0x88,0x00,
0x02,0x20,0x8c,0x00,0x06,0x20,0x86,0x00,0x0c,0x20,0x86,0x00,0x08,0x20,0x83,0x00,0x18,0x20,0x81,0x00,0x30,0x20,0x81,0x80,
0x30,0x20,0x80,0xc0,0x60,0x20,0x80,0xc0,0x40,0x20,0x80,0x60,0xc0,0x20,0x80,0x21,0x80,0x20,0x80,0x31,0x80,0x20,0x80,0x1b,
0x00,0x20,0x80,0x1b,0x00,0x20,0x80,0x0e,0x00,0x20,0x80,0x04,0x00,0x20,0x80,0x0e,0x00,0x20,0x80,0x1a,0x00,0x20,0x80,0x1b,
0x00,0x20,0x80,0x31,0x80,0x20,0x80,0x20,0x80,0x20,0x80,0x60,0xc0,0x20,0x80,0x40,0x40,0x20,0x80,0xc0,0x60,0x20,0x81,0x80,
0x30,0x20,0x81,0x00,0x10,0x20,0x83,0x00,0x18,0x20,0x82,0x00,0x08,0x20,0x86,0x00,0x0c,0x20,0x8c,0x00,0x06,0x20,0x88,0x00,
0x02,0x20,0x98,0x00,0x03,0x20,0x90,0x00,0x01,0x20,0xb0,0x00,0x01,0xa0,0xe0,0x00,0x00,0xe0,0xc0,0x00,0x00,0x60,0xc0,0x00,
0x00,0x60,0xff,0xff,0xff,0xe0,0xff,0xff,0xff,0xe0,0xc0,0x00,0x00,0x60,0xc0,0x00,0x00,0x60,0xe0,0x00,0x00,0xe0,0xb0,0x00,
0x01,0xa0,0x90,0x00,0x01,0x20,0x98,0x00,0x03,0x20,0x88,0x00,0x02,0x20,0x8c,0x00,0x06,0x20,0x86,0x00,0x0c,0x20,0x86,0x00,
0x08,0x20,0x83,0x00,0x18,0x20,0x81,0x00,0x30,0x20,0x81,0x80,0x30,0x20,0x80,0xc0,0x60,0x20,0x80,0xc0,0x40,0x20,0x80,0x60,
0xc0,0x20,0x80,0x21,0x80,0x20,0x80,0x31,0x80,0x20,0x80,0x1b,0x00,0x20,0x80,0x1b,0x00,0x20,0x80,0x0e,0x00,0x20,0x80,0x04,
0x00,0x20,0x80,0x0e,0x00,0x20,0x80,0x1a,0x00,0x20,0x80,0x1b,0x00,0x20,0x80,0x31,0x80,0x20,0x80,0x20,0x80,0x20,0x80,0x60,
0xc0,0x20,0x80,0x40,0x40,0x20,0x80,0xc0,0x60,0x20,0x81,0x80,0x30,0x20,0x81,0x00,0x10,0x20,0x83,0x00,0x18,0x20,0x82,0x00,
0x08,0x20,0x86,0x00,0x0c,0x20,0x8c,0x00,0x06,0x20,0x88,0x00,0x02,0x20,0x98,0x00,0x03,0x20,0x90,0x00,0x01,0x20,0xb0,0x00,
0x01,0xa0,0xe0,0x00,0x00,0xe0,0xc0,0x00,0x00,0x60,0xc0,0x00,0x00,0x60,0xff,0xff,0xff,0xe0,0x00,0x00,0x0f,0xf8,0x00,0x00,
0x00,0x7f,0xff,0x00,0x00,0x01,0xff,0xff,0x80,0x00,0x07,0xff,0xff,0xe0,0x00,0x0f,0xff,0xff,0xf0,0x00,0x1f,0xff,0xff,0xf8,
0x00,0x3f,0xff,0xff,0xfc,0x00,0x7f,0xff,0xff,0xfe,0x00,0x7f,0xf8,0x1f,0xfe,0x00,0xff,0xe0,0x07,0xff,0x00,0xff,0xc0,0x01,
0xfe,0x01,0xff,0x80,0x01,0xf8,0x01,0xff,0x00,0x00,0xc0,0x03,0xff,0x00,0x00,0x00,0x03,0xfe,0x00,0x00,0x00,0x03,0xfe,0x00,
0x00,0x00,0x7f,0xff,0xff,0xe0,0x00,0x7f,0xff,0xff,0xe0,0x00,0xff,0xff,0xff,0xc0,0x00,0xff,0xff,0xff,0x80,0x00,0x07,0xfc,
0x00,0x00,0x00,0x07,0xfc,0x00,0x00,0x00,0x07,0xfc,0x00,0x00,0x00,0x07,0xfc,0x00,0x00,0x00,0x07,0xfc,0x00,0x00,0x00,0x7f,
0xff,0xfc,0x00,0x00,0x7f,0xff,0xfc,0x00,0x00,0xff,0xff,0xf8,0x00,0x00,0xff,0xff,0xf8,0x00,0x00,0x03,0xfe,0x00,0x00,0x00,
0x03,0xfe,0x00,0x00,0x00,0x03,0xff,0x00,0x00,0x00,0x01,0xff,0x00,0x00,0xc0,0x01,0xff,0x80,0x00,0xf8,0x01,0xff,0xc0,0x01,
0xfe,0x00,0xff,0xe0,0x03,0xff,0x00,0x7f,0xf8,0x1f,0xfe,0x00,0x7f,0xff,0xff,0xfe,0x00,0x3f,0xff,0xff,0xfc,0x00,0x1f,0xff,
0xff,0xf8,0x00,0x0f,0xff,0xff,0xf0,0x00,0x07,0xff,0xff,0xe0,0x00,0x03,0xff,0xff,0x80,0x00,0x00,0xff,0xfe,0x00,0x00,0x00,
0x1f,0xf0,0x00,0xff,0xff,0xff,0xff,0x80,0xff,0xff,0xff,0xff,0x80,0xff,0xff,0xff,0xff,0x80,0xff,0xff,0xff,0xff,0x80,0xff,
0xff,0xff,0xff,0x80,0xff,0xff,0xff,0xff,0x80,0xff,0xff,0xff,0xff,0x80,0x7f,0x00,0x7f,0x00,0x7f,0x00,0x7f,0x00,0x7f,0x00,
0x7f,0x00,0x7f,0x00,0x7f,0x00,0x7f,0x00,0x7f,0x00,0x7f,0x00,0x7f,0x00,0x7f,0x00,0x3e,0x00,0x3e,0x00,0x3e,0x00,0x3e,0x00,
0x3e,0x00,0x3e,0x00,0x3e,0x00,0x3e,0x00,0x00,0x00,0x00,0x00,0x00,0x00,0x08,0x00,0x3e,0x00,0x7f,0x00,0xff,0x80,0xff,0x80,
0xff,0x80,0xff,0x80,0x7f,0x00,0x3e,0x00,0xfc,0xfc,0xfc,0xfc,0xfc,0xfc,0xfc,0xfc,0xfc,0xfc,0xfc,0xfc,0xfc,0xfc,0xfc,0xfc,
0xfc,0xfc,0xfc,0xfc,0xfc,0xfc,0x00,0x3f,0x01,0xf8,0x00,0x00,0x3f,0x01,0xf8,0x00,0x00,0x3f,0x03,0xf8,0x00,0x00,0x3f,0x03,
0xf8,0x00,0x00,0x3f,0x03,0xf0,0x00,0x00,0x7f,0x03,0xf0,0x00,0x00,0x7f,0x03,0xf0,0x00,0x1f,0xff,0xff,0xff,0xc0,0x1f,0xff,
0xff,0xff,0xc0,0x1f,0xff,0xff,0xff,0xc0,0x1f,0xff,0xff,0xff,0xc0,0x3f,0xff,0xff,0xff,0xc0,0x3f,0xff,0xff,0xff,0xc0,0x00,
0xfe,0x07,0xe0,0x00,0x00,0xfc,0x07,0xe0,0x00,0x00,0xfc,0x07,0xe0,0x00,0x00,0xfc,0x07,0xe0,0x00,0x00,0xfc,0x0f,0xe0,0x00,
0x00,0xfc,0x0f,0xe0,0x00,0x01,0xfc,0x0f,0xc0,0x00,0x7f,0xff,0xff,0xff,0x00,0x7f,0xff,0xff,0xff,0x00,0x7f,0xff,0xff,0xff,
0x00,0x7f,0xff,0xff,0xff,0x00,0x7f,0xff,0xff,0xff,0x00,0xff,0xff,0xff,0xff,0x00,0x03,0xf8,0x1f,0x80,0x00,0x03,0xf8,0x1f,
0x80,0x00,0x03,0xf0,0x1f,0x80,0x00,0x03,0xf0,0x1f,0x80,0x00,0x03,0xf0,0x1f,0x80,0x00,0x03,0xf0,0x3f,0x80,0x00,0x03,0xf0,
0x3f,0x80,0x00,0x00,0x0e,0x00,0x00,0x00,0x0e,0x00,0x00,0x00,0x0e,0x00,0x00,0x00,0x0e,0x00,0x00,0x00,0xff,0xf0,0x00,0x03,
0xff,0xfc,0x00,0x0f,0xff,0xff,0x00,0x1f,0xff,0xff,0x80,0x3f,0xff,0xff,0x80,0x3f,0xce,0xff,0xc0,0x7f,0x8e,0x3f,0x80,0x7f,
0x0e,0x1e,0x00,0x7f,0x0e,0x00,0x00,0x7f,0x0e,0x00,0x00,0x7f,0x8e,0x00,0x00,0x7f,0xce,0x00,0x00,0x3f,0xfe,0x00,0x00,0x3f,
0xff,0x80,0x00,0x1f,0xff,0xf8,0x00,0x0f,0xff,0xfe,0x00,0x07,0xff,0xff,0x00,0x00,0xff,0xff,0x80,0x00,0x0f,0xff,0xc0,0x00,
0x0e,0xff,0xe0,0x00,0x0e,0x3f,0xe0,0x00,0x0e,0x1f,0xe0,0x00,0x0e,0x0f,0xe0,0x0e,0x0e,0x0f,0xe0,0x3e,0x0e,0x0f,0xe0,0xff,
0x0e,0x1f,0xe0,0x7f,0xce,0x3f,0xc0,0x7f,0xff,0xff,0xc0,0x3f,0xff,0xff,0x80,0x1f,0xff,0xff,0x00,0x0f,0xff,0xfe,0x00,0x03,
0xff,0xf8,0x00,0x00,0x7f,0xe0,0x00,0x00,0x0e,0x00,0x00,0x00,0x0e,0x00,0x00,0x00,0x0e,0x00,0x00,0x00,0x0e,0x00,0x00,0x07,
0xf8,0x00,0x07,0xf0,0x00,0x1f,0xfe,0x00,0x07,0xe0,0x00,0x3f,0xff,0x00,0x0f,0xc0,0x00,0x3f,0xff,0x00,0x1f,0xc0,0x00,0x7f,
0xff,0x80,0x1f,0x80,0x00,0x7c,0x0f,0x80,0x3f,0x00,0x00,0xfc,0x0f,0xc0,0x7f,0x00,0x00,0xf8,0x07,0xc0,0x7e,0x00,0x00,0xf8,
0x07,0xc0,0xfc,0x00,0x00,0xf8,0x07,0xc1,0xfc,0x00,0x00,0xf8,0x07,0xc1,0xf8,0x00,0x00,0xfc,0x0f,0xc3,0xf0,0x00,0x00,0x7e,
0x1f,0x87,0xe0,0x00,0x00,0x7f,0xff,0x87,0xe0,0x00,0x00,0x3f,0xff,0x0f,0xc0,0x00,0x00,0x1f,0xfe,0x1f,0x81,0xfc,0x00,0x0f,
0xfc,0x1f,0x87,0xff,0x00,0x03,0xf0,0x3f,0x0f,0xff,0x80,0x00,0x00,0x7e,0x1f,0xff,0xc0,0x00,0x00,0x7e,0x3f,0xff,0xe0,0x00,
0x00,0xfc,0x3f,0x07,0xe0,0x00,0x01,0xf8,0x7e,0x03,0xf0,0x00,0x01,0xf0,0x7c,0x01,0xf0,0x00,0x03,0xf0,0x7c,0x01,0xf0,0x00,
0x07,0xe0,0x7c,0x01,0xf0,0x00,0x0f,0xc0,0x7c,0x01,0xf0,0x00,0x0f,0xc0,0x7e,0x03,0xf0,0x00,0x1f,0x80,0x3f,0x07,0xe0,0x00,
0x3f,0x00,0x3f,0xff,0xe0,0x00,0x3f,0x00,0x1f,0xff,0xc0,0x00,0x7e,0x00,0x1f,0xff,0x80,0x00,0xfc,0x00,0x07,0xff,0x00,0x00,
0xf8,0x00,0x03,0xfe,0x00,0x00,0x00,0x00,0x00,0x20,0x00,0x00,0x1f,0xc0,0x00,0x00,0x7f,0xf0,0x00,0x01,0xff,0xfc,0x00,0x03,
0xff,0xfc,0x00,0x03,0xff,0xfe,0x00,0x07,0xf0,0xff,0x00,0x07,0xe0,0x7f,0x00,0x07,0xe0,0x3f,0x00,0x07,0xe0,0x3f,0x00,0x07,
0xe0,0x3f,0x00,0x07,0xf0,0x7f,0x00,0x03,0xf8,0xfe,0x00,0x03,0xfd,0xfe,0x00,0x01,0xff,0xfc,0x00,0x01,0xff,0xf8,0x00,0x01,
0xff,0xe0,0x00,0x07,0xff,0xc0,0x7e,0x0f,0xff,0xc0,0x7e,0x1f,0xff,0xe0,0xfc,0x3f,0xef,0xf0,0xfc,0x7f,0x8f,0xf8,0xfc,0x7f,
0x07,0xfd,0xf8,0xff,0x03,0xff,0xf8,0xfe,0x01,0xff,0xf8,0xfe,0x00,0xff,0xf0,0xfe,0x00,0x7f,0xf0,0xfe,0x00,0x7f,0xe0,0xff,
0x00,0x3f,0xe0,0x7f,0x80,0xff,0xf0,0x7f,0xff,0xff,0xf8,0x3f,0xff,0xff,0xfc,0x1f,0xff,0xff,0xfc,0x07,0xff,0xf1,0xfe,0x03,
0xff,0xc0,0xff,0x00,0x18,0x00,0x00,0xfc,0xfc,0xfc,0xfc,0xfc,0xfc,0xfc,0xfc,0xfc,0xfc,0xfc,0x03,0xf0,0x07,0xe0,0x0f,0xe0,
0x0f,0xc0,0x0f,0xc0,0x1f,0x80,0x1f,0x80,0x3f,0x80,0x3f,0x00,0x3f,0x00,0x7f,0x00,0x7e,0x00,0x7e,0x00,0x7e,0x00,0x7e,0x00,
0xfc,0x00,0xfc,0x00,0xfc,0x00,0xfc,0x00,0xfc,0x00,0xfc,0x00,0xfc,0x00,0xfc,0x00,0xfc,0x00,0xfc,0x00,0xfc,0x00,0xfc,0x00,
0x7e,0x00,0x7e,0x00,0x7e,0x00,0x7e,0x00,0x7f,0x00,0x3f,0x00,0x3f,0x00,0x3f,0x80,0x1f,0x80,0x1f,0x80,0x0f,0xc0,0x0f,0xc0,
0x0f,0xe0,0x07,0xe0,0x03,0xf0,0xfc,0x00,0xfe,0x00,0x7f,0x00,0x3f,0x00,0x3f,0x00,0x1f,0x80,0x1f,0x80,0x1f,0xc0,0x0f,0xc0,
0x0f,0xc0,0x0f,0xe0,0x07,0xe0,0x07,0xe0,0x07,0xe0,0x07,0xe0,0x03,0xf0,0x03,0xf0,0x03,0xf0,0x03,0xf0,0x03,0xf0,0x03,0xf0,
0x03,0xf0,0x03,0xf0,0x03,0xf0,0x03,0xf0,0x03,0xf0,0x03,0xf0,0x07,0xe0,0x07,0xe0,0x07,0xe0,0x07,0xe0,0x0f,0xe0,0x0f,0xc0,
0x0f,0xc0,0x1f,0xc0,0x1f,0x80,0x1f,0x80,0x3f,0x00,0x3f,0x00,0x7e,0x00,0xfe,0x00,0xfc,0x00,0x01,0xe0,0x00,0x01,0xe0,0x00,
0x01,0xe0,0x00,0x01,0xe0,0x00,0x41,0xe0,0x80,0x79,0xe7,0x80,0x7f,0xff,0x80,0xff,0xff,0xc0,0x7f,0xff,0x80,0x0f,0xfc,0x00,
0x07,0xf8,0x00,0x07,0xf8,0x00,0x0f,0xfc,0x00,0x1f,0x3e,0x00,0x1f,0x3e,0x00,0x1e,0x1e,0x00,0x0c,0x0c,0x00,0x00,0x7e,0x00,
0x00,0x7e,0x00,0x00,0x7e,0x00,0x00,0x7e,0x00,0x00,0x7e,0x00,0x00,0x7e,0x00,0x00,0x7e,0x00,0x00,0x7e,0x00,0x00,0x7e,0x00,
0xff,0xff,0xff,0xff,0xff,0xff,0xff,0xff,0xff,0xff,0xff,0xff,0xff,0xff,0xff,0xff,0xff,0xff,0x00,0x7e,0x00,0x00,0x7e,0x00,
0x00,0x7e,0x00,0x00,0x7e,0x00,0x00,0x7e,0x00,0x00,0x7e,0x00,0x00,0x7e,0x00,0x00,0x7e,0x00,0x00,0x7e,0x00,0x3e,0x00,0x7f,
0x00,0xff,0x80,0xff,0x80,0xff,0x80,0xff,0x80,0x7f,0x80,0x7f,0x00,0x1f,0x00,0x1e,0x00,0x1e,0x00,0x3c,0x00,0x3c,0x00,0x3c,
0x00,0x78,0x00,0xff,0xfe,0xff,0xfe,0xff,0xfe,0xff,0xfe,0xff,0xfe,0xff,0xfe,0x08,0x00,0x3e,0x00,0x7f,0x00,0xff,0x80,0xff,
0x80,0xff,0x80,0xff,0x80,0x7f,0x00,0x3e,0x00,0x00,0x07,0xe0,0x00,0x0f,0xe0,0x00,0x0f,0xc0,0x00,0x0f,0xc0,0x00,0x1f,0xc0,
0x00,0x1f,0x80,0x00,0x1f,0x80,0x00,0x3f,0x80,0x00,0x3f,0x00,0x00,0x3f,0x00,0x00,0x7f,0x00,0x00,0x7e,0x00,0x00,0x7e,0x00,
0x00,0xfe,0x00,0x00,0xfc,0x00,0x00,0xfc,0x00,0x01,0xfc,0x00,0x01,0xfc,0x00,0x01,0xf8,0x00,0x03,0xf8,0x00,0x03,0xf8,0x00,
0x03,0xf0,0x00,0x07,0xf0,0x00,0x07,0xf0,0x00,0x07,0xe0,0x00,0x0f,0xe0,0x00,0x0f,0xe0,0x00,0x0f,0xc0,0x00,0x1f,0xc0,0x00,
0x1f,0xc0,0x00,0x1f,0x80,0x00,0x3f,0x80,0x00,0x3f,0x80,0x00,0x3f,0x00,0x00,0x7f,0x00,0x00,0x7f,0x00,0x00,0x7e,0x00,0x00,
0xfe,0x00,0x00,0xfe,0x00,0x00,0x00,0x04,0x00,0x00,0x00,0xff,0xe0,0x00,0x03,0xff,0xf8,0x00,0x07,0xff,0xfc,0x00,0x0f,0xff,
0xfe,0x00,0x1f,0xff,0xff,0x00,0x3f,0xc0,0x7f,0x80,0x3f,0x80,0x7f,0x80,0x7f,0xc0,0x3f,0xc0,0x7f,0xe0,0x1f,0xc0,0x7f,0xe0,
0x1f,0xc0,0x7f,0xf0,0x1f,0xc0,0xfe,0xf8,0x0f,0xe0,0xfe,0xf8,0x0f,0xe0,0xfe,0x7c,0x0f,0xe0,0xfe,0x3e,0x0f,0xe0,0xfe,0x3e,
0x0f,0xe0,0xfe,0x1f,0x0f,0xe0,0xfe,0x0f,0x8f,0xe0,0xfe,0x0f,0x8f,0xe0,0xfe,0x07,0xcf,0xe0,0xfe,0x03,0xef,0xe0,0xfe,0x03,
0xef,0xe0,0x7f,0x01,0xff,0xc0,0x7f,0x00,0xff,0xc0,0x7f,0x00,0xff,0xc0,0x7f,0x80,0x7f,0x80,0x3f,0x80,0x3f,0x80,0x3f,0xc0,
0x7f,0x80,0x1f,0xff,0xff,0x00,0x0f,0xff,0xfe,0x00,0x07,0xff,0xfc,0x00,0x03,0xff,0xf8,0x00,0x00,0xff,0xe0,0x00,0x00,0x04,
0x00,0x00,0x00,0x3e,0x00,0x7e,0x00,0xfe,0x00,0xfe,0x03,0xfe,0xff,0xfe,0xff,0xfe,0xff,0xfe,0xff,0xfe,0xff,0xfe,0x00,0xfe,
0x00,0xfe,0x00,0xfe,0x00,0xfe,0x00,0xfe,0x00,0xfe,0x00,0xfe,0x00,0xfe,0x00,0xfe,0x00,0xfe,0x00,0xfe,0x00,0xfe,0x00,0xfe,
0x00,0xfe,0x00,0xfe,0x00,0xfe,0x00,0xfe,0x00,0xfe,0x00,0xfe,0x00,0xfe,0x00,0xfe,0x00,0xfe,0x00,0xfe,0x01,0xff,0xc0,0x07,
0xff,0xf0,0x0f,0xff,0xfc,0x1f,0xff,0xfc,0x3f,0xff,0xfe,0x3f,0x80,0xfe,0x7f,0x00,0xff,0x0f,0x00,0x7f,0x02,0x00,0x7f,0x00,
0x00,0x7f,0x00,0x00,0x7f,0x00,0x00,0xff,0x00,0x00,0xfe,0x00,0x01,0xfe,0x00,0x03,0xfe,0x00,0x03,0xfc,0x00,0x07,0xf8,0x00,
0x0f,0xf8,0x00,0x1f,0xf0,0x00,0x3f,0xe0,0x00,0xff,0xc0,0x01,0xff,0x00,0x03,0xfe,0x00,0x07,0xfc,0x00,0x1f,0xf0,0x00,0x3f,
0xe0,0x00,0x7f,0x80,0x00,0xff,0xff,0xff,0xff,0xff,0xff,0xff,0xff,0xff,0xff,0xff,0xff,0xff,0xff,0xff,0xff,0xff,0xff,0x01,
0xff,0xc0,0x0f,0xff,0xf0,0x1f,0xff,0xfc,0x3f,0xff,0xfe,0x7f,0xff,0xfe,0x7f,0x01,0xff,0xfe,0x00,0xff,0x1e,0x00,0x7f,0x00,
0x00,0x7f,0x00,0x00,0x7f,0x00,0x00,0xff,0x00,0x01,0xfe,0x00,0x07,0xfc,0x00,0xff,0xf8,0x00,0xff,0xf0,0x00,0xff,0xe0,0x00,
0xff,0xf8,0x00,0xff,0xfc,0x00,0x07,0xfe,0x00,0x01,0xfe,0x00,0x00,0xff,0x00,0x00,0x7f,0x00,0x00,0x7f,0x00,0x00,0x7f,0x0c,
0x00,0x7f,0x7e,0x00,0x7f,0xfe,0x00,0xff,0x7f,0x81,0xfe,0x7f,0xff,0xfe,0x3f,0xff,0xfc,0x1f,0xff,0xf8,0x0f,0xff,0xf0,0x03,
0xff,0xc0,0x00,0x18,0x00,0x00,0x01,0xfc,0x00,0x00,0x03,0xfc,0x00,0x00,0x07,0xfc,0x00,0x00,0x0f,0xfc,0x00,0x00,0x0f,0xfc,
0x00,0x00,0x1f,0xfc,0x00,0x00,0x3f,0xfc,0x00,0x00,0x3f,0xfc,0x00,0x00,0x7f,0xfc,0x00,0x00,0xff,0xfc,0x00,0x01,0xfd,0xfc,
0x00,0x01,0xf9,0xfc,0x00,0x03,0xf9,0xfc,0x00,0x07,0xf1,0xfc,0x00,0x07,0xe1,0xfc,0x00,0x0f,0xc1,0xfc,0x00,0x1f,0xc1,0xfc,
0x00,0x3f,0x81,0xfc,0x00,0x3f,0x01,0xfc,0x00,0x7e,0x01,0xfc,0x00,0xff,0xff,0xff,0xe0,0xff,0xff,0xff,0xe0,0xff,0xff,0xff,
0xe0,0xff,0xff,0xff,0xe0,0xff,0xff,0xff,0xe0,0xff,0xff,0xff,0xe0,0x00,0x01,0xfc,0x00,0x00,0x01,0xfc,0x00,0x00,0x01,0xfc,
0x00,0x00,0x01,0xfc,0x00,0x00,0x01,0xfc,0x00,0x00,0x01,0xfc,0x00,0x00,0x01,0xfc,0x00,0x1f,0xff,0xff,0x00,0x3f,0xff,0xff,
0x00,0x3f,0xff,0xff,0x00,0x3f,0xff,0xff,0x00,0x3f,0xff,0xff,0x00,0x3f,0x00,0x00,0x00,0x3f,0x00,0x00,0x00,0x3f,0x00,0x00,
0x00,0x3f,0x00,0x00,0x00,0x7f,0x00,0x00,0x00,0x7f,0x00,0x00,0x00,0x7e,0x3f,0x80,0x00,0x7e,0xff,0xf0,0x00,0x7f,0xff,0xf8,
0x00,0x7f,0xff,0xfc,0x00,0x7f,0xff,0xfe,0x00,0x7f,0xc3,0xff,0x00,0x3f,0x00,0xff,0x00,0x0e,0x00,0x7f,0x80,0x00,0x00,0x7f,
0x80,0x00,0x00,0x3f,0x80,0x00,0x00,0x3f,0x80,0x00,0x00,0x3f,0x80,0x00,0x00,0x3f,0x80,0x04,0x00,0x3f,0x80,0x3e,0x00,0x7f,
0x80,0xfe,0x00,0x7f,0x00,0x7f,0x01,0xff,0x00,0x7f,0xff,0xfe,0x00,0x3f,0xff,0xfc,0x00,0x1f,0xff,0xf8,0x00,0x07,0xff,0xf0,
0x00,0x01,0xff,0xc0,0x00,0x00,0x08,0x00,0x00,0x00,0x04,0x00,0x00,0x00,0xff,0xe0,0x00,0x03,0xff,0xf8,0x00,0x07,0xff,0xfc,
0x00,0x0f,0xff,0xfe,0x00,0x1f,0xff,0xfe,0x00,0x1f,0xc0,0xf8,0x00,0x3f,0x80,0x60,0x00,0x3f,0x00,0x00,0x00,0x7f,0x00,0x00,
0x00,0x7e,0x00,0x00,0x00,0x7e,0x00,0x00,0x00,0x7e,0x1f,0xc0,0x00,0xfe,0xff,0xf0,0x00,0xff,0xff,0xf8,0x00,0xff,0xff,0xfc,
0x00,0xff,0xff,0xfe,0x00,0xff,0xc1,0xff,0x00,0xff,0x80,0xff,0x00,0xff,0x00,0x7f,0x80,0xfe,0x00,0x3f,0x80,0xfe,0x00,0x3f,
0x80,0xfe,0x00,0x3f,0x80,0xfe,0x00,0x3f,0x80,0x7e,0x00,0x3f,0x80,0x7e,0x00,0x3f,0x80,0x7f,0x00,0x7f,0x00,0x3f,0x00,0x7f,
0x00,0x3f,0x80,0xff,0x00,0x1f,0xff,0xfe,0x00,0x1f,0xff,0xfc,0x00,0x0f,0xff,0xf8,0x00,0x03,0xff,0xf0,0x00,0x01,0xff,0xc0,
0x00,0x00,0x0c,0x00,0x00,0xff,0xff,0xff,0xff,0xff,0xff,0xff,0xff,0xff,0xff,0xff,0xff,0xff,0xff,0xff,0x00,0x00,0x7f,0x00,
0x00,0xfe,0x00,0x00,0xfe,0x00,0x01,0xfc,0x00,0x01,0xfc,0x00,0x03,0xfc,0x00,0x03,0xf8,0x00,0x07,0xf8,0x00,0x07,0xf0,0x00,
0x0f,0xf0,0x00,0x0f,0xe0,0x00,0x1f,0xe0,0x00,0x1f,0xc0,0x00,0x3f,0xc0,0x00,0x3f,0x80,0x00,0x7f,0x80,0x00,0x7f,0x80,0x00,
0xff,0x00,0x00,0xff,0x00,0x01,0xfe,0x00,0x01,0xfe,0x00,0x01,0xfc,0x00,0x03,0xfc,0x00,0x03,0xf8,0x00,0x07,0xf8,0x00,0x07,
0xf0,0x00,0x0f,0xf0,0x00,0x0f,0xf0,0x00,0x00,0x7f,0x80,0x00,0x01,0xff,0xe0,0x00,0x03,0xff,0xf0,0x00,0x03,0xff,0xf0,0x00,
0x07,0xff,0xf8,0x00,0x07,0xe1,0xf8,0x00,0x0f,0xc0,0xfc,0x00,0x0f,0xc0,0xfc,0x00,0x0f,0xc0,0xfc,0x00,0x0f,0xc0,0xfc,0x00,
0x0f,0xc0,0xfc,0x00,0x0f,0xe1,0xfc,0x00,0x07,0xf3,0xf8,0x00,0x07,0xff,0xf8,0x00,0x03,0xff,0xf0,0x00,0x0f,0xff,0xfc,0x00,
0x1f,0xff,0xfe,0x00,0x3f,0xff,0xff,0x00,0x7f,0xc0,0xff,0x80,0x7f,0x80,0x7f,0x80,0xff,0x00,0x3f,0xc0,0xfe,0x00,0x1f,0xc0,
0xfe,0x00,0x1f,0xc0,0xfe,0x00,0x1f,0xc0,0xfe,0x00,0x1f,0xc0,0xff,0x00,0x3f,0xc0,0xff,0x00,0x3f,0x80,0x7f,0x80,0x7f,0x80,
0x7f,0xff,0xff,0x00,0x3f,0xff,0xff,0x00,0x1f,0xff,0xfe,0x00,0x07,0xff,0xf8,0x00,0x01,0xff,0xe0,0x00,0x00,0x04,0x00,0x00,
0x01,0xff,0x00,0x07,0xff,0xc0,0x0f,0xff,0xe0,0x1f,0xff,0xf0,0x3f,0xff,0xf8,0x7f,0xff,0xf8,0x7f,0x01,0xfc,0x7e,0x00,0xfc,
0xfe,0x00,0xfe,0xfc,0x00,0x7e,0xfc,0x00,0x7e,0xfc,0x00,0x7e,0xfc,0x00,0x7e,0xfc,0x00,0x7e,0xfe,0x00,0xfe,0x7f,0x01,0xfc,
0x7f,0x83,0xfc,0x3f,0xff,0xfc,0x3f,0xff,0xf8,0x1f,0xff,0xf8,0x0f,0xff,0xf0,0x03,0xff,0xf0,0x00,0xff,0xe0,0x00,0x0f,0xe0,
0x00,0x1f,0xc0,0x00,0x1f,0xc0,0x00,0x3f,0x80,0x00,0x3f,0x80,0x00,0x7f,0x00,0x00,0x7e,0x00,0x00,0xfe,0x00,0x01,0xfc,0x00,
0x01,0xfc,0x00,0x3e,0x00,0x7f,0x00,0xff,0x80,0xff,0x80,0xff,0x80,0xff,0x80,0xff,0x80,0x7f,0x00,0x3e,0x00,0x00,0x00,0x00,
0x00,0x00,0x00,0x00,0x00,0x00,0x00,0x00,0x00,0x08,0x00,0x3e,0x00,0x7f,0x00,0xff,0x80,0xff,0x80,0xff,0x80,0xff,0x80,0x7f,
0x00,0x3e,0x00,0x3e,0x00,0x7f,0x00,0xff,0x80,0xff,0x80,0xff,0x80,0xff,0x80,0xff,0x80,0x7f,0x00,0x3e,0x00,0x00,0x00,0x00,
0x00,0x00,0x00,0x00,0x00,0x00,0x00,0x00,0x00,0x00,0x00,0x3e,0x00,0x7f,0x00,0xff,0x80,0xff,0x80,0xff,0x80,0xff,0x80,0x7f,
0x80,0x7f,0x00,0x1f,0x00,0x1e,0x00,0x1e,0x00,0x3c,0x00,0x3c,0x00,0x3c,0x00,0x78,0x00,0x00,0x00,0x01,0x00,0x00,0x0f,0x00,
0x00,0x3f,0x00,0x00,0xff,0x00,0x03,0xff,0x00,0x1f,0xff,0x00,0x7f,0xff,0x01,0xff,0xf8,0x0f,0xff,0xe0,0x3f,0xff,0x00,0xff,
0xf8,0x00,0xff,0xe0,0x00,0xff,0x00,0x00,0xff,0xc0,0x00,0xff,0xf0,0x00,0x7f,0xfe,0x00,0x1f,0xff,0x80,0x07,0xff,0xf0,0x00,
0xff,0xfc,0x00,0x3f,0xff,0x00,0x0f,0xff,0x00,0x03,0xff,0x00,0x00,0x7f,0x00,0x00,0x1f,0x00,0x00,0x07,0xff,0xff,0xff,0xff,
0xff,0xff,0xff,0xff,0xff,0xff,0xff,0xff,0xff,0xff,0xff,0xff,0xff,0xff,0x00,0x00,0x00,0x00,0x00,0x00,0x00,0x00,0x00,0xff,
0xff,0xff,0xff,0xff,0xff,0xff,0xff,0xff,0xff,0xff,0xff,0xff,0xff,0xff,0xff,0xff,0xff,0x80,0x00,0x00,0xe0,0x00,0x00,0xf8,
0x00,0x00,0xff,0x00,0x00,0xff,0xc0,0x00,0xff,0xf0,0x00,0xff,0xfe,0x00,0x3f,0xff,0x80,0x07,0xff,0xe0,0x00,0xff,0xf8,0x00,
0x3f,0xff,0x00,0x07,0xff,0x00,0x01,0xff,0x00,0x03,0xff,0x00,0x1f,0xff,0x00,0x7f,0xfe,0x03,0xff,0xf0,0x0f,0xff,0xc0,0x7f,
0xff,0x00,0xff,0xfc,0x00,0xff,0xe0,0x00,0xff,0x80,0x00,0xfe,0x00,0x00,0xf0,0x00,0x00,0xc0,0x00,0x00,0x03,0xff,0xc0,0x0f,
0xff,0xf0,0x1f,0xff,0xfc,0x3f,0xff,0xfe,0x7f,0xff,0xfe,0xff,0x00,0xff,0x7e,0x00,0x7f,0x1c,0x00,0x7f,0x00,0x00,0x7f,0x00,
0x00,0xff,0x00,0x01,0xff,0x00,0x03,0xfe,0x00,0x0f,0xfe,0x00,0x3f,0xfc,0x00,0x7f,0xf8,0x00,0xff,0xe0,0x00,0xff,0xc0,0x01,
0xff,0x00,0x01,0xfe,0x00,0x01,0xfc,0x00,0x01,0xfc,0x00,0x01,0xfc,0x00,0x00,0x00,0x00,0x00,0x00,0x00,0x00,0x20,0x00,0x00,
0xf8,0x00,0x01,0xfc,0x00,0x03,0xfe,0x00,0x03,0xfe,0x00,0x03,0xfe,0x00,0x03,0xfe,0x00,0x01,0xfc,0x00,0x00,0xf8,0x00,0x00,
0x07,0xfc,0x00,0x00,0x00,0x3f,0xff,0x00,0x00,0x00,0xff,0xff,0xc0,0x00,0x01,0xfc,0x07,0xf0,0x00,0x03,0xe0,0x01,0xf8,0x00,
0x07,0xc0,0x00,0x7c,0x00,0x0f,0x00,0x00,0x3e,0x00,0x1f,0x00,0x00,0x1e,0x00,0x3e,0x00,0x00,0x0f,0x00,0x3c,0x01,0xfc,0x0f,
0x80,0x7c,0x0f,0xff,0x07,0x80,0x78,0x1f,0xff,0x07,0x80,0x78,0x3f,0xff,0x03,0xc0,0xf0,0x7e,0x0f,0x03,0xc0,0xf0,0x7c,0x0f,
0x03,0xc0,0xf0,0xf8,0x0f,0x03,0xc0,0xf0,0xf8,0x0f,0x03,0xc0,0xf0,0xf8,0x0f,0x03,0xc0,0xf0,0xf8,0x0f,0x03,0xc0,0xf0,0xf8,
0x0f,0x03,0xc0,0xf0,0xfc,0x1f,0x07,0xc0,0xf0,0xfe,0x3f,0x07,0x80,0x78,0x7f,0xff,0x8f,0x80,0x78,0x7f,0xff,0xff,0x00,0x7c,
0x3f,0xfb,0xff,0x00,0x3c,0x1f,0xf1,0xfe,0x00,0x3e,0x07,0xc0,0xf8,0x00,0x1f,0x00,0x00,0x00,0x00,0x0f,0x80,0x00,0x00,0x00,
0x07,0xc0,0x00,0x00,0x00,0x03,0xe0,0x00,0x00,0x00,0x01,0xfc,0x07,0x00,0x00,0x00,0xff,0xff,0x00,0x00,0x00,0x3f,0xff,0x00,
0x00,0x00,0x07,0xfc,0x00,0x00,0x00,0x0f,0xf0,0x00,0x00,0x0f,0xf8,0x00,0x00,0x0f,0xf8,0x00,0x00,0x1f,0xf8,0x00,0x00,0x1f,
0xfc,0x00,0x00,0x3f,0xfc,0x00,0x00,0x3f,0xfe,0x00,0x00,0x3f,0xfe,0x00,0x00,0x7f,0x7e,0x00,0x00,0x7f,0x7f,0x00,0x00,0x7e,
0x7f,0x00,0x00,0xfe,0x3f,0x00,0x00,0xfe,0x3f,0x80,0x01,0xfc,0x3f,0x80,0x01,0xfc,0x1f,0x80,0x01,0xfc,0x1f,0xc0,0x03,0xf8,
0x1f,0xc0,0x03,0xf8,0x0f,0xe0,0x03,0xf8,0x0f,0xe0,0x07,0xf0,0x0f,0xe0,0x07,0xf0,0x07,0xf0,0x07,0xff,0xff,0xf0,0x0f,0xff,
0xff,0xf0,0x0f,0xff,0xff,0xf8,0x1f,0xff,0xff,0xf8,0x1f,0xff,0xff,0xfc,0x1f,0xff,0xff,0xfc,0x3f,0xc0,0x01,0xfc,0x3f,0x80,
0x01,0xfe,0x3f,0x80,0x01,0xfe,0x7f,0x80,0x00,0xfe,0x7f,0x00,0x00,0xff,0xff,0x00,0x00,0xff,0xff,0xff,0xc0,0x00,0xff,0xff,
0xf8,0x00,0xff,0xff,0xfc,0x00,0xff,0xff,0xfe,0x00,0xff,0xff,0xff,0x00,0xff,0xff,0xff,0x00,0xfe,0x00,0xff,0x80,0xfe,0x00,
0x7f,0x80,0xfe,0x00,0x3f,0x80,0xfe,0x00,0x3f,0x80,0xfe,0x00,0x3f,0x80,0xfe,0x00,0x3f,0x80,0xfe,0x00,0x7f,0x00,0xfe,0x00,
0xff,0x00,0xff,0xff,0xfe,0x00,0xff,0xff,0xfc,0x00,0xff,0xff,0xfc,0x00,0xff,0xff,0xff,0x00,0xff,0xff,0xff,0x80,0xfe,0x00,
0x3f,0xc0,0xfe,0x00,0x1f,0xc0,0xfe,0x00,0x0f,0xe0,0xfe,0x00,0x0f,0xe0,0xfe,0x00,0x0f,0xe0,0xfe,0x00,0x0f,0xe0,0xfe,0x00,
0x1f,0xe0,0xfe,0x00,0x3f,0xe0,0xff,0xff,0xff,0xc0,0xff,0xff,0xff,0xc0,0xff,0xff,0xff,0x80,0xff,0xff,0xff,0x00,0xff,0xff,
0xfc,0x00,0xff,0xff,0xe0,0x00,0x00,0x01,0x00,0x00,0x00,0x3f,0xf8,0x00,0x00,0xff,0xfe,0x00,0x03,0xff,0xff,0x80,0x07,0xff,
0xff,0xc0,0x0f,0xff,0xff,0xe0,0x1f,0xff,0xff,0xf0,0x3f,0xf0,0x1f,0xf0,0x3f,0xc0,0x07,0xf0,0x7f,0x80,0x03,0x80,0x7f,0x80,
0x00,0x00,0x7f,0x00,0x00,0x00,0x7f,0x00,0x00,0x00,0xfe,0x00,0x00,0x00,0xfe,0x00,0x00,0x00,0xfe,0x00,0x00,0x00,0xfe,0x00,
0x00,0x00,0xfe,0x00,0x00,0x00,0xfe,0x00,0x00,0x00,0xfe,0x00,0x00,0x00,0xfe,0x00,0x00,0x00,0xfe,0x00,0x00,0x00,0xff,0x00,
0x00,0x00,0x7f,0x00,0x00,0x00,0x7f,0x80,0x00,0x00,0x7f,0x80,0x03,0x80,0x3f,0xc0,0x07,0xf0,0x3f,0xf0,0x0f,0xf0,0x1f,0xff,
0xff,0xf0,0x0f,0xff,0xff,0xe0,0x07,0xff,0xff,0xc0,0x03,0xff,0xff,0x80,0x01,0xff,0xfe,0x00,0x00,0x7f,0xf8,0x00,0x00,0x01,
0x00,0x00,0xff,0xff,0x00,0x00,0xff,0xff,0xe0,0x00,0xff,0xff,0xf8,0x00,0xff,0xff,0xfe,0x00,0xff,0xff,0xff,0x00,0xff,0xff,
0xff,0x80,0xfe,0x01,0xff,0xc0,0xfe,0x00,0x7f,0xc0,0xfe,0x00,0x3f,0xe0,0xfe,0x00,0x1f,0xe0,0xfe,0x00,0x0f,0xe0,0xfe,0x00,
0x0f,0xf0,0xfe,0x00,0x07,0xf0,0xfe,0x00,0x07,0xf0,0xfe,0x00,0x07,0xf0,0xfe,0x00,0x07,0xf0,0xfe,0x00,0x07,0xf0,0xfe,0x00,
0x07,0xf0,0xfe,0x00,0x07,0xf0,0xfe,0x00,0x07,0xf0,0xfe,0x00,0x07,0xf0,0xfe,0x00,0x0f,0xf0,0xfe,0x00,0x0f,0xe0,0xfe,0x00,
0x1f,0xe0,0xfe,0x00,0x1f,0xe0,0xfe,0x00,0x7f,0xc0,0xfe,0x01,0xff,0xc0,0xff,0xff,0xff,0x80,0xff,0xff,0xff,0x00,0xff,0xff,
0xfe,0x00,0xff,0xff,0xf8,0x00,0xff,0xff,0xe0,0x00,0xff,0xff,0x00,0x00,0xff,0xff,0xff,0xff,0xff,0xff,0xff,0xff,0xff,0xff,
0xff,0xff,0xff,0xff,0xff,0xff,0xff,0xff,0xfe,0x00,0x00,0xfe,0x00,0x00,0xfe,0x00,0x00,0xfe,0x00,0x00,0xfe,0x00,0x00,0xfe,
0x00,0x00,0xfe,0x00,0x00,0xff,0xff,0xc0,0xff,0xff,0xc0,0xff,0xff,0xc0,0xff,0xff,0xc0,0xff,0xff,0xc0,0xff,0xff,0xc0,0xfe,
0x00,0x00,0xfe,0x00,0x00,0xfe,0x00,0x00,0xfe,0x00,0x00,0xfe,0x00,0x00,0xfe,0x00,0x00,0xfe,0x00,0x00,0xfe,0x00,0x00,0xff,
0xff,0xff,0xff,0xff,0xff,0xff,0xff,0xff,0xff,0xff,0xff,0xff,0xff,0xff,0xff,0xff,0xff,0xff,0xff,0xfe,0xff,0xff,0xfe,0xff,
0xff,0xfe,0xff,0xff,0xfe,0xff,0xff,0xfe,0xff,0xff,0xfe,0xfe,0x00,0x00,0xfe,0x00,0x00,0xfe,0x00,0x00,0xfe,0x00,0x00,0xfe,
0x00,0x00,0xfe,0x00,0x00,0xfe,0x00,0x00,0xfe,0x00,0x00,0xff,0xff,0xfe,0xff,0xff,0xfe,0xff,0xff,0xfe,0xff,0xff,0xfe,0xff,
0xff,0xfe,0xff,0xff,0xfe,0xfe,0x00,0x00,0xfe,0x00,0x00,0xfe,0x00,0x00,0xfe,0x00,0x00,0xfe,0x00,0x00,0xfe,0x00,0x00,0xfe,
0x00,0x00,0xfe,0x00,0x00,0xfe,0x00,0x00,0xfe,0x00,0x00,0xfe,0x00,0x00,0xfe,0x00,0x00,0xfe,0x00,0x00,0x00,0x3f,0xfc,0x00,
0x00,0xff,0xff,0x80,0x03,0xff,0xff,0xc0,0x07,0xff,0xff,0xe0,0x0f,0xff,0xff,0xf0,0x1f,0xff,0xff,0xf8,0x1f,0xf0,0x0f,0xf8,
0x3f,0xc0,0x03,0xf0,0x3f,0x80,0x01,0x80,0x7f,0x80,0x00,0x00,0x7f,0x00,0x00,0x00,0x7f,0x00,0x00,0x00,0xfe,0x00,0x00,0x00,
0xfe,0x00,0x00,0x00,0xfe,0x00,0x00,0x00,0xfe,0x00,0xff,0xfe,0xfe,0x00,0xff,0xfe,0xfe,0x00,0xff,0xfe,0xfe,0x00,0xff,0xfe,
0xfe,0x00,0xff,0xfe,0xfe,0x00,0xff,0xfe,0xff,0x00,0x00,0xfe,0x7f,0x00,0x00,0xfe,0x7f,0x80,0x00,0xfe,0x7f,0x80,0x01,0xfe,
0x3f,0xc0,0x03,0xfe,0x3f,0xf0,0x07,0xfe,0x1f,0xff,0xff,0xfe,0x0f,0xff,0xff,0xfe,0x07,0xff,0xff,0xfe,0x03,0xff,0xff,0x3e,
0x01,0xff,0xfe,0x3e,0x00,0x7f,0xf8,0x3e,0x00,0x01,0x00,0x00,0xfe,0x00,0x07,0xf0,0xfe,0x00,0x07,0xf0,0xfe,0x00,0x07,0xf0,
0xfe,0x00,0x07,0xf0,0xfe,0x00,0x07,0xf0,0xfe,0x00,0x07,0xf0,0xfe,0x00,0x07,0xf0,0xfe,0x00,0x07,0xf0,0xfe,0x00,0x07,0xf0,
0xfe,0x00,0x07,0xf0,0xfe,0x00,0x07,0xf0,0xfe,0x00,0x07,0xf0,0xfe,0x00,0x07,0xf0,0xff,0xff,0xff,0xf0,0xff,0xff,0xff,0xf0,
0xff,0xff,0xff,0xf0,0xff,0xff,0xff,0xf0,0xff,0xff,0xff,0xf0,0xff,0xff,0xff,0xf0,0xfe,0x00,0x07,0xf0,0xfe,0x00,0x07,0xf0,
0xfe,0x00,0x07,0xf0,0xfe,0x00,0x07,0xf0,0xfe,0x00,0x07,0xf0,0xfe,0x00,0x07,0xf0,0xfe,0x00,0x07,0xf0,0xfe,0x00,0x07,0xf0,
0xfe,0x00,0x07,0xf0,0xfe,0x00,0x07,0xf0,0xfe,0x00,0x07,0xf0,0xfe,0x00,0x07,0xf0,0xfe,0x00,0x07,0xf0,0xfe,0x00,0x07,0xf0,
0xff,0xff,0xff,0xff,0xff,0xff,0xff,0xff,0xff,0xff,0x0f,0xe0,0x0f,0xe0,0x0f,0xe0,0x0f,0xe0,0x0f,0xe0,0x0f,0xe0,0x0f,0xe0,
0x0f,0xe0,0x0f,0xe0,0x0f,0xe0,0x0f,0xe0,0x0f,0xe0,0x0f,0xe0,0x0f,0xe0,0x0f,0xe0,0x0f,0xe0,0x0f,0xe0,0x0f,0xe0,0x0f,0xe0,
0x0f,0xe0,0x0f,0xe0,0x0f,0xe0,0x0f,0xe0,0xff,0xff,0xff,0xff,0xff,0xff,0xff,0xff,0xff,0xff,0x00,0x00,0x7f,0x00,0x00,0x7f,
0x00,0x00,0x7f,0x00,0x00,0x7f,0x00,0x00,0x7f,0x00,0x00,0x7f,0x00,0x00,0x7f,0x00,0x00,0x7f,0x00,0x00,0x7f,0x00,0x00,0x7f,
0x00,0x00,0x7f,0x00,0x00,0x7f,0x00,0x00,0x7f,0x00,0x00,0x7f,0x00,0x00,0x7f,0x00,0x00,0x7f,0x00,0x00,0x7f,0x00,0x00,0x7f,
0x00,0x00,0x7f,0x00,0x00,0x7f,0x00,0x00,0x7f,0x00,0x00,0x7f,0x02,0x00,0x7f,0x0e,0x00,0x7f,0x7e,0x00,0x7f,0xff,0x00,0xfe,
0x7f,0x00,0xfe,0x7f,0x81,0xfe,0x3f,0xff,0xfc,0x3f,0xff,0xf8,0x1f,0xff,0xf8,0x0f,0xff,0xe0,0x03,0xff,0x80,0x00,0x18,0x00,
0xfe,0x00,0x1f,0xe0,0xfe,0x00,0x3f,0xc0,0xfe,0x00,0x7f,0x80,0xfe,0x00,0xff,0x80,0xfe,0x01,0xff,0x00,0xfe,0x03,0xfe,0x00,
0xfe,0x07,0xfc,0x00,0xfe,0x0f,0xf8,0x00,0xfe,0x0f,0xf0,0x00,0xfe,0x1f,0xe0,0x00,0xfe,0x3f,0xc0,0x00,0xfe,0x7f,0x80,0x00,
0xfe,0xff,0x80,0x00,0xff,0xff,0x00,0x00,0xff,0xfe,0x00,0x00,0xff,0xff,0x00,0x00,0xff,0xff,0x80,0x00,0xff,0xff,0xc0,0x00,
0xff,0xff,0xc0,0x00,0xff,0xdf,0xe0,0x00,0xff,0x8f,0xf0,0x00,0xff,0x8f,0xf0,0x00,0xff,0x07,0xf8,0x00,0xfe,0x03,0xfc,0x00,
0xfe,0x03,0xfc,0x00,0xfe,0x01,0xfe,0x00,0xfe,0x00,0xff,0x00,0xfe,0x00,0xff,0x80,0xfe,0x00,0x7f,0x80,0xfe,0x00,0x3f,0xc0,
0xfe,0x00,0x1f,0xe0,0xfe,0x00,0x1f,0xe0,0xfe,0x00,0x0f,0xf0,0xfe,0x00,0x00,0xfe,0x00,0x00,0xfe,0x00,0x00,0xfe,0x00,0x00,
0xfe,0x00,0x00,0xfe,0x00,0x00,0xfe,0x00,0x00,0xfe,0x00,0x00,0xfe,0x00,0x00,0xfe,0x00,0x00,0xfe,0x00,0x00,0xfe,0x00,0x00,
0xfe,0x00,0x00,0xfe,0x00,0x00,0xfe,0x00,0x00,0xfe,0x00,0x00,0xfe,0x00,0x00,0xfe,0x00,0x00,0xfe,0x00,0x00,0xfe,0x00,0x00,
0xfe,0x00,0x00,0xfe,0x00,0x00,0xfe,0x00,0x00,0xfe,0x00,0x00,0xfe,0x00,0x00,0xfe,0x00,0x00,0xfe,0x00,0x00,0xff,0xff,0xfe,
0xff,0xff,0xfe,0xff,0xff,0xfe,0xff,0xff,0xfe,0xff,0xff,0xfe,0xff,0xff,0xfe,0xff,0xe0,0x00,0xff,0xe0,0xff,0xe0,0x00,0xff,
0xe0,0xff,0xe0,0x00,0xff,0xe0,0xff,0xf0,0x01,0xff,0xe0,0xff,0xf0,0x01,0xff,0xe0,0xff,0xf0,0x01,0xff,0xe0,0xff,0xf8,0x01,
0xff,0xe0,0xff,0xf8,0x03,0xff,0xe0,0xfe,0xf8,0x03,0xef,0xe0,0xfe,0xf8,0x03,0xef,0xe0,0xfe,0xfc,0x07,0xef,0xe0,0xfe,0xfc,
0x07,0xef,0xe0,0xfe,0x7c,0x07,0xcf,0xe0,0xfe,0x7e,0x07,0xcf,0xe0,0xfe,0x7e,0x0f,0xcf,0xe0,0xfe,0x3e,0x0f,0x8f,0xe0,0xfe,
0x3e,0x0f,0x8f,0xe0,0xfe,0x3f,0x1f,0x8f,0xe0,0xfe,0x3f,0x1f,0x8f,0xe0,0xfe,0x1f,0x1f,0x0f,0xe0,0xfe,0x1f,0x1f,0x0f,0xe0,
0xfe,0x1f,0xbf,0x0f,0xe0,0xfe,0x0f,0xbe,0x0f,0xe0,0xfe,0x0f,0xbe,0x0f,0xe0,0xfe,0x0f,0xfe,0x0f,0xe0,0xfe,0x0f,0xfe,0x0f,
0xe0,0xfe,0x07,0xfc,0x0f,0xe0,0xfe,0x07,0xfc,0x0f,0xe0,0xfe,0x07,0xfc,0x0f,0xe0,0xfe,0x03,0xf8,0x0f,0xe0,0xfe,0x03,0xf8,
0x0f,0xe0,0xfe,0x03,0xf8,0x0f,0xe0,0xfe,0x01,0xf8,0x0f,0xe0,0xff,0xc0,0x03,0xf8,0xff,0xc0,0x03,0xf8,0xff,0xe0,0x03,0xf8,
0xff,0xe0,0x03,0xf8,0xff,0xf0,0x03,0xf8,0xff,0xf0,0x03,0xf8,0xff,0xf8,0x03,0xf8,0xff,0xf8,0x03,0xf8,0xff,0xfc,0x03,0xf8,
0xff,0xfc,0x03,0xf8,0xfe,0xfe,0x03,0xf8,0xfe,0x7e,0x03,0xf8,0xfe,0x7f,0x03,0xf8,0xfe,0x3f,0x03,0xf8,0xfe,0x3f,0x83,0xf8,
0xfe,0x1f,0x83,0xf8,0xfe,0x1f,0xc3,0xf8,0xfe,0x0f,0xc3,0xf8,0xfe,0x0f,0xe3,0xf8,0xfe,0x07,0xe3,0xf8,0xfe,0x07,0xf3,0xf8,
0xfe,0x03,0xfb,0xf8,0xfe,0x03,0xfb,0xf8,0xfe,0x01,0xff,0xf8,0xfe,0x01,0xff,0xf8,0xfe,0x00,0xff,0xf8,0xfe,0x00,0xff,0xf8,
0xfe,0x00,0x7f,0xf8,0xfe,0x00,0x7f,0xf8,0xfe,0x00,0x3f,0xf8,0xfe,0x00,0x3f,0xf8,0xfe,0x00,0x1f,0xf8,0xfe,0x00,0x1f,0xf8,
0x00,0x3f,0xfc,0x00,0x00,0xff,0xff,0x00,0x03,0xff,0xff,0xc0,0x07,0xff,0xff,0xe0,0x0f,0xff,0xff,0xf0,0x1f,0xff,0xff,0xf8,
0x1f,0xf0,0x0f,0xf8,0x3f,0xc0,0x03,0xfc,0x3f,0xc0,0x03,0xfc,0x7f,0x80,0x01,0xfe,0x7f,0x00,0x00,0xfe,0x7f,0x00,0x00,0xfe,
0xfe,0x00,0x00,0x7f,0xfe,0x00,0x00,0x7f,0xfe,0x00,0x00,0x7f,0xfe,0x00,0x00,0x7f,0xfe,0x00,0x00,0x7f,0xfe,0x00,0x00,0x7f,
0xfe,0x00,0x00,0x7f,0xfe,0x00,0x00,0x7f,0xfe,0x00,0x00,0x7f,0x7f,0x00,0x00,0xfe,0x7f,0x00,0x00,0xfe,0x7f,0x80,0x01,0xfe,
0x3f,0xc0,0x01,0xfc,0x3f,0xe0,0x03,0xfc,0x1f,0xf0,0x0f,0xf8,0x1f,0xff,0xff,0xf8,0x0f,0xff,0xff,0xf0,0x07,0xff,0xff,0xe0,
0x03,0xff,0xff,0xc0,0x00,0xff,0xff,0x00,0x00,0x3f,0xfc,0x00,0x00,0x01,0x80,0x00,0xff,0xff,0xc0,0x00,0xff,0xff,0xf8,0x00,
0xff,0xff,0xfc,0x00,0xff,0xff,0xff,0x00,0xff,0xff,0xff,0x00,0xff,0xff,0xff,0x80,0xfe,0x00,0xff,0x80,0xfe,0x00,0x3f,0xc0,
0xfe,0x00,0x1f,0xc0,0xfe,0x00,0x1f,0xc0,0xfe,0x00,0x1f,0xc0,0xfe,0x00,0x1f,0xc0,0xfe,0x00,0x1f,0xc0,0xfe,0x00,0x3f,0xc0,
0xfe,0x00,0xff,0x80,0xff,0xff,0xff,0x80,0xff,0xff,0xff,0x00,0xff,0xff,0xff,0x00,0xff,0xff,0xfc,0x00,0xff,0xff,0xf8,0x00,
0xff,0xff,0xc0,0x00,0xfe,0x00,0x00,0x00,0xfe,0x00,0x00,0x00,0xfe,0x00,0x00,0x00,0xfe,0x00,0x00,0x00,0xfe,0x00,0x00,0x00,
0xfe,0x00,0x00,0x00,0xfe,0x00,0x00,0x00,0xfe,0x00,0x00,0x00,0xfe,0x00,0x00,0x00,0xfe,0x00,0x00,0x00,0xfe,0x00,0x00,0x00,
0xfe,0x00,0x00,0x00,0x00,0x3f,0xfc,0x00,0x00,0x00,0xff,0xff,0x00,0x00,0x03,0xff,0xff,0xc0,0x00,0x07,0xff,0xff,0xe0,0x00,
0x0f,0xff,0xff,0xf0,0x00,0x1f,0xff,0xff,0xf8,0x00,0x1f,0xf0,0x0f,0xf8,0x00,0x3f,0xc0,0x03,0xfc,0x00,0x3f,0xc0,0x03,0xfc,
0x00,0x7f,0x80,0x01,0xfe,0x00,0x7f,0x00,0x00,0xfe,0x00,0x7f,0x00,0x00,0xfe,0x00,0xfe,0x00,0x00,0x7f,0x00,0xfe,0x00,0x00,
0x7f,0x00,0xfe,0x00,0x00,0x7f,0x00,0xfe,0x00,0x60,0x7f,0x00,0xfe,0x00,0xf0,0x7f,0x00,0xfe,0x01,0xf8,0x7f,0x00,0xfe,0x03,
0xfc,0x7f,0x00,0xfe,0x01,0xfe,0x7f,0x00,0xfe,0x00,0xff,0x7f,0x00,0x7f,0x00,0x7f,0xfe,0x00,0x7f,0x00,0x3f,0xfe,0x00,0x7f,
0x80,0x1f,0xfe,0x00,0x3f,0xc0,0x0f,0xfc,0x00,0x3f,0xe0,0x07,0xfc,0x00,0x1f,0xf0,0x0f,0xfc,0x00,0x1f,0xff,0xff,0xfe,0x00,
0x0f,0xff,0xff,0xff,0x00,0x07,0xff,0xff,0xff,0x80,0x03,0xff,0xff,0xff,0xc0,0x00,0xff,0xff,0x1f,0xe0,0x00,0x3f,0xfc,0x0f,
0xc0,0x00,0x00,0x80,0x07,0x80,0x00,0x00,0x00,0x03,0x00,0xff,0xff,0xc0,0x00,0xff,0xff,0xf8,0x00,0xff,0xff,0xfe,0x00,0xff,
0xff,0xff,0x00,0xff,0xff,0xff,0x80,0xff,0xff,0xff,0x80,0xfe,0x00,0x7f,0xc0,0xfe,0x00,0x3f,0xc0,0xfe,0x00,0x1f,0xc0,0xfe,
0x00,0x1f,0xc0,0xfe,0x00,0x1f,0xc0,0xfe,0x00,0x1f,0xc0,0xfe,0x00,0x3f,0xc0,0xfe,0x00,0x7f,0x80,0xff,0xff,0xff,0x80,0xff,
0xff,0xff,0x80,0xff,0xff,0xff,0x00,0xff,0xff,0xfe,0x00,0xff,0xff,0xf8,0x00,0xff,0xff,0xe0,0x00,0xfe,0x1f,0xe0,0x00,0xfe,
0x0f,0xf0,0x00,0xfe,0x07,0xf8,0x00,0xfe,0x07,0xf8,0x00,0xfe,0x03,0xfc,0x00,0xfe,0x01,0xfe,0x00,0xfe,0x01,0xfe,0x00,0xfe,
0x00,0xff,0x00,0xfe,0x00,0x7f,0x80,0xfe,0x00,0x7f,0x80,0xfe,0x00,0x3f,0xc0,0xfe,0x00,0x3f,0xc0,0xfe,0x00,0x1f,0xe0,0x00,
0xff,0xf0,0x00,0x03,0xff,0xfc,0x00,0x0f,0xff,0xfe,0x00,0x1f,0xff,0xff,0x00,0x3f,0xff,0xff,0x80,0x3f,0xff,0xff,0xc0,0x7f,
0x80,0x3f,0xc0,0x7f,0x00,0x1f,0x00,0x7f,0x00,0x08,0x00,0x7f,0x00,0x00,0x00,0x7f,0x00,0x00,0x00,0x7f,0x80,0x00,0x00,0x3f,
0xf0,0x00,0x00,0x3f,0xff,0x80,0x00,0x1f,0xff,0xf0,0x00,0x0f,0xff,0xfe,0x00,0x07,0xff,0xff,0x00,0x01,0xff,0xff,0x80,0x00,
0x3f,0xff,0xc0,0x00,0x01,0xff,0xc0,0x00,0x00,0x3f,0xe0,0x00,0x00,0x1f,0xe0,0x00,0x00,0x0f,0xe0,0x06,0x00,0x0f,0xe0,0x3e,
0x00,0x0f,0xe0,0xff,0x00,0x1f,0xe0,0x7f,0xc0,0x3f,0xc0,0x7f,0xff,0xff,0xc0,0x3f,0xff,0xff,0x80,0x1f,0xff,0xff,0x00,0x0f,
0xff,0xfe,0x00,0x07,0xff,0xfc,0x00,0x00,0xff,0xf0,0x00,0x00,0x06,0x00,0x00,0xff,0xff,0xff,0xf0,0xff,0xff,0xff,0xf0,0xff,
0xff,0xff,0xf0,0xff,0xff,0xff,0xf0,0xff,0xff,0xff,0xf0,0xff,0xff,0xff,0xf0,0x00,0x3f,0x80,0x00,0x00,0x3f,0x80,0x00,0x00,
0x3f,0x80,0x00,0x00,0x3f,0x80,0x00,0x00,0x3f,0x80,0x00,0x00,0x3f,0x80,0x00,0x00,0x3f,0x80,0x00,0x00,0x3f,0x80,0x00,0x00,
0x3f,0x80,0x00,0x00,0x3f,0x80,0x00,0x00,0x3f,0x80,0x00,0x00,0x3f,0x80,0x00,0x00,0x3f,0x80,0x00,0x00,0x3f,0x80,0x00,0x00,
0x3f,0x80,0x00,0x00,0x3f,0x80,0x00,0x00,0x3f,0x80,0x00,0x00,0x3f,0x80,0x00,0x00,0x3f,0x80,0x00,0x00,0x3f,0x80,0x00,0x00,
0x3f,0x80,0x00,0x00,0x3f,0x80,0x00,0x00,0x3f,0x80,0x00,0x00,0x3f,0x80,0x00,0x00,0x3f,0x80,0x00,0x00,0x3f,0x80,0x00,0x00,
0x3f,0x80,0x00,0xfe,0x00,0x0f,0xe0,0xfe,0x00,0x0f,0xe0,0xfe,0x00,0x0f,0xe0,0xfe,0x00,0x0f,0xe0,0xfe,0x00,0x0f,0xe0,0xfe,
0x00,0x0f,0xe0,0xfe,0x00,0x0f,0xe0,0xfe,0x00,0x0f,0xe0,0xfe,0x00,0x0f,0xe0,0xfe,0x00,0x0f,0xe0,0xfe,0x00,0x0f,0xe0,0xfe,
0x00,0x0f,0xe0,0xfe,0x00,0x0f,0xe0,0xfe,0x00,0x0f,0xe0,0xfe,0x00,0x0f,0xe0,0xfe,0x00,0x0f,0xe0,0xfe,0x00,0x0f,0xe0,0xfe,
0x00,0x0f,0xe0,0xfe,0x00,0x0f,0xe0,0xfe,0x00,0x0f,0xe0,0xfe,0x00,0x0f,0xe0,0xfe,0x00,0x0f,0xe0,0xfe,0x00,0x0f,0xe0,0xfe,
0x00,0x0f,0xe0,0x7f,0x00,0x1f,0xc0,0x7f,0x00,0x1f,0xc0,0x7f,0xc0,0x3f,0xc0,0x3f,0xff,0xff,0x80,0x3f,0xff,0xff,0x80,0x1f,
0xff,0xff,0x00,0x0f,0xff,0xfe,0x00,0x07,0xff,0xfc,0x00,0x01,0xff,0xf0,0x00,0x00,0x06,0x00,0x00,0xfe,0x00,0x03,0xf8,0xfe,
0x00,0x03,0xf8,0xff,0x00,0x07,0xf8,0x7f,0x00,0x07,0xf0,0x7f,0x00,0x07,0xf0,0x7f,0x80,0x0f,0xf0,0x3f,0x80,0x0f,0xe0,0x3f,
0x80,0x0f,0xe0,0x3f,0x80,0x1f,0xe0,0x1f,0xc0,0x1f,0xc0,0x1f,0xc0,0x1f,0xc0,0x1f,0xc0,0x1f,0xc0,0x0f,0xe0,0x3f,0x80,0x0f,
0xe0,0x3f,0x80,0x0f,0xe0,0x3f,0x80,0x07,0xf0,0x7f,0x00,0x07,0xf0,0x7f,0x00,0x07,0xf0,0x7f,0x00,0x03,0xf0,0xfe,0x00,0x03,
0xf8,0xfe,0x00,0x03,0xf8,0xfe,0x00,0x01,0xf9,0xfc,0x00,0x01,0xfd,0xfc,0x00,0x01,0xfd,0xfc,0x00,0x00,0xfd,0xf8,0x00,0x00,
0xff,0xf8,0x00,0x00,0xff,0xf8,0x00,0x00,0x7f,0xf0,0x00,0x00,0x7f,0xf0,0x00,0x00,0x7f,0xf0,0x00,0x00,0x3f,0xe0,0x00,0x00,
0x3f,0xe0,0x00,0x00,0x3f,0xe0,0x00,0xfe,0x00,0xff,0x00,0x3f,0x80,0xfe,0x00,0xff,0x00,0x7f,0x00,0xfe,0x00,0xff,0x00,0x7f,
0x00,0x7f,0x00,0xff,0x80,0x7f,0x00,0x7f,0x00,0xff,0x80,0x7f,0x00,0x7f,0x01,0xff,0x80,0x7f,0x00,0x7f,0x01,0xff,0x80,0xfe,
0x00,0x3f,0x01,0xff,0xc0,0xfe,0x00,0x3f,0x81,0xff,0xc0,0xfe,0x00,0x3f,0x81,0xff,0xc0,0xfe,0x00,0x3f,0x83,0xf7,0xc0,0xfc,
0x00,0x3f,0x83,0xf7,0xc1,0xfc,0x00,0x1f,0x83,0xf7,0xe1,0xfc,0x00,0x1f,0xc3,0xe7,0xe1,0xfc,0x00,0x1f,0xc3,0xe7,0xe1,0xf8,
0x00,0x1f,0xc7,0xe3,0xe1,0xf8,0x00,0x0f,0xc7,0xe3,0xe3,0xf8,0x00,0x0f,0xc7,0xc3,0xf3,0xf8,0x00,0x0f,0xe7,0xc3,0xf3,0xf0,
0x00,0x0f,0xef,0xc1,0xf3,0xf0,0x00,0x07,0xef,0xc1,0xf3,0xf0,0x00,0x07,0xef,0xc1,0xf7,0xf0,0x00,0x07,0xef,0x81,0xff,0xe0,
0x00,0x07,0xff,0x81,0xff,0xe0,0x00,0x03,0xff,0x80,0xff,0xe0,0x00,0x03,0xff,0x80,0xff,0xe0,0x00,0x03,0xff,0x80,0xff,0xe0,
0x00,0x03,0xff,0x00,0xff,0xc0,0x00,0x03,0xff,0x00,0xff,0xc0,0x00,0x01,0xff,0x00,0x7f,0xc0,0x00,0x01,0xff,0x00,0x7f,0xc0,
0x00,0x01,0xfe,0x00,0x7f,0x80,0x00,0x01,0xfe,0x00,0x7f,0x80,0x00,0xff,0x80,0x03,0xfc,0x7f,0xc0,0x07,0xfc,0x3f,0xc0,0x07,
0xf8,0x1f,0xe0,0x0f,0xf0,0x1f,0xf0,0x1f,0xf0,0x0f,0xf0,0x1f,0xe0,0x07,0xf8,0x3f,0xc0,0x07,0xfc,0x7f,0xc0,0x03,0xfc,0xff,
0x80,0x01,0xfe,0xff,0x00,0x01,0xff,0xfe,0x00,0x00,0xff,0xfe,0x00,0x00,0x7f,0xfc,0x00,0x00,0x7f,0xf8,0x00,0x00,0x3f,0xf8,
0x00,0x00,0x1f,0xf0,0x00,0x00,0x1f,0xf0,0x00,0x00,0x3f,0xf8,0x00,0x00,0x3f,0xf8,0x00,0x00,0x7f,0xfc,0x00,0x00,0xff,0xfe,
0x00,0x01,0xff,0xfe,0x00,0x01,0xfe,0xff,0x00,0x03,0xfc,0xff,0x80,0x07,0xfc,0x7f,0xc0,0x07,0xf8,0x3f,0xc0,0x0f,0xf0,0x3f,
0xe0,0x1f,0xf0,0x1f,0xf0,0x1f,0xe0,0x0f,0xf0,0x3f,0xc0,0x07,0xf8,0x7f,0xc0,0x07,0xfc,0x7f,0x80,0x03,0xfc,0xff,0x00,0x01,
0xfe,0xff,0x00,0x01,0xfe,0x7f,0x80,0x03,0xfc,0x7f,0x80,0x03,0xfc,0x3f,0xc0,0x07,0xf8,0x1f,0xe0,0x0f,0xf0,0x1f,0xe0,0x0f,
0xf0,0x0f,0xf0,0x1f,0xe0,0x0f,0xf0,0x1f,0xe0,0x07,0xf8,0x3f,0xc0,0x03,0xf8,0x3f,0x80,0x03,0xfc,0x7f,0x80,0x01,0xfe,0xff,
0x00,0x01,0xfe,0xff,0x00,0x00,0xff,0xfe,0x00,0x00,0x7f,0xfc,0x00,0x00,0x7f,0xfc,0x00,0x00,0x3f,0xf8,0x00,0x00,0x3f,0xf8,
0x00,0x00,0x1f,0xf0,0x00,0x00,0x0f,0xe0,0x00,0x00,0x0f,0xe0,0x00,0x00,0x0f,0xe0,0x00,0x00,0x0f,0xe0,0x00,0x00,0x0f,0xe0,
0x00,0x00,0x0f,0xe0,0x00,0x00,0x0f,0xe0,0x00,0x00,0x0f,0xe0,0x00,0x00,0x0f,0xe0,0x00,0x00,0x0f,0xe0,0x00,0x00,0x0f,0xe0,
0x00,0x00,0x0f,0xe0,0x00,0x00,0x0f,0xe0,0x00,0x00,0x0f,0xe0,0x00,0x7f,0xff,0xff,0xc0,0x7f,0xff,0xff,0xc0,0x7f,0xff,0xff,
0xc0,0x7f,0xff,0xff,0xc0,0x7f,0xff,0xff,0xc0,0x7f,0xff,0xff,0xc0,0x00,0x00,0x7f,0x80,0x00,0x00,0xff,0x00,0x00,0x01,0xff,
0x00,0x00,0x03,0xfe,0x00,0x00,0x07,0xfc,0x00,0x00,0x07,0xf8,0x00,0x00,0x0f,0xf8,0x00,0x00,0x1f,0xf0,0x00,0x00,0x3f,0xe0,
0x00,0x00,0x3f,0xc0,0x00,0x00,0x7f,0x80,0x00,0x00,0xff,0x80,0x00,0x01,0xff,0x00,0x00,0x03,0xfe,0x00,0x00,0x03,0xfc,0x00,
0x00,0x07,0xfc,0x00,0x00,0x0f,0xf8,0x00,0x00,0x1f,0xf0,0x00,0x00,0x3f,0xe0,0x00,0x00,0x3f,0xe0,0x00,0x00,0x7f,0xc0,0x00,
0x00,0xff,0xff,0xff,0xc0,0xff,0xff,0xff,0xc0,0xff,0xff,0xff,0xc0,0xff,0xff,0xff,0xc0,0xff,0xff,0xff,0xc0,0xff,0xff,0xff,
0xc0,0xff,0xf0,0xff,0xf0,0xff,0xf0,0xff,0xf0,0xff,0xf0,0xfc,0x00,0xfc,0x00,0xfc,0x00,0xfc,0x00,0xfc,0x00,0xfc,0x00,0xfc,
0x00,0xfc,0x00,0xfc,0x00,0xfc,0x00,0xfc,0x00,0xfc,0x00,0xfc,0x00,0xfc,0x00,0xfc,0x00,0xfc,0x00,0xfc,0x00,0xfc,0x00,0xfc,
0x00,0xfc,0x00,0xfc,0x00,0xfc,0x00,0xfc,0x00,0xfc,0x00,0xfc,0x00,0xfc,0x00,0xfc,0x00,0xfc,0x00,0xfc,0x00,0xfc,0x00,0xfc,
0x00,0xfc,0x00,0xfc,0x00,0xff,0xf0,0xff,0xf0,0xff,0xf0,0xff,0xf0,0xff,0xf0,0xfe,0x00,0x00,0xfe,0x00,0x00,0x7e,0x00,0x00,
0x7f,0x00,0x00,0x7f,0x00,0x00,0x3f,0x00,0x00,0x3f,0x80,0x00,0x3f,0x80,0x00,0x1f,0x80,0x00,0x1f,0xc0,0x00,0x1f,0xc0,0x00,
0x0f,0xc0,0x00,0x0f,0xe0,0x00,0x0f,0xe0,0x00,0x07,0xe0,0x00,0x07,0xe0,0x00,0x07,0xf0,0x00,0x03,0xf0,0x00,0x03,0xf0,0x00,
0x03,0xf8,0x00,0x01,0xf8,0x00,0x01,0xf8,0x00,0x01,0xfc,0x00,0x00,0xfc,0x00,0x00,0xfc,0x00,0x00,0xfe,0x00,0x00,0x7e,0x00,
0x00,0x7e,0x00,0x00,0x7f,0x00,0x00,0x7f,0x00,0x00,0x3f,0x00,0x00,0x3f,0x80,0x00,0x3f,0x80,0x00,0x1f,0x80,0x00,0x1f,0xc0,
0x00,0x1f,0xc0,0x00,0x0f,0xc0,0x00,0x0f,0xe0,0x00,0x0f,0xe0,0xff,0xf0,0xff,0xf0,0xff,0xf0,0xff,0xf0,0xff,0xf0,0x03,0xf0,
0x03,0xf0,0x03,0xf0,0x03,0xf0,0x03,0xf0,0x03,0xf0,0x03,0xf0,0x03,0xf0,0x03,0xf0,0x03,0xf0,0x03,0xf0,0x03,0xf0,0x03,0xf0,
0x03,0xf0,0x03,0xf0,0x03,0xf0,0x03,0xf0,0x03,0xf0,0x03,0xf0,0x03,0xf0,0x03,0xf0,0x03,0xf0,0x03,0xf0,0x03,0xf0,0x03,0xf0,
0x03,0xf0,0x03,0xf0,0x03,0xf0,0x03,0xf0,0x03,0xf0,0x03,0xf0,0x03,0xf0,0x03,0xf0,0xff,0xf0,0xff,0xf0,0xff,0xf0,0xff,0xf0,
0xff,0xf0,0x00,0xfc,0x00,0x00,0xfc,0x00,0x01,0xfe,0x00,0x01,0xfe,0x00,0x03,0xff,0x00,0x03,0xff,0x00,0x07,0xff,0x80,0x07,
0xff,0x80,0x0f,0xff,0xc0,0x0f,0xcf,0xc0,0x1f,0xcf,0xe0,0x1f,0x87,0xe0,0x3f,0x87,0xf0,0x3f,0x03,0xf0,0x7f,0x03,0xf8,0x7e,
0x01,0xf8,0xfe,0x01,0xfc,0xfc,0x00,0xfc,0xff,0xff,0xe0,0xff,0xff,0xe0,0xff,0xff,0xe0,0xff,0xff,0xe0,0xff,0xff,0xe0,0xff,
0xff,0xe0,0xf8,0x00,0xf8,0x00,0xfc,0x00,0xfe,0x00,0x7f,0x00,0x1f,0x00,0x0f,0x80,0x01,0xff,0xc0,0x07,0xff,0xf0,0x0f,0xff,
0xf8,0x1f,0xff,0xfc,0x3f,0xff,0xfc,0x3f,0x01,0xfe,0x07,0x00,0xfe,0x00,0x00,0xfe,0x00,0x00,0xfe,0x00,0x07,0xfe,0x01,0xff,
0xfe,0x07,0xff,0xfe,0x1f,0xff,0xfe,0x3f,0xf0,0xfe,0x7f,0x80,0xfe,0xfe,0x00,0xfe,0xfe,0x00,0xfe,0xfe,0x01,0xfe,0xff,0x03,
0xfe,0xff,0xff,0xfe,0x7f,0xff,0xfe,0x7f,0xff,0xfe,0x3f,0xfe,0x7e,0x0f,0xf8,0x7f,0x00,0x80,0x00,0xfe,0x00,0x00,0xfe,0x00,
0x00,0xfe,0x00,0x00,0xfe,0x00,0x00,0xfe,0x00,0x00,0xfe,0x00,0x00,0xfe,0x00,0x00,0xfe,0x00,0x00,0xfe,0x00,0x00,0xfe,0x00,
0x00,0xfe,0x00,0x00,0xfe,0x3f,0xc0,0xfe,0xff,0xf0,0xfe,0xff,0xf8,0xff,0xff,0xfc,0xff,0xff,0xfc,0xff,0x81,0xfe,0xff,0x00,
0xfe,0xfe,0x00,0xfe,0xfe,0x00,0x7f,0xfe,0x00,0x7f,0xfe,0x00,0x7f,0xfe,0x00,0x7f,0xfe,0x00,0x7f,0xfe,0x00,0x7f,0xfe,0x00,
0x7f,0xfe,0x00,0xff,0xff,0x00,0xfe,0xff,0x01,0xfe,0xff,0x83,0xfe,0xff,0xff,0xfc,0xff,0xff,0xfc,0xff,0xff,0xf8,0xfc,0xff,
0xf0,0xfc,0x3f,0xc0,0x00,0x02,0x00,0x01,0xff,0x80,0x07,0xff,0xe0,0x0f,0xff,0xf8,0x1f,0xff,0xf8,0x3f,0xff,0xfc,0x7f,0x80,
0xfc,0x7f,0x00,0xe0,0x7f,0x00,0x00,0xfe,0x00,0x00,0xfe,0x00,0x00,0xfe,0x00,0x00,0xfe,0x00,0x00,0xfe,0x00,0x00,0xfe,0x00,
0x00,0xfe,0x00,0x00,0xfe,0x00,0x00,0x7f,0x00,0x00,0x7f,0x00,0x40,0x7f,0x80,0xf8,0x3f,0xff,0xfc,0x1f,0xff,0xfc,0x0f,0xff,
0xf8,0x07,0xff,0xe0,0x01,0xff,0x80,0x00,0x08,0x00,0x00,0x00,0x3f,0x80,0x00,0x00,0x3f,0x80,0x00,0x00,0x3f,0x80,0x00,0x00,
0x3f,0x80,0x00,0x00,0x3f,0x80,0x00,0x00,0x3f,0x80,0x00,0x00,0x3f,0x80,0x00,0x00,0x3f,0x80,0x00,0x00,0x3f,0x80,0x00,0x00,
0x3f,0x80,0x00,0x20,0x3f,0x80,0x03,0xfe,0x3f,0x80,0x0f,0xff,0x3f,0x80,0x1f,0xff,0xbf,0x80,0x3f,0xff,0xff,0x80,0x3f,0xff,
0xff,0x80,0x7f,0xc0,0xff,0x80,0x7f,0x80,0x7f,0x80,0x7f,0x00,0x7f,0x80,0xfe,0x00,0x3f,0x80,0xfe,0x00,0x3f,0x80,0xfe,0x00,
0x3f,0x80,0xfe,0x00,0x3f,0x80,0xfe,0x00,0x3f,0x80,0xfe,0x00,0x3f,0x80,0xfe,0x00,0x3f,0x80,0xff,0x00,0x3f,0x80,0x7f,0x00,
0x7f,0x80,0x7f,0x80,0x7f,0x80,0x7f,0xc0,0xff,0x80,0x3f,0xff,0xff,0x80,0x3f,0xff,0xff,0x80,0x1f,0xff,0xff,0x80,0x0f,0xff,
0x9f,0x80,0x03,0xfe,0x1f,0xc0,0x00,0x20,0x00,0x00,0x00,0x08,0x00,0x00,0x01,0xff,0xc0,0x00,0x03,0xff,0xf0,0x00,0x0f,0xff,
0xf8,0x00,0x1f,0xff,0xfc,0x00,0x3f,0xff,0xfe,0x00,0x3f,0x80,0xfe,0x00,0x7f,0x00,0x3f,0x00,0x7e,0x00,0x3f,0x00,0xfe,0x00,
0x3f,0x00,0xff,0xff,0xff,0x80,0xff,0xff,0xff,0x80,0xff,0xff,0xff,0x80,0xff,0xff,0xff,0x80,0xff,0xff,0xff,0x80,0xfe,0x00,
0x00,0x00,0xfe,0x00,0x00,0x00,0x7f,0x00,0x00,0x00,0x7f,0x00,0x00,0x00,0x3f,0x80,0x70,0x00,0x3f,0xff,0xfe,0x00,0x1f,0xff,
0xfe,0x00,0x0f,0xff,0xfc,0x00,0x07,0xff,0xf0,0x00,0x01,0xff,0xc0,0x00,0x00,0x0c,0x00,0x00,0x00,0xff,0x03,0xff,0x07,0xff,
0x07,0xff,0x0f,0xff,0x0f,0xf0,0x0f,0xe0,0x0f,0xe0,0x0f,0xe0,0x0f,0xe0,0x0f,0xe0,0xff,0xff,0xff,0xff,0xff,0xff,0xff,0xff,
0xff,0xff,0x0f,0xe0,0x0f,0xe0,0x0f,0xe0,0x0f,0xe0,0x0f,0xe0,0x0f,0xe0,0x0f,0xe0,0x0f,0xe0,0x0f,0xe0,0x0f,0xe0,0x0f,0xe0,
0x0f,0xe0,0x0f,0xe0,0x0f,0xe0,0x0f,0xe0,0x0f,0xe0,0x0f,0xe0,0x0f,0xe0,0x0f,0xe0,0x03,0xfe,0x1f,0x80,0x0f,0xff,0x1f,0x80,
0x1f,0xff,0xbf,0x80,0x3f,0xff,0xff,0x80,0x3f,0xff,0xff,0x80,0x7f,0x80,0xff,0x80,0x7f,0x00,0x7f,0x80,0xff,0x00,0x3f,0x80,
0xfe,0x00,0x3f,0x80,0xfe,0x00,0x3f,0x80,0xfe,0x00,0x3f,0x80,0xfe,0x00,0x3f,0x80,0xfe,0x00,0x3f,0x80,0xfe,0x00,0x3f,0x80,
0xff,0x00,0x3f,0x80,0x7f,0x00,0x7f,0x80,0x7f,0x80,0x7f,0x80,0x7f,0xc1,0xff,0x80,0x3f,0xff,0xff,0x80,0x1f,0xff,0xff,0x80,
0x0f,0xff,0xbf,0x80,0x07,0xff,0x3f,0x80,0x01,0xf8,0x3f,0x80,0x00,0x00,0x3f,0x80,0x00,0x00,0x3f,0x80,0x00,0x00,0x3f,0x80,
0x01,0x00,0x7f,0x80,0x07,0x80,0x7f,0x00,0x3f,0xc1,0xff,0x00,0x1f,0xff,0xfe,0x00,0x1f,0xff,0xfc,0x00,0x07,0xff,0xfc,0x00,
0x03,0xff,0xf0,0x00,0x00,0x7f,0x80,0x00,0xfe,0x00,0x00,0xfe,0x00,0x00,0xfe,0x00,0x00,0xfe,0x00,0x00,0xfe,0x00,0x00,0xfe,
0x00,0x00,0xfe,0x00,0x00,0xfe,0x00,0x00,0xfe,0x00,0x00,0xfe,0x00,0x00,0xfe,0x00,0x00,0xfe,0x3f,0xe0,0xfe,0xff,0xf0,0xff,
0xff,0xf8,0xff,0xff,0xf8,0xff,0xff,0xf8,0xff,0x83,0xfc,0xff,0x03,0xfc,0xfe,0x01,0xfc,0xfe,0x01,0xfc,0xfe,0x01,0xfc,0xfe,
0x01,0xfc,0xfe,0x01,0xfc,0xfe,0x01,0xfc,0xfe,0x01,0xfc,0xfe,0x01,0xfc,0xfe,0x01,0xfc,0xfe,0x01,0xfc,0xfe,0x01,0xfc,0xfe,
0x01,0xfc,0xfe,0x01,0xfc,0xfe,0x01,0xfc,0xfe,0x01,0xfc,0xfe,0x01,0xfc,0xfe,0x01,0xfc,0x07,0x80,0x0f,0xc0,0x1f,0xe0,0x1f,
0xe0,0x1f,0xe0,0x1f,0xe0,0x0f,0xc0,0x07,0x80,0x00,0x00,0x00,0x00,0x00,0x00,0x00,0x00,0x00,0x00,0xff,0xe0,0xff,0xe0,0xff,
0xe0,0xff,0xe0,0xff,0xe0,0x0f,0xe0,0x0f,0xe0,0x0f,0xe0,0x0f,0xe0,0x0f,0xe0,0x0f,0xe0,0x0f,0xe0,0x0f,0xe0,0x0f,0xe0,0x0f,
0xe0,0x0f,0xe0,0x0f,0xe0,0x0f,0xe0,0x0f,0xe0,0x0f,0xe0,0x0f,0xe0,0x0f,0xe0,0x0f,0xe0,0x0f,0xe0,0x00,0xf0,0x01,0xf8,0x03,
0xfc,0x03,0xfc,0x03,0xfc,0x03,0xfc,0x01,0xf8,0x00,0xf0,0x00,0x00,0x00,0x00,0x00,0x00,0x00,0x00,0x00,0x00,0x01,0xfc,0x01,
0xfc,0x01,0xfc,0x01,0xfc,0x01,0xfc,0x01,0xfc,0x01,0xfc,0x01,0xfc,0x01,0xfc,0x01,0xfc,0x01,0xfc,0x01,0xfc,0x01,0xfc,0x01,
0xfc,0x01,0xfc,0x01,0xfc,0x01,0xfc,0x01,0xfc,0x01,0xfc,0x01,0xfc,0x01,0xfc,0x01,0xfc,0x01,0xfc,0x01,0xfc,0x01,0xfc,0x01,
0xfc,0x03,0xfc,0xff,0xfc,0xff,0xf8,0xff,0xf8,0xff,0xf0,0xff,0x80,0xfe,0x00,0x00,0xfe,0x00,0x00,0xfe,0x00,0x00,0xfe,0x00,
0x00,0xfe,0x00,0x00,0xfe,0x00,0x00,0xfe,0x00,0x00,0xfe,0x00,0x00,0xfe,0x00,0x00,0xfe,0x00,0x00,0xfe,0x00,0x00,0xfe,0x01,
0xfe,0xfe,0x03,0xfc,0xfe,0x07,0xf8,0xfe,0x0f,0xf0,0xfe,0x1f,0xe0,0xfe,0x3f,0xc0,0xfe,0x3f,0x80,0xfe,0x7f,0x00,0xfe,0xfe,
0x00,0xff,0xfe,0x00,0xff,0xfc,0x00,0xff,0xfe,0x00,0xff,0xff,0x00,0xff,0xff,0x80,0xff,0xff,0x80,0xff,0xbf,0xc0,0xff,0x1f,
0xe0,0xfe,0x1f,0xe0,0xfe,0x0f,0xf0,0xfe,0x07,0xf8,0xfe,0x03,0xfc,0xfe,0x03,0xfc,0xfe,0x01,0xfe,0xfe,0x00,0xff,0xfe,0x00,
0xfe,0x00,0xfe,0x00,0xfe,0x00,0xfe,0x00,0xfe,0x00,0xfe,0x00,0xfe,0x00,0xfe,0x00,0xfe,0x00,0xfe,0x00,0xfe,0x00,0xfe,0x00,
0xfe,0x00,0xfe,0x00,0xfe,0x00,0xfe,0x00,0xfe,0x00,0xfe,0x00,0xfe,0x00,0xfe,0x00,0xfe,0x00,0xfe,0x00,0xfe,0x00,0xfe,0x00,
0xfe,0x00,0xfe,0x00,0xfe,0x00,0xfe,0x00,0xff,0x00,0xff,0xf0,0xff,0xf0,0x7f,0xf0,0x7f,0xf0,0x1f,0xf0,0xfc,0x3f,0xe0,0xff,
0xc0,0xfc,0xff,0xf1,0xff,0xe0,0xff,0xff,0xfb,0xff,0xf0,0xff,0xff,0xff,0xff,0xf0,0xff,0xff,0xff,0xff,0xf0,0xff,0x83,0xff,
0x07,0xf8,0xff,0x03,0xfe,0x07,0xf8,0xff,0x01,0xfc,0x03,0xf8,0xfe,0x01,0xfc,0x03,0xf8,0xfe,0x01,0xfc,0x03,0xf8,0xfe,0x01,
0xfc,0x03,0xf8,0xfe,0x01,0xfc,0x03,0xf8,0xfe,0x01,0xfc,0x03,0xf8,0xfe,0x01,0xfc,0x03,0xf8,0xfe,0x01,0xfc,0x03,0xf8,0xfe,
0x01,0xfc,0x03,0xf8,0xfe,0x01,0xfc,0x03,0xf8,0xfe,0x01,0xfc,0x03,0xf8,0xfe,0x01,0xfc,0x03,0xf8,0xfe,0x01,0xfc,0x03,0xf8,
0xfe,0x01,0xfc,0x03,0xf8,0xfe,0x01,0xfc,0x03,0xf8,0xfe,0x01,0xfc,0x03,0xf8,0xfe,0x01,0xfc,0x03,0xf8,0xfc,0x3f,0xe0,0xfc,
0xff,0xf0,0xff,0xff,0xf8,0xff,0xff,0xf8,0xff,0xff,0xf8,0xff,0x83,0xfc,0xff,0x03,0xfc,0xfe,0x01,0xfc,0xfe,0x01,0xfc,0xfe,
0x01,0xfc,0xfe,0x01,0xfc,0xfe,0x01,0xfc,0xfe,0x01,0xfc,0xfe,0x01,0xfc,0xfe,0x01,0xfc,0xfe,0x01,0xfc,0xfe,0x01,0xfc,0xfe,
0x01,0xfc,0xfe,0x01,0xfc,0xfe,0x01,0xfc,0xfe,0x01,0xfc,0xfe,0x01,0xfc,0xfe,0x01,0xfc,0xfe,0x01,0xfc,0x00,0x08,0x00,0x00,
0x01,0xff,0xc0,0x00,0x07,0xff,0xf0,0x00,0x0f,0xff,0xf8,0x00,0x1f,0xff,0xfc,0x00,0x3f,0xff,0xfe,0x00,0x7f,0x80,0xff,0x00,
0x7f,0x00,0x7f,0x00,0x7f,0x00,0x7f,0x00,0xfe,0x00,0x3f,0x80,0xfe,0x00,0x3f,0x80,0xfe,0x00,0x3f,0x80,0xfe,0x00,0x3f,0x80,
0xfe,0x00,0x3f,0x80,0xfe,0x00,0x3f,0x80,0xfe,0x00,0x3f,0x80,0xfe,0x00,0x3f,0x80,0x7f,0x00,0x7f,0x00,0x7f,0x00,0x7f,0x00,
0x7f,0x80,0xfe,0x00,0x3f,0xff,0xfe,0x00,0x1f,0xff,0xfc,0x00,0x0f,0xff,0xf8,0x00,0x07,0xff,0xf0,0x00,0x01,0xff,0xc0,0x00,
0x00,0x08,0x00,0x00,0xfc,0x3f,0xc0,0xfc,0xff,0xf0,0xfe,0xff,0xf8,0xff,0xff,0xfc,0xff,0xff,0xfc,0xff,0x81,0xfe,0xff,0x01,
0xfe,0xfe,0x00,0xfe,0xfe,0x00,0xff,0xfe,0x00,0x7f,0xfe,0x00,0x7f,0xfe,0x00,0x7f,0xfe,0x00,0x7f,0xfe,0x00,0x7f,0xfe,0x00,
0x7f,0xfe,0x00,0x7f,0xff,0x00,0xfe,0xff,0x00,0xfe,0xff,0x81,0xfe,0xff,0xff,0xfc,0xff,0xff,0xfc,0xfe,0xff,0xf8,0xfe,0x7f,
0xf0,0xfe,0x3f,0xc0,0xfe,0x02,0x00,0xfe,0x00,0x00,0xfe,0x00,0x00,0xfe,0x00,0x00,0xfe,0x00,0x00,0xfe,0x00,0x00,0xfe,0x00,
0x00,0xfe,0x00,0x00,0x00,0x20,0x00,0x00,0x03,0xfe,0x1f,0x80,0x0f,0xff,0x3f,0x80,0x1f,0xff,0xbf,0x80,0x3f,0xff,0xff,0x80,
0x3f,0xff,0xff,0x80,0x7f,0xc0,0xff,0x80,0x7f,0x80,0x7f,0x80,0x7f,0x00,0x7f,0x80,0xff,0x00,0x3f,0x80,0xfe,0x00,0x3f,0x80,
0xfe,0x00,0x3f,0x80,0xfe,0x00,0x3f,0x80,0xfe,0x00,0x3f,0x80,0xfe,0x00,0x3f,0x80,0xfe,0x00,0x3f,0x80,0xfe,0x00,0x3f,0x80,
0x7f,0x00,0x7f,0x80,0x7f,0x80,0x7f,0x80,0x7f,0xc0,0xff,0x80,0x3f,0xff,0xff,0x80,0x3f,0xff,0xff,0x80,0x1f,0xff,0xbf,0x80,
0x0f,0xff,0x3f,0x80,0x03,0xfe,0x3f,0x80,0x00,0x20,0x3f,0x80,0x00,0x00,0x3f,0xc0,0x00,0x00,0x3f,0xfe,0x00,0x00,0x3f,0xfe,
0x00,0x00,0x1f,0xfe,0x00,0x00,0x1f,0xfe,0x00,0x00,0x0f,0xfe,0x00,0x00,0x03,0xfc,0x00,0x02,0xfc,0x3e,0xfc,0x7e,0xfc,0xfe,
0xff,0xfe,0xff,0xfe,0xff,0xfe,0xff,0xc0,0xff,0x80,0xff,0x00,0xfe,0x00,0xfe,0x00,0xfe,0x00,0xfe,0x00,0xfe,0x00,0xfe,0x00,
0xfe,0x00,0xfe,0x00,0xfe,0x00,0xfe,0x00,0xfe,0x00,0xfe,0x00,0xfe,0x00,0xfe,0x00,0xfe,0x00,0x00,0x10,0x00,0x03,0xff,0x80,
0x0f,0xff,0xe0,0x1f,0xff,0xf8,0x3f,0xff,0xf8,0x7f,0xff,0xfc,0x7f,0x01,0xf8,0x7f,0x00,0xc0,0x7f,0x00,0x00,0x7f,0xc0,0x00,
0x7f,0xfc,0x00,0x3f,0xff,0xc0,0x1f,0xff,0xf0,0x0f,0xff,0xfc,0x01,0xff,0xfc,0x00,0x0f,0xfe,0x00,0x01,0xfe,0x00,0x00,0xfe,
0x1e,0x00,0xfe,0xff,0x01,0xfe,0x7f,0xff,0xfc,0x7f,0xff,0xfc,0x3f,0xff,0xf8,0x0f,0xff,0xf0,0x03,0xff,0xc0,0x00,0x18,0x00,
0x0f,0xe0,0x0f,0xe0,0x0f,0xe0,0x0f,0xe0,0x0f,0xe0,0x0f,0xe0,0x0f,0xe0,0xff,0xff,0xff,0xff,0xff,0xff,0xff,0xff,0xff,0xff,
0x0f,0xe0,0x0f,0xe0,0x0f,0xe0,0x0f,0xe0,0x0f,0xe0,0x0f,0xe0,0x0f,0xe0,0x0f,0xe0,0x0f,0xe0,0x0f,0xe0,0x0f,0xe0,0x0f,0xe0,
0x0f,0xe0,0x0f,0xf0,0x0f,0xff,0x0f,0xff,0x07,0xff,0x07,0xff,0x01,0xff,0xfe,0x01,0xfc,0xfe,0x01,0xfc,0xfe,0x01,0xfc,0xfe,
0x01,0xfc,0xfe,0x01,0xfc,0xfe,0x01,0xfc,0xfe,0x01,0xfc,0xfe,0x01,0xfc,0xfe,0x01,0xfc,0xfe,0x01,0xfc,0xfe,0x01,0xfc,0xfe,
0x01,0xfc,0xfe,0x01,0xfc,0xfe,0x01,0xfc,0xfe,0x01,0xfc,0xfe,0x01,0xfc,0xfe,0x01,0xfc,0xfe,0x03,0xfc,0xff,0x07,0xfc,0x7f,
0xff,0xfc,0x7f,0xff,0xfc,0x7f,0xfd,0xfc,0x3f,0xfc,0xfc,0x1f,0xf0,0xfc,0x00,0x80,0x00,0xfe,0x00,0x7f,0xfe,0x00,0x7e,0xfe,
0x00,0xfe,0x7f,0x00,0xfe,0x7f,0x00,0xfc,0x7f,0x01,0xfc,0x3f,0x01,0xfc,0x3f,0x81,0xf8,0x3f,0x83,0xf8,0x1f,0x83,0xf8,0x1f,
0xc3,0xf0,0x0f,0xc7,0xf0,0x0f,0xc7,0xf0,0x0f,0xe7,0xe0,0x07,0xef,0xe0,0x07,0xef,0xc0,0x07,0xff,0xc0,0x03,0xff,0xc0,0x03,
0xff,0x80,0x03,0xff,0x80,0x01,0xff,0x80,0x01,0xff,0x00,0x01,0xff,0x00,0x00,0xff,0x00,0xfe,0x07,0xf0,0x1f,0xc0,0xfe,0x07,
0xf0,0x1f,0x80,0xfe,0x07,0xf0,0x1f,0x80,0x7e,0x07,0xf8,0x3f,0x80,0x7e,0x07,0xf8,0x3f,0x80,0x7f,0x0f,0xf8,0x3f,0x00,0x7f,
0x0f,0xf8,0x3f,0x00,0x3f,0x0f,0xf8,0x7f,0x00,0x3f,0x0f,0x7c,0x7f,0x00,0x3f,0x8f,0x7c,0x7e,0x00,0x3f,0x9f,0x3c,0x7e,0x00,
0x1f,0x9f,0x3c,0xfe,0x00,0x1f,0x9e,0x3e,0xfe,0x00,0x1f,0x9e,0x3e,0xfc,0x00,0x1f,0xde,0x3e,0xfc,0x00,0x0f,0xfe,0x1e,0xfc,
0x00,0x0f,0xfe,0x1f,0xfc,0x00,0x0f,0xfc,0x1f,0xf8,0x00,0x0f,0xfc,0x1f,0xf8,0x00,0x07,0xfc,0x0f,0xf8,0x00,0x07,0xfc,0x0f,
0xf8,0x00,0x07,0xfc,0x0f,0xf0,0x00,0x07,0xf8,0x0f,0xf0,0x00,0x03,0xf8,0x0f,0xf0,0x00,0xff,0x00,0xfe,0x7f,0x81,0xfe,0x3f,
0x81,0xfc,0x1f,0xc3,0xf8,0x1f,0xe7,0xf8,0x0f,0xe7,0xf0,0x07,0xff,0xe0,0x07,0xff,0xc0,0x03,0xff,0xc0,0x01,0xff,0x80,0x00,
0xff,0x00,0x00,0xff,0x00,0x00,0xff,0x00,0x01,0xff,0x80,0x03,0xff,0xc0,0x07,0xff,0xc0,0x07,0xff,0xe0,0x0f,0xe7,0xf0,0x1f,
0xe7,0xf8,0x1f,0xc3,0xf8,0x3f,0x81,0xfc,0x7f,0x81,0xfe,0x7f,0x00,0xfe,0xfe,0x00,0x7f,0xff,0x00,0x7f,0x7f,0x00,0x7f,0x7f,
0x00,0xfe,0x3f,0x80,0xfe,0x3f,0x80,0xfe,0x3f,0x80,0xfc,0x1f,0xc1,0xfc,0x1f,0xc1,0xfc,0x1f,0xc1,0xf8,0x0f,0xc3,0xf8,0x0f,
0xe3,0xf0,0x07,0xe3,0xf0,0x07,0xe7,0xf0,0x07,0xf7,0xe0,0x03,0xf7,0xe0,0x03,0xff,0xe0,0x03,0xff,0xc0,0x01,0xff,0xc0,0x01,
0xff,0xc0,0x00,0xff,0x80,0x00,0xff,0x80,0x00,0xff,0x00,0x00,0x7f,0x00,0x00,0x7f,0x00,0x00,0x7e,0x00,0x00,0x7e,0x00,0x00,
0xfc,0x00,0x1f,0xfc,0x00,0x1f,0xf8,0x00,0x1f,0xf8,0x00,0x1f,0xf0,0x00,0x1f,0xc0,0x00,0x7f,0xff,0xf8,0x7f,0xff,0xf8,0x7f,
0xff,0xf8,0x7f,0xff,0xf8,0x7f,0xff,0xf8,0x00,0x0f,0xf8,0x00,0x1f,0xf0,0x00,0x3f,0xe0,0x00,0x7f,0xc0,0x00,0x7f,0x80,0x00,
0xff,0x00,0x01,0xfe,0x00,0x03,0xfc,0x00,0x07,0xfc,0x00,0x0f,0xf8,0x00,0x1f,0xf0,0x00,0x3f,0xe0,0x00,0x7f,0xc0,0x00,0xff,
0x80,0x00,0xff,0xff,0xfc,0xff,0xff,0xfc,0xff,0xff,0xfc,0xff,0xff,0xfc,0xff,0xff,0xfc,0x00,0x7f,0x01,0xff,0x03,0xff,0x03,
0xff,0x07,0xff,0x07,0xf0,0x07,0xf0,0x07,0xf0,0x07,0xf0,0x07,0xf0,0x07,0xf0,0x07,0xf0,0x07,0xf0,0x07,0xf0,0x07,0xf0,0x07,
0xf0,0x0f,0xf0,0x1f,0xe0,0xff,0xe0,0xff,0xc0,0xfe,0x00,0xff,0x80,0xff,0xe0,0x1f,0xe0,0x0f,0xf0,0x07,0xf0,0x07,0xf0,0x07,
0xf0,0x07,0xf0,0x07,0xf0,0x07,0xf0,0x07,0xf0,0x07,0xf0,0x07,0xf0,0x07,0xf0,0x07,0xf0,0x07,0xf0,0x07,0xff,0x03,0xff,0x03,
0xff,0x01,0xff,0x00,0x7f,0xfe,0xfe,0xfe,0xfe,0xfe,0xfe,0xfe,0xfe,0xfe,0xfe,0xfe,0xfe,0xfe,0xfe,0xfe,0xfe,0xfe,0xfe,0xfe,
0xfe,0xfe,0xfe,0xfe,0xfe,0xfe,0xfe,0xfe,0xfe,0xfe,0xfe,0xfe,0xfe,0xfe,0xfe,0xfe,0xfe,0xfe,0xfe,0xfe,0xfe,0xfe,0xfe,0xfe,
0xfe,0xfe,0xfe,0xfe,0xfe,0xfe,0xff,0x00,0xff,0xc0,0xff,0xe0,0xff,0xe0,0xff,0xf0,0x07,0xf0,0x07,0xf0,0x07,0xf0,0x07,0xf0,
0x07,0xf0,0x07,0xf0,0x07,0xf0,0x07,0xf0,0x07,0xf0,0x07,0xf0,0x07,0xf0,0x07,0xf8,0x03,0xf8,0x03,0xff,0x00,0xff,0x00,0x3f,
0x00,0xff,0x03,0xff,0x03,0xf8,0x07,0xf8,0x07,0xf0,0x07,0xf0,0x07,0xf0,0x07,0xf0,0x07,0xf0,0x07,0xf0,0x07,0xf0,0x07,0xf0,
0x07,0xf0,0x07,0xf0,0x07,0xf0,0x0f,0xf0,0xff,0xf0,0xff,0xe0,0xff,0xe0,0xff,0xc0,0xff,0x00,0x00,0x00,0x60,0x1f,0x80,0x7c,
0x3f,0xe0,0x7c,0x7f,0xf8,0x7c,0x7f,0xff,0xfc,0xff,0xff,0xf8,0xfc,0x7f,0xf8,0xf8,0x1f,0xf0,0xf8,0x07,0xe0,0x18,0x00,0x00,
0x08,0x00,0x3e,0x00,0x7f,0x00,0xff,0x80,0xff,0x80,0xff,0x80,0xff,0x80,0x7f,0x00,0x3e,0x00,0x00,0x00,0x00,0x00,0x00,0x00,
0x3e,0x00,0x3e,0x00,0x3e,0x00,0x3e,0x00,0x3e,0x00,0x3e,0x00,0x3e,0x00,0x3e,0x00,0x7f,0x00,0x7f,0x00,0x7f,0x00,0x7f,0x00,
0x7f,0x00,0x7f,0x00,0x7f,0x00,0x7f,0x00,0x7f,0x00,0x7f,0x00,0x7f,0x00,0x7f,0x00,0x7f,0x00,0x00,0x38,0x00,0x00,0x38,0x00,
0x00,0x38,0x00,0x00,0x38,0x00,0x01,0xff,0x00,0x07,0xff,0xc0,0x0f,0xff,0xe0,0x1f,0xff,0xf0,0x3f,0xff,0xf8,0x3f,0xfb,0xfc,
0x7f,0xb9,0xf0,0x7f,0x38,0xc0,0xff,0x38,0x00,0xfe,0x38,0x00,0xfe,0x38,0x00,0xfe,0x38,0x00,0xfe,0x38,0x00,0xfe,0x38,0x00,
0xfe,0x38,0x00,0xfe,0x38,0x00,0xff,0x38,0x00,0x7f,0x38,0x00,0x7f,0xb9,0xe0,0x3f,0xfb,0xfc,0x3f,0xff,0xf8,0x1f,0xff,0xf0,
0x0f,0xff,0xe0,0x07,0xff,0xc0,0x01,0xff,0x00,0x00,0x38,0x00,0x00,0x38,0x00,0x00,0x38,0x00,0x00,0x38,0x00,0x00,0x04,0x00,
0x00,0x00,0xff,0xe0,0x00,0x03,0xff,0xf8,0x00,0x0f,0xff,0xfe,0x00,0x1f,0xff,0xfe,0x00,0x1f,0xff,0xff,0x00,0x3f,0xc0,0x7f,
0x80,0x3f,0xc0,0x3f,0x00,0x3f,0x80,0x1c,0x00,0x3f,0x80,0x00,0x00,0x3f,0x80,0x00,0x00,0x3f,0x80,0x00,0x00,0x3f,0xc0,0x00,
0x00,0x1f,0xc0,0x00,0x00,0x1f,0xe0,0x00,0x00,0x0f,0xe0,0x00,0x00,0xff,0xff,0xe0,0x00,0xff,0xff,0xe0,0x00,0xff,0xff,0xe0,
0x00,0x03,0xf8,0x00,0x00,0x03,0xf8,0x00,0x00,0x03,0xf8,0x00,0x00,0x03,0xf8,0x00,0x00,0x03,0xf8,0x00,0x00,0x03,0xf0,0x00,
0x00,0x07,0xf0,0x00,0x00,0x0f,0xe0,0x00,0x00,0x0f,0xc0,0x00,0x00,0x3f,0xbc,0x01,0x00,0x7f,0xff,0xff,0x00,0xff,0xff,0xff,
0x80,0x7f,0xff,0xff,0x80,0x7f,0xff,0xff,0xc0,0x38,0x07,0xff,0x80,0x20,0x00,0x20,0x00,0x60,0x00,0x0c,0xf0,0xfe,0x1e,0xfb,
0xff,0xbe,0x7f,0xff,0xfc,0x3f,0xff,0xf8,0x1f,0xff,0xf0,0x3f,0x83,0xf8,0x3f,0x01,0xf8,0x7e,0x00,0xfc,0x7c,0x00,0x7c,0x7c,
0x00,0x7c,0x7c,0x00,0x7c,0x7c,0x00,0x7c,0x7c,0x00,0x7c,0x7e,0x00,0xfc,0x3f,0x01,0xf8,0x3f,0x83,0xf8,0x1f,0xff,0xf0,0x3f,
0xff,0xf8,0x7f,0xff,0xfc,0xfb,0xff,0xbe,0xf0,0xfe,0x1e,0x60,0x00,0x0c,0xff,0x00,0x03,0xfc,0xff,0x00,0x07,0xfc,0x7f,0x80,
0x07,0xf8,0x7f,0x80,0x0f,0xf8,0x3f,0xc0,0x0f,0xf0,0x3f,0xc0,0x1f,0xe0,0x1f,0xe0,0x3f,0xe0,0x0f,0xe0,0x3f,0xc0,0x0f,0xf0,
0x7f,0x80,0x07,0xf0,0x7f,0x80,0x07,0xf8,0xff,0x00,0x03,0xfc,0xfe,0x00,0x01,0xfd,0xfe,0x00,0x01,0xff,0xfc,0x00,0x00,0xff,
0xfc,0x00,0x00,0xff,0xf8,0x00,0x00,0x7f,0xf0,0x00,0x00,0x7f,0xf0,0x00,0x00,0x3f,0xe0,0x00,0x07,0xff,0xff,0x80,0x07,0xff,
0xff,0x80,0x07,0xff,0xff,0x80,0x00,0x1f,0xc0,0x00,0x00,0x1f,0xc0,0x00,0x00,0x1f,0xc0,0x00,0x00,0x1f,0xc0,0x00,0x07,0xff,
0xff,0x80,0x07,0xff,0xff,0x80,0x07,0xff,0xff,0x80,0x00,0x1f,0xc0,0x00,0x00,0x1f,0xc0,0x00,0x00,0x1f,0xc0,0x00,0x00,0x1f,
0xc0,0x00,0xfe,0xfe,0xfe,0xfe,0xfe,0xfe,0xfe,0xfe,0xfe,0xfe,0xfe,0xfe,0xfe,0xfe,0xfe,0xfe,0xfe,0xfe,0xfe,0x00,0x00,0x00,
0x00,0x00,0x00,0x00,0x00,0x00,0x00,0x00,0xfe,0xfe,0xfe,0xfe,0xfe,0xfe,0xfe,0xfe,0xfe,0xfe,0xfe,0xfe,0xfe,0xfe,0xfe,0xfe,
0xfe,0xfe,0xfe,0x00,0x08,0x00,0x00,0x01,0xff,0xc0,0x00,0x07,0xff,0xf0,0x00,0x0f,0xff,0xf8,0x00,0x1f,0xff,0xfc,0x00,0x1f,
0xff,0xfe,0x00,0x3f,0xc0,0xfe,0x00,0x3f,0x80,0xf8,0x00,0x3f,0x80,0x40,0x00,0x3f,0xc0,0x00,0x00,0x3f,0xe0,0x00,0x00,0x1f,
0xf0,0x00,0x00,0x1f,0xfc,0x00,0x00,0x0f,0xff,0x00,0x00,0x3f,0xff,0xc0,0x00,0x7f,0xff,0xf0,0x00,0x7f,0xff,0xfc,0x00,0xff,
0x3f,0xfe,0x00,0xfe,0x0f,0xff,0x00,0xfe,0x03,0xff,0x00,0xfe,0x00,0xff,0x80,0xff,0x00,0x7f,0x80,0xff,0xc0,0x3f,0x80,0x7f,
0xf0,0x3f,0x80,0x3f,0xfc,0x3f,0x80,0x1f,0xfe,0x7f,0x00,0x0f,0xff,0xff,0x00,0x03,0xff,0xfe,0x00,0x00,0xff,0xfc,0x00,0x00,
0x3f,0xf8,0x00,0x00,0x0f,0xfc,0x00,0x00,0x07,0xfc,0x00,0x00,0x01,0xfe,0x00,0x00,0x00,0xfe,0x00,0x07,0x00,0xfe,0x00,0x3f,
0x80,0xfe,0x00,0x3f,0xc1,0xfc,0x00,0x1f,0xff,0xfc,0x00,0x1f,0xff,0xf8,0x00,0x0f,0xff,0xf0,0x00,0x03,0xff,0xe0,0x00,0x00,
0xff,0x00,0x00,0x38,0x0e,0x00,0x7c,0x1f,0x00,0xfe,0x3f,0x80,0xfe,0x3f,0x80,0xfe,0x3f,0x80,0x7c,0x1f,0x00,0x38,0x0e,0x00,
0x00,0x07,0xf8,0x00,0x00,0x00,0x3f,0xfe,0x00,0x00,0x00,0xff,0xff,0x80,0x00,0x03,0xf8,0x0f,0xe0,0x00,0x07,0xc0,0x01,0xf0,
0x00,0x0f,0x80,0x00,0xf8,0x00,0x1f,0x00,0x00,0x78,0x00,0x1c,0x00,0x00,0x3c,0x00,0x3c,0x03,0xf0,0x1e,0x00,0x38,0x0f,0xfc,
0x0e,0x00,0x78,0x3f,0xfe,0x0f,0x00,0x70,0x3f,0xff,0x07,0x00,0x70,0x7e,0x1f,0x07,0x00,0xe0,0x7c,0x0c,0x03,0x80,0xe0,0xf8,
0x00,0x03,0x80,0xe0,0xf8,0x00,0x03,0x80,0xe0,0xf8,0x00,0x03,0x80,0xe0,0xf8,0x00,0x03,0x80,0xe0,0xf8,0x00,0x03,0x80,0xe0,
0xf8,0x00,0x03,0x80,0xe0,0xfc,0x00,0x03,0x80,0x70,0x7e,0x1e,0x07,0x00,0x70,0x7f,0xff,0x07,0x00,0x70,0x3f,0xfe,0x0f,0x00,
0x38,0x1f,0xfc,0x0e,0x00,0x3c,0x07,0xf0,0x1e,0x00,0x1c,0x00,0x00,0x3c,0x00,0x1e,0x00,0x00,0x78,0x00,0x0f,0x80,0x00,0xf8,
0x00,0x07,0xc0,0x01,0xf0,0x00,0x03,0xf8,0x0f,0xe0,0x00,0x00,0xff,0xff,0x80,0x00,0x00,0x3f,0xfe,0x00,0x00,0x00,0x0f,0xf0,
0x00,0x00,0x0f,0xc0,0x3f,0xf0,0x7f,0xf0,0x1c,0xf8,0x00,0x78,0x07,0xf8,0x3f,0xf8,0x7f,0xf8,0xfc,0x78,0xf8,0x78,0xf8,0xf8,
0xff,0xf8,0x7f,0xf8,0x3f,0x38,0x03,0xfc,0x3f,0x80,0x03,0xf8,0x7f,0x80,0x07,0xf8,0xff,0x00,0x0f,0xf1,0xfe,0x00,0x1f,0xe1,
0xfc,0x00,0x1f,0xc3,0xfc,0x00,0x3f,0xc7,0xf8,0x00,0x7f,0x87,0xf0,0x00,0x7f,0x0f,0xf0,0x00,0xff,0x1f,0xe0,0x00,0xff,0x1f,
0xe0,0x00,0x7f,0x0f,0xf0,0x00,0x7f,0x87,0xf0,0x00,0x3f,0xc7,0xf8,0x00,0x1f,0xc3,0xfc,0x00,0x1f,0xe1,0xfc,0x00,0x0f,0xf1,
0xfe,0x00,0x07,0xf8,0xff,0x00,0x03,0xf8,0x7f,0x80,0x03,0xfc,0x3f,0x80,0xff,0xff,0xff,0x80,0xff,0xff,0xff,0x80,0xff,0xff,
0xff,0x80,0xff,0xff,0xff,0x80,0xff,0xff,0xff,0x80,0xff,0xff,0xff,0x80,0x00,0x00,0x1f,0x80,0x00,0x00,0x1f,0x80,0x00,0x00,
0x1f,0x80,0x00,0x00,0x1f,0x80,0x00,0x00,0x1f,0x80,0x00,0x00,0x1f,0x80,0x00,0x00,0x1f,0x80,0x00,0x00,0x1f,0x80,0x00,0x00,
0x1f,0x80,0x00,0x00,0x1f,0x80,0x00,0x00,0x1f,0x80,0x00,0x00,0x1f,0x80,0xff,0xff,0xf8,0xc0,0x00,0x18,0xc0,0x00,0x18,0xa0,
0x00,0x28,0xb0,0x00,0x68,0x90,0x00,0x48,0x98,0x00,0xc8,0x88,0x00,0x88,0x84,0x01,0x08,0x86,0x03,0x08,0x82,0x02,0x08,0x83,
0x04,0x08,0x81,0x0c,0x08,0x80,0x88,0x08,0x80,0xd8,0x08,0x80,0x50,0x08,0x80,0x20,0x08,0x80,0x20,0x08,0x80,0x50,0x08,0x80,
0xd8,0x08,0x80,0x88,0x08,0x81,0x04,0x08,0x81,0x04,0x08,0x82,0x02,0x08,0x86,0x03,0x08,0x84,0x01,0x08,0x88,0x00,0x88,0x98,
0x00,0x88,0x90,0x00,0x48,0xb0,0x00,0x68,0xa0,0x00,0x28,0xc0,0x00,0x18,0xc0,0x00,0x18,0xff,0xff,0xf8,0x00,0x07,0xf8,0x00,
0x00,0x00,0x3f,0xfe,0x00,0x00,0x00,0xff,0xff,0x80,0x00,0x03,0xf8,0x0f,0xe0,0x00,0x07,0xc0,0x01,0xf0,0x00,0x0f,0x80,0x00,
0xf8,0x00,0x1f,0x00,0x00,0x78,0x00,0x1c,0x00,0x00,0x3c,0x00,0x3c,0x3f,0xf8,0x1e,0x00,0x38,0x3f,0xfe,0x0e,0x00,0x78,0x3f,
0xfe,0x0f,0x00,0x70,0x3c,0x3f,0x07,0x00,0x70,0x3c,0x1f,0x07,0x00,0xe0,0x3c,0x1f,0x03,0x80,0xe0,0x3c,0x3f,0x03,0x80,0xe0,
0x3f,0xfe,0x03,0x80,0xe0,0x3f,0xfc,0x03,0x80,0xe0,0x3f,0xf0,0x03,0x80,0xe0,0x3c,0xf0,0x03,0x80,0xe0,0x3c,0xf8,0x03,0x80,
0xe0,0x3c,0x7c,0x03,0x80,0x70,0x3c,0x7c,0x07,0x00,0x70,0x3c,0x3e,0x07,0x00,0x70,0x3c,0x1f,0x0f,0x00,0x38,0x3c,0x1f,0x0e,
0x00,0x3c,0x00,0x00,0x9e,0x00,0x1c,0x00,0x00,0x3c,0x00,0x1e,0x00,0x00,0x78,0x00,0x0f,0x80,0x00,0xf8,0x00,0x07,0xc0,0x01,
0xf0,0x00,0x03,0xf8,0x0f,0xe0,0x00,0x00,0xff,0xff,0x80,0x00,0x00,0x3f,0xfe,0x00,0x00,0x00,0x0f,0xf0,0x00,0x00,0xff,0xfc,
0xff,0xfc,0xff,0xfc,0xff,0xfc,0xff,0xfc,0x07,0xc0,0x1f,0xf0,0x3f,0xf8,0x7f,0xfc,0x7c,0x7c,0xf8,0x3e,0xf0,0x1e,0xf0,0x1e,
0xf0,0x1e,0xf8,0x3e,0x7c,0x7c,0x7f,0xfc,0x3f,0xf8,0x1f,0xf0,0x07,0xc0,0x00,0x7e,0x00,0x00,0x7e,0x00,0x00,0x7e,0x00,0x00,
0x7e,0x00,0x00,0x7e,0x00,0xff,0xff,0xff,0xff,0xff,0xff,0xff,0xff,0xff,0xff,0xff,0xff,0xff,0xff,0xff,0x00,0x7e,0x00,0x00,
0x7e,0x00,0x00,0x7e,0x00,0x00,0x7e,0x00,0x00,0x7e,0x00,0x00,0x7e,0x00,0x00,0x00,0x00,0x00,0x00,0x00,0xff,0xff,0xff,0xff,
0xff,0xff,0xff,0xff,0xff,0xff,0xff,0xff,0xff,0xff,0xff,0xff,0xff,0xff,0x0f,0xe0,0x3f,0xf0,0x7f,0xf8,0x78,0xfc,0x38,0x7c,
0x00,0x7c,0x00,0x7c,0x00,0xfc,0x01,0xf8,0x01,0xf0,0x03,0xf0,0x0f,0xe0,0x1f,0x80,0x3f,0x00,0x7e,0x00,0xff,0xfc,0xff,0xfc,
0xff,0xfc,0xff,0xfc,0x0f,0xc0,0x3f,0xf0,0xff,0xf8,0xf8,0xfc,0x30,0x7c,0x00,0x7c,0x00,0x7c,0x00,0xf8,0x07,0xf0,0x07,0xf0,
0x07,0xf8,0x00,0xfc,0x00,0x7c,0x00,0x7c,0x30,0x7c,0xf8,0xfc,0xff,0xf8,0x7f,0xf0,0x1f,0xc0,0x02,0x00,0x0f,0x80,0x0f,0x80,
0x1f,0x80,0x3f,0x80,0x7f,0x00,0x7c,0x00,0xf8,0x00,0xff,0xff,0xf8,0xc0,0x00,0x18,0xc0,0x00,0x18,0xa0,0x00,0x28,0xb0,0x00,
0x68,0x90,0x00,0x48,0x98,0x00,0xc8,0x88,0x00,0x88,0x84,0x01,0x08,0x86,0x03,0x08,0x82,0x02,0x08,0x83,0x04,0x08,0x81,0x0c,
0x08,0x80,0x88,0x08,0x80,0xd8,0x08,0x80,0x50,0x08,0x80,0x20,0x08,0x80,0x20,0x08,0x80,0x50,0x08,0x80,0xd8,0x08,0x80,0x88,
0x08,0x81,0x04,0x08,0x81,0x04,0x08,0x82,0x02,0x08,0x86,0x03,0x08,0x84,0x01,0x08,0x88,0x00,0x88,0x98,0x00,0x88,0x90,0x00,
0x48,0xb0,0x00,0x68,0xa0,0x00,0x28,0xc0,0x00,0x18,0xc0,0x00,0x18,0xff,0xff,0xf8,0x03,0xff,0xfe,0x0f,0xff,0xfe,0x1f,0xff,
0xfe,0x3f,0xe0,0xf0,0x7f,0xe0,0xf0,0x7f,0xe0,0xf0,0xff,0xe0,0xf0,0xff,0xe0,0xf0,0xff,0xe0,0xf0,0xff,0xe0,0xf0,0xff,0xe0,
0xf0,0xff,0xe0,0xf0,0x7f,0xe0,0xf0,0x7f,0xe0,0xf0,0x3f,0xe0,0xf0,0x3f,0xe0,0xf0,0x1f,0xe0,0xf0,0x07,0xe0,0xf0,0x01,0xe0,
0xf0,0x01,0xe0,0xf0,0x01,0xe0,0xf0,0x01,0xe0,0xf0,0x01,0xe0,0xf0,0x01,0xe0,0xf0,0x01,0xe0,0xf0,0x01,0xe0,0xf0,0x01,0xe0,
0xf0,0x01,0xe0,0xf0,0x01,0xe0,0xf0,0x01,0xe0,0xf0,0x01,0xe0,0xf0,0x01,0xe0,0xf0,0x01,0xe0,0xf0,0x01,0xe0,0xf0,0x01,0xe0,
0xf0,0x01,0xe0,0xf0,0x01,0xe0,0xf0,0x01,0xe0,0xf0,0x01,0xe0,0xf0,0x01,0xe0,0xf0,0x01,0xe0,0xf0,0x3e,0x00,0x7f,0x00,0xff,
0x80,0xff,0x80,0xff,0x80,0xff,0x80,0xff,0x80,0x7f,0x00,0x3e,0x00,0x0c,0x00,0x1c,0x00,0x38,0x00,0x3f,0x00,0x3f,0xc0,0x03,
0xc0,0x03,0xc0,0x07,0xc0,0xff,0x80,0xfe,0x00,0x07,0x80,0x0f,0x80,0x1f,0x80,0xff,0x80,0xff,0x80,0xff,0x80,0xff,0x80,0x0f,
0x80,0x0f,0x80,0x0f,0x80,0x0f,0x80,0x0f,0x80,0x0f,0x80,0x0f,0x80,0x0f,0x80,0x0f,0x80,0x0f,0x80,0x0f,0x80,0x0f,0x80,0x0f,
0xe0,0x3f,0xf8,0x7f,0xfc,0x7c,0x7c,0xf8,0x3e,0xf8,0x3e,0xf8,0x3e,0xf8,0x3e,0xf8,0x3e,0xf8,0x3e,0x7c,0x7c,0x7f,0xfc,0x3f,
0xf8,0x0f,0xe0,0xff,0x1f,0xe0,0x00,0x7f,0x0f,0xf0,0x00,0x7f,0x87,0xf0,0x00,0x3f,0xc7,0xf8,0x00,0x1f,0xc3,0xfc,0x00,0x1f,
0xe1,0xfc,0x00,0x0f,0xf1,0xfe,0x00,0x07,0xf8,0xff,0x00,0x03,0xf8,0x7f,0x80,0x03,0xfc,0x3f,0x80,0x03,0xfc,0x3f,0x80,0x03,
0xf8,0x7f,0x80,0x07,0xf8,0xff,0x00,0x0f,0xf1,0xfe,0x00,0x1f,0xe1,0xfc,0x00,0x1f,0xc3,0xfc,0x00,0x3f,0xc7,0xf8,0x00,0x7f,
0x87,0xf0,0x00,0x7f,0x0f,0xf0,0x00,0xff,0x1f,0xe0,0x00,0x07,0x80,0x00,0x7e,0x00,0x0f,0x80,0x00,0xfc,0x00,0xff,0x80,0x01,
0xf8,0x00,0xff,0x80,0x01,0xf8,0x00,0xff,0x80,0x03,0xf0,0x00,0xff,0x80,0x07,0xe0,0x00,0x0f,0x80,0x07,0xe0,0x00,0x0f,0x80,
0x0f,0xc0,0x00,0x0f,0x80,0x1f,0x80,0x00,0x0f,0x80,0x1f,0x80,0x00,0x0f,0x80,0x3f,0x00,0x00,0x0f,0x80,0x7e,0x00,0x00,0x0f,
0x80,0x7e,0x00,0x00,0x0f,0x80,0xfc,0x00,0x00,0x0f,0x81,0xf8,0x00,0x00,0x0f,0x81,0xf8,0x0f,0x80,0x0f,0x83,0xf0,0x1f,0x80,
0x0f,0x87,0xe0,0x3f,0x80,0x00,0x07,0xe0,0x7f,0x80,0x00,0x0f,0xc0,0xff,0x80,0x00,0x1f,0x81,0xef,0x80,0x00,0x1f,0x83,0xef,
0x80,0x00,0x3f,0x07,0xcf,0x80,0x00,0x7e,0x07,0x8f,0x80,0x00,0xfe,0x0f,0x0f,0x80,0x00,0xfc,0x1f,0xff,0xe0,0x01,0xf8,0x1f,
0xff,0xe0,0x03,0xf8,0x1f,0xff,0xe0,0x03,0xf0,0x1f,0xff,0xe0,0x07,0xe0,0x00,0x0f,0x80,0x0f,0xe0,0x00,0x0f,0x80,0x0f,0xc0,
0x00,0x0f,0x80,0x1f,0x80,0x00,0x0f,0x80,0x07,0x80,0x00,0x7e,0x00,0x0f,0x80,0x00,0xfc,0x00,0xff,0x80,0x00,0xf8,0x00,0xff,
0x80,0x01,0xf8,0x00,0xff,0x80,0x03,0xf0,0x00,0xff,0x80,0x03,0xe0,0x00,0x0f,0x80,0x07,0xe0,0x00,0x0f,0x80,0x0f,0xc0,0x00,
0x0f,0x80,0x0f,0x80,0x00,0x0f,0x80,0x1f,0x80,0x00,0x0f,0x80,0x3f,0x00,0x00,0x0f,0x80,0x3e,0x00,0x00,0x0f,0x80,0x7e,0x00,
0x00,0x0f,0x80,0xfc,0x00,0x00,0x0f,0x81,0xf8,0x3f,0x80,0x0f,0x81,0xf8,0xff,0xc0,0x0f,0x83,0xf1,0xff,0xe0,0x0f,0x87,0xe1,
0xf3,0xf0,0x00,0x07,0xe0,0xe1,0xf0,0x00,0x0f,0xc0,0x01,0xf0,0x00,0x1f,0x80,0x01,0xf0,0x00,0x1f,0x80,0x03,0xf0,0x00,0x3f,
0x00,0x03,0xe0,0x00,0x7e,0x00,0x07,0xc0,0x00,0x7e,0x00,0x0f,0xc0,0x00,0xfc,0x00,0x1f,0x80,0x01,0xf8,0x00,0x7e,0x00,0x01,
0xf8,0x00,0xfc,0x00,0x03,0xf0,0x01,0xf8,0x00,0x07,0xe0,0x03,0xff,0xf0,0x0f,0xe0,0x03,0xff,0xf0,0x0f,0xc0,0x03,0xff,0xf0,
0x1f,0x80,0x03,0xff,0xf0,0x0f,0xc0,0x00,0x0f,0xc0,0x7f,0xf0,0x00,0x0f,0x80,0xff,0xf8,0x00,0x1f,0x80,0xf8,0xfc,0x00,0x3f,
0x00,0x10,0x7c,0x00,0x3e,0x00,0x00,0x7c,0x00,0x7e,0x00,0x00,0xfc,0x00,0xfc,0x00,0x07,0xf8,0x00,0xf8,0x00,0x07,0xf0,0x01,
0xf8,0x00,0x07,0xf0,0x03,0xf0,0x00,0x07,0xf8,0x07,0xe0,0x00,0x00,0xfc,0x07,0xe0,0x00,0x00,0x7c,0x0f,0xc0,0x00,0x00,0x7c,
0x1f,0x80,0x00,0x70,0x7c,0x1f,0x00,0x00,0xf8,0xf8,0x3f,0x01,0xf0,0xff,0xf8,0x7e,0x03,0xf0,0x3f,0xf0,0x7c,0x07,0xf0,0x1f,
0xc0,0xfc,0x0f,0xf0,0x00,0x01,0xf8,0x0f,0xf0,0x00,0x01,0xf0,0x1f,0xf0,0x00,0x03,0xf0,0x3d,0xf0,0x00,0x07,0xe0,0x79,0xf0,
0x00,0x07,0xc0,0xf1,0xf0,0x00,0x0f,0xc0,0xf1,0xf0,0x00,0x1f,0x81,0xff,0xfe,0x00,0x3f,0x01,0xff,0xfe,0x00,0x3f,0x01,0xff,
0xfe,0x00,0x7e,0x01,0xff,0xfe,0x00,0xfc,0x00,0x01,0xf0,0x00,0xf8,0x00,0x01,0xf0,0x01,0xf8,0x00,0x01,0xf0,0x03,0xf0,0x00,
0x01,0xf0,0x00,0x1f,0x00,0x00,0x3f,0x80,0x00,0x7f,0xc0,0x00,0x7f,0xc0,0x00,0x7f,0xc0,0x00,0x7f,0xc0,0x00,0x3f,0x80,0x00,
0x1f,0x00,0x00,0x04,0x00,0x00,0x00,0x00,0x00,0x00,0x00,0x00,0x3f,0x80,0x00,0x3f,0x80,0x00,0x3f,0x80,0x00,0x7f,0x80,0x01,
0xff,0x00,0x03,0xff,0x00,0x0f,0xfe,0x00,0x3f,0xfc,0x00,0x3f,0xf0,0x00,0x7f,0xc0,0x00,0xff,0x80,0x00,0xff,0x00,0x00,0xfe,
0x00,0x00,0xfe,0x00,0x78,0xff,0x00,0xff,0xff,0x81,0xfe,0x7f,0xff,0xfe,0x3f,0xff,0xfc,0x1f,0xff,0xf8,0x0f,0xff,0xe0,0x01,
0xff,0x00,0x00,0x70,0x00,0x00,0x00,0xf8,0x00,0x00,0x00,0xfc,0x00,0x00,0x00,0xfe,0x00,0x00,0x00,0x7f,0x00,0x00,0x00,0x3f,
0x80,0x00,0x00,0x0f,0xc0,0x00,0x00,0x00,0x00,0x00,0x00,0x00,0x00,0x00,0x00,0x00,0x00,0x00,0x00,0x1f,0xf0,0x00,0x00,0x1f,
0xf0,0x00,0x00,0x1f,0xf0,0x00,0x00,0x3f,0xf8,0x00,0x00,0x3f,0xf8,0x00,0x00,0x3f,0xf8,0x00,0x00,0x7f,0xfc,0x00,0x00,0x7f,
0xfc,0x00,0x00,0x7e,0xfc,0x00,0x00,0xfe,0xfe,0x00,0x00,0xfc,0xfe,0x00,0x01,0xfc,0x7f,0x00,0x01,0xfc,0x7f,0x00,0x01,0xfc,
0x7f,0x00,0x03,0xf8,0x3f,0x80,0x03,0xf8,0x3f,0x80,0x03,0xf8,0x3f,0x80,0x07,0xf0,0x1f,0xc0,0x07,0xf0,0x1f,0xc0,0x0f,0xf0,
0x1f,0xe0,0x0f,0xe0,0x0f,0xe0,0x0f,0xff,0xff,0xe0,0x1f,0xff,0xff,0xf0,0x1f,0xff,0xff,0xf0,0x1f,0xff,0xff,0xf0,0x3f,0xff,
0xff,0xf8,0x3f,0xff,0xff,0xf8,0x3f,0x80,0x03,0xf8,0x7f,0x80,0x03,0xfc,0x7f,0x00,0x01,0xfc,0xff,0x00,0x01,0xfe,0xff,0x00,
0x01,0xfe,0xfe,0x00,0x00,0xfe,0x00,0x00,0x1c,0x00,0x00,0x00,0x3e,0x00,0x00,0x00,0x7e,0x00,0x00,0x00,0xfe,0x00,0x00,0x01,
0xfc,0x00,0x00,0x03,0xf8,0x00,0x00,0x07,0xe0,0x00,0x00,0x00,0x00,0x00,0x00,0x00,0x00,0x00,0x00,0x00,0x00,0x00,0x00,0x0f,
0xf0,0x00,0x00,0x1f,0xf0,0x00,0x00,0x1f,0xf0,0x00,0x00,0x3f,0xf8,0x00,0x00,0x3f,0xf8,0x00,0x00,0x3f,0xf8,0x00,0x00,0x7f,
0xfc,0x00,0x00,0x7f,0xfc,0x00,0x00,0x7e,0xfe,0x00,0x00,0xfe,0xfe,0x00,0x00,0xfe,0xfe,0x00,0x01,0xfc,0x7f,0x00,0x01,0xfc,
0x7f,0x00,0x01,0xfc,0x7f,0x00,0x03,0xf8,0x3f,0x80,0x03,0xf8,0x3f,0x80,0x03,0xf8,0x3f,0x80,0x07,0xf0,0x1f,0xc0,0x07,0xf0,
0x1f,0xc0,0x07,0xf0,0x1f,0xe0,0x0f,0xe0,0x0f,0xe0,0x0f,0xff,0xff,0xe0,0x1f,0xff,0xff,0xf0,0x1f,0xff,0xff,0xf0,0x1f,0xff,
0xff,0xf0,0x3f,0xff,0xff,0xf8,0x3f,0xff,0xff,0xf8,0x3f,0x80,0x03,0xfc,0x7f,0x80,0x03,0xfc,0x7f,0x00,0x01,0xfc,0xff,0x00,
0x01,0xfe,0xff,0x00,0x01,0xfe,0xfe,0x00,0x00,0xfe,0x00,0x03,0xc0,0x00,0x00,0x07,0xe0,0x00,0x00,0x0f,0xf0,0x00,0x00,0x1f,
0xfc,0x00,0x00,0x3f,0x7e,0x00,0x00,0x7e,0x3f,0x00,0x00,0xfc,0x1f,0x80,0x00,0x00,0x00,0x00,0x00,0x00,0x00,0x00,0x00,0x00,
0x00,0x00,0x00,0x0f,0xf0,0x00,0x00,0x0f,0xf8,0x00,0x00,0x0f,0xf8,0x00,0x00,0x1f,0xf8,0x00,0x00,0x1f,0xfc,0x00,0x00,0x3f,
0xfc,0x00,0x00,0x3f,0xfe,0x00,0x00,0x3f,0xfe,0x00,0x00,0x7f,0x7e,0x00,0x00,0x7f,0x7f,0x00,0x00,0x7e,0x7f,0x00,0x00,0xfe,
0x3f,0x00,0x00,0xfe,0x3f,0x80,0x01,0xfc,0x3f,0x80,0x01,0xfc,0x1f,0x80,0x01,0xfc,0x1f,0xc0,0x03,0xf8,0x1f,0xc0,0x03,0xf8,
0x0f,0xe0,0x03,0xf8,0x0f,0xe0,0x07,0xf0,0x0f,0xe0,0x07,0xf0,0x07,0xf0,0x07,0xff,0xff,0xf0,0x0f,0xff,0xff,0xf0,0x0f,0xff,
0xff,0xf8,0x1f,0xff,0xff,0xf8,0x1f,0xff,0xff,0xfc,0x1f,0xff,0xff,0xfc,0x3f,0xc0,0x01,0xfc,0x3f,0x80,0x01,0xfe,0x3f,0x80,
0x01,0xfe,0x7f,0x80,0x00,0xfe,0x7f,0x00,0x00,0xff,0xff,0x00,0x00,0xff,0x00,0x1e,0x03,0x00,0x00,0x3f,0x87,0x80,0x00,0x7f,
0xff,0x80,0x00,0xff,0xff,0x80,0x00,0xf1,0xff,0x00,0x00,0xf0,0x7c,0x00,0x00,0x00,0x00,0x00,0x00,0x00,0x00,0x00,0x00,0x00,
0x00,0x00,0x00,0x0f,0xf0,0x00,0x00,0x0f,0xf8,0x00,0x00,0x0f,0xf8,0x00,0x00,0x1f,0xf8,0x00,0x00,0x1f,0xfc,0x00,0x00,0x3f,
0xfc,0x00,0x00,0x3f,0xfe,0x00,0x00,0x3f,0xfe,0x00,0x00,0x7f,0x7e,0x00,0x00,0x7f,0x7f,0x00,0x00,0x7e,0x7f,0x00,0x00,0xfe,
0x3f,0x00,0x00,0xfe,0x3f,0x80,0x01,0xfc,0x3f,0x80,0x01,0xfc,0x1f,0xc0,0x01,0xfc,0x1f,0xc0,0x03,0xf8,0x1f,0xc0,0x03,0xf8,
0x0f,0xe0,0x03,0xf8,0x0f,0xe0,0x07,0xf0,0x0f,0xe0,0x07,0xf0,0x07,0xf0,0x07,0xff,0xff,0xf0,0x0f,0xff,0xff,0xf0,0x0f,0xff,
0xff,0xf8,0x1f,0xff,0xff,0xf8,0x1f,0xff,0xff,0xfc,0x1f,0xff,0xff,0xfc,0x3f,0xc0,0x01,0xfc,0x3f,0x80,0x01,0xfe,0x3f,0x80,
0x00,0xfe,0x7f,0x80,0x00,0xfe,0x7f,0x00,0x00,0xff,0xff,0x00,0x00,0x7f,0x00,0x38,0x0e,0x00,0x00,0x00,0x7c,0x1f,0x00,0x00,
0x00,0xfe,0x3f,0x80,0x00,0x00,0xfe,0x3f,0x80,0x00,0x00,0xfe,0x3f,0x80,0x00,0x00,0x7c,0x1f,0x00,0x00,0x00,0x38,0x0e,0x00,
0x00,0x00,0x00,0x00,0x00,0x00,0x00,0x00,0x00,0x00,0x00,0x00,0x00,0x00,0x00,0x00,0x00,0x0f,0xf8,0x00,0x00,0x00,0x0f,0xf8,
0x00,0x00,0x00,0x0f,0xf8,0x00,0x00,0x00,0x1f,0xfc,0x00,0x00,0x00,0x1f,0xfc,0x00,0x00,0x00,0x3f,0xfe,0x00,0x00,0x00,0x3f,
0xfe,0x00,0x00,0x00,0x3f,0xfe,0x00,0x00,0x00,0x7f,0x7f,0x00,0x00,0x00,0x7f,0x7f,0x00,0x00,0x00,0x7e,0x7f,0x00,0x00,0x00,
0xfe,0x3f,0x80,0x00,0x00,0xfe,0x3f,0x80,0x00,0x01,0xfc,0x3f,0xc0,0x00,0x01,0xfc,0x1f,0xc0,0x00,0x01,0xfc,0x1f,0xc0,0x00,
0x03,0xf8,0x0f,0xe0,0x00,0x03,0xf8,0x0f,0xe0,0x00,0x03,0xf8,0x0f,0xe0,0x00,0x07,0xf0,0x07,0xf0,0x00,0x07,0xf0,0x07,0xf0,
0x00,0x07,0xff,0xff,0xf0,0x00,0x0f,0xff,0xff,0xf8,0x00,0x0f,0xff,0xff,0xf8,0x00,0x1f,0xff,0xff,0xfc,0x00,0x1f,0xff,0xff,
0xfc,0x00,0x1f,0xff,0xff,0xfc,0x00,0x3f,0xc0,0x01,0xfe,0x00,0x3f,0x80,0x00,0xfe,0x00,0x3f,0x80,0x00,0xfe,0x00,0x7f,0x80,
0x00,0xff,0x00,0x7f,0x00,0x00,0x7f,0x00,0xff,0x00,0x00,0x7f,0x80,0x00,0x03,0xc0,0x00,0x00,0x0f,0xf0,0x00,0x00,0x1f,0xf8,
0x00,0x00,0x1f,0xf8,0x00,0x00,0x3e,0x7c,0x00,0x00,0x3c,0x3c,0x00,0x00,0x3c,0x3c,0x00,0x00,0x3c,0x3c,0x00,0x00,0x3f,0xfc,
0x00,0x00,0x1f,0xf8,0x00,0x00,0x0f,0xf0,0x00,0x00,0x1f,0xf8,0x00,0x00,0x1f,0xf8,0x00,0x00,0x1f,0xf8,0x00,0x00,0x3f,0xfc,
0x00,0x00,0x3f,0xfc,0x00,0x00,0x3f,0xfc,0x00,0x00,0x7f,0xfe,0x00,0x00,0x7e,0x7e,0x00,0x00,0xfe,0x7f,0x00,0x00,0xfe,0x7f,
0x00,0x00,0xfc,0x7f,0x00,0x01,0xfc,0x3f,0x80,0x01,0xfc,0x3f,0x80,0x01,0xf8,0x3f,0x80,0x03,0xf8,0x1f,0xc0,0x03,0xf8,0x1f,
0xc0,0x03,0xf8,0x1f,0xc0,0x07,0xf0,0x0f,0xe0,0x07,0xf0,0x0f,0xe0,0x0f,0xff,0xff,0xf0,0x0f,0xff,0xff,0xf0,0x0f,0xff,0xff,
0xf0,0x1f,0xff,0xff,0xf8,0x1f,0xff,0xff,0xf8,0x1f,0xff,0xff,0xf8,0x3f,0xc0,0x03,0xfc,0x3f,0x80,0x01,0xfc,0x7f,0x80,0x01,
0xfe,0x7f,0x80,0x01,0xfe,0x7f,0x00,0x00,0xfe,0xff,0x00,0x00,0xff,0x00,0x00,0x3f,0xff,0xff,0xf8,0x00,0x00,0x7f,0xff,0xff,
0xf8,0x00,0x00,0x7f,0xff,0xff,0xf8,0x00,0x00,0xff,0xff,0xff,0xf8,0x00,0x00,0xff,0xff,0xff,0xf8,0x00,0x01,0xff,0xff,0xff,
0xf8,0x00,0x03,0xff,0xf8,0x00,0x00,0x00,0x03,0xfb,0xf8,0x00,0x00,0x00,0x07,0xf3,0xf8,0x00,0x00,0x00,0x07,0xf3,0xf8,0x00,
0x00,0x00,0x0f,0xe3,0xf8,0x00,0x00,0x00,0x0f,0xe3,0xf8,0x00,0x00,0x00,0x1f,0xc3,0xf8,0x00,0x00,0x00,0x1f,0xc3,0xff,0xfe,
0x00,0x00,0x3f,0x83,0xff,0xfe,0x00,0x00,0x3f,0x83,0xff,0xfe,0x00,0x00,0x7f,0x03,0xff,0xfe,0x00,0x00,0xff,0x03,0xff,0xfe,
0x00,0x00,0xfe,0x03,0xff,0xfe,0x00,0x01,0xfe,0x03,0xf8,0x00,0x00,0x01,0xfc,0x03,0xf8,0x00,0x00,0x03,0xff,0xff,0xf8,0x00,
0x00,0x03,0xff,0xff,0xf8,0x00,0x00,0x07,0xff,0xff,0xf8,0x00,0x00,0x07,0xff,0xff,0xf8,0x00,0x00,0x0f,0xff,0xff,0xf8,0x00,
0x00,0x0f,0xff,0xff,0xf8,0x00,0x00,0x1f,0xe0,0x03,0xff,0xff,0xf8,0x3f,0xc0,0x03,0xff,0xff,0xf8,0x3f,0xc0,0x03,0xff,0xff,
0xf8,0x7f,0x80,0x03,0xff,0xff,0xf8,0x7f,0x80,0x03,0xff,0xff,0xf8,0xff,0x00,0x03,0xff,0xff,0xf8,0x00,0x3f,0xfc,0x00,0x00,
0xff,0xff,0x00,0x03,0xff,0xff,0x80,0x07,0xff,0xff,0xc0,0x0f,0xff,0xff,0xe0,0x1f,0xff,0xff,0xf0,0x1f,0xf0,0x0f,0xf0,0x3f,
0xc0,0x07,0xf0,0x7f,0xc0,0x03,0xc0,0x7f,0x80,0x00,0x00,0x7f,0x00,0x00,0x00,0x7f,0x00,0x00,0x00,0xff,0x00,0x00,0x00,0xfe,
0x00,0x00,0x00,0xfe,0x00,0x00,0x00,0xfe,0x00,0x00,0x00,0xfe,0x00,0x00,0x00,0xfe,0x00,0x00,0x00,0xfe,0x00,0x00,0x00,0xfe,
0x00,0x00,0x00,0xfe,0x00,0x00,0x00,0xff,0x00,0x00,0x00,0x7f,0x00,0x00,0x00,0x7f,0x00,0x00,0x00,0x7f,0x80,0x00,0x00,0x3f,
0x80,0x03,0xc0,0x3f,0xc0,0x07,0xf0,0x1f,0xf0,0x0f,0xf8,0x0f,0xff,0xff,0xf0,0x07,0xff,0xff,0xe0,0x03,0xff,0xff,0xc0,0x01,
0xff,0xff,0x00,0x00,0x7f,0xfc,0x00,0x00,0x07,0xc0,0x00,0x00,0x07,0x00,0x00,0x00,0x07,0xe0,0x00,0x00,0x0f,0xf0,0x00,0x00,
0x04,0xf8,0x00,0x00,0x00,0x78,0x00,0x00,0x00,0x78,0x00,0x00,0x1f,0xf0,0x00,0x00,0x1f,0xc0,0x00,0x03,0x80,0x00,0x07,0xc0,
0x00,0x07,0xe0,0x00,0x07,0xf0,0x00,0x03,0xf8,0x00,0x01,0xfc,0x00,0x00,0x7c,0x00,0x00,0x00,0x00,0x00,0x00,0x00,0x00,0x00,
0x00,0xff,0xff,0xff,0xff,0xff,0xff,0xff,0xff,0xff,0xff,0xff,0xff,0xff,0xff,0xff,0xff,0xff,0xff,0xfe,0x00,0x00,0xfe,0x00,
0x00,0xfe,0x00,0x00,0xfe,0x00,0x00,0xfe,0x00,0x00,0xfe,0x00,0x00,0xfe,0x00,0x00,0xff,0xff,0xc0,0xff,0xff,0xc0,0xff,0xff,
0xc0,0xff,0xff,0xc0,0xff,0xff,0xc0,0xff,0xff,0xc0,0xfe,0x00,0x00,0xfe,0x00,0x00,0xfe,0x00,0x00,0xfe,0x00,0x00,0xfe,0x00,
0x00,0xfe,0x00,0x00,0xfe,0x00,0x00,0xfe,0x00,0x00,0xff,0xff,0xff,0xff,0xff,0xff,0xff,0xff,0xff,0xff,0xff,0xff,0xff,0xff,
0xff,0xff,0xff,0xff,0x00,0x01,0xe0,0x00,0x03,0xe0,0x00,0x07,0xe0,0x00,0x07,0xe0,0x00,0x0f,0xc0,0x00,0x1f,0x80,0x00,0x3f,
0x00,0x00,0x00,0x00,0x00,0x00,0x00,0x00,0x00,0x00,0xff,0xff,0xff,0xff,0xff,0xff,0xff,0xff,0xff,0xff,0xff,0xff,0xff,0xff,
0xff,0xff,0xff,0xff,0xfe,0x00,0x00,0xfe,0x00,0x00,0xfe,0x00,0x00,0xfe,0x00,0x00,0xfe,0x00,0x00,0xfe,0x00,0x00,0xfe,0x00,
0x00,0xff,0xff,0xc0,0xff,0xff,0xc0,0xff,0xff,0xc0,0xff,0xff,0xc0,0xff,0xff,0xc0,0xff,0xff,0xc0,0xfe,0x00,0x00,0xfe,0x00,
0x00,0xfe,0x00,0x00,0xfe,0x00,0x00,0xfe,0x00,0x00,0xfe,0x00,0x00,0xfe,0x00,0x00,0xfe,0x00,0x00,0xff,0xff,0xff,0xff,0xff,
0xff,0xff,0xff,0xff,0xff,0xff,0xff,0xff,0xff,0xff,0xff,0xff,0xff,0x00,0x3c,0x00,0x00,0x7e,0x00,0x00,0xff,0x00,0x01,0xff,
0x80,0x03,0xf7,0xe0,0x07,0xe3,0xf0,0x0f,0xc1,0xf8,0x00,0x00,0x00,0x00,0x00,0x00,0x00,0x00,0x00,0xff,0xff,0xff,0xff,0xff,
0xff,0xff,0xff,0xff,0xff,0xff,0xff,0xff,0xff,0xff,0xff,0xff,0xff,0xfe,0x00,0x00,0xfe,0x00,0x00,0xfe,0x00,0x00,0xfe,0x00,
0x00,0xfe,0x00,0x00,0xfe,0x00,0x00,0xfe,0x00,0x00,0xff,0xff,0xc0,0xff,0xff,0xc0,0xff,0xff,0xc0,0xff,0xff,0xc0,0xff,0xff,
0xc0,0xff,0xff,0xc0,0xfe,0x00,0x00,0xfe,0x00,0x00,0xfe,0x00,0x00,0xfe,0x00,0x00,0xfe,0x00,0x00,0xfe,0x00,0x00,0xfe,0x00,
0x00,0xfe,0x00,0x00,0xff,0xff,0xff,0xff,0xff,0xff,0xff,0xff,0xff,0xff,0xff,0xff,0xff,0xff,0xff,0xff,0xff,0xff,0x03,0x81,
0xc0,0x07,0xc3,0xe0,0x0f,0xe7,0xf0,0x0f,0xe7,0xf0,0x0f,0xe7,0xf0,0x07,0xc3,0xe0,0x03,0x81,0xc0,0x00,0x00,0x00,0x00,0x00,
0x00,0x00,0x00,0x00,0xff,0xff,0xff,0xff,0xff,0xff,0xff,0xff,0xff,0xff,0xff,0xff,0xff,0xff,0xff,0xff,0xff,0xff,0xfe,0x00,
0x00,0xfe,0x00,0x00,0xfe,0x00,0x00,0xfe,0x00,0x00,0xfe,0x00,0x00,0xfe,0x00,0x00,0xfe,0x00,0x00,0xff,0xff,0x80,0xff,0xff,
0x80,0xff,0xff,0x80,0xff,0xff,0x80,0xff,0xff,0x80,0xff,0xff,0x80,0xfe,0x00,0x00,0xfe,0x00,0x00,0xfe,0x00,0x00,0xfe,0x00,
0x00,0xfe,0x00,0x00,0xfe,0x00,0x00,0xfe,0x00,0x00,0xfe,0x00,0x00,0xff,0xff,0xff,0xff,0xff,0xff,0xff,0xff,0xff,0xff,0xff,
0xff,0xff,0xff,0xff,0xff,0xff,0xff,0x70,0x00,0x7c,0x00,0xfc,0x00,0x7e,0x00,0x7f,0x00,0x1f,0x80,0x0f,0xc0,0x00,0x00,0x00,
0x00,0x00,0x00,0xff,0xff,0xff,0xff,0xff,0xff,0xff,0xff,0xff,0xff,0x0f,0xe0,0x0f,0xe0,0x0f,0xe0,0x0f,0xe0,0x0f,0xe0,0x0f,
0xe0,0x0f,0xe0,0x0f,0xe0,0x0f,0xe0,0x0f,0xe0,0x0f,0xe0,0x0f,0xe0,0x0f,0xe0,0x0f,0xe0,0x0f,0xe0,0x0f,0xe0,0x0f,0xe0,0x0f,
0xe0,0x0f,0xe0,0x0f,0xe0,0x0f,0xe0,0x0f,0xe0,0x0f,0xe0,0xff,0xff,0xff,0xff,0xff,0xff,0xff,0xff,0xff,0xff,0x00,0x1e,0x00,
0x3e,0x00,0x7e,0x00,0xfe,0x01,0xfc,0x03,0xf8,0x07,0xe0,0x00,0x00,0x00,0x00,0x00,0x00,0xff,0xff,0xff,0xff,0xff,0xff,0xff,
0xff,0xff,0xff,0x0f,0xe0,0x0f,0xe0,0x0f,0xe0,0x0f,0xe0,0x0f,0xe0,0x0f,0xe0,0x0f,0xe0,0x0f,0xe0,0x0f,0xe0,0x0f,0xe0,0x0f,
0xe0,0x0f,0xe0,0x0f,0xe0,0x0f,0xe0,0x0f,0xe0,0x0f,0xe0,0x0f,0xe0,0x0f,0xe0,0x0f,0xe0,0x0f,0xe0,0x0f,0xe0,0x0f,0xe0,0x0f,
0xe0,0xff,0xff,0xff,0xff,0xff,0xff,0xff,0xff,0xff,0xff,0x01,0xe0,0x00,0x03,0xf0,0x00,0x07,0xf8,0x00,0x0f,0xfc,0x00,0x1f,
0x7e,0x00,0x3e,0x3f,0x80,0xfc,0x1f,0xc0,0x00,0x00,0x00,0x00,0x00,0x00,0x00,0x00,0x00,0x7f,0xff,0x80,0x7f,0xff,0x80,0x7f,
0xff,0x80,0x7f,0xff,0x80,0x7f,0xff,0x80,0x07,0xf0,0x00,0x07,0xf0,0x00,0x07,0xf0,0x00,0x07,0xf0,0x00,0x07,0xf0,0x00,0x07,
0xf0,0x00,0x07,0xf0,0x00,0x07,0xf0,0x00,0x07,0xf0,0x00,0x07,0xf0,0x00,0x07,0xf0,0x00,0x07,0xf0,0x00,0x07,0xf0,0x00,0x07,
0xf0,0x00,0x07,0xf0,0x00,0x07,0xf0,0x00,0x07,0xf0,0x00,0x07,0xf0,0x00,0x07,0xf0,0x00,0x07,0xf0,0x00,0x07,0xf0,0x00,0x07,
0xf0,0x00,0x07,0xf0,0x00,0x7f,0xff,0x80,0x7f,0xff,0x80,0x7f,0xff,0x80,0x7f,0xff,0x80,0x7f,0xff,0x80,0x38,0x0e,0x00,0x7c,
0x1f,0x00,0xfe,0x3f,0x80,0xfe,0x3f,0x80,0xfe,0x3f,0x80,0x7c,0x1f,0x00,0x38,0x0e,0x00,0x00,0x00,0x00,0x00,0x00,0x00,0x00,
0x00,0x00,0xff,0xff,0x00,0xff,0xff,0x00,0xff,0xff,0x00,0xff,0xff,0x00,0xff,0xff,0x00,0x07,0xf0,0x00,0x07,0xf0,0x00,0x07,
0xf0,0x00,0x07,0xf0,0x00,0x07,0xf0,0x00,0x07,0xf0,0x00,0x07,0xf0,0x00,0x07,0xf0,0x00,0x07,0xf0,0x00,0x07,0xf0,0x00,0x07,
0xf0,0x00,0x07,0xf0,0x00,0x07,0xf0,0x00,0x07,0xf0,0x00,0x07,0xf0,0x00,0x07,0xf0,0x00,0x07,0xf0,0x00,0x07,0xf0,0x00,0x07,
0xf0,0x00,0x07,0xf0,0x00,0x07,0xf0,0x00,0x07,0xf0,0x00,0x07,0xf0,0x00,0xff,0xff,0x00,0xff,0xff,0x00,0xff,0xff,0x00,0xff,
0xff,0x00,0xff,0xff,0x00,0x1f,0xff,0xe0,0x00,0x1f,0xff,0xfe,0x00,0x1f,0xff,0xff,0x80,0x1f,0xff,0xff,0xe0,0x1f,0xff,0xff,
0xf0,0x1f,0xff,0xff,0xf8,0x1f,0xc0,0x3f,0xf8,0x1f,0xc0,0x07,0xfc,0x1f,0xc0,0x03,0xfe,0x1f,0xc0,0x01,0xfe,0x1f,0xc0,0x00,
0xfe,0x1f,0xc0,0x00,0xfe,0x1f,0xc0,0x00,0x7f,0xff,0xff,0x80,0x7f,0xff,0xff,0x80,0x7f,0xff,0xff,0x80,0x7f,0xff,0xff,0x80,
0x7f,0xff,0xff,0x80,0x7f,0xff,0xff,0x80,0x7f,0x1f,0xc0,0x00,0x7f,0x1f,0xc0,0x00,0x7f,0x1f,0xc0,0x00,0xfe,0x1f,0xc0,0x00,
0xfe,0x1f,0xc0,0x01,0xfe,0x1f,0xc0,0x03,0xfe,0x1f,0xc0,0x07,0xfc,0x1f,0xc0,0x3f,0xf8,0x1f,0xff,0xff,0xf8,0x1f,0xff,0xff,
0xf0,0x1f,0xff,0xff,0xe0,0x1f,0xff,0xff,0x80,0x1f,0xff,0xfe,0x00,0x1f,0xff,0xe0,0x00,0x00,0x3c,0x0c,0x00,0x00,0xfe,0x1e,
0x00,0x01,0xff,0xfe,0x00,0x03,0xff,0xfe,0x00,0x03,0xe3,0xfc,0x00,0x03,0xc1,0xf0,0x00,0x00,0x00,0x00,0x00,0x00,0x00,0x00,
0x00,0x00,0x00,0x00,0x00,0xff,0xc0,0x03,0xf8,0xff,0xc0,0x03,0xf8,0xff,0xe0,0x03,0xf8,0xff,0xe0,0x03,0xf8,0xff,0xf0,0x03,
0xf8,0xff,0xf0,0x03,0xf8,0xff,0xf8,0x03,0xf8,0xff,0xf8,0x03,0xf8,0xff,0xfc,0x03,0xf8,0xff,0xfc,0x03,0xf8,0xfe,0xfe,0x03,
0xf8,0xfe,0x7e,0x03,0xf8,0xfe,0x7f,0x03,0xf8,0xfe,0x3f,0x03,0xf8,0xfe,0x3f,0x83,0xf8,0xfe,0x1f,0x83,0xf8,0xfe,0x1f,0xc3,
0xf8,0xfe,0x0f,0xc3,0xf8,0xfe,0x0f,0xe3,0xf8,0xfe,0x07,0xe3,0xf8,0xfe,0x07,0xf3,0xf8,0xfe,0x03,0xfb,0xf8,0xfe,0x03,0xfb,
0xf8,0xfe,0x01,0xff,0xf8,0xfe,0x01,0xff,0xf8,0xfe,0x00,0xff,0xf8,0xfe,0x00,0xff,0xf8,0xfe,0x00,0x7f,0xf8,0xfe,0x00,0x7f,
0xf8,0xfe,0x00,0x3f,0xf8,0xfe,0x00,0x3f,0xf8,0xfe,0x00,0x1f,0xf8,0xfe,0x00,0x1f,0xf8,0x00,0x78,0x00,0x00,0x00,0x7c,0x00,
0x00,0x00,0x7e,0x00,0x00,0x00,0x7f,0x00,0x00,0x00,0x3f,0x80,0x00,0x00,0x1f,0x80,0x00,0x00,0x07,0xc0,0x00,0x00,0x00,0x00,
0x00,0x00,0x00,0x00,0x00,0x00,0x00,0x00,0x00,0x00,0x3f,0xfc,0x00,0x00,0xff,0xff,0x00,0x03,0xff,0xff,0xc0,0x07,0xff,0xff,
0xe0,0x0f,0xff,0xff,0xf0,0x1f,0xff,0xff,0xf8,0x1f,0xf0,0x0f,0xf8,0x3f,0xc0,0x03,0xfc,0x3f,0xc0,0x03,0xfc,0x7f,0x80,0x01,
0xfe,0x7f,0x00,0x00,0xfe,0x7f,0x00,0x00,0xfe,0xfe,0x00,0x00,0x7f,0xfe,0x00,0x00,0x7f,0xfe,0x00,0x00,0x7f,0xfe,0x00,0x00,
0x7f,0xfe,0x00,0x00,0x7f,0xfe,0x00,0x00,0x7f,0xfe,0x00,0x00,0x7f,0xfe,0x00,0x00,0x7f,0xfe,0x00,0x00,0x7f,0x7f,0x00,0x00,
0xfe,0x7f,0x00,0x00,0xfe,0x7f,0x80,0x01,0xfe,0x3f,0xc0,0x01,0xfc,0x3f,0xe0,0x03,0xfc,0x1f,0xf0,0x0f,0xf8,0x1f,0xff,0xff,
0xf8,0x0f,0xff,0xff,0xf0,0x07,0xff,0xff,0xe0,0x03,0xff,0xff,0xc0,0x00,0xff,0xff,0x00,0x00,0x3f,0xfc,0x00,0x00,0x01,0x80,
0x00,0x00,0x00,0x1e,0x00,0x00,0x00,0x3f,0x00,0x00,0x00,0x7e,0x00,0x00,0x00,0xfe,0x00,0x00,0x01,0xfc,0x00,0x00,0x01,0xf8,
0x00,0x00,0x03,0xf0,0x00,0x00,0x00,0x00,0x00,0x00,0x00,0x00,0x00,0x00,0x00,0x00,0x00,0x00,0x3f,0xfc,0x00,0x00,0xff,0xff,
0x00,0x03,0xff,0xff,0xc0,0x07,0xff,0xff,0xe0,0x0f,0xff,0xff,0xf0,0x1f,0xff,0xff,0xf8,0x1f,0xf0,0x0f,0xf8,0x3f,0xc0,0x03,
0xfc,0x3f,0xc0,0x03,0xfc,0x7f,0x80,0x01,0xfe,0x7f,0x00,0x00,0xfe,0x7f,0x00,0x00,0xfe,0xfe,0x00,0x00,0x7f,0xfe,0x00,0x00,
0x7f,0xfe,0x00,0x00,0x7f,0xfe,0x00,0x00,0x7f,0xfe,0x00,0x00,0x7f,0xfe,0x00,0x00,0x7f,0xfe,0x00,0x00,0x7f,0xfe,0x00,0x00,
0x7f,0xfe,0x00,0x00,0x7f,0x7f,0x00,0x00,0xfe,0x7f,0x00,0x00,0xfe,0x7f,0x80,0x01,0xfe,0x3f,0xc0,0x01,0xfc,0x3f,0xe0,0x03,
0xfc,0x1f,0xf0,0x0f,0xf8,0x1f,0xff,0xff,0xf8,0x0f,0xff,0xff,0xf0,0x07,0xff,0xff,0xe0,0x03,0xff,0xff,0xc0,0x00,0xff,0xff,
0x00,0x00,0x3f,0xfc,0x00,0x00,0x01,0x80,0x00,0x00,0x03,0xc0,0x00,0x00,0x07,0xe0,0x00,0x00,0x0f,0xf0,0x00,0x00,0x3f,0xfc,
0x00,0x00,0x7e,0x7e,0x00,0x00,0xfc,0x3f,0x00,0x01,0xf8,0x1f,0x80,0x00,0x00,0x00,0x00,0x00,0x00,0x00,0x00,0x00,0x00,0x00,
0x00,0x00,0x3f,0xfc,0x00,0x00,0xff,0xff,0x00,0x03,0xff,0xff,0xc0,0x07,0xff,0xff,0xe0,0x0f,0xff,0xff,0xf0,0x1f,0xff,0xff,
0xf8,0x1f,0xf0,0x0f,0xf8,0x3f,0xc0,0x03,0xfc,0x3f,0xc0,0x03,0xfc,0x7f,0x80,0x01,0xfe,0x7f,0x00,0x00,0xfe,0x7f,0x00,0x00,
0xfe,0xfe,0x00,0x00,0x7f,0xfe,0x00,0x00,0x7f,0xfe,0x00,0x00,0x7f,0xfe,0x00,0x00,0x7f,0xfe,0x00,0x00,0x7f,0xfe,0x00,0x00,
0x7f,0xfe,0x00,0x00,0x7f,0xfe,0x00,0x00,0x7f,0xfe,0x00,0x00,0x7f,0x7f,0x00,0x00,0xfe,0x7f,0x00,0x00,0xfe,0x7f,0x80,0x01,
0xfe,0x3f,0xc0,0x01,0xfc,0x3f,0xe0,0x03,0xfc,0x1f,0xf0,0x0f,0xf8,0x1f,0xff,0xff,0xf8,0x0f,0xff,0xff,0xf0,0x07,0xff,0xff,
0xe0,0x03,0xff,0xff,0xc0,0x00,0xff,0xff,0x00,0x00,0x3f,0xfc,0x00,0x00,0x01,0x80,0x00,0x00,0x1e,0x03,0x00,0x00,0x7f,0x87,
0x80,0x00,0xff,0xff,0x80,0x00,0xff,0xff,0x00,0x01,0xf1,0xfe,0x00,0x01,0xe0,0x7c,0x00,0x00,0x00,0x00,0x00,0x00,0x00,0x00,
0x00,0x00,0x00,0x00,0x00,0x00,0x3f,0xfc,0x00,0x00,0xff,0xff,0x00,0x03,0xff,0xff,0xc0,0x07,0xff,0xff,0xe0,0x0f,0xff,0xff,
0xf0,0x1f,0xff,0xff,0xf8,0x1f,0xf0,0x0f,0xf8,0x3f,0xc0,0x03,0xfc,0x3f,0xc0,0x03,0xfc,0x7f,0x80,0x01,0xfe,0x7f,0x00,0x00,
0xfe,0x7f,0x00,0x00,0xfe,0xfe,0x00,0x00,0x7f,0xfe,0x00,0x00,0x7f,0xfe,0x00,0x00,0x7f,0xfe,0x00,0x00,0x7f,0xfe,0x00,0x00,
0x7f,0xfe,0x00,0x00,0x7f,0xfe,0x00,0x00,0x7f,0xfe,0x00,0x00,0x7f,0xfe,0x00,0x00,0x7f,0x7f,0x00,0x00,0xfe,0x7f,0x00,0x00,
0xfe,0x7f,0x80,0x01,0xfe,0x3f,0xc0,0x01,0xfc,0x3f,0xe0,0x03,0xfc,0x1f,0xf0,0x0f,0xf8,0x1f,0xff,0xff,0xf8,0x0f,0xff,0xff,
0xf0,0x07,0xff,0xff,0xe0,0x03,0xff,0xff,0xc0,0x00,0xff,0xff,0x00,0x00,0x3f,0xfc,0x00,0x00,0x01,0x80,0x00,0x00,0x38,0x0e,
0x00,0x00,0x7c,0x1f,0x00,0x00,0xfe,0x3f,0x80,0x00,0xfe,0x3f,0x80,0x00,0xfe,0x3f,0x80,0x00,0x7c,0x1f,0x00,0x00,0x38,0x0e,
0x00,0x00,0x00,0x00,0x00,0x00,0x00,0x00,0x00,0x00,0x00,0x00,0x00,0x00,0x3f,0xfc,0x00,0x00,0xff,0xff,0x00,0x03,0xff,0xff,
0xc0,0x07,0xff,0xff,0xe0,0x0f,0xff,0xff,0xf0,0x1f,0xff,0xff,0xf8,0x1f,0xf0,0x0f,0xf8,0x3f,0xc0,0x03,0xfc,0x3f,0xc0,0x03,
0xfc,0x7f,0x80,0x01,0xfe,0x7f,0x00,0x00,0xfe,0x7f,0x00,0x00,0xfe,0xfe,0x00,0x00,0x7f,0xfe,0x00,0x00,0x7f,0xfe,0x00,0x00,
0x7f,0xfe,0x00,0x00,0x7f,0xfe,0x00,0x00,0x7f,0xfe,0x00,0x00,0x7f,0xfe,0x00,0x00,0x7f,0xfe,0x00,0x00,0x7f,0xfe,0x00,0x00,
0x7f,0x7f,0x00,0x00,0xfe,0x7f,0x00,0x00,0xfe,0x7f,0x80,0x01,0xfe,0x3f,0xc0,0x01,0xfc,0x3f,0xe0,0x03,0xfc,0x1f,0xf0,0x0f,
0xf8,0x1f,0xff,0xff,0xf8,0x0f,0xff,0xff,0xf0,0x07,0xff,0xff,0xe0,0x03,0xff,0xff,0xc0,0x00,0xff,0xff,0x00,0x00,0x3f,0xfc,
0x00,0x00,0x01,0x80,0x00,0x18,0x00,0x40,0x3c,0x00,0xe0,0x7e,0x01,0xf0,0xff,0x03,0xf8,0x7f,0x87,0xf8,0x3f,0xcf,0xf0,0x1f,
0xff,0xe0,0x0f,0xff,0xc0,0x07,0xff,0x80,0x03,0xff,0x00,0x01,0xfe,0x00,0x03,0xff,0x00,0x07,0xff,0x80,0x0f,0xff,0xc0,0x1f,
0xff,0xe0,0x3f,0xdf,0xe0,0x7f,0x8f,0xf0,0xff,0x07,0xf8,0x7e,0x03,0xf8,0x3c,0x01,0xf0,0x18,0x00,0xe0,0x08,0x00,0x40,0x00,
0x3f,0xfc,0x18,0x00,0xff,0xff,0x3c,0x03,0xff,0xff,0xfc,0x07,0xff,0xff,0xf8,0x0f,0xff,0xff,0xf0,0x1f,0xff,0xff,0xf8,0x1f,
0xf0,0x0f,0xf8,0x3f,0xc0,0x03,0xfc,0x3f,0xc0,0x07,0xfc,0x7f,0x80,0x0f,0xfe,0x7f,0x00,0x1e,0xfe,0x7f,0x00,0x3e,0xfe,0xfe,
0x00,0x7c,0xff,0xfe,0x00,0xf8,0x7f,0xfe,0x00,0xf0,0x7f,0xfe,0x01,0xe0,0x7f,0xfe,0x03,0xc0,0x7f,0xfe,0x07,0x80,0x7f,0xfe,
0x0f,0x80,0x7f,0xfe,0x1f,0x00,0x7f,0xff,0x3e,0x00,0x7f,0x7f,0x3c,0x00,0xfe,0x7f,0x78,0x00,0xfe,0x7f,0xf0,0x01,0xfe,0x3f,
0xe0,0x01,0xfc,0x3f,0xe0,0x03,0xfc,0x1f,0xf0,0x0f,0xf8,0x1f,0xff,0xff,0xf8,0x0f,0xff,0xff,0xf0,0x1f,0xff,0xff,0xe0,0x3f,
0xff,0xff,0xc0,0x3c,0xff,0xff,0x00,0x18,0x3f,0xfc,0x00,0x00,0x01,0x80,0x00,0x00,0x80,0x00,0x00,0x01,0xe0,0x00,0x00,0x03,
0xf0,0x00,0x00,0x03,0xf0,0x00,0x00,0x01,0xf8,0x00,0x00,0x01,0xfc,0x00,0x00,0x00,0x7e,0x00,0x00,0x00,0x3f,0x00,0x00,0x00,
0x00,0x00,0x00,0x00,0x00,0x00,0x00,0x00,0x00,0x00,0x00,0xfe,0x00,0x0f,0xe0,0xfe,0x00,0x0f,0xe0,0xfe,0x00,0x0f,0xe0,0xfe,
0x00,0x0f,0xe0,0xfe,0x00,0x0f,0xe0,0xfe,0x00,0x0f,0xe0,0xfe,0x00,0x0f,0xe0,0xfe,0x00,0x0f,0xe0,0xfe,0x00,0x0f,0xe0,0xfe,
0x00,0x0f,0xe0,0xfe,0x00,0x0f,0xe0,0xfe,0x00,0x0f,0xe0,0xfe,0x00,0x0f,0xe0,0xfe,0x00,0x0f,0xe0,0xfe,0x00,0x0f,0xe0,0xfe,
0x00,0x0f,0xe0,0xfe,0x00,0x0f,0xe0,0xfe,0x00,0x0f,0xe0,0xfe,0x00,0x0f,0xe0,0xfe,0x00,0x0f,0xe0,0xfe,0x00,0x0f,0xe0,0xfe,
0x00,0x0f,0xe0,0xfe,0x00,0x0f,0xe0,0xfe,0x00,0x0f,0xe0,0x7f,0x00,0x1f,0xc0,0x7f,0x00,0x1f,0xc0,0x7f,0xc0,0x3f,0xc0,0x3f,
0xff,0xff,0x80,0x3f,0xff,0xff,0x80,0x1f,0xff,0xff,0x00,0x0f,0xff,0xfe,0x00,0x07,0xff,0xfc,0x00,0x01,0xff,0xf0,0x00,0x00,
0x06,0x00,0x00,0x00,0x00,0x20,0x00,0x00,0x00,0xf0,0x00,0x00,0x01,0xf8,0x00,0x00,0x01,0xf8,0x00,0x00,0x03,0xf8,0x00,0x00,
0x07,0xf0,0x00,0x00,0x0f,0xc0,0x00,0x00,0x1f,0x80,0x00,0x00,0x00,0x00,0x00,0x00,0x00,0x00,0x00,0x00,0x00,0x00,0x00,0xfe,
0x00,0x0f,0xe0,0xfe,0x00,0x0f,0xe0,0xfe,0x00,0x0f,0xe0,0xfe,0x00,0x0f,0xe0,0xfe,0x00,0x0f,0xe0,0xfe,0x00,0x0f,0xe0,0xfe,
0x00,0x0f,0xe0,0xfe,0x00,0x0f,0xe0,0xfe,0x00,0x0f,0xe0,0xfe,0x00,0x0f,0xe0,0xfe,0x00,0x0f,0xe0,0xfe,0x00,0x0f,0xe0,0xfe,
0x00,0x0f,0xe0,0xfe,0x00,0x0f,0xe0,0xfe,0x00,0x0f,0xe0,0xfe,0x00,0x0f,0xe0,0xfe,0x00,0x0f,0xe0,0xfe,0x00,0x0f,0xe0,0xfe,
0x00,0x0f,0xe0,0xfe,0x00,0x0f,0xe0,0xfe,0x00,0x0f,0xe0,0xfe,0x00,0x0f,0xe0,0xfe,0x00,0x0f,0xe0,0xfe,0x00,0x0f,0xe0,0x7f,
0x00,0x1f,0xc0,0x7f,0x00,0x1f,0xc0,0x7f,0xc0,0x3f,0xc0,0x3f,0xff,0xff,0x80,0x3f,0xff,0xff,0x80,0x1f,0xff,0xff,0x00,0x0f,
0xff,0xfe,0x00,0x07,0xff,0xfc,0x00,0x01,0xff,0xf0,0x00,0x00,0x06,0x00,0x00,0x00,0x04,0x00,0x00,0x00,0x1f,0x00,0x00,0x00,
0x3f,0x80,0x00,0x00,0x7f,0xc0,0x00,0x00,0xff,0xe0,0x00,0x01,0xfb,0xf0,0x00,0x03,0xf1,0xf8,0x00,0x07,0xe0,0xfc,0x00,0x00,
0x00,0x00,0x00,0x00,0x00,0x00,0x00,0x00,0x00,0x00,0x00,0xfe,0x00,0x0f,0xe0,0xfe,0x00,0x0f,0xe0,0xfe,0x00,0x0f,0xe0,0xfe,
0x00,0x0f,0xe0,0xfe,0x00,0x0f,0xe0,0xfe,0x00,0x0f,0xe0,0xfe,0x00,0x0f,0xe0,0xfe,0x00,0x0f,0xe0,0xfe,0x00,0x0f,0xe0,0xfe,
0x00,0x0f,0xe0,0xfe,0x00,0x0f,0xe0,0xfe,0x00,0x0f,0xe0,0xfe,0x00,0x0f,0xe0,0xfe,0x00,0x0f,0xe0,0xfe,0x00,0x0f,0xe0,0xfe,
0x00,0x0f,0xe0,0xfe,0x00,0x0f,0xe0,0xfe,0x00,0x0f,0xe0,0xfe,0x00,0x0f,0xe0,0xfe,0x00,0x0f,0xe0,0xfe,0x00,0x0f,0xe0,0xfe,
0x00,0x0f,0xe0,0xfe,0x00,0x0f,0xe0,0xfe,0x00,0x0f,0xe0,0x7f,0x00,0x1f,0xc0,0x7f,0x00,0x1f,0xc0,0x7f,0xc0,0x3f,0xc0,0x3f,
0xff,0xff,0x80,0x3f,0xff,0xff,0x80,0x1f,0xff,0xff,0x00,0x0f,0xff,0xfe,0x00,0x07,0xff,0xfc,0x00,0x01,0xff,0xf0,0x00,0x00,
0x06,0x00,0x00,0x01,0xc0,0x70,0x00,0x03,0xe0,0xf8,0x00,0x07,0xf1,0xfc,0x00,0x07,0xf1,0xfc,0x00,0x07,0xf1,0xfc,0x00,0x03,
0xe0,0xf8,0x00,0x01,0xc0,0x70,0x00,0x00,0x00,0x00,0x00,0x00,0x00,0x00,0x00,0x00,0x00,0x00,0x00,0xfe,0x00,0x0f,0xe0,0xfe,
0x00,0x0f,0xe0,0xfe,0x00,0x0f,0xe0,0xfe,0x00,0x0f,0xe0,0xfe,0x00,0x0f,0xe0,0xfe,0x00,0x0f,0xe0,0xfe,0x00,0x0f,0xe0,0xfe,
0x00,0x0f,0xe0,0xfe,0x00,0x0f,0xe0,0xfe,0x00,0x0f,0xe0,0xfe,0x00,0x0f,0xe0,0xfe,0x00,0x0f,0xe0,0xfe,0x00,0x0f,0xe0,0xfe,
0x00,0x0f,0xe0,0xfe,0x00,0x0f,0xe0,0xfe,0x00,0x0f,0xe0,0xfe,0x00,0x0f,0xe0,0xfe,0x00,0x0f,0xe0,0xfe,0x00,0x0f,0xe0,0xfe,
0x00,0x0f,0xe0,0xfe,0x00,0x0f,0xe0,0xfe,0x00,0x0f,0xe0,0xfe,0x00,0x0f,0xe0,0xfe,0x00,0x0f,0xe0,0x7f,0x00,0x1f,0xc0,0x7f,
0x00,0x1f,0xc0,0x7f,0xc0,0x3f,0xc0,0x3f,0xff,0xff,0x80,0x3f,0xff,0xff,0x80,0x1f,0xff,0xff,0x00,0x0f,0xff,0xfe,0x00,0x07,
0xff,0xfc,0x00,0x01,0xff,0xf0,0x00,0x00,0x06,0x00,0x00,0x00,0x00,0x1c,0x00,0x00,0x00,0x3e,0x00,0x00,0x00,0x7e,0x00,0x00,
0x00,0xfe,0x00,0x00,0x01,0xfc,0x00,0x00,0x03,0xf8,0x00,0x00,0x07,0xe0,0x00,0x00,0x00,0x00,0x00,0x00,0x00,0x00,0x00,0x00,
0x00,0x00,0x00,0xff,0x00,0x01,0xfe,0x7f,0x80,0x03,0xfc,0x7f,0x80,0x03,0xfc,0x3f,0xc0,0x07,0xf8,0x1f,0xe0,0x0f,0xf0,0x1f,
0xe0,0x0f,0xf0,0x0f,0xf0,0x1f,0xe0,0x0f,0xf0,0x1f,0xe0,0x07,0xf8,0x3f,0xc0,0x03,0xf8,0x3f,0x80,0x03,0xfc,0x7f,0x80,0x01,
0xfe,0xff,0x00,0x01,0xfe,0xff,0x00,0x00,0xff,0xfe,0x00,0x00,0x7f,0xfc,0x00,0x00,0x7f,0xfc,0x00,0x00,0x3f,0xf8,0x00,0x00,
0x3f,0xf8,0x00,0x00,0x1f,0xf0,0x00,0x00,0x0f,0xe0,0x00,0x00,0x0f,0xe0,0x00,0x00,0x0f,0xe0,0x00,0x00,0x0f,0xe0,0x00,0x00,
0x0f,0xe0,0x00,0x00,0x0f,0xe0,0x00,0x00,0x0f,0xe0,0x00,0x00,0x0f,0xe0,0x00,0x00,0x0f,0xe0,0x00,0x00,0x0f,0xe0,0x00,0x00,
0x0f,0xe0,0x00,0x00,0x0f,0xe0,0x00,0x00,0x0f,0xe0,0x00,0x00,0x0f,0xe0,0x00,0xfe,0x00,0x00,0x00,0xfe,0x00,0x00,0x00,0xfe,
0x00,0x00,0x00,0xfe,0x00,0x00,0x00,0xfe,0x00,0x00,0x00,0xfe,0x00,0x00,0x00,0xff,0xff,0xc0,0x00,0xff,0xff,0xf8,0x00,0xff,
0xff,0xfc,0x00,0xff,0xff,0xff,0x00,0xff,0xff,0xff,0x00,0xff,0xff,0xff,0x80,0xfe,0x00,0xff,0x80,0xfe,0x00,0x3f,0xc0,0xfe,
0x00,0x1f,0xc0,0xfe,0x00,0x1f,0xc0,0xfe,0x00,0x1f,0xc0,0xfe,0x00,0x1f,0xc0,0xfe,0x00,0x1f,0xc0,0xfe,0x00,0x3f,0xc0,0xfe,
0x00,0xff,0x80,0xff,0xff,0xff,0x80,0xff,0xff,0xff,0x00,0xff,0xff,0xff,0x00,0xff,0xff,0xfc,0x00,0xff,0xff,0xf8,0x00,0xff,
0xff,0xc0,0x00,0xfe,0x00,0x00,0x00,0xfe,0x00,0x00,0x00,0xfe,0x00,0x00,0x00,0xfe,0x00,0x00,0x00,0xfe,0x00,0x00,0x00,0xfe,
0x00,0x00,0x00,0x00,0x10,0x00,0x00,0x03,0xff,0x80,0x00,0x0f,0xff,0xe0,0x00,0x3f,0xff,0xf0,0x00,0x3f,0xff,0xf8,0x00,0x7f,
0xff,0xf8,0x00,0x7f,0x81,0xfc,0x00,0xff,0x00,0xfc,0x00,0xfe,0x00,0xfc,0x00,0xfe,0x00,0xfc,0x00,0xfe,0x01,0xfc,0x00,0xfe,
0x03,0xf8,0x00,0xfe,0x1f,0xf0,0x00,0xfe,0x1f,0xe0,0x00,0xfe,0x1f,0xf8,0x00,0xfe,0x1f,0xfc,0x00,0xfe,0x1f,0xfe,0x00,0xfe,
0x01,0xff,0x00,0xfe,0x00,0x7f,0x80,0xfe,0x00,0x3f,0x80,0xfe,0x00,0x3f,0xc0,0xfe,0x00,0x1f,0xc0,0xfe,0x00,0x1f,0xc0,0xfe,
0x00,0x1f,0xc0,0xfe,0x00,0x1f,0xc0,0xfe,0x00,0x1f,0xc0,0xfe,0x00,0x3f,0xc0,0xfe,0x00,0x3f,0xc0,0xfe,0x00,0x7f,0x80,0xfe,
0x3f,0xff,0x80,0xfe,0x3f,0xff,0x00,0xfe,0x1f,0xfe,0x00,0xfe,0x1f,0xfc,0x00,0xfe,0x1f,0xf0,0x00,0x00,0x0e,0x00,0x00,0x07,
0x80,0x00,0x07,0xc0,0x00,0x07,0xe0,0x00,0x07,0xf0,0x00,0x03,0xf0,0x00,0x01,0xf8,0x00,0x00,0x7c,0x00,0x00,0x00,0x00,0x00,
0x00,0x00,0x00,0x00,0x00,0x00,0x00,0x00,0x01,0xff,0xc0,0x07,0xff,0xf0,0x0f,0xff,0xf8,0x1f,0xff,0xfc,0x3f,0xff,0xfc,0x3f,
0x01,0xfe,0x07,0x00,0xfe,0x00,0x00,0xfe,0x00,0x00,0xfe,0x00,0x07,0xfe,0x01,0xff,0xfe,0x07,0xff,0xfe,0x1f,0xff,0xfe,0x3f,
0xf0,0xfe,0x7f,0x80,0xfe,0xfe,0x00,0xfe,0xfe,0x00,0xfe,0xfe,0x01,0xfe,0xff,0x03,0xfe,0xff,0xff,0xfe,0x7f,0xff,0xfe,0x7f,
0xff,0xfe,0x3f,0xfe,0x7e,0x0f,0xf8,0x7f,0x00,0x80,0x00,0x00,0x01,0xe0,0x00,0x03,0xe0,0x00,0x07,0xe0,0x00,0x07,0xe0,0x00,
0x0f,0xc0,0x00,0x1f,0x80,0x00,0x3f,0x00,0x00,0x00,0x00,0x00,0x00,0x00,0x00,0x00,0x00,0x00,0x00,0x00,0x01,0xff,0xc0,0x07,
0xff,0xf0,0x0f,0xff,0xf8,0x1f,0xff,0xfc,0x3f,0xff,0xfc,0x3f,0x01,0xfe,0x07,0x00,0xfe,0x00,0x00,0xfe,0x00,0x00,0xfe,0x00,
0x07,0xfe,0x01,0xff,0xfe,0x07,0xff,0xfe,0x1f,0xff,0xfe,0x3f,0xf0,0xfe,0x7f,0x80,0xfe,0xfe,0x00,0xfe,0xfe,0x00,0xfe,0xfe,
0x01,0xfe,0xff,0x03,0xfe,0xff,0xff,0xfe,0x7f,0xff,0xfe,0x7f,0xff,0xfe,0x3f,0xfe,0x7e,0x0f,0xf8,0x7f,0x00,0x80,0x00,0x00,
0x3e,0x00,0x00,0x7f,0x00,0x01,0xff,0x80,0x03,0xff,0xc0,0x07,0xe7,0xe0,0x0f,0xc3,0xf0,0x1f,0x81,0xf8,0x00,0x00,0x00,0x00,
0x00,0x00,0x00,0x00,0x00,0x00,0x00,0x00,0x01,0xff,0xc0,0x07,0xff,0xf0,0x0f,0xff,0xf8,0x1f,0xff,0xfc,0x3f,0xff,0xfc,0x3f,
0x01,0xfe,0x07,0x00,0xfe,0x00,0x00,0xfe,0x00,0x00,0xfe,0x00,0x07,0xfe,0x01,0xff,0xfe,0x07,0xff,0xfe,0x1f,0xff,0xfe,0x3f,
0xf0,0xfe,0x7f,0x80,0xfe,0xfe,0x00,0xfe,0xfe,0x00,0xfe,0xfe,0x01,0xfe,0xff,0x03,0xfe,0xff,0xff,0xfe,0x7f,0xff,0xfe,0x7f,
0xff,0xfe,0x3f,0xfe,0x7e,0x0f,0xf8,0x7f,0x00,0x80,0x00,0x01,0xe0,0x30,0x07,0xf8,0x78,0x0f,0xff,0xf8,0x0f,0xff,0xf0,0x0f,
0x1f,0xf0,0x1e,0x07,0xc0,0x00,0x00,0x00,0x00,0x00,0x00,0x00,0x00,0x00,0x00,0x00,0x00,0x01,0xff,0xc0,0x07,0xff,0xf0,0x0f,
0xff,0xf8,0x1f,0xff,0xfc,0x3f,0xff,0xfc,0x3f,0x01,0xfe,0x07,0x00,0xfe,0x00,0x00,0xfe,0x00,0x00,0xfe,0x00,0x07,0xfe,0x01,
0xff,0xfe,0x07,0xff,0xfe,0x1f,0xff,0xfe,0x3f,0xf0,0xfe,0x7f,0x80,0xfe,0xfe,0x00,0xfe,0xfe,0x00,0xfe,0xfe,0x01,0xfe,0xff,
0x03,0xfe,0xff,0xff,0xfe,0x7f,0xff,0xfe,0x7f,0xff,0xfe,0x3f,0xfe,0x7e,0x0f,0xf8,0x7f,0x00,0x80,0x00,0x03,0x81,0xc0,0x07,
0xc3,0xe0,0x0f,0xe7,0xf0,0x0f,0xe7,0xf0,0x0f,0xe7,0xf0,0x07,0xc3,0xe0,0x03,0x81,0xc0,0x00,0x00,0x00,0x00,0x00,0x00,0x00,
0x00,0x00,0x00,0x00,0x00,0x01,0xff,0xc0,0x07,0xff,0xf0,0x0f,0xff,0xf8,0x1f,0xff,0xfc,0x3f,0xff,0xfc,0x3f,0x01,0xfe,0x07,
0x00,0xfe,0x00,0x00,0xfe,0x00,0x00,0xfe,0x00,0x07,0xfe,0x01,0xff,0xfe,0x07,0xff,0xfe,0x1f,0xff,0xfe,0x3f,0xf0,0xfe,0x7f,
0x80,0xfe,0xfe,0x00,0xfe,0xfe,0x00,0xfe,0xfe,0x01,0xfe,0xff,0x03,0xfe,0xff,0xff,0xfe,0x7f,0xff,0xfe,0x7f,0xff,0xfe,0x3f,
0xfe,0x7e,0x0f,0xf8,0x7f,0x00,0x80,0x00,0x00,0x3c,0x00,0x00,0xff,0x00,0x01,0xff,0x80,0x01,0xff,0x80,0x03,0xe7,0xc0,0x03,
0xc3,0xc0,0x03,0xc3,0xc0,0x03,0xe7,0xc0,0x01,0xff,0x80,0x01,0xff,0x80,0x00,0xff,0x00,0x00,0x3e,0x00,0x00,0x00,0x00,0x00,
0x00,0x00,0x00,0x00,0x00,0x01,0xff,0xc0,0x07,0xff,0xf0,0x0f,0xff,0xf8,0x1f,0xff,0xfc,0x3f,0xff,0xfc,0x3f,0x01,0xfe,0x07,
0x00,0xfe,0x00,0x00,0xfe,0x00,0x00,0xfe,0x00,0x07,0xfe,0x01,0xff,0xfe,0x07,0xff,0xfe,0x1f,0xff,0xfe,0x3f,0xf0,0xfe,0x7f,
0x80,0xfe,0xfe,0x00,0xfe,0xfe,0x00,0xfe,0xfe,0x01,0xfe,0xff,0x03,0xfe,0xff,0xff,0xfe,0x7f,0xff,0xfe,0x7f,0xff,0xfe,0x3f,
0xfe,0x7e,0x0f,0xf8,0x7f,0x00,0x80,0x00,0x00,0x10,0x00,0x00,0x00,0x03,0xff,0x81,0xff,0x80,0x07,0xff,0xe7,0xff,0xe0,0x1f,
0xff,0xff,0xff,0xf0,0x3f,0xff,0xff,0xff,0xf8,0x3f,0xff,0xff,0xff,0xfc,0x1f,0x01,0xff,0x00,0xfc,0x02,0x00,0xfe,0x00,0x7e,
0x00,0x00,0xfe,0x00,0x7e,0x00,0x00,0xfc,0x00,0x7e,0x00,0x7f,0xff,0xff,0xff,0x07,0xff,0xff,0xff,0xff,0x1f,0xff,0xff,0xff,
0xff,0x3f,0xff,0xff,0xff,0xff,0x7f,0xc0,0xfc,0x00,0x00,0x7f,0x00,0xfc,0x00,0x00,0xfe,0x00,0xfe,0x00,0x00,0xfe,0x00,0xfe,
0x00,0x00,0xfe,0x01,0xff,0x00,0x00,0xff,0x03,0xff,0x80,0xf0,0xff,0xff,0xff,0xff,0xfc,0x7f,0xff,0xdf,0xff,0xfc,0x7f,0xff,
0x8f,0xff,0xf8,0x1f,0xff,0x07,0xff,0xe0,0x0f,0xfc,0x01,0xff,0x80,0x00,0xc0,0x00,0x08,0x00,0x00,0x10,0x00,0x01,0xff,0x80,
0x07,0xff,0xe0,0x0f,0xff,0xf0,0x1f,0xff,0xf8,0x3f,0xff,0xfc,0x7f,0x81,0xfc,0x7f,0x00,0xe0,0x7f,0x00,0x00,0xfe,0x00,0x00,
0xfe,0x00,0x00,0xfe,0x00,0x00,0xfe,0x00,0x00,0xfe,0x00,0x00,0xfe,0x00,0x00,0xfe,0x00,0x00,0xfe,0x00,0x00,0x7f,0x00,0x00,
0x7f,0x00,0xc0,0x7f,0x81,0xf8,0x3f,0xff,0xfc,0x1f,0xff,0xf8,0x1f,0xff,0xf0,0x07,0xff,0xe0,0x03,0xff,0x80,0x00,0x38,0x00,
0x00,0x30,0x00,0x00,0x7e,0x00,0x00,0x7f,0x00,0x00,0x0f,0x80,0x00,0x07,0x80,0x00,0x87,0x80,0x00,0xff,0x00,0x00,0xfe,0x00,
0x03,0xc0,0x00,0x00,0x03,0xe0,0x00,0x00,0x03,0xf0,0x00,0x00,0x03,0xf8,0x00,0x00,0x01,0xf8,0x00,0x00,0x00,0xfc,0x00,0x00,
0x00,0x3e,0x00,0x00,0x00,0x00,0x00,0x00,0x00,0x00,0x00,0x00,0x00,0x00,0x00,0x00,0x00,0x08,0x00,0x00,0x01,0xff,0xc0,0x00,
0x03,0xff,0xf0,0x00,0x0f,0xff,0xf8,0x00,0x1f,0xff,0xfc,0x00,0x3f,0xff,0xfe,0x00,0x3f,0x80,0xfe,0x00,0x7f,0x00,0x3f,0x00,
0x7e,0x00,0x3f,0x00,0xfe,0x00,0x3f,0x00,0xff,0xff,0xff,0x80,0xff,0xff,0xff,0x80,0xff,0xff,0xff,0x80,0xff,0xff,0xff,0x80,
0xff,0xff,0xff,0x80,0xfe,0x00,0x00,0x00,0xfe,0x00,0x00,0x00,0x7f,0x00,0x00,0x00,0x7f,0x00,0x00,0x00,0x3f,0x80,0x70,0x00,
0x3f,0xff,0xfe,0x00,0x1f,0xff,0xfe,0x00,0x0f,0xff,0xfc,0x00,0x07,0xff,0xf0,0x00,0x01,0xff,0xc0,0x00,0x00,0x0c,0x00,0x00,
0x00,0x00,0xf0,0x00,0x00,0x01,0xf0,0x00,0x00,0x03,0xf0,0x00,0x00,0x07,0xf0,0x00,0x00,0x07,0xe0,0x00,0x00,0x0f,0xc0,0x00,
0x00,0x1f,0x00,0x00,0x00,0x00,0x00,0x00,0x00,0x00,0x00,0x00,0x00,0x00,0x00,0x00,0x00,0x08,0x00,0x00,0x01,0xff,0xc0,0x00,
0x03,0xff,0xf0,0x00,0x0f,0xff,0xf8,0x00,0x1f,0xff,0xfc,0x00,0x3f,0xff,0xfe,0x00,0x3f,0x80,0xfe,0x00,0x7f,0x00,0x3f,0x00,
0x7e,0x00,0x3f,0x00,0xfe,0x00,0x3f,0x00,0xff,0xff,0xff,0x80,0xff,0xff,0xff,0x80,0xff,0xff,0xff,0x80,0xff,0xff,0xff,0x80,
0xff,0xff,0xff,0x80,0xfe,0x00,0x00,0x00,0xfe,0x00,0x00,0x00,0x7f,0x00,0x00,0x00,0x7f,0x00,0x00,0x00,0x3f,0x80,0x70,0x00,
0x3f,0xff,0xfe,0x00,0x1f,0xff,0xfe,0x00,0x0f,0xff,0xfc,0x00,0x07,0xff,0xf0,0x00,0x01,0xff,0xc0,0x00,0x00,0x0c,0x00,0x00,
0x00,0x1e,0x00,0x00,0x00,0x7f,0x80,0x00,0x00,0xff,0xc0,0x00,0x01,0xff,0xe0,0x00,0x03,0xf3,0xf0,0x00,0x07,0xe1,0xf8,0x00,
0x0f,0xc0,0xfc,0x00,0x00,0x00,0x00,0x00,0x00,0x00,0x00,0x00,0x00,0x00,0x00,0x00,0x00,0x08,0x00,0x00,0x01,0xff,0xc0,0x00,
0x03,0xff,0xf0,0x00,0x0f,0xff,0xf8,0x00,0x1f,0xff,0xfc,0x00,0x3f,0xff,0xfe,0x00,0x3f,0x80,0xfe,0x00,0x7f,0x00,0x3f,0x00,
0x7e,0x00,0x3f,0x00,0xfe,0x00,0x3f,0x00,0xff,0xff,0xff,0x80,0xff,0xff,0xff,0x80,0xff,0xff,0xff,0x80,0xff,0xff,0xff,0x80,
0xff,0xff,0xff,0x80,0xfe,0x00,0x00,0x00,0xfe,0x00,0x00,0x00,0x7f,0x00,0x00,0x00,0x7f,0x00,0x00,0x00,0x3f,0x80,0x70,0x00,
0x3f,0xff,0xfe,0x00,0x1f,0xff,0xfe,0x00,0x0f,0xff,0xfc,0x00,0x07,0xff,0xf0,0x00,0x01,0xff,0xc0,0x00,0x00,0x0c,0x00,0x00,
0x03,0x80,0xe0,0x00,0x07,0xc1,0xf0,0x00,0x0f,0xe3,0xf8,0x00,0x0f,0xe3,0xf8,0x00,0x0f,0xe3,0xf8,0x00,0x07,0xc1,0xf0,0x00,
0x03,0x80,0xe0,0x00,0x00,0x00,0x00,0x00,0x00,0x00,0x00,0x00,0x00,0x00,0x00,0x00,0x00,0x08,0x00,0x00,0x01,0xff,0xc0,0x00,
0x03,0xff,0xf0,0x00,0x0f,0xff,0xf8,0x00,0x1f,0xff,0xfc,0x00,0x3f,0xff,0xfe,0x00,0x3f,0x00,0xfe,0x00,0x7e,0x00,0x7f,0x00,
0x7e,0x00,0x3f,0x00,0xfc,0x00,0x3f,0x00,0xff,0xff,0xff,0x80,0xff,0xff,0xff,0x80,0xff,0xff,0xff,0x80,0xff,0xff,0xff,0x80,
0xff,0xff,0xff,0x80,0xfc,0x00,0x00,0x00,0xfe,0x00,0x00,0x00,0x7e,0x00,0x00,0x00,0x7f,0x00,0x00,0x00,0x3f,0x80,0xf0,0x00,
0x3f,0xff,0xfe,0x00,0x1f,0xff,0xfc,0x00,0x0f,0xff,0xf8,0x00,0x07,0xff,0xf0,0x00,0x01,0xff,0xc0,0x00,0x00,0x0c,0x00,0x00,
0xf8,0x00,0xf8,0x00,0xfc,0x00,0xfe,0x00,0x7f,0x00,0x1f,0x00,0x0f,0x80,0x00,0x00,0x00,0x00,0x00,0x00,0x00,0x00,0xff,0xe0,
0xff,0xe0,0xff,0xe0,0xff,0xe0,0xff,0xe0,0x0f,0xe0,0x0f,0xe0,0x0f,0xe0,0x0f,0xe0,0x0f,0xe0,0x0f,0xe0,0x0f,0xe0,0x0f,0xe0,
0x0f,0xe0,0x0f,0xe0,0x0f,0xe0,0x0f,0xe0,0x0f,0xe0,0x0f,0xe0,0x0f,0xe0,0x0f,0xe0,0x0f,0xe0,0x0f,0xe0,0x0f,0xe0,0x00,0x10,
0x00,0x3c,0x00,0x7c,0x00,0xfc,0x01,0xfc,0x01,0xf8,0x03,0xf0,0x07,0xe0,0x00,0x00,0x00,0x00,0x00,0x00,0x00,0x00,0xff,0xe0,
0xff,0xe0,0xff,0xe0,0xff,0xe0,0xff,0xe0,0x0f,0xe0,0x0f,0xe0,0x0f,0xe0,0x0f,0xe0,0x0f,0xe0,0x0f,0xe0,0x0f,0xe0,0x0f,0xe0,
0x0f,0xe0,0x0f,0xe0,0x0f,0xe0,0x0f,0xe0,0x0f,0xe0,0x0f,0xe0,0x0f,0xe0,0x0f,0xe0,0x0f,0xe0,0x0f,0xe0,0x0f,0xe0,0x01,0xe0,
0x00,0x03,0xf8,0x00,0x0f,0xfc,0x00,0x1f,0xfe,0x00,0x3f,0x3f,0x00,0x7e,0x1f,0x80,0xfc,0x0f,0xc0,0x00,0x00,0x00,0x00,0x00,
0x00,0x00,0x00,0x00,0x00,0x00,0x00,0x3f,0xf8,0x00,0x3f,0xf8,0x00,0x3f,0xf8,0x00,0x3f,0xf8,0x00,0x3f,0xf8,0x00,0x03,0xf8,
0x00,0x03,0xf8,0x00,0x03,0xf8,0x00,0x03,0xf8,0x00,0x03,0xf8,0x00,0x03,0xf8,0x00,0x03,0xf8,0x00,0x03,0xf8,0x00,0x03,0xf8,
0x00,0x03,0xf8,0x00,0x03,0xf8,0x00,0x03,0xf8,0x00,0x03,0xf8,0x00,0x03,0xf8,0x00,0x03,0xf8,0x00,0x03,0xf8,0x00,0x03,0xf8,
0x00,0x03,0xf8,0x00,0x03,0xf8,0x00,0x38,0x0e,0x00,0x7c,0x1f,0x00,0xfe,0x3f,0x80,0xfe,0x3f,0x80,0xfe,0x3f,0x80,0x7c,0x1f,
0x00,0x38,0x0e,0x00,0x00,0x00,0x00,0x00,0x00,0x00,0x00,0x00,0x00,0x00,0x00,0x00,0x7f,0xf0,0x00,0x7f,0xf0,0x00,0x7f,0xf0,
0x00,0x7f,0xf0,0x00,0x7f,0xf0,0x00,0x07,0xf0,0x00,0x07,0xf0,0x00,0x07,0xf0,0x00,0x07,0xf0,0x00,0x07,0xf0,0x00,0x07,0xf0,
0x00,0x07,0xf0,0x00,0x07,0xf0,0x00,0x07,0xf0,0x00,0x07,0xf0,0x00,0x07,0xf0,0x00,0x07,0xf0,0x00,0x07,0xf0,0x00,0x07,0xf0,
0x00,0x07,0xf0,0x00,0x07,0xf0,0x00,0x07,0xf0,0x00,0x07,0xf0,0x00,0x07,0xf0,0x00,0x01,0xf0,0x30,0x00,0x01,0xfe,0x78,0x00,
0x01,0xff,0xf0,0x00,0x01,0xff,0xe0,0x00,0x01,0xff,0xf0,0x00,0x00,0x1f,0xf8,0x00,0x00,0x0f,0xfc,0x00,0x00,0x1f,0xfc,0x00,
0x00,0x3c,0xfe,0x00,0x00,0x3c,0xfe,0x00,0x00,0x18,0x7f,0x00,0x00,0x00,0x7f,0x00,0x00,0x00,0x3f,0x00,0x00,0xfe,0x3f,0x00,
0x07,0xff,0xbf,0x80,0x0f,0xff,0xff,0x80,0x1f,0xff,0xff,0x80,0x3f,0xff,0xff,0x80,0x7f,0xc1,0xff,0x80,0x7f,0x80,0xff,0x80,
0x7f,0x00,0x7f,0x80,0xfe,0x00,0x3f,0x80,0xfe,0x00,0x3f,0x80,0xfe,0x00,0x3f,0x80,0xfe,0x00,0x3f,0x80,0xfe,0x00,0x3f,0x00,
0xfe,0x00,0x3f,0x00,0xff,0x00,0x7f,0x00,0x7f,0x00,0x7e,0x00,0x7f,0x80,0xfe,0x00,0x3f,0xff,0xfc,0x00,0x1f,0xff,0xfc,0x00,
0x0f,0xff,0xf8,0x00,0x07,0xff,0xe0,0x00,0x01,0xff,0xc0,0x00,0x00,0x08,0x00,0x00,0x03,0xc0,0x60,0x0f,0xf0,0xe0,0x0f,0xff,
0xe0,0x1f,0xff,0xe0,0x1e,0x3f,0xc0,0x3e,0x0f,0x80,0x00,0x00,0x00,0x00,0x00,0x00,0x00,0x00,0x00,0x00,0x00,0x00,0xfc,0x3f,
0xe0,0xfc,0xff,0xf0,0xff,0xff,0xf8,0xff,0xff,0xf8,0xff,0xff,0xf8,0xff,0x83,0xfc,0xff,0x03,0xfc,0xfe,0x01,0xfc,0xfe,0x01,
0xfc,0xfe,0x01,0xfc,0xfe,0x01,0xfc,0xfe,0x01,0xfc,0xfe,0x01,0xfc,0xfe,0x01,0xfc,0xfe,0x01,0xfc,0xfe,0x01,0xfc,0xfe,0x01,
0xfc,0xfe,0x01,0xfc,0xfe,0x01,0xfc,0xfe,0x01,0xfc,0xfe,0x01,0xfc,0xfe,0x01,0xfc,0xfe,0x01,0xfc,0xfe,0x01,0xfc,0x03,0xc0,
0x00,0x00,0x07,0xe0,0x00,0x00,0x07,0xe0,0x00,0x00,0x03,0xf0,0x00,0x00,0x01,0xf8,0x00,0x00,0x00,0xfc,0x00,0x00,0x00,0x7e,
0x00,0x00,0x00,0x00,0x00,0x00,0x00,0x00,0x00,0x00,0x00,0x00,0x00,0x00,0x00,0x08,0x00,0x00,0x01,0xff,0xc0,0x00,0x07,0xff,
0xf0,0x00,0x0f,0xff,0xf8,0x00,0x1f,0xff,0xfc,0x00,0x3f,0xff,0xfe,0x00,0x7f,0x80,0xff,0x00,0x7f,0x00,0x7f,0x00,0x7f,0x00,
0x7f,0x00,0xfe,0x00,0x3f,0x80,0xfe,0x00,0x3f,0x80,0xfe,0x00,0x3f,0x80,0xfe,0x00,0x3f,0x80,0xfe,0x00,0x3f,0x80,0xfe,0x00,
0x3f,0x80,0xfe,0x00,0x3f,0x80,0xfe,0x00,0x3f,0x80,0x7f,0x00,0x7f,0x00,0x7f,0x00,0x7f,0x00,0x7f,0x80,0xfe,0x00,0x3f,0xff,
0xfe,0x00,0x1f,0xff,0xfc,0x00,0x0f,0xff,0xf8,0x00,0x07,0xff,0xf0,0x00,0x01,0xff,0xc0,0x00,0x00,0x08,0x00,0x00,0x00,0x01,
0xe0,0x00,0x00,0x03,0xf0,0x00,0x00,0x03,0xf0,0x00,0x00,0x07,0xe0,0x00,0x00,0x0f,0xc0,0x00,0x00,0x1f,0x80,0x00,0x00,0x1f,
0x00,0x00,0x00,0x00,0x00,0x00,0x00,0x00,0x00,0x00,0x00,0x00,0x00,0x00,0x00,0x08,0x00,0x00,0x01,0xff,0xc0,0x00,0x07,0xff,
0xf0,0x00,0x0f,0xff,0xf8,0x00,0x1f,0xff,0xfc,0x00,0x3f,0xff,0xfe,0x00,0x7f,0x80,0xff,0x00,0x7f,0x00,0x7f,0x00,0x7f,0x00,
0x7f,0x00,0xfe,0x00,0x3f,0x80,0xfe,0x00,0x3f,0x80,0xfe,0x00,0x3f,0x80,0xfe,0x00,0x3f,0x80,0xfe,0x00,0x3f,0x80,0xfe,0x00,
0x3f,0x80,0xfe,0x00,0x3f,0x80,0xfe,0x00,0x3f,0x80,0x7f,0x00,0x7f,0x00,0x7f,0x00,0x7f,0x00,0x7f,0x80,0xfe,0x00,0x3f,0xff,
0xfe,0x00,0x1f,0xff,0xfc,0x00,0x0f,0xff,0xf8,0x00,0x07,0xff,0xf0,0x00,0x01,0xff,0xc0,0x00,0x00,0x08,0x00,0x00,0x00,0x08,
0x00,0x00,0x00,0x3e,0x00,0x00,0x00,0x7f,0x00,0x00,0x00,0xff,0x80,0x00,0x01,0xff,0xc0,0x00,0x03,0xe7,0xe0,0x00,0x0f,0xc1,
0xf8,0x00,0x1f,0x80,0xfc,0x00,0x00,0x00,0x00,0x00,0x00,0x00,0x00,0x00,0x00,0x00,0x00,0x00,0x00,0x08,0x00,0x00,0x01,0xff,
0xc0,0x00,0x07,0xff,0xf0,0x00,0x0f,0xff,0xf8,0x00,0x1f,0xff,0xfc,0x00,0x3f,0xff,0xfe,0x00,0x7f,0x80,0xff,0x00,0x7f,0x00,
0x7f,0x00,0x7f,0x00,0x7f,0x00,0xfe,0x00,0x3f,0x80,0xfe,0x00,0x3f,0x80,0xfe,0x00,0x3f,0x80,0xfe,0x00,0x3f,0x80,0xfe,0x00,
0x3f,0x80,0xfe,0x00,0x3f,0x80,0xfe,0x00,0x3f,0x80,0xfe,0x00,0x3f,0x80,0x7f,0x00,0x7f,0x00,0x7f,0x00,0x7f,0x00,0x7f,0x80,
0xfe,0x00,0x3f,0xff,0xfe,0x00,0x1f,0xff,0xfc,0x00,0x0f,0xff,0xf8,0x00,0x07,0xff,0xf0,0x00,0x01,0xff,0xc0,0x00,0x00,0x08,
0x00,0x00,0x00,0xf0,0x30,0x00,0x03,0xf8,0x78,0x00,0x07,0xff,0xf8,0x00,0x0f,0xff,0xf8,0x00,0x0f,0x8f,0xf0,0x00,0x0f,0x07,
0xc0,0x00,0x00,0x00,0x00,0x00,0x00,0x00,0x00,0x00,0x00,0x00,0x00,0x00,0x00,0x08,0x00,0x00,0x01,0xff,0xc0,0x00,0x07,0xff,
0xf0,0x00,0x0f,0xff,0xf8,0x00,0x1f,0xff,0xfc,0x00,0x3f,0xff,0xfe,0x00,0x7f,0x80,0xff,0x00,0x7f,0x00,0x7f,0x00,0x7f,0x00,
0x7f,0x00,0xfe,0x00,0x3f,0x80,0xfe,0x00,0x3f,0x80,0xfe,0x00,0x3f,0x80,0xfe,0x00,0x3f,0x80,0xfe,0x00,0x3f,0x80,0xfe,0x00,
0x3f,0x80,0xfe,0x00,0x3f,0x80,0xfe,0x00,0x3f,0x80,0x7f,0x00,0x7f,0x00,0x7f,0x00,0x7f,0x00,0x7f,0x80,0xfe,0x00,0x3f,0xff,
0xfe,0x00,0x1f,0xff,0xfc,0x00,0x0f,0xff,0xf8,0x00,0x07,0xff,0xf0,0x00,0x01,0xff,0xc0,0x00,0x00,0x08,0x00,0x00,0x03,0x80,
0xe0,0x00,0x07,0xc1,0xf0,0x00,0x0f,0xe3,0xf8,0x00,0x0f,0xe3,0xf8,0x00,0x0f,0xe3,0xf8,0x00,0x07,0xc1,0xf0,0x00,0x03,0x80,
0xe0,0x00,0x00,0x00,0x00,0x00,0x00,0x00,0x00,0x00,0x00,0x00,0x00,0x00,0x00,0x08,0x00,0x00,0x01,0xff,0xc0,0x00,0x07,0xff,
0xf0,0x00,0x0f,0xff,0xf8,0x00,0x1f,0xff,0xfc,0x00,0x3f,0xff,0xfe,0x00,0x7f,0x80,0xff,0x00,0x7f,0x00,0x7f,0x00,0x7f,0x00,
0x7f,0x00,0xfe,0x00,0x3f,0x80,0xfe,0x00,0x3f,0x80,0xfe,0x00,0x3f,0x80,0xfe,0x00,0x3f,0x80,0xfe,0x00,0x3f,0x80,0xfe,0x00,
0x3f,0x80,0xfe,0x00,0x3f,0x80,0xfe,0x00,0x3f,0x80,0x7f,0x00,0x7f,0x00,0x7f,0x00,0x7f,0x00,0x7f,0x80,0xfe,0x00,0x3f,0xff,
0xfe,0x00,0x1f,0xff,0xfc,0x00,0x0f,0xff,0xf8,0x00,0x07,0xff,0xf0,0x00,0x01,0xff,0xc0,0x00,0x00,0x08,0x00,0x00,0x00,0x08,
0x00,0x00,0x3e,0x00,0x00,0x7f,0x00,0x00,0x7f,0x00,0x00,0x7f,0x00,0x00,0x7f,0x00,0x00,0x3e,0x00,0x00,0x08,0x00,0x00,0x00,
0x00,0x00,0x00,0x00,0xff,0xff,0xff,0xff,0xff,0xff,0xff,0xff,0xff,0xff,0xff,0xff,0xff,0xff,0xff,0xff,0xff,0xff,0x00,0x00,
0x00,0x00,0x00,0x00,0x00,0x08,0x00,0x00,0x3e,0x00,0x00,0x7f,0x00,0x00,0x7f,0x00,0x00,0x7f,0x00,0x00,0x7f,0x00,0x00,0x3e,
0x00,0x00,0x08,0x00,0x00,0x00,0x04,0x00,0x01,0xff,0xcf,0x00,0x07,0xff,0xff,0x00,0x0f,0xff,0xfe,0x00,0x1f,0xff,0xfc,0x00,
0x3f,0xff,0xfe,0x00,0x7f,0x80,0xff,0x00,0x7f,0x01,0xff,0x00,0x7f,0x03,0xff,0x00,0xfe,0x07,0xff,0x80,0xfe,0x0f,0xbf,0x80,
0xfe,0x0f,0x3f,0x80,0xfe,0x1e,0x3f,0x80,0xfe,0x3c,0x3f,0x80,0xfe,0x78,0x3f,0x80,0xfe,0xf8,0x3f,0x80,0xff,0xf0,0x3f,0x80,
0x7f,0xe0,0x7f,0x00,0x7f,0xc0,0x7f,0x00,0x7f,0x80,0xff,0x00,0x3f,0xff,0xfe,0x00,0x1f,0xff,0xfc,0x00,0x3f,0xff,0xf8,0x00,
0x7f,0xff,0xf0,0x00,0x79,0xff,0xc0,0x00,0x10,0x08,0x00,0x00,0x0f,0x00,0x00,0x0f,0x80,0x00,0x0f,0xc0,0x00,0x0f,0xe0,0x00,
0x07,0xe0,0x00,0x01,0xf0,0x00,0x00,0xf8,0x00,0x00,0x00,0x00,0x00,0x00,0x00,0x00,0x00,0x00,0x00,0x00,0x00,0xfe,0x01,0xfc,
0xfe,0x01,0xfc,0xfe,0x01,0xfc,0xfe,0x01,0xfc,0xfe,0x01,0xfc,0xfe,0x01,0xfc,0xfe,0x01,0xfc,0xfe,0x01,0xfc,0xfe,0x01,0xfc,
0xfe,0x01,0xfc,0xfe,0x01,0xfc,0xfe,0x01,0xfc,0xfe,0x01,0xfc,0xfe,0x01,0xfc,0xfe,0x01,0xfc,0xfe,0x01,0xfc,0xfe,0x01,0xfc,
0xfe,0x03,0xfc,0xff,0x07,0xfc,0x7f,0xff,0xfc,0x7f,0xff,0xfc,0x7f,0xfd,0xfc,0x3f,0xfc,0xfc,0x1f,0xf0,0xfc,0x00,0x80,0x00,
0x00,0x03,0xc0,0x00,0x07,0xc0,0x00,0x0f,0xc0,0x00,0x1f,0xc0,0x00,0x1f,0x80,0x00,0x3e,0x00,0x00,0x7c,0x00,0x00,0x00,0x00,
0x00,0x00,0x00,0x00,0x00,0x00,0x00,0x00,0x00,0xfe,0x01,0xfc,0xfe,0x01,0xfc,0xfe,0x01,0xfc,0xfe,0x01,0xfc,0xfe,0x01,0xfc,
0xfe,0x01,0xfc,0xfe,0x01,0xfc,0xfe,0x01,0xfc,0xfe,0x01,0xfc,0xfe,0x01,0xfc,0xfe,0x01,0xfc,0xfe,0x01,0xfc,0xfe,0x01,0xfc,
0xfe,0x01,0xfc,0xfe,0x01,0xfc,0xfe,0x01,0xfc,0xfe,0x01,0xfc,0xfe,0x03,0xfc,0xff,0x07,0xfc,0x7f,0xff,0xfc,0x7f,0xff,0xfc,
0x7f,0xfd,0xfc,0x3f,0xfc,0xfc,0x1f,0xf0,0xfc,0x00,0x80,0x00,0x00,0x7c,0x00,0x01,0xfe,0x00,0x03,0xff,0x00,0x07,0xff,0x80,
0x0f,0xcf,0xc0,0x1f,0x87,0xe0,0x3f,0x03,0xf0,0x00,0x00,0x00,0x00,0x00,0x00,0x00,0x00,0x00,0x00,0x00,0x00,0xfe,0x01,0xfc,
0xfe,0x01,0xfc,0xfe,0x01,0xfc,0xfe,0x01,0xfc,0xfe,0x01,0xfc,0xfe,0x01,0xfc,0xfe,0x01,0xfc,0xfe,0x01,0xfc,0xfe,0x01,0xfc,
0xfe,0x01,0xfc,0xfe,0x01,0xfc,0xfe,0x01,0xfc,0xfe,0x01,0xfc,0xfe,0x01,0xfc,0xfe,0x01,0xfc,0xfe,0x01,0xfc,0xfe,0x01,0xfc,
0xfe,0x03,0xfc,0xff,0x07,0xfc,0x7f,0xff,0xfc,0x7f,0xff,0xfc,0x7f,0xfd,0xfc,0x3f,0xfc,0xfc,0x1f,0xf0,0xfc,0x00,0x80,0x00,
0x07,0x03,0x80,0x0f,0x87,0xc0,0x1f,0xcf,0xe0,0x1f,0xcf,0xe0,0x1f,0xcf,0xe0,0x0f,0x87,0xc0,0x07,0x03,0x80,0x00,0x00,0x00,
0x00,0x00,0x00,0x00,0x00,0x00,0x00,0x00,0x00,0xfe,0x01,0xfc,0xfe,0x01,0xfc,0xfe,0x01,0xfc,0xfe,0x01,0xfc,0xfe,0x01,0xfc,
0xfe,0x01,0xfc,0xfe,0x01,0xfc,0xfe,0x01,0xfc,0xfe,0x01,0xfc,0xfe,0x01,0xfc,0xfe,0x01,0xfc,0xfe,0x01,0xfc,0xfe,0x01,0xfc,
0xfe,0x01,0xfc,0xfe,0x01,0xfc,0xfe,0x01,0xfc,0xfe,0x01,0xfc,0xfe,0x03,0xfc,0xff,0x07,0xfc,0x7f,0xff,0xfc,0x7f,0xff,0xfc,
0x7f,0xfd,0xfc,0x3f,0xfc,0xfc,0x1f,0xf0,0xfc,0x00,0x80,0x00,0x00,0x01,0xe0,0x00,0x03,0xe0,0x00,0x07,0xe0,0x00,0x07,0xe0,
0x00,0x0f,0xc0,0x00,0x1f,0x80,0x00,0x3f,0x00,0x00,0x00,0x00,0x00,0x00,0x00,0x00,0x00,0x00,0x00,0x00,0x00,0xff,0x00,0x7f,
0x7f,0x00,0x7f,0x7f,0x00,0xfe,0x3f,0x80,0xfe,0x3f,0x80,0xfe,0x3f,0x81,0xfc,0x1f,0xc1,0xfc,0x1f,0xc1,0xfc,0x1f,0xc1,0xf8,
0x0f,0xc3,0xf8,0x0f,0xe3,0xf0,0x07,0xe3,0xf0,0x07,0xe7,0xf0,0x07,0xf7,0xe0,0x03,0xf7,0xe0,0x03,0xff,0xe0,0x03,0xff,0xc0,
0x01,0xff,0xc0,0x01,0xff,0xc0,0x00,0xff,0x80,0x00,0xff,0x80,0x00,0xff,0x00,0x00,0x7f,0x00,0x00,0x7f,0x00,0x00,0x7e,0x00,
0x00,0x7e,0x00,0x00,0xfc,0x00,0x1f,0xfc,0x00,0x1f,0xfc,0x00,0x1f,0xf8,0x00,0x1f,0xf0,0x00,0x1f,0xc0,0x00,0xfe,0x00,0x00,
0xfe,0x00,0x00,0xfe,0x00,0x00,0xfe,0x00,0x00,0xfe,0x00,0x00,0xfe,0x00,0x00,0xfe,0x00,0x00,0xfe,0x00,0x00,0xfe,0x00,0x00,
0xfe,0x00,0x00,0xfe,0x3f,0xc0,0xfe,0x7f,0xf0,0xfe,0xff,0xf8,0xff,0xff,0xfc,0xff,0xff,0xfc,0xff,0x81,0xfe,0xff,0x01,0xfe,
0xfe,0x00,0xfe,0xfe,0x00,0xff,0xfe,0x00,0x7f,0xfe,0x00,0x7f,0xfe,0x00,0x7f,0xfe,0x00,0x7f,0xfe,0x00,0x7f,0xfe,0x00,0x7f,
0xfe,0x00,0x7f,0xff,0x00,0xfe,0xff,0x00,0xfe,0xff,0x81,0xfe,0xff,0xff,0xfc,0xff,0xff,0xfc,0xfe,0xff,0xf8,0xfe,0xff,0xf0,
0xfe,0x3f,0xc0,0xfe,0x02,0x00,0xfe,0x00,0x00,0xfe,0x00,0x00,0xfe,0x00,0x00,0xfe,0x00,0x00,0xfe,0x00,0x00,0xfe,0x00,0x00,
0xfe,0x00,0x00,0x03,0x80,0xe0,0x00,0x07,0xc1,0xf0,0x00,0x0f,0xe3,0xf8,0x00,0x0f,0xe3,0xf8,0x00,0x0f,0xe3,0xf8,0x00,0x07,
0xc1,0xf0,0x00,0x03,0x80,0xe0,0x00,0x00,0x00,0x00,0x00,0x00,0x00,0x00,0x00,0x00,0x00,0x00,0x00,0x00,0x00,0x00,0x00,0xff,
0x00,0x7f,0x80,0x7f,0x00,0x7f,0x00,0x7f,0x00,0x7f,0x00,0x3f,0x80,0xfe,0x00,0x3f,0x80,0xfe,0x00,0x3f,0x80,0xfe,0x00,0x1f,
0xc1,0xfc,0x00,0x1f,0xc1,0xfc,0x00,0x0f,0xc1,0xfc,0x00,0x0f,0xe1,0xf8,0x00,0x0f,0xe3,0xf8,0x00,0x07,0xe3,0xf0,0x00,0x07,
0xf3,0xf0,0x00,0x07,0xf7,0xf0,0x00,0x03,0xf7,0xe0,0x00,0x03,0xff,0xe0,0x00,0x01,0xff,0xe0,0x00,0x01,0xff,0xc0,0x00,0x01,
0xff,0xc0,0x00,0x00,0xff,0x80,0x00,0x00,0xff,0x80,0x00,0x00,0xff,0x80,0x00,0x00,0x7f,0x00,0x00,0x00,0x7f,0x00,0x00,0x00,
0x7f,0x00,0x00,0x00,0x7e,0x00,0x00,0x00,0xfe,0x00,0x00,0x1f,0xfc,0x00,0x00,0x1f,0xfc,0x00,0x00,0x1f,0xf8,0x00,0x00,0x1f,
0xf0,0x00,0x00,0x1f,0xc0,0x00,0x00,0x00,0x7f,0xfe,0x00,0x00,0x7f,0xfe,0x00,0x00,0x7f,0xfe,0x00,0x00,0x7f,0xfe,0x00,0x00,
0x7f,0xfe,0x00,0x00,0x00,0x00,0x00,0x00,0x00,0x00,0x00,0x00,0x00,0x00,0x00,0x00,0x00,0x00,0x00,0x00,0x0f,0xf0,0x00,0x00,
0x0f,0xf0,0x00,0x00,0x1f,0xf8,0x00,0x00,0x1f,0xf8,0x00,0x00,0x1f,0xfc,0x00,0x00,0x3f,0xfc,0x00,0x00,0x3f,0xfc,0x00,0x00,
0x7f,0xfe,0x00,0x00,0x7f,0xfe,0x00,0x00,0x7e,0x7e,0x00,0x00,0xfe,0x7f,0x00,0x00,0xfe,0x7f,0x00,0x00,0xfc,0x3f,0x00,0x01,
0xfc,0x3f,0x80,0x01,0xfc,0x3f,0x80,0x01,0xf8,0x1f,0xc0,0x03,0xf8,0x1f,0xc0,0x03,0xf8,0x1f,0xc0,0x07,0xf0,0x0f,0xe0,0x07,
0xf0,0x0f,0xe0,0x07,0xf0,0x0f,0xe0,0x0f,0xff,0xff,0xf0,0x0f,0xff,0xff,0xf0,0x0f,0xff,0xff,0xf0,0x1f,0xff,0xff,0xf8,0x1f,
0xff,0xff,0xf8,0x3f,0xff,0xff,0xfc,0x3f,0xc0,0x03,0xfc,0x3f,0x80,0x01,0xfc,0x7f,0x80,0x01,0xfe,0x7f,0x80,0x01,0xfe,0x7f,
0x00,0x00,0xfe,0xff,0x00,0x00,0xff,0x07,0xff,0xe0,0x07,0xff,0xe0,0x07,0xff,0xe0,0x07,0xff,0xe0,0x07,0xff,0xe0,0x00,0x00,
0x00,0x00,0x00,0x00,0x00,0x00,0x00,0x00,0x00,0x00,0x01,0xff,0xc0,0x07,0xff,0xf0,0x0f,0xff,0xf8,0x1f,0xff,0xfc,0x3f,0xff,
0xfc,0x3f,0x01,0xfe,0x07,0x00,0xfe,0x00,0x00,0xfe,0x00,0x00,0xfe,0x00,0x07,0xfe,0x01,0xff,0xfe,0x07,0xff,0xfe,0x1f,0xff,
0xfe,0x3f,0xf0,0xfe,0x7f,0x80,0xfe,0xfe,0x00,0xfe,0xfe,0x00,0xfe,0xfe,0x01,0xfe,0xff,0x03,0xfe,0xff,0xff,0xfe,0x7f,0xff,
0xfe,0x7f,0xff,0xfe,0x3f,0xfe,0x7e,0x0f,0xf8,0x7f,0x00,0x80,0x00,0x00,0x78,0x1e,0x00,0x00,0x3e,0x3e,0x00,0x00,0x3f,0xfe,
0x00,0x00,0x1f,0xfc,0x00,0x00,0x0f,0xf8,0x00,0x00,0x07,0xe0,0x00,0x00,0x00,0x00,0x00,0x00,0x00,0x00,0x00,0x00,0x00,0x00,
0x00,0x00,0x0f,0xf0,0x00,0x00,0x0f,0xf8,0x00,0x00,0x0f,0xf8,0x00,0x00,0x1f,0xf8,0x00,0x00,0x1f,0xfc,0x00,0x00,0x3f,0xfc,
0x00,0x00,0x3f,0xfe,0x00,0x00,0x3f,0xfe,0x00,0x00,0x7f,0x7e,0x00,0x00,0x7f,0x7f,0x00,0x00,0x7e,0x7f,0x00,0x00,0xfe,0x3f,
0x00,0x00,0xfe,0x3f,0x80,0x01,0xfc,0x3f,0x80,0x01,0xfc,0x1f,0x80,0x01,0xfc,0x1f,0xc0,0x03,0xf8,0x1f,0xc0,0x03,0xf8,0x0f,
0xe0,0x03,0xf8,0x0f,0xe0,0x07,0xf0,0x0f,0xe0,0x07,0xf0,0x07,0xf0,0x07,0xff,0xff,0xf0,0x0f,0xff,0xff,0xf0,0x0f,0xff,0xff,
0xf8,0x1f,0xff,0xff,0xf8,0x1f,0xff,0xff,0xfc,0x1f,0xff,0xff,0xfc,0x3f,0xc0,0x01,0xfc,0x3f,0x80,0x01,0xfe,0x3f,0x80,0x01,
0xfe,0x7f,0x80,0x00,0xfe,0x7f,0x00,0x00,0xff,0xff,0x00,0x00,0xff,0x07,0x81,0xe0,0x07,0xc3,0xe0,0x03,0xff,0xc0,0x03,0xff,
0xc0,0x01,0xff,0x80,0x00,0x7e,0x00,0x00,0x00,0x00,0x00,0x00,0x00,0x00,0x00,0x00,0x00,0x00,0x00,0x01,0xff,0xc0,0x07,0xff,
0xf0,0x0f,0xff,0xf8,0x1f,0xff,0xfc,0x3f,0xff,0xfc,0x3f,0x01,0xfe,0x07,0x00,0xfe,0x00,0x00,0xfe,0x00,0x00,0xfe,0x00,0x07,
0xfe,0x01,0xff,0xfe,0x07,0xff,0xfe,0x1f,0xff,0xfe,0x3f,0xf0,0xfe,0x7f,0x80,0xfe,0xfe,0x00,0xfe,0xfe,0x00,0xfe,0xfe,0x01,
0xfe,0xff,0x03,0xfe,0xff,0xff,0xfe,0x7f,0xff,0xfe,0x7f,0xff,0xfe,0x3f,0xfe,0x7e,0x0f,0xf8,0x7f,0x00,0x80,0x00,0x00,0x0f,
0xf0,0x00,0x00,0x0f,0xf0,0x00,0x00,0x1f,0xf8,0x00,0x00,0x1f,0xf8,0x00,0x00,0x1f,0xfc,0x00,0x00,0x3f,0xfc,0x00,0x00,0x3f,
0xfc,0x00,0x00,0x7f,0xfe,0x00,0x00,0x7f,0xfe,0x00,0x00,0x7e,0x7e,0x00,0x00,0xfe,0x7f,0x00,0x00,0xfe,0x7f,0x00,0x00,0xfc,
0x3f,0x80,0x01,0xfc,0x3f,0x80,0x01,0xfc,0x3f,0x80,0x03,0xf8,0x1f,0xc0,0x03,0xf8,0x1f,0xc0,0x03,0xf8,0x1f,0xc0,0x07,0xf0,
0x0f,0xe0,0x07,0xf0,0x0f,0xe0,0x07,0xf0,0x0f,0xe0,0x0f,0xff,0xff,0xf0,0x0f,0xff,0xff,0xf0,0x0f,0xff,0xff,0xf8,0x1f,0xff,
0xff,0xf8,0x1f,0xff,0xff,0xf8,0x3f,0xff,0xff,0xfc,0x3f,0xc0,0x01,0xfc,0x3f,0x80,0x01,0xfc,0x7f,0x80,0x01,0xfe,0x7f,0x80,
0x00,0xfe,0x7f,0x00,0x00,0xfe,0xff,0x00,0x00,0xff,0x00,0x00,0x00,0xfc,0x00,0x00,0x01,0xf8,0x00,0x00,0x03,0xf0,0x00,0x00,
0x03,0xf0,0x00,0x00,0x03,0xf0,0x00,0x00,0x03,0xff,0x00,0x00,0x01,0xff,0x00,0x00,0x00,0x7f,0x01,0xff,0xc0,0x07,0xff,0xf0,
0x0f,0xff,0xf8,0x1f,0xff,0xfc,0x3f,0xff,0xfc,0x3f,0x01,0xfe,0x07,0x00,0xfe,0x00,0x00,0xfe,0x00,0x00,0xfe,0x00,0x07,0xfe,
0x01,0xff,0xfe,0x07,0xff,0xfe,0x1f,0xff,0xfe,0x3f,0xf0,0xfe,0x7f,0x80,0xfe,0xfe,0x00,0xfe,0xfe,0x00,0xfe,0xfe,0x01,0xfe,
0xff,0x03,0xfe,0xff,0xff,0xfe,0x7f,0xff,0xfe,0x7f,0xff,0xfe,0x3f,0xfe,0x7e,0x0f,0xf8,0x7e,0x00,0x81,0xfc,0x00,0x03,0xf0,
0x00,0x07,0xe0,0x00,0x07,0xe0,0x00,0x07,0xe0,0x00,0x07,0xff,0x00,0x03,0xff,0x00,0x00,0xff,0x00,0x00,0x1e,0x00,0x00,0x00,
0x3e,0x00,0x00,0x00,0x7e,0x00,0x00,0x00,0xfe,0x00,0x00,0x01,0xfc,0x00,0x00,0x03,0xf8,0x00,0x00,0x07,0xe0,0x00,0x00,0x00,
0x00,0x00,0x00,0x00,0x00,0x00,0x00,0x00,0x00,0x00,0x00,0x3f,0xfc,0x00,0x00,0xff,0xff,0x00,0x03,0xff,0xff,0x80,0x07,0xff,
0xff,0xc0,0x0f,0xff,0xff,0xe0,0x1f,0xff,0xff,0xf0,0x3f,0xf0,0x0f,0xf8,0x3f,0xc0,0x07,0xf0,0x7f,0x80,0x03,0x80,0x7f,0x80,
0x00,0x00,0x7f,0x00,0x00,0x00,0x7f,0x00,0x00,0x00,0xfe,0x00,0x00,0x00,0xfe,0x00,0x00,0x00,0xfe,0x00,0x00,0x00,0xfe,0x00,
0x00,0x00,0xfe,0x00,0x00,0x00,0xfe,0x00,0x00,0x00,0xfe,0x00,0x00,0x00,0xfe,0x00,0x00,0x00,0xfe,0x00,0x00,0x00,0xff,0x00,
0x00,0x00,0x7f,0x00,0x00,0x00,0x7f,0x80,0x00,0x00,0x7f,0x80,0x01,0xc0,0x3f,0xc0,0x03,0xf0,0x3f,0xf0,0x0f,0xf8,0x1f,0xff,
0xff,0xf0,0x0f,0xff,0xff,0xe0,0x07,0xff,0xff,0xc0,0x03,0xff,0xff,0x80,0x01,0xff,0xff,0x00,0x00,0x3f,0xfc,0x00,0x00,0x01,
0x80,0x00,0x00,0x01,0xe0,0x00,0x03,0xe0,0x00,0x03,0xe0,0x00,0x07,0xe0,0x00,0x0f,0xc0,0x00,0x1f,0x80,0x00,0x3f,0x00,0x00,
0x00,0x00,0x00,0x00,0x00,0x00,0x00,0x00,0x00,0x00,0x00,0x01,0xff,0x80,0x07,0xff,0xe0,0x0f,0xff,0xf0,0x1f,0xff,0xf8,0x3f,
0xff,0xfc,0x7f,0x81,0xfc,0x7f,0x00,0xe0,0x7f,0x00,0x00,0xfe,0x00,0x00,0xfe,0x00,0x00,0xfe,0x00,0x00,0xfe,0x00,0x00,0xfe,
0x00,0x00,0xfe,0x00,0x00,0xfe,0x00,0x00,0xfe,0x00,0x00,0x7f,0x00,0x00,0x7f,0x00,0xc0,0x7f,0x80,0xf8,0x3f,0xff,0xfc,0x1f,
0xff,0xf8,0x0f,0xff,0xf0,0x07,0xff,0xe0,0x03,0xff,0x80,0x00,0x18,0x00,0xff,0xff,0xf8,0xc0,0x00,0x18,0xc0,0x00,0x18,0xa0,
0x00,0x28,0xb0,0x00,0x68,0x90,0x00,0x48,0x98,0x00,0xc8,0x88,0x00,0x88,0x84,0x01,0x08,0x86,0x03,0x08,0x82,0x02,0x08,0x83,
0x04,0x08,0x81,0x0c,0x08,0x80,0x88,0x08,0x80,0xd8,0x08,0x80,0x50,0x08,0x80,0x20,0x08,0x80,0x20,0x08,0x80,0x50,0x08,0x80,
0xd8,0x08,0x80,0x88,0x08,0x81,0x04,0x08,0x81,0x04,0x08,0x82,0x02,0x08,0x86,0x03,0x08,0x84,0x01,0x08,0x88,0x00,0x88,0x98,
0x00,0x88,0x90,0x00,0x48,0xb0,0x00,0x68,0xa0,0x00,0x28,0xc0,0x00,0x18,0xc0,0x00,0x18,0xff,0xff,0xf8,0xff,0xff,0xf8,0xc0,
0x00,0x18,0xc0,0x00,0x18,0xa0,0x00,0x28,0xb0,0x00,0x68,0x90,0x00,0x48,0x98,0x00,0xc8,0x88,0x00,0x88,0x84,0x01,0x08,0x86,
0x03,0x08,0x82,0x02,0x08,0x83,0x04,0x08,0x81,0x0c,0x08,0x80,0x88,0x08,0x80,0xd8,0x08,0x80,0x50,0x08,0x80,0x20,0x08,0x80,
0x20,0x08,0x80,0x50,0x08,0x80,0xd8,0x08,0x80,0x88,0x08,0x81,0x04,0x08,0x81,0x04,0x08,0x82,0x02,0x08,0x86,0x03,0x08,0x84,
0x01,0x08,0x88,0x00,0x88,0x98,0x00,0x88,0x90,0x00,0x48,0xb0,0x00,0x68,0xa0,0x00,0x28,0xc0,0x00,0x18,0xc0,0x00,0x18,0xff,
0xff,0xf8,0x00,0x03,0x80,0x00,0x00,0x07,0xc0,0x00,0x00,0x0f,0xe0,0x00,0x00,0x0f,0xe0,0x00,0x00,0x0f,0xe0,0x00,0x00,0x07,
0xc0,0x00,0x00,0x03,0x80,0x00,0x00,0x00,0x00,0x00,0x00,0x00,0x00,0x00,0x00,0x00,0x00,0x00,0x00,0x3f,0xf8,0x00,0x00,0xff,
0xfe,0x00,0x03,0xff,0xff,0x80,0x07,0xff,0xff,0xc0,0x0f,0xff,0xff,0xe0,0x1f,0xff,0xff,0xf0,0x3f,0xf0,0x0f,0xf0,0x3f,0xc0,
0x07,0xf0,0x7f,0x80,0x03,0x80,0x7f,0x80,0x00,0x00,0x7f,0x00,0x00,0x00,0x7f,0x00,0x00,0x00,0xfe,0x00,0x00,0x00,0xfe,0x00,
0x00,0x00,0xfe,0x00,0x00,0x00,0xfe,0x00,0x00,0x00,0xfe,0x00,0x00,0x00,0xfe,0x00,0x00,0x00,0xfe,0x00,0x00,0x00,0xfe,0x00,
0x00,0x00,0xfe,0x00,0x00,0x00,0xff,0x00,0x00,0x00,0x7f,0x00,0x00,0x00,0x7f,0x80,0x00,0x00,0x7f,0x80,0x03,0x80,0x3f,0xc0,
0x07,0xf0,0x3f,0xf0,0x0f,0xf8,0x1f,0xff,0xff,0xf0,0x0f,0xff,0xff,0xe0,0x07,0xff,0xff,0xc0,0x03,0xff,0xff,0x80,0x01,0xff,
0xff,0x00,0x00,0x7f,0xf8,0x00,0x00,0x01,0x00,0x00,0x00,0x1c,0x00,0x00,0x3e,0x00,0x00,0x7f,0x00,0x00,0x7f,0x00,0x00,0x7f,
0x00,0x00,0x3e,0x00,0x00,0x1c,0x00,0x00,0x00,0x00,0x00,0x00,0x00,0x00,0x00,0x00,0x00,0x00,0x00,0x01,0xff,0x80,0x07,0xff,
0xe0,0x0f,0xff,0xf8,0x1f,0xff,0xfc,0x3f,0xff,0xfc,0x7f,0x80,0xfc,0x7f,0x00,0x70,0x7f,0x00,0x00,0xfe,0x00,0x00,0xfe,0x00,
0x00,0xfe,0x00,0x00,0xfe,0x00,0x00,0xfe,0x00,0x00,0xfe,0x00,0x00,0xfe,0x00,0x00,0xfe,0x00,0x00,0x7f,0x00,0x00,0x7f,0x00,
0x40,0x7f,0x80,0xf8,0x3f,0xff,0xfc,0x1f,0xff,0xfc,0x0f,0xff,0xf8,0x07,0xff,0xe0,0x01,0xff,0xc0,0x00,0x08,0x00,0x01,0xf8,
0x3f,0x00,0x00,0xfc,0x7e,0x00,0x00,0x7e,0xfc,0x00,0x00,0x3f,0xf8,0x00,0x00,0x1f,0xf0,0x00,0x00,0x07,0xe0,0x00,0x00,0x03,
0x80,0x00,0x00,0x00,0x00,0x00,0x00,0x00,0x00,0x00,0x00,0x01,0x00,0x00,0x00,0x3f,0xf8,0x00,0x00,0xff,0xfe,0x00,0x03,0xff,
0xff,0x80,0x07,0xff,0xff,0xc0,0x0f,0xff,0xff,0xe0,0x1f,0xff,0xff,0xf0,0x3f,0xf0,0x1f,0xf0,0x3f,0xc0,0x07,0xf0,0x7f,0x80,
0x03,0x80,0x7f,0x80,0x00,0x00,0x7f,0x00,0x00,0x00,0x7f,0x00,0x00,0x00,0xfe,0x00,0x00,0x00,0xfe,0x00,0x00,0x00,0xfe,0x00,
0x00,0x00,0xfe,0x00,0x00,0x00,0xfe,0x00,0x00,0x00,0xfe,0x00,0x00,0x00,0xfe,0x00,0x00,0x00,0xfe,0x00,0x00,0x00,0xfe,0x00,
0x00,0x00,0xff,0x00,0x00,0x00,0x7f,0x00,0x00,0x00,0x7f,0x80,0x00,0x00,0x7f,0x80,0x03,0x80,0x3f,0xc0,0x07,0xf0,0x3f,0xf0,
0x0f,0xf0,0x1f,0xff,0xff,0xf0,0x0f,0xff,0xff,0xe0,0x07,0xff,0xff,0xc0,0x03,0xff,0xff,0x80,0x01,0xff,0xfe,0x00,0x00,0x7f,
0xf8,0x00,0x00,0x01,0x00,0x00,0x0f,0xc1,0xf8,0x07,0xe3,0xf0,0x03,0xf7,0xe0,0x01,0xff,0xc0,0x00,0xff,0x80,0x00,0x7f,0x00,
0x00,0x1c,0x00,0x00,0x00,0x00,0x00,0x00,0x00,0x00,0x00,0x00,0x00,0x00,0x00,0x01,0xff,0x80,0x07,0xff,0xe0,0x0f,0xff,0xf8,
0x1f,0xff,0xf8,0x3f,0xff,0xfc,0x7f,0x80,0xfc,0x7f,0x00,0xe0,0x7f,0x00,0x00,0xfe,0x00,0x00,0xfe,0x00,0x00,0xfe,0x00,0x00,
0xfe,0x00,0x00,0xfe,0x00,0x00,0xfe,0x00,0x00,0xfe,0x00,0x00,0xfe,0x00,0x00,0x7f,0x00,0x00,0x7f,0x00,0x40,0x7f,0x80,0xf8,
0x3f,0xff,0xfc,0x1f,0xff,0xfc,0x0f,0xff,0xf8,0x07,0xff,0xe0,0x01,0xff,0x80,0x00,0x08,0x00,0x0f,0xc1,0xf8,0x00,0x07,0xe3,
0xf0,0x00,0x01,0xf7,0xe0,0x00,0x00,0xff,0xc0,0x00,0x00,0x7f,0x80,0x00,0x00,0x3f,0x00,0x00,0x00,0x1e,0x00,0x00,0x00,0x00,
0x00,0x00,0x00,0x00,0x00,0x00,0x00,0x00,0x00,0x00,0xff,0xff,0x00,0x00,0xff,0xff,0xe0,0x00,0xff,0xff,0xf8,0x00,0xff,0xff,
0xfe,0x00,0xff,0xff,0xff,0x00,0xff,0xff,0xff,0x80,0xfe,0x01,0xff,0xc0,0xfe,0x00,0x7f,0xc0,0xfe,0x00,0x3f,0xe0,0xfe,0x00,
0x1f,0xe0,0xfe,0x00,0x0f,0xe0,0xfe,0x00,0x0f,0xf0,0xfe,0x00,0x07,0xf0,0xfe,0x00,0x07,0xf0,0xfe,0x00,0x07,0xf0,0xfe,0x00,
0x07,0xf0,0xfe,0x00,0x07,0xf0,0xfe,0x00,0x07,0xf0,0xfe,0x00,0x07,0xf0,0xfe,0x00,0x07,0xf0,0xfe,0x00,0x07,0xf0,0xfe,0x00,
0x0f,0xf0,0xfe,0x00,0x0f,0xe0,0xfe,0x00,0x1f,0xe0,0xfe,0x00,0x1f,0xe0,0xfe,0x00,0x7f,0xc0,0xfe,0x01,0xff,0xc0,0xff,0xff,
0xff,0x80,0xff,0xff,0xff,0x00,0xff,0xff,0xfe,0x00,0xff,0xff,0xf8,0x00,0xff,0xff,0xe0,0x00,0xff,0xff,0x00,0x00,0x00,0x00,
0x3f,0x87,0x00,0x00,0x3f,0x8f,0x00,0x00,0x3f,0x8f,0x00,0x00,0x3f,0x8f,0x00,0x00,0x3f,0x9f,0x00,0x00,0x3f,0x9e,0x00,0x00,
0x3f,0x9e,0x00,0x00,0x3f,0x9e,0x00,0x00,0x3f,0x9c,0x00,0x00,0x3f,0x80,0x00,0x20,0x3f,0x80,0x03,0xfe,0x3f,0x80,0x0f,0xff,
0x3f,0x80,0x1f,0xff,0xbf,0x80,0x3f,0xff,0xff,0x80,0x3f,0xff,0xff,0x80,0x7f,0xc0,0xff,0x80,0x7f,0x80,0x7f,0x80,0x7f,0x00,
0x7f,0x80,0xfe,0x00,0x3f,0x80,0xfe,0x00,0x3f,0x80,0xfe,0x00,0x3f,0x80,0xfe,0x00,0x3f,0x80,0xfe,0x00,0x3f,0x80,0xfe,0x00,
0x3f,0x80,0xfe,0x00,0x3f,0x80,0xff,0x00,0x3f,0x80,0x7f,0x00,0x7f,0x80,0x7f,0x80,0x7f,0x80,0x7f,0xc0,0xff,0x80,0x3f,0xff,
0xff,0x80,0x3f,0xff,0xff,0x80,0x1f,0xff,0xff,0x80,0x0f,0xff,0x9f,0x80,0x03,0xfe,0x1f,0xc0,0x00,0x20,0x00,0x00,0x1f,0xff,
0xe0,0x00,0x1f,0xff,0xfe,0x00,0x1f,0xff,0xff,0x80,0x1f,0xff,0xff,0xe0,0x1f,0xff,0xff,0xf0,0x1f,0xff,0xff,0xf8,0x1f,0xc0,
0x3f,0xf8,0x1f,0xc0,0x07,0xfc,0x1f,0xc0,0x03,0xfe,0x1f,0xc0,0x01,0xfe,0x1f,0xc0,0x00,0xfe,0x1f,0xc0,0x00,0xfe,0x1f,0xc0,
0x00,0x7f,0xff,0xff,0x80,0x7f,0xff,0xff,0x80,0x7f,0xff,0xff,0x80,0x7f,0xff,0xff,0x80,0x7f,0xff,0xff,0x80,0x7f,0xff,0xff,
0x80,0x7f,0x1f,0xc0,0x00,0x7f,0x1f,0xc0,0x00,0x7f,0x1f,0xc0,0x00,0xfe,0x1f,0xc0,0x00,0xfe,0x1f,0xc0,0x01,0xfe,0x1f,0xc0,
0x03,0xfe,0x1f,0xc0,0x07,0xfc,0x1f,0xc0,0x3f,0xf8,0x1f,0xff,0xff,0xf8,0x1f,0xff,0xff,0xf0,0x1f,0xff,0xff,0xe0,0x1f,0xff,
0xff,0x80,0x1f,0xff,0xfe,0x00,0x1f,0xff,0xe0,0x00,0x00,0x00,0x3f,0x80,0x00,0x00,0x3f,0x80,0x00,0x00,0x3f,0x80,0x00,0x00,
0x3f,0x80,0x00,0x00,0x3f,0x80,0x00,0x1f,0xff,0xf0,0x00,0x1f,0xff,0xf0,0x00,0x1f,0xff,0xf0,0x00,0x00,0x3f,0x80,0x00,0x00,
0x3f,0x80,0x00,0x20,0x3f,0x80,0x03,0xfe,0x3f,0x80,0x0f,0xff,0x3f,0x80,0x1f,0xff,0xbf,0x80,0x3f,0xff,0xff,0x80,0x3f,0xff,
0xff,0x80,0x7f,0xc1,0xff,0x80,0x7f,0x80,0x7f,0x80,0x7f,0x00,0x7f,0x80,0xff,0x00,0x3f,0x80,0xfe,0x00,0x3f,0x80,0xfe,0x00,
0x3f,0x80,0xfe,0x00,0x3f,0x80,0xfe,0x00,0x3f,0x80,0xfe,0x00,0x3f,0x80,0xfe,0x00,0x3f,0x80,0xff,0x00,0x3f,0x80,0x7f,0x00,
0x7f,0x80,0x7f,0x80,0x7f,0x80,0x7f,0xc0,0xff,0x80,0x3f,0xff,0xff,0x80,0x3f,0xff,0xff,0x80,0x1f,0xff,0xff,0x80,0x0f,0xff,
0x3f,0x80,0x03,0xfe,0x1f,0x80,0x00,0x20,0x00,0x00,0x07,0xff,0xe0,0x07,0xff,0xe0,0x07,0xff,0xe0,0x07,0xff,0xe0,0x07,0xff,
0xe0,0x00,0x00,0x00,0x00,0x00,0x00,0x00,0x00,0x00,0x00,0x00,0x00,0xff,0xff,0xff,0xff,0xff,0xff,0xff,0xff,0xff,0xff,0xff,
0xff,0xff,0xff,0xff,0xff,0xff,0xff,0xfe,0x00,0x00,0xfe,0x00,0x00,0xfe,0x00,0x00,0xfe,0x00,0x00,0xfe,0x00,0x00,0xfe,0x00,
0x00,0xfe,0x00,0x00,0xff,0xff,0xc0,0xff,0xff,0xc0,0xff,0xff,0xc0,0xff,0xff,0xc0,0xff,0xff,0xc0,0xff,0xff,0xc0,0xfe,0x00,
0x00,0xfe,0x00,0x00,0xfe,0x00,0x00,0xfe,0x00,0x00,0xfe,0x00,0x00,0xfe,0x00,0x00,0xfe,0x00,0x00,0xfe,0x00,0x00,0xff,0xff,
0xff,0xff,0xff,0xff,0xff,0xff,0xff,0xff,0xff,0xff,0xff,0xff,0xff,0xff,0xff,0xff,0x03,0xff,0xf0,0x00,0x03,0xff,0xf0,0x00,
0x03,0xff,0xf0,0x00,0x03,0xff,0xf0,0x00,0x03,0xff,0xf0,0x00,0x00,0x00,0x00,0x00,0x00,0x00,0x00,0x00,0x00,0x00,0x00,0x00,
0x00,0x08,0x00,0x00,0x01,0xff,0xc0,0x00,0x03,0xff,0xf0,0x00,0x0f,0xff,0xf8,0x00,0x1f,0xff,0xfc,0x00,0x3f,0xff,0xfe,0x00,
0x3f,0x80,0xfe,0x00,0x7f,0x00,0x7f,0x00,0x7e,0x00,0x3f,0x00,0xfe,0x00,0x3f,0x00,0xff,0xff,0xff,0x80,0xff,0xff,0xff,0x80,
0xff,0xff,0xff,0x80,0xff,0xff,0xff,0x80,0xff,0xff,0xff,0x80,0xfe,0x00,0x00,0x00,0xfe,0x00,0x00,0x00,0x7f,0x00,0x00,0x00,
0x7f,0x00,0x00,0x00,0x3f,0x80,0x70,0x00,0x3f,0xff,0xfe,0x00,0x1f,0xff,0xfc,0x00,0x0f,0xff,0xf8,0x00,0x07,0xff,0xf0,0x00,
0x01,0xff,0xc0,0x00,0x00,0x0c,0x00,0x00,0xff,0xff,0xf8,0xc0,0x00,0x18,0xc0,0x00,0x18,0xa0,0x00,0x28,0xb0,0x00,0x68,0x90,
0x00,0x48,0x98,0x00,0xc8,0x88,0x00,0x88,0x84,0x01,0x08,0x86,0x03,0x08,0x82,0x02,0x08,0x83,0x04,0x08,0x81,0x0c,0x08,0x80,
0x88,0x08,0x80,0xd8,0x08,0x80,0x50,0x08,0x80,0x20,0x08,0x80,0x20,0x08,0x80,0x50,0x08,0x80,0xd8,0x08,0x80,0x88,0x08,0x81,
0x04,0x08,0x81,0x04,0x08,0x82,0x02,0x08,0x86,0x03,0x08,0x84,0x01,0x08,0x88,0x00,0x88,0x98,0x00,0x88,0x90,0x00,0x48,0xb0,
0x00,0x68,0xa0,0x00,0x28,0xc0,0x00,0x18,0xc0,0x00,0x18,0xff,0xff,0xf8,0xff,0xff,0xf8,0xc0,0x00,0x18,0xc0,0x00,0x18,0xa0,
0x00,0x28,0xb0,0x00,0x68,0x90,0x00,0x48,0x98,0x00,0xc8,0x88,0x00,0x88,0x84,0x01,0x08,0x86,0x03,0x08,0x82,0x02,0x08,0x83,
0x04,0x08,0x81,0x0c,0x08,0x80,0x88,0x08,0x80,0xd8,0x08,0x80,0x50,0x08,0x80,0x20,0x08,0x80,0x20,0x08,0x80,0x50,0x08,0x80,
0xd8,0x08,0x80,0x88,0x08,0x81,0x04,0x08,0x81,0x04,0x08,0x82,0x02,0x08,0x86,0x03,0x08,0x84,0x01,0x08,0x88,0x00,0x88,0x98,
0x00,0x88,0x90,0x00,0x48,0xb0,0x00,0x68,0xa0,0x00,0x28,0xc0,0x00,0x18,0xc0,0x00,0x18,0xff,0xff,0xf8,0x00,0x1c,0x00,0x00,
0x3e,0x00,0x00,0x7f,0x00,0x00,0x7f,0x00,0x00,0x7f,0x00,0x00,0x3e,0x00,0x00,0x1c,0x00,0x00,0x00,0x00,0x00,0x00,0x00,0x00,
0x00,0x00,0xff,0xff,0xff,0xff,0xff,0xff,0xff,0xff,0xff,0xff,0xff,0xff,0xff,0xff,0xff,0xff,0xff,0xff,0xfe,0x00,0x00,0xfe,
0x00,0x00,0xfe,0x00,0x00,0xfe,0x00,0x00,0xfe,0x00,0x00,0xfe,0x00,0x00,0xfe,0x00,0x00,0xff,0xff,0xc0,0xff,0xff,0xc0,0xff,
0xff,0xc0,0xff,0xff,0xc0,0xff,0xff,0xc0,0xff,0xff,0xc0,0xfe,0x00,0x00,0xfe,0x00,0x00,0xfe,0x00,0x00,0xfe,0x00,0x00,0xfe,
0x00,0x00,0xfe,0x00,0x00,0xfe,0x00,0x00,0xfe,0x00,0x00,0xff,0xff,0xff,0xff,0xff,0xff,0xff,0xff,0xff,0xff,0xff,0xff,0xff,
0xff,0xff,0xff,0xff,0xff,0x00,0x1c,0x00,0x00,0x00,0x3e,0x00,0x00,0x00,0x7f,0x00,0x00,0x00,0x7f,0x00,0x00,0x00,0x7f,0x00,
0x00,0x00,0x3e,0x00,0x00,0x00,0x1c,0x00,0x00,0x00,0x00,0x00,0x00,0x00,0x00,0x00,0x00,0x00,0x00,0x00,0x00,0x00,0x08,0x00,
0x00,0x01,0xff,0xc0,0x00,0x03,0xff,0xf0,0x00,0x0f,0xff,0xf8,0x00,0x1f,0xff,0xfc,0x00,0x3f,0xff,0xfe,0x00,0x3f,0x80,0xfe,
0x00,0x7f,0x00,0x7f,0x00,0x7e,0x00,0x3f,0x00,0xfc,0x00,0x3f,0x00,0xff,0xff,0xff,0x80,0xff,0xff,0xff,0x80,0xff,0xff,0xff,
0x80,0xff,0xff,0xff,0x80,0xff,0xff,0xff,0x80,0xfc,0x00,0x00,0x00,0xfe,0x00,0x00,0x00,0x7e,0x00,0x00,0x00,0x7f,0x00,0x00,
0x00,0x3f,0x80,0xf0,0x00,0x3f,0xff,0xfe,0x00,0x1f,0xff,0xfc,0x00,0x0f,0xff,0xf8,0x00,0x07,0xff,0xf0,0x00,0x01,0xff,0xc0,
0x00,0x00,0x0c,0x00,0x00,0xff,0xff,0xff,0xff,0xff,0xff,0xff,0xff,0xff,0xff,0xff,0xff,0xff,0xff,0xff,0xff,0xff,0xff,0xfe,
0x00,0x00,0xfe,0x00,0x00,0xfe,0x00,0x00,0xfe,0x00,0x00,0xfe,0x00,0x00,0xfe,0x00,0x00,0xfe,0x00,0x00,0xff,0xff,0xc0,0xff,
0xff,0xc0,0xff,0xff,0xc0,0xff,0xff,0xc0,0xff,0xff,0xc0,0xff,0xff,0xc0,0xfe,0x00,0x00,0xfe,0x00,0x00,0xfe,0x00,0x00,0xfe,
0x00,0x00,0xfe,0x00,0x00,0xfe,0x00,0x00,0xfe,0x00,0x00,0xfe,0x00,0x00,0xff,0xff,0xff,0xff,0xff,0xff,0xff,0xff,0xff,0xff,
0xff,0xff,0xff,0xff,0xff,0xff,0xff,0xff,0x00,0x00,0xfe,0x00,0x01,0xf8,0x00,0x03,0xf0,0x00,0x03,0xf0,0x00,0x03,0xf0,0x00,
0x03,0xff,0x00,0x01,0xff,0x00,0x00,0x7f,0x00,0x08,0x00,0x00,0x01,0xff,0xc0,0x00,0x03,0xff,0xf0,0x00,0x0f,0xff,0xf8,0x00,
0x1f,0xff,0xfc,0x00,0x3f,0xff,0xfe,0x00,0x3f,0x80,0x7e,0x00,0x7f,0x00,0x3f,0x00,0x7e,0x00,0x3f,0x00,0xfe,0x00,0x1f,0x00,
0xff,0xff,0xff,0x80,0xff,0xff,0xff,0x80,0xff,0xff,0xff,0x80,0xff,0xff,0xff,0x80,0xff,0xff,0xff,0x80,0xfe,0x00,0x00,0x00,
0xfe,0x00,0x00,0x00,0x7f,0x00,0x00,0x00,0x7f,0x00,0x00,0x00,0x7f,0x80,0x78,0x00,0x3f,0xff,0xfe,0x00,0x1f,0xff,0xfe,0x00,
0x0f,0xff,0xfc,0x00,0x07,0xff,0xf8,0x00,0x01,0xff,0xe0,0x00,0x00,0x0f,0xc0,0x00,0x00,0x1f,0x80,0x00,0x00,0x1f,0x80,0x00,
0x00,0x1f,0x80,0x00,0x00,0x1f,0xc0,0x00,0x00,0x1f,0xf8,0x00,0x00,0x0f,0xf8,0x00,0x00,0x03,0xf8,0x00,0x0f,0xc1,0xf8,0x07,
0xe3,0xf0,0x03,0xf7,0xe0,0x01,0xff,0x80,0x00,0xff,0x00,0x00,0x7e,0x00,0x00,0x3c,0x00,0x00,0x00,0x00,0x00,0x00,0x00,0x00,
0x00,0x00,0xff,0xff,0xff,0xff,0xff,0xff,0xff,0xff,0xff,0xff,0xff,0xff,0xff,0xff,0xff,0xff,0xff,0xff,0xfe,0x00,0x00,0xfe,
0x00,0x00,0xfe,0x00,0x00,0xfe,0x00,0x00,0xfe,0x00,0x00,0xfe,0x00,0x00,0xfe,0x00,0x00,0xff,0xff,0xc0,0xff,0xff,0xc0,0xff,
0xff,0xc0,0xff,0xff,0xc0,0xff,0xff,0xc0,0xff,0xff,0xc0,0xfe,0x00,0x00,0xfe,0x00,0x00,0xfe,0x00,0x00,0xfe,0x00,0x00,0xfe,
0x00,0x00,0xfe,0x00,0x00,0xfe,0x00,0x00,0xfe,0x00,0x00,0xff,0xff,0xff,0xff,0xff,0xff,0xff,0xff,0xff,0xff,0xff,0xff,0xff,
0xff,0xff,0xff,0xff,0xff,0x0f,0xc0,0xfc,0x00,0x07,0xe1,0xf8,0x00,0x01,0xff,0xe0,0x00,0x00,0xff,0xc0,0x00,0x00,0x7f,0x80,
0x00,0x00,0x3f,0x00,0x00,0x00,0x1e,0x00,0x00,0x00,0x00,0x00,0x00,0x00,0x00,0x00,0x00,0x00,0x00,0x00,0x00,0x00,0x08,0x00,
0x00,0x01,0xff,0xc0,0x00,0x03,0xff,0xf0,0x00,0x0f,0xff,0xf8,0x00,0x1f,0xff,0xfc,0x00,0x3f,0xff,0xfe,0x00,0x3f,0x80,0xfe,
0x00,0x7f,0x00,0x3f,0x00,0x7e,0x00,0x3f,0x00,0xfe,0x00,0x3f,0x00,0xff,0xff,0xff,0x80,0xff,0xff,0xff,0x80,0xff,0xff,0xff,
0x80,0xff,0xff,0xff,0x80,0xff,0xff,0xff,0x80,0xfe,0x00,0x00,0x00,0xfe,0x00,0x00,0x00,0x7f,0x00,0x00,0x00,0x7f,0x00,0x00,
0x00,0x3f,0x80,0x70,0x00,0x3f,0xff,0xfe,0x00,0x1f,0xff,0xfe,0x00,0x0f,0xff,0xfc,0x00,0x07,0xff,0xf0,0x00,0x01,0xff,0xc0,
0x00,0x00,0x0c,0x00,0x00,0xff,0xff,0xf8,0xc0,0x00,0x18,0xc0,0x00,0x18,0xa0,0x00,0x28,0xb0,0x00,0x68,0x90,0x00,0x48,0x98,
0x00,0xc8,0x88,0x00,0x88,0x84,0x01,0x08,0x86,0x03,0x08,0x82,0x02,0x08,0x83,0x04,0x08,0x81,0x0c,0x08,0x80,0x88,0x08,0x80,
0xd8,0x08,0x80,0x50,0x08,0x80,0x20,0x08,0x80,0x20,0x08,0x80,0x50,0x08,0x80,0xd8,0x08,0x80,0x88,0x08,0x81,0x04,0x08,0x81,
0x04,0x08,0x82,0x02,0x08,0x86,0x03,0x08,0x84,0x01,0x08,0x88,0x00,0x88,0x98,0x00,0x88,0x90,0x00,0x48,0xb0,0x00,0x68,0xa0,
0x00,0x28,0xc0,0x00,0x18,0xc0,0x00,0x18,0xff,0xff,0xf8,0xff,0xff,0xf8,0xc0,0x00,0x18,0xc0,0x00,0x18,0xa0,0x00,0x28,0xb0,
0x00,0x68,0x90,0x00,0x48,0x98,0x00,0xc8,0x88,0x00,0x88,0x84,0x01,0x08,0x86,0x03,0x08,0x82,0x02,0x08,0x83,0x04,0x08,0x81,
0x0c,0x08,0x80,0x88,0x08,0x80,0xd8,0x08,0x80,0x50,0x08,0x80,0x20,0x08,0x80,0x20,0x08,0x80,0x50,0x08,0x80,0xd8,0x08,0x80,
0x88,0x08,0x81,0x04,0x08,0x81,0x04,0x08,0x82,0x02,0x08,0x86,0x03,0x08,0x84,0x01,0x08,0x88,0x00,0x88,0x98,0x00,0x88,0x90,
0x00,0x48,0xb0,0x00,0x68,0xa0,0x00,0x28,0xc0,0x00,0x18,0xc0,0x00,0x18,0xff,0xff,0xf8,0x00,0xf8,0x3e,0x00,0x00,0x7c,0x7c,
0x00,0x00,0x7f,0xfc,0x00,0x00,0x3f,0xf8,0x00,0x00,0x1f,0xf0,0x00,0x00,0x0f,0xe0,0x00,0x00,0x00,0x00,0x00,0x00,0x00,0x00,
0x00,0x00,0x00,0x00,0x00,0x00,0x3f,0xfc,0x00,0x00,0xff,0xff,0x80,0x03,0xff,0xff,0xc0,0x07,0xff,0xff,0xe0,0x0f,0xff,0xff,
0xf0,0x1f,0xff,0xff,0xf8,0x1f,0xf0,0x0f,0xf8,0x3f,0xc0,0x03,0xf0,0x3f,0x80,0x01,0x80,0x7f,0x80,0x00,0x00,0x7f,0x00,0x00,
0x00,0x7f,0x00,0x00,0x00,0xfe,0x00,0x00,0x00,0xfe,0x00,0x00,0x00,0xfe,0x00,0x00,0x00,0xfe,0x00,0xff,0xfe,0xfe,0x00,0xff,
0xfe,0xfe,0x00,0xff,0xfe,0xfe,0x00,0xff,0xfe,0xfe,0x00,0xff,0xfe,0xfe,0x00,0xff,0xfe,0xff,0x00,0x00,0xfe,0x7f,0x00,0x00,
0xfe,0x7f,0x80,0x00,0xfe,0x7f,0x80,0x01,0xfe,0x3f,0xc0,0x03,0xfe,0x3f,0xf0,0x07,0xfe,0x1f,0xff,0xff,0xfe,0x0f,0xff,0xff,
0xfe,0x07,0xff,0xff,0xfe,0x03,0xff,0xff,0x3e,0x01,0xff,0xfe,0x3e,0x00,0x7f,0xf8,0x3e,0x00,0x01,0x00,0x00,0x03,0xc0,0xf0,
0x00,0x03,0xe1,0xf0,0x00,0x01,0xff,0xe0,0x00,0x01,0xff,0xe0,0x00,0x00,0xff,0xc0,0x00,0x00,0x3f,0x00,0x00,0x00,0x00,0x00,
0x00,0x00,0x00,0x00,0x00,0x00,0x00,0x00,0x00,0x00,0x00,0x00,0x00,0x03,0xfe,0x1f,0x80,0x0f,0xff,0x1f,0x80,0x1f,0xff,0xbf,
0x80,0x3f,0xff,0xff,0x80,0x3f,0xff,0xff,0x80,0x7f,0x80,0xff,0x80,0x7f,0x00,0x7f,0x80,0xff,0x00,0x3f,0x80,0xfe,0x00,0x3f,
0x80,0xfe,0x00,0x3f,0x80,0xfe,0x00,0x3f,0x80,0xfe,0x00,0x3f,0x80,0xfe,0x00,0x3f,0x80,0xfe,0x00,0x3f,0x80,0xff,0x00,0x3f,
0x80,0x7f,0x00,0x7f,0x80,0x7f,0x80,0x7f,0x80,0x7f,0xc1,0xff,0x80,0x3f,0xff,0xff,0x80,0x1f,0xff,0xff,0x80,0x0f,0xff,0xbf,
0x80,0x07,0xff,0x3f,0x80,0x01,0xf8,0x3f,0x80,0x00,0x00,0x3f,0x80,0x00,0x00,0x3f,0x80,0x00,0x00,0x3f,0x80,0x01,0x00,0x7f,
0x80,0x07,0x80,0x7f,0x00,0x3f,0xc1,0xff,0x00,0x1f,0xff,0xfe,0x00,0x1f,0xff,0xfc,0x00,0x07,0xff,0xfc,0x00,0x03,0xff,0xf0,
0x00,0x00,0x7f,0x80,0x00,0x00,0x03,0x80,0x00,0x00,0x07,0xc0,0x00,0x00,0x0f,0xe0,0x00,0x00,0x0f,0xe0,0x00,0x00,0x0f,0xe0,
0x00,0x00,0x07,0xc0,0x00,0x00,0x03,0x80,0x00,0x00,0x00,0x00,0x00,0x00,0x00,0x00,0x00,0x00,0x00,0x00,0x00,0x00,0x3f,0xfc,
0x00,0x00,0xff,0xff,0x80,0x03,0xff,0xff,0xc0,0x07,0xff,0xff,0xe0,0x0f,0xff,0xff,0xf0,0x1f,0xff,0xff,0xf8,0x1f,0xf0,0x0f,
0xf8,0x3f,0xc0,0x03,0xf0,0x3f,0x80,0x01,0x80,0x7f,0x80,0x00,0x00,0x7f,0x00,0x00,0x00,0x7f,0x00,0x00,0x00,0xfe,0x00,0x00,
0x00,0xfe,0x00,0x00,0x00,0xfe,0x00,0x00,0x00,0xfe,0x00,0xff,0xfe,0xfe,0x00,0xff,0xfe,0xfe,0x00,0xff,0xfe,0xfe,0x00,0xff,
0xfe,0xfe,0x00,0xff,0xfe,0xfe,0x00,0xff,0xfe,0xff,0x00,0x00,0xfe,0x7f,0x00,0x00,0xfe,0x7f,0x80,0x00,0xfe,0x7f,0x80,0x01,
0xfe,0x3f,0xc0,0x03,0xfe,0x3f,0xf0,0x07,0xfe,0x1f,0xff,0xff,0xfe,0x0f,0xff,0xff,0xfe,0x07,0xff,0xff,0xfe,0x03,0xff,0xff,
0x3e,0x01,0xff,0xfe,0x3e,0x00,0x7f,0xf8,0x3e,0x00,0x01,0x00,0x00,0x00,0x1c,0x00,0x00,0x00,0x3e,0x00,0x00,0x00,0x7f,0x00,
0x00,0x00,0x7f,0x00,0x00,0x00,0x7f,0x00,0x00,0x00,0x3e,0x00,0x00,0x00,0x1c,0x00,0x00,0x00,0x00,0x00,0x00,0x00,0x00,0x00,
0x00,0x00,0x00,0x00,0x00,0x00,0x00,0x00,0x00,0x03,0xfe,0x1f,0x80,0x0f,0xff,0x1f,0x80,0x1f,0xff,0xbf,0x80,0x3f,0xff,0xff,
0x80,0x3f,0xff,0xff,0x80,0x7f,0x80,0xff,0x80,0x7f,0x00,0x7f,0x80,0xff,0x00,0x3f,0x80,0xfe,0x00,0x3f,0x80,0xfe,0x00,0x3f,
0x80,0xfe,0x00,0x3f,0x80,0xfe,0x00,0x3f,0x80,0xfe,0x00,0x3f,0x80,0xfe,0x00,0x3f,0x80,0xff,0x00,0x3f,0x80,0x7f,0x00,0x7f,
0x80,0x7f,0x80,0x7f,0x80,0x7f,0xc1,0xff,0x80,0x3f,0xff,0xff,0x80,0x1f,0xff,0xff,0x80,0x0f,0xff,0xbf,0x80,0x07,0xff,0x3f,
0x80,0x01,0xf8,0x3f,0x80,0x00,0x00,0x3f,0x80,0x00,0x00,0x3f,0x80,0x00,0x00,0x3f,0x80,0x01,0x00,0x7f,0x80,0x07,0x80,0x7f,
0x00,0x3f,0xc1,0xff,0x00,0x1f,0xff,0xfe,0x00,0x1f,0xff,0xfc,0x00,0x07,0xff,0xfc,0x00,0x03,0xff,0xf0,0x00,0x00,0x7f,0x80,
0x00,0x00,0x3f,0xfc,0x00,0x00,0xff,0xff,0x80,0x03,0xff,0xff,0xc0,0x07,0xff,0xff,0xe0,0x0f,0xff,0xff,0xf0,0x1f,0xff,0xff,
0xf8,0x1f,0xf0,0x0f,0xf8,0x3f,0xc0,0x03,0xf0,0x3f,0x80,0x01,0x80,0x7f,0x80,0x00,0x00,0x7f,0x00,0x00,0x00,0x7f,0x00,0x00,
0x00,0xfe,0x00,0x00,0x00,0xfe,0x00,0x00,0x00,0xfe,0x00,0x00,0x00,0xfe,0x00,0xff,0xfe,0xfe,0x00,0xff,0xfe,0xfe,0x00,0xff,
0xfe,0xfe,0x00,0xff,0xfe,0xfe,0x00,0xff,0xfe,0xfe,0x00,0xff,0xfe,0xff,0x00,0x00,0xfe,0x7f,0x00,0x00,0xfe,0x7f,0x80,0x00,
0xfe,0x7f,0x80,0x01,0xfe,0x3f,0xc0,0x03,0xfe,0x3f,0xf0,0x07,0xfe,0x1f,0xff,0xff,0xfe,0x0f,0xff,0xff,0xfe,0x07,0xff,0xff,
0xfe,0x03,0xff,0xff,0x3e,0x01,0xff,0xfe,0x3e,0x00,0x7f,0xf8,0x3e,0x00,0x01,0x00,0x00,0x00,0x00,0x00,0x00,0x00,0x00,0x80,
0x00,0x00,0x07,0xe0,0x00,0x00,0x0f,0xe0,0x00,0x00,0x03,0xf0,0x00,0x00,0x01,0xf0,0x00,0x00,0x01,0xf0,0x00,0x00,0x03,0xf0,
0x00,0x00,0x07,0xe0,0x00,0x00,0x3f,0xc0,0x00,0x00,0x0f,0x00,0x00,0x00,0x07,0x80,0x00,0x00,0x1f,0xc0,0x00,0x00,0x3f,0x00,
0x00,0x00,0x7e,0x00,0x00,0x00,0x7c,0x00,0x00,0x00,0x7c,0x00,0x00,0x00,0x7c,0x00,0x00,0x00,0x7e,0x00,0x00,0x00,0x3f,0x80,
0x00,0x00,0x1e,0x00,0x00,0x00,0x00,0x00,0x00,0x00,0x00,0x00,0x00,0x00,0x00,0x00,0x00,0x00,0x00,0x00,0x00,0x03,0xfe,0x1f,
0x80,0x0f,0xff,0x1f,0x80,0x1f,0xff,0xbf,0x80,0x3f,0xff,0xff,0x80,0x3f,0xff,0xff,0x80,0x7f,0x80,0xff,0x80,0x7f,0x00,0x7f,
0x80,0xff,0x00,0x3f,0x80,0xfe,0x00,0x3f,0x80,0xfe,0x00,0x3f,0x80,0xfe,0x00,0x3f,0x80,0xfe,0x00,0x3f,0x80,0xfe,0x00,0x3f,
0x80,0xfe,0x00,0x3f,0x80,0xff,0x00,0x3f,0x80,0x7f,0x00,0x7f,0x80,0x7f,0x80,0x7f,0x80,0x7f,0xc1,0xff,0x80,0x3f,0xff,0xff,
0x80,0x1f,0xff,0xff,0x80,0x0f,0xff,0xbf,0x80,0x07,0xff,0x3f,0x80,0x01,0xf8,0x3f,0x80,0x00,0x00,0x3f,0x80,0x00,0x00,0x3f,
0x80,0x00,0x00,0x3f,0x80,0x01,0x00,0x7f,0x80,0x07,0x80,0x7f,0x00,0x3f,0xc1,0xff,0x00,0x1f,0xff,0xfe,0x00,0x1f,0xff,0xfc,
0x00,0x07,0xff,0xfc,0x00,0x03,0xff,0xf0,0x00,0x00,0x7f,0x80,0x00,0xff,0xff,0xf8,0xc0,0x00,0x18,0xc0,0x00,0x18,0xa0,0x00,
0x28,0xb0,0x00,0x68,0x90,0x00,0x48,0x98,0x00,0xc8,0x88,0x00,0x88,0x84,0x01,0x08,0x86,0x03,0x08,0x82,0x02,0x08,0x83,0x04,
0x08,0x81,0x0c,0x08,0x80,0x88,0x08,0x80,0xd8,0x08,0x80,0x50,0x08,0x80,0x20,0x08,0x80,0x20,0x08,0x80,0x50,0x08,0x80,0xd8,
0x08,0x80,0x88,0x08,0x81,0x04,0x08,0x81,0x04,0x08,0x82,0x02,0x08,0x86,0x03,0x08,0x84,0x01,0x08,0x88,0x00,0x88,0x98,0x00,
0x88,0x90,0x00,0x48,0xb0,0x00,0x68,0xa0,0x00,0x28,0xc0,0x00,0x18,0xc0,0x00,0x18,0xff,0xff,0xf8,0xff,0xff,0xf8,0xc0,0x00,
0x18,0xc0,0x00,0x18,0xa0,0x00,0x28,0xb0,0x00,0x68,0x90,0x00,0x48,0x98,0x00,0xc8,0x88,0x00,0x88,0x84,0x01,0x08,0x86,0x03,
0x08,0x82,0x02,0x08,0x83,0x04,0x08,0x81,0x0c,0x08,0x80,0x88,0x08,0x80,0xd8,0x08,0x80,0x50,0x08,0x80,0x20,0x08,0x80,0x20,
0x08,0x80,0x50,0x08,0x80,0xd8,0x08,0x80,0x88,0x08,0x81,0x04,0x08,0x81,0x04,0x08,0x82,0x02,0x08,0x86,0x03,0x08,0x84,0x01,
0x08,0x88,0x00,0x88,0x98,0x00,0x88,0x90,0x00,0x48,0xb0,0x00,0x68,0xa0,0x00,0x28,0xc0,0x00,0x18,0xc0,0x00,0x18,0xff,0xff,
0xf8,0x3f,0x80,0x01,0xfc,0x00,0x3f,0x80,0x01,0xfc,0x00,0x3f,0x80,0x01,0xfc,0x00,0x3f,0x80,0x01,0xfc,0x00,0xff,0xff,0xff,
0xff,0x80,0xff,0xff,0xff,0xff,0x80,0xff,0xff,0xff,0xff,0x80,0xff,0xff,0xff,0xff,0x80,0xff,0xff,0xff,0xff,0x80,0x3f,0x80,
0x01,0xfc,0x00,0x3f,0x80,0x01,0xfc,0x00,0x3f,0x80,0x01,0xfc,0x00,0x3f,0x80,0x01,0xfc,0x00,0x3f,0xff,0xff,0xfc,0x00,0x3f,
0xff,0xff,0xfc,0x00,0x3f,0xff,0xff,0xfc,0x00,0x3f,0xff,0xff,0xfc,0x00,0x3f,0xff,0xff,0xfc,0x00,0x3f,0xff,0xff,0xfc,0x00,
0x3f,0x80,0x01,0xfc,0x00,0x3f,0x80,0x01,0xfc,0x00,0x3f,0x80,0x01,0xfc,0x00,0x3f,0x80,0x01,0xfc,0x00,0x3f,0x80,0x01,0xfc,
0x00,0x3f,0x80,0x01,0xfc,0x00,0x3f,0x80,0x01,0xfc,0x00,0x3f,0x80,0x01,0xfc,0x00,0x3f,0x80,0x01,0xfc,0x00,0x3f,0x80,0x01,
0xfc,0x00,0x3f,0x80,0x01,0xfc,0x00,0x3f,0x80,0x01,0xfc,0x00,0x3f,0x80,0x01,0xfc,0x00,0x3f,0x80,0x01,0xfc,0x00,0x0f,0xe0,
0x00,0x00,0x0f,0xe0,0x00,0x00,0x0f,0xe0,0x00,0x00,0x0f,0xe0,0x00,0x00,0x0f,0xe0,0x00,0x00,0xff,0xff,0x80,0x00,0xff,0xff,
0x80,0x00,0xff,0xff,0x80,0x00,0x0f,0xe0,0x00,0x00,0x0f,0xe0,0x00,0x00,0x0f,0xe0,0x00,0x00,0x0f,0xe3,0xfe,0x00,0x0f,0xef,
0xff,0x00,0x0f,0xff,0xff,0x80,0x0f,0xff,0xff,0x80,0x0f,0xff,0xff,0x80,0x0f,0xf8,0x3f,0xc0,0x0f,0xf0,0x3f,0xc0,0x0f,0xe0,
0x1f,0xc0,0x0f,0xe0,0x1f,0xc0,0x0f,0xe0,0x1f,0xc0,0x0f,0xe0,0x1f,0xc0,0x0f,0xe0,0x1f,0xc0,0x0f,0xe0,0x1f,0xc0,0x0f,0xe0,
0x1f,0xc0,0x0f,0xe0,0x1f,0xc0,0x0f,0xe0,0x1f,0xc0,0x0f,0xe0,0x1f,0xc0,0x0f,0xe0,0x1f,0xc0,0x0f,0xe0,0x1f,0xc0,0x0f,0xe0,
0x1f,0xc0,0x0f,0xe0,0x1f,0xc0,0x0f,0xe0,0x1f,0xc0,0x0f,0xe0,0x1f,0xc0,0x0f,0xe0,0x1f,0xc0,0xff,0xff,0xf8,0xc0,0x00,0x18,
0xc0,0x00,0x18,0xa0,0x00,0x28,0xb0,0x00,0x68,0x90,0x00,0x48,0x98,0x00,0xc8,0x88,0x00,0x88,0x84,0x01,0x08,0x86,0x03,0x08,
0x82,0x02,0x08,0x83,0x04,0x08,0x81,0x0c,0x08,0x80,0x88,0x08,0x80,0xd8,0x08,0x80,0x50,0x08,0x80,0x20,0x08,0x80,0x20,0x08,
0x80,0x50,0x08,0x80,0xd8,0x08,0x80,0x88,0x08,0x81,0x04,0x08,0x81,0x04,0x08,0x82,0x02,0x08,0x86,0x03,0x08,0x84,0x01,0x08,
0x88,0x00,0x88,0x98,0x00,0x88,0x90,0x00,0x48,0xb0,0x00,0x68,0xa0,0x00,0x28,0xc0,0x00,0x18,0xc0,0x00,0x18,0xff,0xff,0xf8,
0xff,0xff,0xf8,0xc0,0x00,0x18,0xc0,0x00,0x18,0xa0,0x00,0x28,0xb0,0x00,0x68,0x90,0x00,0x48,0x98,0x00,0xc8,0x88,0x00,0x88,
0x84,0x01,0x08,0x86,0x03,0x08,0x82,0x02,0x08,0x83,0x04,0x08,0x81,0x0c,0x08,0x80,0x88,0x08,0x80,0xd8,0x08,0x80,0x50,0x08,
0x80,0x20,0x08,0x80,0x20,0x08,0x80,0x50,0x08,0x80,0xd8,0x08,0x80,0x88,0x08,0x81,0x04,0x08,0x81,0x04,0x08,0x82,0x02,0x08,
0x86,0x03,0x08,0x84,0x01,0x08,0x88,0x00,0x88,0x98,0x00,0x88,0x90,0x00,0x48,0xb0,0x00,0x68,0xa0,0x00,0x28,0xc0,0x00,0x18,
0xc0,0x00,0x18,0xff,0xff,0xf8,0x7f,0xfe,0x7f,0xfe,0x7f,0xfe,0x7f,0xfe,0x7f,0xfe,0x00,0x00,0x00,0x00,0x00,0x00,0x00,0x00,
0xff,0xff,0xff,0xff,0xff,0xff,0xff,0xff,0xff,0xff,0x0f,0xe0,0x0f,0xe0,0x0f,0xe0,0x0f,0xe0,0x0f,0xe0,0x0f,0xe0,0x0f,0xe0,
0x0f,0xe0,0x0f,0xe0,0x0f,0xe0,0x0f,0xe0,0x0f,0xe0,0x0f,0xe0,0x0f,0xe0,0x0f,0xe0,0x0f,0xe0,0x0f,0xe0,0x0f,0xe0,0x0f,0xe0,
0x0f,0xe0,0x0f,0xe0,0x0f,0xe0,0x0f,0xe0,0xff,0xff,0xff,0xff,0xff,0xff,0xff,0xff,0xff,0xff,0xff,0xfc,0xff,0xfc,0xff,0xfc,
0xff,0xfc,0xff,0xfc,0x00,0x00,0x00,0x00,0x00,0x00,0x00,0x00,0xff,0xe0,0xff,0xe0,0xff,0xe0,0xff,0xe0,0xff,0xe0,0x0f,0xe0,
0x0f,0xe0,0x0f,0xe0,0x0f,0xe0,0x0f,0xe0,0x0f,0xe0,0x0f,0xe0,0x0f,0xe0,0x0f,0xe0,0x0f,0xe0,0x0f,0xe0,0x0f,0xe0,0x0f,0xe0,
0x0f,0xe0,0x0f,0xe0,0x0f,0xe0,0x0f,0xe0,0x0f,0xe0,0x0f,0xe0,0xff,0xff,0xf8,0xc0,0x00,0x18,0xc0,0x00,0x18,0xa0,0x00,0x28,
0xb0,0x00,0x68,0x90,0x00,0x48,0x98,0x00,0xc8,0x88,0x00,0x88,0x84,0x01,0x08,0x86,0x03,0x08,0x82,0x02,0x08,0x83,0x04,0x08,
0x81,0x0c,0x08,0x80,0x88,0x08,0x80,0xd8,0x08,0x80,0x50,0x08,0x80,0x20,0x08,0x80,0x20,0x08,0x80,0x50,0x08,0x80,0xd8,0x08,
0x80,0x88,0x08,0x81,0x04,0x08,0x81,0x04,0x08,0x82,0x02,0x08,0x86,0x03,0x08,0x84,0x01,0x08,0x88,0x00,0x88,0x98,0x00,0x88,
0x90,0x00,0x48,0xb0,0x00,0x68,0xa0,0x00,0x28,0xc0,0x00,0x18,0xc0,0x00,0x18,0xff,0xff,0xf8,0xff,0xff,0xf8,0xc0,0x00,0x18,
0xc0,0x00,0x18,0xa0,0x00,0x28,0xb0,0x00,0x68,0x90,0x00,0x48,0x98,0x00,0xc8,0x88,0x00,0x88,0x84,0x01,0x08,0x86,0x03,0x08,
0x82,0x02,0x08,0x83,0x04,0x08,0x81,0x0c,0x08,0x80,0x88,0x08,0x80,0xd8,0x08,0x80,0x50,0x08,0x80,0x20,0x08,0x80,0x20,0x08,
0x80,0x50,0x08,0x80,0xd8,0x08,0x80,0x88,0x08,0x81,0x04,0x08,0x81,0x04,0x08,0x82,0x02,0x08,0x86,0x03,0x08,0x84,0x01,0x08,
0x88,0x00,0x88,0x98,0x00,0x88,0x90,0x00,0x48,0xb0,0x00,0x68,0xa0,0x00,0x28,0xc0,0x00,0x18,0xc0,0x00,0x18,0xff,0xff,0xf8,
0xff,0xff,0xff,0xff,0xff,0xff,0xff,0xff,0xff,0xff,0x0f,0xe0,0x0f,0xe0,0x0f,0xe0,0x0f,0xe0,0x0f,0xe0,0x0f,0xe0,0x0f,0xe0,
0x0f,0xe0,0x0f,0xe0,0x0f,0xe0,0x0f,0xe0,0x0f,0xe0,0x0f,0xe0,0x0f,0xe0,0x0f,0xe0,0x0f,0xe0,0x0f,0xe0,0x0f,0xe0,0x0f,0xe0,
0x0f,0xe0,0x0f,0xe0,0x0f,0xe0,0x0f,0xe0,0xff,0xff,0xff,0xff,0xff,0xff,0xff,0xff,0xff,0xff,0x01,0xfc,0x03,0xf0,0x07,0xe0,
0x07,0xe0,0x07,0xe0,0x07,0xff,0x03,0xff,0x00,0xff,0x07,0x80,0x0f,0xc0,0x1f,0xe0,0x1f,0xe0,0x1f,0xe0,0x1f,0xe0,0x0f,0xc0,
0x07,0x80,0x00,0x00,0x00,0x00,0x00,0x00,0x00,0x00,0x00,0x00,0xff,0xe0,0xff,0xe0,0xff,0xe0,0xff,0xe0,0xff,0xe0,0x0f,0xe0,
0x0f,0xe0,0x0f,0xe0,0x0f,0xe0,0x0f,0xe0,0x0f,0xe0,0x0f,0xe0,0x0f,0xe0,0x0f,0xe0,0x0f,0xe0,0x0f,0xe0,0x0f,0xe0,0x0f,0xe0,
0x0f,0xe0,0x0f,0xe0,0x0f,0xe0,0x0f,0xe0,0x0f,0xe0,0x0f,0xe0,0x1f,0xc0,0x3f,0x00,0x7e,0x00,0x7e,0x00,0x7e,0x00,0x7f,0xe0,
0x3f,0xe0,0x0f,0xe0,0x03,0x80,0x07,0xc0,0x0f,0xe0,0x0f,0xe0,0x0f,0xe0,0x07,0xc0,0x03,0x80,0x00,0x00,0x00,0x00,0x00,0x00,
0xff,0xff,0xff,0xff,0xff,0xff,0xff,0xff,0xff,0xff,0x0f,0xe0,0x0f,0xe0,0x0f,0xe0,0x0f,0xe0,0x0f,0xe0,0x0f,0xe0,0x0f,0xe0,
0x0f,0xe0,0x0f,0xe0,0x0f,0xe0,0x0f,0xe0,0x0f,0xe0,0x0f,0xe0,0x0f,0xe0,0x0f,0xe0,0x0f,0xe0,0x0f,0xe0,0x0f,0xe0,0x0f,0xe0,
0x0f,0xe0,0x0f,0xe0,0x0f,0xe0,0x0f,0xe0,0xff,0xff,0xff,0xff,0xff,0xff,0xff,0xff,0xff,0xff,0xff,0xe0,0xff,0xe0,0xff,0xe0,
0xff,0xe0,0xff,0xe0,0x0f,0xe0,0x0f,0xe0,0x0f,0xe0,0x0f,0xe0,0x0f,0xe0,0x0f,0xe0,0x0f,0xe0,0x0f,0xe0,0x0f,0xe0,0x0f,0xe0,
0x0f,0xe0,0x0f,0xe0,0x0f,0xe0,0x0f,0xe0,0x0f,0xe0,0x0f,0xe0,0x0f,0xe0,0x0f,0xe0,0x0f,0xe0,0xff,0xff,0x00,0x00,0x1f,0xc0,
0xff,0xff,0x00,0x00,0x1f,0xc0,0xff,0xff,0x00,0x00,0x1f,0xc0,0xff,0xff,0x00,0x00,0x1f,0xc0,0xff,0xff,0x00,0x00,0x1f,0xc0,
0x0f,0xe0,0x00,0x00,0x1f,0xc0,0x0f,0xe0,0x00,0x00,0x1f,0xc0,0x0f,0xe0,0x00,0x00,0x1f,0xc0,0x0f,0xe0,0x00,0x00,0x1f,0xc0,
0x0f,0xe0,0x00,0x00,0x1f,0xc0,0x0f,0xe0,0x00,0x00,0x1f,0xc0,0x0f,0xe0,0x00,0x00,0x1f,0xc0,0x0f,0xe0,0x00,0x00,0x1f,0xc0,
0x0f,0xe0,0x00,0x00,0x1f,0xc0,0x0f,0xe0,0x00,0x00,0x1f,0xc0,0x0f,0xe0,0x00,0x00,0x1f,0xc0,0x0f,0xe0,0x00,0x00,0x1f,0xc0,
0x0f,0xe0,0x00,0x00,0x1f,0xc0,0x0f,0xe0,0x00,0x00,0x1f,0xc0,0x0f,0xe0,0x00,0x00,0x1f,0xc0,0x0f,0xe0,0x00,0x00,0x1f,0xc0,
0x0f,0xe0,0x00,0x00,0x1f,0xc0,0x0f,0xe0,0x00,0x80,0x1f,0xc0,0x0f,0xe0,0x07,0x80,0x1f,0xc0,0x0f,0xe0,0x1f,0xc0,0x1f,0xc0,
0x0f,0xe0,0x1f,0xc0,0x3f,0x80,0x0f,0xe0,0x1f,0xe0,0x3f,0x80,0x0f,0xe0,0x0f,0xf0,0xff,0x80,0xff,0xff,0x0f,0xff,0xff,0x00,
0xff,0xff,0x07,0xff,0xfe,0x00,0xff,0xff,0x03,0xff,0xfe,0x00,0xff,0xff,0x01,0xff,0xf8,0x00,0xff,0xff,0x00,0x7f,0xe0,0x00,
0x00,0x00,0x00,0x06,0x00,0x00,0x07,0x80,0x3c,0x0f,0xc0,0x7e,0x1f,0xe0,0xff,0x1f,0xe0,0xff,0x1f,0xe0,0xff,0x1f,0xe0,0xff,
0x0f,0xc0,0x7e,0x07,0x80,0x3c,0x00,0x00,0x00,0x00,0x00,0x00,0x00,0x00,0x00,0x00,0x00,0x00,0x00,0x00,0x00,0xff,0xe0,0xfe,
0xff,0xe0,0xfe,0xff,0xe0,0xfe,0xff,0xe0,0xfe,0xff,0xe0,0xfe,0x0f,0xe0,0xfe,0x0f,0xe0,0xfe,0x0f,0xe0,0xfe,0x0f,0xe0,0xfe,
0x0f,0xe0,0xfe,0x0f,0xe0,0xfe,0x0f,0xe0,0xfe,0x0f,0xe0,0xfe,0x0f,0xe0,0xfe,0x0f,0xe0,0xfe,0x0f,0xe0,0xfe,0x0f,0xe0,0xfe,
0x0f,0xe0,0xfe,0x0f,0xe0,0xfe,0x0f,0xe0,0xfe,0x0f,0xe0,0xfe,0x0f,0xe0,0xfe,0x0f,0xe0,0xfe,0x0f,0xe0,0xfe,0x00,0x00,0xfe,
0x00,0x00,0xfe,0x00,0x01,0xfe,0x00,0x1f,0xfe,0x00,0x1f,0xfc,0x00,0x1f,0xfc,0x00,0x1f,0xf8,0x00,0x1f,0xc0,0xff,0xff,0xf8,
0xc0,0x00,0x18,0xc0,0x00,0x18,0xa0,0x00,0x28,0xb0,0x00,0x68,0x90,0x00,0x48,0x98,0x00,0xc8,0x88,0x00,0x88,0x84,0x01,0x08,
0x86,0x03,0x08,0x82,0x02,0x08,0x83,0x04,0x08,0x81,0x0c,0x08,0x80,0x88,0x08,0x80,0xd8,0x08,0x80,0x50,0x08,0x80,0x20,0x08,
0x80,0x20,0x08,0x80,0x50,0x08,0x80,0xd8,0x08,0x80,0x88,0x08,0x81,0x04,0x08,0x81,0x04,0x08,0x82,0x02,0x08,0x86,0x03,0x08,
0x84,0x01,0x08,0x88,0x00,0x88,0x98,0x00,0x88,0x90,0x00,0x48,0xb0,0x00,0x68,0xa0,0x00,0x28,0xc0,0x00,0x18,0xc0,0x00,0x18,
0xff,0xff,0xf8,0xff,0xff,0xf8,0xc0,0x00,0x18,0xc0,0x00,0x18,0xa0,0x00,0x28,0xb0,0x00,0x68,0x90,0x00,0x48,0x98,0x00,0xc8,
0x88,0x00,0x88,0x84,0x01,0x08,0x86,0x03,0x08,0x82,0x02,0x08,0x83,0x04,0x08,0x81,0x0c,0x08,0x80,0x88,0x08,0x80,0xd8,0x08,
0x80,0x50,0x08,0x80,0x20,0x08,0x80,0x20,0x08,0x80,0x50,0x08,0x80,0xd8,0x08,0x80,0x88,0x08,0x81,0x04,0x08,0x81,0x04,0x08,
0x82,0x02,0x08,0x86,0x03,0x08,0x84,0x01,0x08,0x88,0x00,0x88,0x98,0x00,0x88,0x90,0x00,0x48,0xb0,0x00,0x68,0xa0,0x00,0x28,
0xc0,0x00,0x18,0xc0,0x00,0x18,0xff,0xff,0xf8,0xfe,0x00,0x1f,0xe0,0xfe,0x00,0x3f,0xc0,0xfe,0x00,0x7f,0xc0,0xfe,0x00,0xff,
0x80,0xfe,0x01,0xff,0x00,0xfe,0x03,0xfe,0x00,0xfe,0x07,0xfc,0x00,0xfe,0x0f,0xf8,0x00,0xfe,0x0f,0xf0,0x00,0xfe,0x1f,0xe0,
0x00,0xfe,0x3f,0xc0,0x00,0xfe,0x7f,0xc0,0x00,0xfe,0xff,0x80,0x00,0xff,0xff,0x00,0x00,0xff,0xff,0x00,0x00,0xff,0xff,0x00,
0x00,0xff,0xff,0x80,0x00,0xff,0xff,0xc0,0x00,0xff,0xff,0xc0,0x00,0xff,0xdf,0xe0,0x00,0xff,0x8f,0xf0,0x00,0xff,0x8f,0xf0,
0x00,0xff,0x07,0xf8,0x00,0xfe,0x03,0xfc,0x00,0xfe,0x03,0xfe,0x00,0xfe,0x01,0xfe,0x00,0xfe,0x00,0xff,0x00,0xfe,0x00,0xff,
0x80,0xfe,0x00,0x7f,0x80,0xfe,0x00,0x3f,0xc0,0xfe,0x00,0x1f,0xe0,0xfe,0x00,0x1f,0xe0,0xfe,0x00,0x0f,0xf0,0x00,0x00,0x00,
0x00,0x00,0x00,0x00,0x00,0x00,0x02,0x00,0x00,0x00,0x1f,0x00,0x00,0x00,0x3f,0x80,0x00,0x00,0x0f,0xc0,0x00,0x00,0x07,0xc0,
0x00,0x00,0x07,0xc0,0x00,0x00,0x07,0xc0,0x00,0x00,0x0f,0x80,0x00,0x00,0xff,0x00,0x00,0x00,0x7e,0x00,0x00,0x00,0x20,0x00,
0x00,0xfe,0x00,0x00,0xfe,0x00,0x00,0xfe,0x00,0x00,0xfe,0x00,0x00,0xfe,0x00,0x00,0xfe,0x00,0x00,0xfe,0x00,0x00,0xfe,0x00,
0x00,0xfe,0x00,0x00,0xfe,0x00,0x00,0xfe,0x00,0x00,0xfe,0x03,0xfc,0xfe,0x07,0xf8,0xfe,0x07,0xf0,0xfe,0x0f,0xe0,0xfe,0x1f,
0xc0,0xfe,0x3f,0x80,0xfe,0x7f,0x80,0xfe,0x7f,0x00,0xfe,0xfe,0x00,0xff,0xfc,0x00,0xff,0xfc,0x00,0xff,0xfc,0x00,0xff,0xfe,
0x00,0xff,0xff,0x00,0xff,0xff,0x80,0xff,0xbf,0x80,0xff,0x3f,0xc0,0xfe,0x1f,0xe0,0xfe,0x0f,0xe0,0xfe,0x0f,0xf0,0xfe,0x07,
0xf8,0xfe,0x03,0xfc,0xfe,0x03,0xfc,0xfe,0x01,0xfe,0x00,0x00,0x00,0x00,0x00,0x00,0x00,0x10,0x00,0x00,0x78,0x00,0x00,0xfc,
0x00,0x00,0x7e,0x00,0x00,0x3e,0x00,0x00,0x3e,0x00,0x00,0x3e,0x00,0x00,0x7c,0x00,0x03,0xfc,0x00,0x01,0xf0,0x00,0x00,0x80,
0x00,0xff,0xff,0xf8,0xc0,0x00,0x18,0xc0,0x00,0x18,0xa0,0x00,0x28,0xb0,0x00,0x68,0x90,0x00,0x48,0x98,0x00,0xc8,0x88,0x00,
0x88,0x84,0x01,0x08,0x86,0x03,0x08,0x82,0x02,0x08,0x83,0x04,0x08,0x81,0x0c,0x08,0x80,0x88,0x08,0x80,0xd8,0x08,0x80,0x50,
0x08,0x80,0x20,0x08,0x80,0x20,0x08,0x80,0x50,0x08,0x80,0xd8,0x08,0x80,0x88,0x08,0x81,0x04,0x08,0x81,0x04,0x08,0x82,0x02,
0x08,0x86,0x03,0x08,0x84,0x01,0x08,0x88,0x00,0x88,0x98,0x00,0x88,0x90,0x00,0x48,0xb0,0x00,0x68,0xa0,0x00,0x28,0xc0,0x00,
0x18,0xc0,0x00,0x18,0xff,0xff,0xf8,0x00,0x03,0x80,0x00,0x07,0xc0,0x00,0x0f,0xc0,0x00,0x1f,0xc0,0x00,0x3f,0x80,0x00,0x7f,
0x00,0x00,0xfc,0x00,0x00,0x00,0x00,0x00,0x00,0x00,0x00,0x00,0x00,0xfe,0x00,0x00,0xfe,0x00,0x00,0xfe,0x00,0x00,0xfe,0x00,
0x00,0xfe,0x00,0x00,0xfe,0x00,0x00,0xfe,0x00,0x00,0xfe,0x00,0x00,0xfe,0x00,0x00,0xfe,0x00,0x00,0xfe,0x00,0x00,0xfe,0x00,
0x00,0xfe,0x00,0x00,0xfe,0x00,0x00,0xfe,0x00,0x00,0xfe,0x00,0x00,0xfe,0x00,0x00,0xfe,0x00,0x00,0xfe,0x00,0x00,0xfe,0x00,
0x00,0xfe,0x00,0x00,0xfe,0x00,0x00,0xfe,0x00,0x00,0xfe,0x00,0x00,0xfe,0x00,0x00,0xfe,0x00,0x00,0xfe,0x00,0x00,0xff,0xff,
0xfe,0xff,0xff,0xfe,0xff,0xff,0xfe,0xff,0xff,0xfe,0xff,0xff,0xfe,0xff,0xff,0xfe,0x01,0xc0,0x03,0xe0,0x07,0xe0,0x0f,0xe0,
0x1f,0xc0,0x3f,0x80,0x7e,0x00,0x00,0x00,0x00,0x00,0x00,0x00,0xfe,0x00,0xfe,0x00,0xfe,0x00,0xfe,0x00,0xfe,0x00,0xfe,0x00,
0xfe,0x00,0xfe,0x00,0xfe,0x00,0xfe,0x00,0xfe,0x00,0xfe,0x00,0xfe,0x00,0xfe,0x00,0xfe,0x00,0xfe,0x00,0xfe,0x00,0xfe,0x00,
0xfe,0x00,0xfe,0x00,0xfe,0x00,0xfe,0x00,0xfe,0x00,0xfe,0x00,0xfe,0x00,0xfe,0x00,0xfe,0x00,0xfe,0x00,0xfe,0x00,0xff,0x00,
0xff,0xf0,0xff,0xf0,0x7f,0xf0,0x7f,0xf0,0x1f,0xf0,0xfe,0x00,0x00,0xfe,0x00,0x00,0xfe,0x00,0x00,0xfe,0x00,0x00,0xfe,0x00,
0x00,0xfe,0x00,0x00,0xfe,0x00,0x00,0xfe,0x00,0x00,0xfe,0x00,0x00,0xfe,0x00,0x00,0xfe,0x00,0x00,0xfe,0x00,0x00,0xfe,0x00,
0x00,0xfe,0x00,0x00,0xfe,0x00,0x00,0xfe,0x00,0x00,0xfe,0x00,0x00,0xfe,0x00,0x00,0xfe,0x00,0x00,0xfe,0x00,0x00,0xfe,0x00,
0x00,0xfe,0x00,0x00,0xfe,0x00,0x00,0xfe,0x00,0x00,0xfe,0x00,0x00,0xfe,0x00,0x00,0xfe,0x00,0x00,0xff,0xff,0xfe,0xff,0xff,
0xfe,0xff,0xff,0xfe,0xff,0xff,0xfe,0xff,0xff,0xfe,0xff,0xff,0xfe,0x00,0x00,0x00,0x00,0x00,0x00,0x00,0x10,0x00,0x00,0x78,
0x00,0x00,0xfc,0x00,0x00,0x7e,0x00,0x00,0x3e,0x00,0x00,0x3e,0x00,0x00,0x3e,0x00,0x00,0x7c,0x00,0x07,0xfc,0x00,0x03,0xf0,
0x00,0xfe,0x00,0xfe,0x00,0xfe,0x00,0xfe,0x00,0xfe,0x00,0xfe,0x00,0xfe,0x00,0xfe,0x00,0xfe,0x00,0xfe,0x00,0xfe,0x00,0xfe,
0x00,0xfe,0x00,0xfe,0x00,0xfe,0x00,0xfe,0x00,0xfe,0x00,0xfe,0x00,0xfe,0x00,0xfe,0x00,0xfe,0x00,0xfe,0x00,0xfe,0x00,0xfe,
0x00,0xfe,0x00,0xfe,0x00,0xfe,0x00,0xfe,0x00,0xfe,0x00,0xff,0x00,0xff,0xf0,0xff,0xf0,0x7f,0xf0,0x7f,0xf0,0x1f,0xf0,0x00,
0x00,0x00,0x00,0x02,0x00,0x1f,0x00,0x3f,0x80,0x0f,0xc0,0x07,0xc0,0x07,0xc0,0x07,0xc0,0x0f,0x80,0xff,0x00,0x7e,0x00,0x20,
0x00,0xfe,0x0f,0x00,0xfe,0x0f,0x00,0xfe,0x1f,0x00,0xfe,0x1f,0x00,0xfe,0x1f,0x00,0xfe,0x1e,0x00,0xfe,0x1e,0x00,0xfe,0x1c,
0x00,0xfe,0x3c,0x00,0xfe,0x00,0x00,0xfe,0x00,0x00,0xfe,0x00,0x00,0xfe,0x00,0x00,0xfe,0x00,0x00,0xfe,0x00,0x00,0xfe,0x00,
0x00,0xfe,0x00,0x00,0xfe,0x00,0x00,0xfe,0x00,0x00,0xfe,0x00,0x00,0xfe,0x00,0x00,0xfe,0x00,0x00,0xfe,0x00,0x00,0xfe,0x00,
0x00,0xfe,0x00,0x00,0xfe,0x00,0x00,0xfe,0x00,0x00,0xff,0xff,0xfe,0xff,0xff,0xfe,0xff,0xff,0xfe,0xff,0xff,0xfe,0xff,0xff,
0xfe,0xff,0xff,0xfe,0x00,0x1c,0xfe,0x3e,0xfe,0x3e,0xfe,0x3e,0xfe,0x3c,0xfe,0x3c,0xfe,0x7c,0xfe,0x78,0xfe,0x78,0xfe,0x00,
0xfe,0x00,0xfe,0x00,0xfe,0x00,0xfe,0x00,0xfe,0x00,0xfe,0x00,0xfe,0x00,0xfe,0x00,0xfe,0x00,0xfe,0x00,0xfe,0x00,0xfe,0x00,
0xfe,0x00,0xfe,0x00,0xfe,0x00,0xfe,0x00,0xfe,0x00,0xfe,0x00,0xfe,0x00,0xff,0x00,0xff,0xf0,0xff,0xf0,0x7f,0xf0,0x7f,0xf0,
0x1f,0xf0,0xff,0xff,0xf8,0xc0,0x00,0x18,0xc0,0x00,0x18,0xa0,0x00,0x28,0xb0,0x00,0x68,0x90,0x00,0x48,0x98,0x00,0xc8,0x88,
0x00,0x88,0x84,0x01,0x08,0x86,0x03,0x08,0x82,0x02,0x08,0x83,0x04,0x08,0x81,0x0c,0x08,0x80,0x88,0x08,0x80,0xd8,0x08,0x80,
0x50,0x08,0x80,0x20,0x08,0x80,0x20,0x08,0x80,0x50,0x08,0x80,0xd8,0x08,0x80,0x88,0x08,0x81,0x04,0x08,0x81,0x04,0x08,0x82,
0x02,0x08,0x86,0x03,0x08,0x84,0x01,0x08,0x88,0x00,0x88,0x98,0x00,0x88,0x90,0x00,0x48,0xb0,0x00,0x68,0xa0,0x00,0x28,0xc0,
0x00,0x18,0xc0,0x00,0x18,0xff,0xff,0xf8,0xff,0xff,0xf8,0xc0,0x00,0x18,0xc0,0x00,0x18,0xa0,0x00,0x28,0xb0,0x00,0x68,0x90,
0x00,0x48,0x98,0x00,0xc8,0x88,0x00,0x88,0x84,0x01,0x08,0x86,0x03,0x08,0x82,0x02,0x08,0x83,0x04,0x08,0x81,0x0c,0x08,0x80,
0x88,0x08,0x80,0xd8,0x08,0x80,0x50,0x08,0x80,0x20,0x08,0x80,0x20,0x08,0x80,0x50,0x08,0x80,0xd8,0x08,0x80,0x88,0x08,0x81,
0x04,0x08,0x81,0x04,0x08,0x82,0x02,0x08,0x86,0x03,0x08,0x84,0x01,0x08,0x88,0x00,0x88,0x98,0x00,0x88,0x90,0x00,0x48,0xb0,
0x00,0x68,0xa0,0x00,0x28,0xc0,0x00,0x18,0xc0,0x00,0x18,0xff,0xff,0xf8,0x0f,0xe0,0x00,0x00,0x0f,0xe0,0x00,0x00,0x0f,0xe0,
0x00,0x00,0x0f,0xe0,0x00,0x00,0x0f,0xe0,0x00,0x00,0x0f,0xe0,0x00,0x00,0x0f,0xe0,0x00,0x00,0x0f,0xe0,0x20,0x00,0x0f,0xe0,
0x60,0x00,0x0f,0xe1,0xe0,0x00,0x0f,0xe7,0xe0,0x00,0x0f,0xef,0xe0,0x00,0x0f,0xff,0xe0,0x00,0x0f,0xff,0xc0,0x00,0x0f,0xff,
0x00,0x00,0x0f,0xfc,0x00,0x00,0x0f,0xf8,0x00,0x00,0x3f,0xe0,0x00,0x00,0xff,0xe0,0x00,0x00,0xff,0xe0,0x00,0x00,0xff,0xe0,
0x00,0x00,0xff,0xe0,0x00,0x00,0xef,0xe0,0x00,0x00,0x8f,0xe0,0x00,0x00,0x0f,0xe0,0x00,0x00,0x0f,0xe0,0x00,0x00,0x0f,0xe0,
0x00,0x00,0x0f,0xff,0xff,0xe0,0x0f,0xff,0xff,0xe0,0x0f,0xff,0xff,0xe0,0x0f,0xff,0xff,0xe0,0x0f,0xff,0xff,0xe0,0x0f,0xff,
0xff,0xe0,0x3f,0x80,0x3f,0x80,0x3f,0x80,0x3f,0x80,0x3f,0x80,0x3f,0x80,0x3f,0x80,0x3f,0x80,0x3f,0x80,0x3f,0x80,0x3f,0x80,
0x3f,0x8c,0x3f,0x9c,0x3f,0xfc,0x3f,0xfc,0x3f,0xfc,0x3f,0xf8,0x3f,0xe0,0xff,0xc0,0xff,0x80,0xff,0x80,0xff,0x80,0xff,0x80,
0xbf,0x80,0x3f,0x80,0x3f,0x80,0x3f,0x80,0x3f,0x80,0x3f,0x80,0x3f,0xc0,0x3f,0xfc,0x3f,0xfc,0x1f,0xfc,0x1f,0xfc,0x07,0xfc,
0x00,0x00,0x38,0x00,0x00,0x00,0x7c,0x00,0x00,0x00,0xfc,0x00,0x00,0x01,0xfc,0x00,0x00,0x03,0xf8,0x00,0x00,0x07,0xf0,0x00,
0x00,0x0f,0xc0,0x00,0x00,0x00,0x00,0x00,0x00,0x00,0x00,0x00,0x00,0x00,0x00,0x00,0xff,0xc0,0x03,0xf8,0xff,0xc0,0x03,0xf8,
0xff,0xe0,0x03,0xf8,0xff,0xe0,0x03,0xf8,0xff,0xf0,0x03,0xf8,0xff,0xf0,0x03,0xf8,0xff,0xf8,0x03,0xf8,0xff,0xf8,0x03,0xf8,
0xff,0xfc,0x03,0xf8,0xff,0xfc,0x03,0xf8,0xfe,0xfe,0x03,0xf8,0xfe,0x7e,0x03,0xf8,0xfe,0x7f,0x03,0xf8,0xfe,0x3f,0x03,0xf8,
0xfe,0x3f,0x83,0xf8,0xfe,0x1f,0x83,0xf8,0xfe,0x1f,0xc3,0xf8,0xfe,0x0f,0xc3,0xf8,0xfe,0x0f,0xe3,0xf8,0xfe,0x07,0xe3,0xf8,
0xfe,0x07,0xf3,0xf8,0xfe,0x03,0xfb,0xf8,0xfe,0x03,0xfb,0xf8,0xfe,0x01,0xff,0xf8,0xfe,0x01,0xff,0xf8,0xfe,0x00,0xff,0xf8,
0xfe,0x00,0xff,0xf8,0xfe,0x00,0x7f,0xf8,0xfe,0x00,0x7f,0xf8,0xfe,0x00,0x3f,0xf8,0xfe,0x00,0x3f,0xf8,0xfe,0x00,0x1f,0xf8,
0xfe,0x00,0x1f,0xf8,0x00,0x01,0x00,0x00,0x03,0xc0,0x00,0x07,0xc0,0x00,0x0f,0xc0,0x00,0x1f,0xc0,0x00,0x1f,0x80,0x00,0x3e,
0x00,0x00,0x7c,0x00,0x00,0x00,0x00,0x00,0x00,0x00,0x00,0x00,0x00,0x00,0x00,0x00,0xfc,0x3f,0xe0,0xfc,0xff,0xf0,0xff,0xff,
0xf8,0xff,0xff,0xf8,0xff,0xff,0xf8,0xff,0x83,0xfc,0xff,0x03,0xfc,0xfe,0x01,0xfc,0xfe,0x01,0xfc,0xfe,0x01,0xfc,0xfe,0x01,
0xfc,0xfe,0x01,0xfc,0xfe,0x01,0xfc,0xfe,0x01,0xfc,0xfe,0x01,0xfc,0xfe,0x01,0xfc,0xfe,0x01,0xfc,0xfe,0x01,0xfc,0xfe,0x01,
0xfc,0xfe,0x01,0xfc,0xfe,0x01,0xfc,0xfe,0x01,0xfc,0xfe,0x01,0xfc,0xfe,0x01,0xfc,0xff,0xc0,0x03,0xf8,0xff,0xc0,0x03,0xf8,
0xff,0xe0,0x03,0xf8,0xff,0xe0,0x03,0xf8,0xff,0xf0,0x03,0xf8,0xff,0xf0,0x03,0xf8,0xff,0xf8,0x03,0xf8,0xff,0xf8,0x03,0xf8,
0xff,0xfc,0x03,0xf8,0xff,0xfc,0x03,0xf8,0xfe,0xfe,0x03,0xf8,0xfe,0xfe,0x03,0xf8,0xfe,0x7f,0x03,0xf8,0xfe,0x3f,0x03,0xf8,
0xfe,0x3f,0x83,0xf8,0xfe,0x1f,0x83,0xf8,0xfe,0x1f,0xc3,0xf8,0xfe,0x0f,0xc3,0xf8,0xfe,0x0f,0xe3,0xf8,0xfe,0x07,0xe3,0xf8,
0xfe,0x07,0xf3,0xf8,0xfe,0x03,0xfb,0xf8,0xfe,0x03,0xfb,0xf8,0xfe,0x01,0xff,0xf8,0xfe,0x01,0xff,0xf8,0xfe,0x00,0xff,0xf8,
0xfe,0x00,0xff,0xf8,0xfe,0x00,0x7f,0xf8,0xfe,0x00,0x7f,0xf8,0xfe,0x00,0x3f,0xf8,0xfe,0x00,0x3f,0xf8,0xfe,0x00,0x1f,0xf8,
0xfe,0x00,0x1f,0xf8,0x00,0x00,0x00,0x00,0x00,0x00,0x00,0x00,0x00,0x01,0x00,0x00,0x00,0x07,0x80,0x00,0x00,0x0f,0xc0,0x00,
0x00,0x07,0xe0,0x00,0x00,0x03,0xe0,0x00,0x00,0x03,0xe0,0x00,0x00,0x03,0xe0,0x00,0x00,0x07,0xc0,0x00,0x00,0x7f,0xc0,0x00,
0x00,0x3f,0x00,0x00,0xfc,0x3f,0xe0,0xfc,0xff,0xf0,0xff,0xff,0xf8,0xff,0xff,0xf8,0xff,0xff,0xf8,0xff,0x83,0xfc,0xff,0x03,
0xfc,0xfe,0x01,0xfc,0xfe,0x01,0xfc,0xfe,0x01,0xfc,0xfe,0x01,0xfc,0xfe,0x01,0xfc,0xfe,0x01,0xfc,0xfe,0x01,0xfc,0xfe,0x01,
0xfc,0xfe,0x01,0xfc,0xfe,0x01,0xfc,0xfe,0x01,0xfc,0xfe,0x01,0xfc,0xfe,0x01,0xfc,0xfe,0x01,0xfc,0xfe,0x01,0xfc,0xfe,0x01,
0xfc,0xfe,0x01,0xfc,0x00,0x00,0x00,0x00,0x00,0x00,0x00,0x08,0x00,0x00,0x7c,0x00,0x00,0xfe,0x00,0x00,0x3f,0x00,0x00,0x1f,
0x00,0x00,0x1f,0x00,0x00,0x1f,0x00,0x00,0x3e,0x00,0x03,0xfc,0x00,0x01,0xf8,0x00,0x00,0x80,0x00,0x03,0xf0,0x7e,0x00,0x01,
0xf8,0xfc,0x00,0x00,0xfd,0xf8,0x00,0x00,0x7f,0xf0,0x00,0x00,0x3f,0xe0,0x00,0x00,0x0f,0xc0,0x00,0x00,0x07,0x00,0x00,0x00,
0x00,0x00,0x00,0x00,0x00,0x00,0x00,0x00,0x00,0x00,0x00,0xff,0xc0,0x03,0xf8,0xff,0xc0,0x03,0xf8,0xff,0xe0,0x03,0xf8,0xff,
0xe0,0x03,0xf8,0xff,0xf0,0x03,0xf8,0xff,0xf0,0x03,0xf8,0xff,0xf8,0x03,0xf8,0xff,0xf8,0x03,0xf8,0xff,0xfc,0x03,0xf8,0xff,
0xfc,0x03,0xf8,0xfe,0xfe,0x03,0xf8,0xfe,0x7e,0x03,0xf8,0xfe,0x7f,0x03,0xf8,0xfe,0x3f,0x03,0xf8,0xfe,0x3f,0x83,0xf8,0xfe,
0x1f,0x83,0xf8,0xfe,0x1f,0xc3,0xf8,0xfe,0x0f,0xc3,0xf8,0xfe,0x0f,0xe3,0xf8,0xfe,0x07,0xe3,0xf8,0xfe,0x07,0xf3,0xf8,0xfe,
0x03,0xfb,0xf8,0xfe,0x03,0xfb,0xf8,0xfe,0x01,0xff,0xf8,0xfe,0x01,0xff,0xf8,0xfe,0x00,0xff,0xf8,0xfe,0x00,0xff,0xf8,0xfe,
0x00,0x7f,0xf8,0xfe,0x00,0x7f,0xf8,0xfe,0x00,0x3f,0xf8,0xfe,0x00,0x3f,0xf8,0xfe,0x00,0x1f,0xf8,0xfe,0x00,0x1f,0xf8,0x1f,
0x87,0xe0,0x0f,0xcf,0xc0,0x07,0xff,0x80,0x03,0xff,0x00,0x01,0xfe,0x00,0x00,0xfc,0x00,0x00,0x78,0x00,0x00,0x00,0x00,0x00,
0x00,0x00,0x00,0x00,0x00,0x00,0x00,0x00,0xfc,0x3f,0xe0,0xfc,0xff,0xf0,0xff,0xff,0xf8,0xff,0xff,0xf8,0xff,0xff,0xf8,0xff,
0x83,0xfc,0xff,0x03,0xfc,0xfe,0x01,0xfc,0xfe,0x01,0xfc,0xfe,0x01,0xfc,0xfe,0x01,0xfc,0xfe,0x01,0xfc,0xfe,0x01,0xfc,0xfe,
0x01,0xfc,0xfe,0x01,0xfc,0xfe,0x01,0xfc,0xfe,0x01,0xfc,0xfe,0x01,0xfc,0xfe,0x01,0xfc,0xfe,0x01,0xfc,0xfe,0x01,0xfc,0xfe,
0x01,0xfc,0xfe,0x01,0xfc,0xfe,0x01,0xfc,0xff,0xff,0xf8,0xc0,0x00,0x18,0xc0,0x00,0x18,0xa0,0x00,0x28,0xb0,0x00,0x68,0x90,
0x00,0x48,0x98,0x00,0xc8,0x88,0x00,0x88,0x84,0x01,0x08,0x86,0x03,0x08,0x82,0x02,0x08,0x83,0x04,0x08,0x81,0x0c,0x08,0x80,
0x88,0x08,0x80,0xd8,0x08,0x80,0x50,0x08,0x80,0x20,0x08,0x80,0x20,0x08,0x80,0x50,0x08,0x80,0xd8,0x08,0x80,0x88,0x08,0x81,
0x04,0x08,0x81,0x04,0x08,0x82,0x02,0x08,0x86,0x03,0x08,0x84,0x01,0x08,0x88,0x00,0x88,0x98,0x00,0x88,0x90,0x00,0x48,0xb0,
0x00,0x68,0xa0,0x00,0x28,0xc0,0x00,0x18,0xc0,0x00,0x18,0xff,0xff,0xf8,0xff,0xff,0xf8,0xc0,0x00,0x18,0xc0,0x00,0x18,0xa0,
0x00,0x28,0xb0,0x00,0x68,0x90,0x00,0x48,0x98,0x00,0xc8,0x88,0x00,0x88,0x84,0x01,0x08,0x86,0x03,0x08,0x82,0x02,0x08,0x83,
0x04,0x08,0x81,0x0c,0x08,0x80,0x88,0x08,0x80,0xd8,0x08,0x80,0x50,0x08,0x80,0x20,0x08,0x80,0x20,0x08,0x80,0x50,0x08,0x80,
0xd8,0x08,0x80,0x88,0x08,0x81,0x04,0x08,0x81,0x04,0x08,0x82,0x02,0x08,0x86,0x03,0x08,0x84,0x01,0x08,0x88,0x00,0x88,0x98,
0x00,0x88,0x90,0x00,0x48,0xb0,0x00,0x68,0xa0,0x00,0x28,0xc0,0x00,0x18,0xc0,0x00,0x18,0xff,0xff,0xf8,0xff,0xff,0xf8,0xc0,
0x00,0x18,0xc0,0x00,0x18,0xa0,0x00,0x28,0xb0,0x00,0x68,0x90,0x00,0x48,0x98,0x00,0xc8,0x88,0x00,0x88,0x84,0x01,0x08,0x86,
0x03,0x08,0x82,0x02,0x08,0x83,0x04,0x08,0x81,0x0c,0x08,0x80,0x88,0x08,0x80,0xd8,0x08,0x80,0x50,0x08,0x80,0x20,0x08,0x80,
0x20,0x08,0x80,0x50,0x08,0x80,0xd8,0x08,0x80,0x88,0x08,0x81,0x04,0x08,0x81,0x04,0x08,0x82,0x02,0x08,0x86,0x03,0x08,0x84,
0x01,0x08,0x88,0x00,0x88,0x98,0x00,0x88,0x90,0x00,0x48,0xb0,0x00,0x68,0xa0,0x00,0x28,0xc0,0x00,0x18,0xc0,0x00,0x18,0xff,
0xff,0xf8,0xff,0xff,0xf8,0xc0,0x00,0x18,0xc0,0x00,0x18,0xa0,0x00,0x28,0xb0,0x00,0x68,0x90,0x00,0x48,0x98,0x00,0xc8,0x88,
0x00,0x88,0x84,0x01,0x08,0x86,0x03,0x08,0x82,0x02,0x08,0x83,0x04,0x08,0x81,0x0c,0x08,0x80,0x88,0x08,0x80,0xd8,0x08,0x80,
0x50,0x08,0x80,0x20,0x08,0x80,0x20,0x08,0x80,0x50,0x08,0x80,0xd8,0x08,0x80,0x88,0x08,0x81,0x04,0x08,0x81,0x04,0x08,0x82,
0x02,0x08,0x86,0x03,0x08,0x84,0x01,0x08,0x88,0x00,0x88,0x98,0x00,0x88,0x90,0x00,0x48,0xb0,0x00,0x68,0xa0,0x00,0x28,0xc0,
0x00,0x18,0xc0,0x00,0x18,0xff,0xff,0xf8,0xff,0xff,0xf8,0xc0,0x00,0x18,0xc0,0x00,0x18,0xa0,0x00,0x28,0xb0,0x00,0x68,0x90,
0x00,0x48,0x98,0x00,0xc8,0x88,0x00,0x88,0x84,0x01,0x08,0x86,0x03,0x08,0x82,0x02,0x08,0x83,0x04,0x08,0x81,0x0c,0x08,0x80,
0x88,0x08,0x80,0xd8,0x08,0x80,0x50,0x08,0x80,0x20,0x08,0x80,0x20,0x08,0x80,0x50,0x08,0x80,0xd8,0x08,0x80,0x88,0x08,0x81,
0x04,0x08,0x81,0x04,0x08,0x82,0x02,0x08,0x86,0x03,0x08,0x84,0x01,0x08,0x88,0x00,0x88,0x98,0x00,0x88,0x90,0x00,0x48,0xb0,
0x00,0x68,0xa0,0x00,0x28,0xc0,0x00,0x18,0xc0,0x00,0x18,0xff,0xff,0xf8,0xff,0xff,0xf8,0xc0,0x00,0x18,0xc0,0x00,0x18,0xa0,
0x00,0x28,0xb0,0x00,0x68,0x90,0x00,0x48,0x98,0x00,0xc8,0x88,0x00,0x88,0x84,0x01,0x08,0x86,0x03,0x08,0x82,0x02,0x08,0x83,
0x04,0x08,0x81,0x0c,0x08,0x80,0x88,0x08,0x80,0xd8,0x08,0x80,0x50,0x08,0x80,0x20,0x08,0x80,0x20,0x08,0x80,0x50,0x08,0x80,
0xd8,0x08,0x80,0x88,0x08,0x81,0x04,0x08,0x81,0x04,0x08,0x82,0x02,0x08,0x86,0x03,0x08,0x84,0x01,0x08,0x88,0x00,0x88,0x98,
0x00,0x88,0x90,0x00,0x48,0xb0,0x00,0x68,0xa0,0x00,0x28,0xc0,0x00,0x18,0xc0,0x00,0x18,0xff,0xff,0xf8,0xff,0xff,0xf8,0xc0,
0x00,0x18,0xc0,0x00,0x18,0xa0,0x00,0x28,0xb0,0x00,0x68,0x90,0x00,0x48,0x98,0x00,0xc8,0x88,0x00,0x88,0x84,0x01,0x08,0x86,
0x03,0x08,0x82,0x02,0x08,0x83,0x04,0x08,0x81,0x0c,0x08,0x80,0x88,0x08,0x80,0xd8,0x08,0x80,0x50,0x08,0x80,0x20,0x08,0x80,
0x20,0x08,0x80,0x50,0x08,0x80,0xd8,0x08,0x80,0x88,0x08,0x81,0x04,0x08,0x81,0x04,0x08,0x82,0x02,0x08,0x86,0x03,0x08,0x84,
0x01,0x08,0x88,0x00,0x88,0x98,0x00,0x88,0x90,0x00,0x48,0xb0,0x00,0x68,0xa0,0x00,0x28,0xc0,0x00,0x18,0xc0,0x00,0x18,0xff,
0xff,0xf8,0x00,0x01,0xc0,0xe0,0x00,0x03,0xc1,0xe0,0x00,0x07,0xe3,0xf0,0x00,0x0f,0xc7,0xe0,0x00,0x1f,0xcf,0xe0,0x00,0x3f,
0x0f,0xc0,0x00,0x3e,0x1f,0x00,0x00,0x7c,0x3e,0x00,0x00,0x00,0x00,0x00,0x00,0x00,0x00,0x00,0x00,0x00,0x00,0x00,0x00,0x3f,
0xfc,0x00,0x00,0xff,0xff,0x00,0x03,0xff,0xff,0xc0,0x07,0xff,0xff,0xe0,0x0f,0xff,0xff,0xf0,0x1f,0xff,0xff,0xf8,0x1f,0xf0,
0x0f,0xf8,0x3f,0xc0,0x03,0xfc,0x3f,0xc0,0x03,0xfc,0x7f,0x80,0x01,0xfe,0x7f,0x00,0x00,0xfe,0x7f,0x00,0x00,0xfe,0xfe,0x00,
0x00,0x7f,0xfe,0x00,0x00,0x7f,0xfe,0x00,0x00,0x7f,0xfe,0x00,0x00,0x7f,0xfe,0x00,0x00,0x7f,0xfe,0x00,0x00,0x7f,0xfe,0x00,
0x00,0x7f,0xfe,0x00,0x00,0x7f,0xfe,0x00,0x00,0x7f,0x7f,0x00,0x00,0xfe,0x7f,0x00,0x00,0xfe,0x7f,0x80,0x01,0xfe,0x3f,0xc0,
0x01,0xfc,0x3f,0xe0,0x03,0xfc,0x1f,0xf0,0x0f,0xf8,0x1f,0xff,0xff,0xf8,0x0f,0xff,0xff,0xf0,0x07,0xff,0xff,0xe0,0x03,0xff,
0xff,0xc0,0x00,0xff,0xff,0x00,0x00,0x3f,0xfc,0x00,0x00,0x01,0x80,0x00,0x00,0x08,0x00,0x00,0x00,0x3e,0x0f,0x00,0x00,0x3e,
0x1f,0x00,0x00,0x7e,0x3f,0x00,0x00,0xfe,0x7f,0x00,0x01,0xfc,0x7e,0x00,0x01,0xf0,0xfc,0x00,0x03,0xe1,0xf0,0x00,0x00,0x00,
0x00,0x00,0x00,0x00,0x00,0x00,0x00,0x00,0x00,0x00,0x00,0x08,0x00,0x00,0x01,0xff,0xc0,0x00,0x07,0xff,0xf0,0x00,0x0f,0xff,
0xf8,0x00,0x1f,0xff,0xfc,0x00,0x3f,0xff,0xfe,0x00,0x7f,0x80,0xff,0x00,0x7f,0x00,0x7f,0x00,0x7f,0x00,0x7f,0x00,0xfe,0x00,
0x3f,0x80,0xfe,0x00,0x3f,0x80,0xfe,0x00,0x3f,0x80,0xfe,0x00,0x3f,0x80,0xfe,0x00,0x3f,0x80,0xfe,0x00,0x3f,0x80,0xfe,0x00,
0x3f,0x80,0xfe,0x00,0x3f,0x80,0x7f,0x00,0x7f,0x00,0x7f,0x00,0x7f,0x00,0x7f,0x80,0xfe,0x00,0x3f,0xff,0xfe,0x00,0x1f,0xff,
0xfc,0x00,0x0f,0xff,0xf8,0x00,0x07,0xff,0xf0,0x00,0x01,0xff,0xc0,0x00,0x00,0x08,0x00,0x00,0x00,0x7f,0xf1,0xff,0xff,0xf8,
0x01,0xff,0xfd,0xff,0xff,0xf8,0x03,0xff,0xff,0xff,0xff,0xf8,0x07,0xff,0xff,0xff,0xff,0xf8,0x0f,0xff,0xff,0xff,0xff,0xf8,
0x1f,0xff,0xff,0xff,0xff,0xf8,0x3f,0xe0,0x1f,0xfc,0x00,0x00,0x3f,0xc0,0x0f,0xfc,0x00,0x00,0x7f,0x80,0x07,0xfc,0x00,0x00,
0x7f,0x00,0x03,0xfc,0x00,0x00,0x7f,0x00,0x03,0xfc,0x00,0x00,0x7f,0x00,0x03,0xfc,0x00,0x00,0xfe,0x00,0x01,0xfc,0x00,0x00,
0xfe,0x00,0x01,0xff,0xfe,0x00,0xfe,0x00,0x01,0xff,0xfe,0x00,0xfe,0x00,0x01,0xff,0xfe,0x00,0xfe,0x00,0x01,0xff,0xfe,0x00,
0xfe,0x00,0x01,0xff,0xfe,0x00,0xfe,0x00,0x01,0xff,0xfe,0x00,0xfe,0x00,0x01,0xfc,0x00,0x00,0xfe,0x00,0x01,0xfc,0x00,0x00,
0xff,0x00,0x03,0xfc,0x00,0x00,0x7f,0x00,0x03,0xfc,0x00,0x00,0x7f,0x00,0x03,0xfc,0x00,0x00,0x7f,0x80,0x07,0xfc,0x00,0x00,
0x3f,0xc0,0x0f,0xfc,0x00,0x00,0x3f,0xe0,0x1f,0xfc,0x00,0x00,0x1f,0xff,0xff,0xff,0xff,0xf8,0x0f,0xff,0xff,0xff,0xff,0xf8,
0x07,0xff,0xff,0xff,0xff,0xf8,0x03,0xff,0xff,0xff,0xff,0xf8,0x01,0xff,0xfd,0xff,0xff,0xf8,0x00,0x7f,0xf1,0xff,0xff,0xf8,
0x00,0x03,0x00,0x00,0x00,0x00,0x00,0x00,0x00,0x02,0x00,0x00,0x01,0xff,0xc0,0x3f,0xf0,0x00,0x07,0xff,0xe0,0xff,0xfc,0x00,
0x0f,0xff,0xfb,0xff,0xfe,0x00,0x1f,0xff,0xff,0xff,0xff,0x00,0x3f,0xff,0xff,0xff,0xff,0x80,0x7f,0x80,0xff,0xe0,0x3f,0x80,
0x7f,0x00,0x7f,0xc0,0x0f,0xc0,0x7f,0x00,0x7f,0x80,0x0f,0xc0,0xfe,0x00,0x3f,0x80,0x0f,0xc0,0xfe,0x00,0x3f,0xff,0xff,0xe0,
0xfe,0x00,0x3f,0xff,0xff,0xe0,0xfe,0x00,0x3f,0xff,0xff,0xe0,0xfe,0x00,0x3f,0xff,0xff,0xe0,0xfe,0x00,0x3f,0xff,0xff,0xe0,
0xfe,0x00,0x3f,0x80,0x00,0x00,0xfe,0x00,0x3f,0x80,0x00,0x00,0x7f,0x00,0x7f,0xc0,0x00,0x00,0x7f,0x00,0x7f,0xc0,0x00,0x00,
0x7f,0x80,0xff,0xe0,0x1c,0x00,0x3f,0xff,0xff,0xff,0xff,0x80,0x1f,0xff,0xff,0xff,0xff,0x80,0x0f,0xff,0xfb,0xff,0xff,0x00,
0x07,0xff,0xe1,0xff,0xfc,0x00,0x01,0xff,0xc0,0x7f,0xf0,0x00,0x00,0x08,0x00,0x03,0x00,0x00,0x00,0x00,0xf0,0x00,0x00,0x01,
0xf0,0x00,0x00,0x03,0xf0,0x00,0x00,0x07,0xf0,0x00,0x00,0x07,0xe0,0x00,0x00,0x0f,0xc0,0x00,0x00,0x1f,0x80,0x00,0x00,0x00,
0x00,0x00,0x00,0x00,0x00,0x00,0x00,0x00,0x00,0x00,0xff,0xff,0xc0,0x00,0xff,0xff,0xf8,0x00,0xff,0xff,0xfe,0x00,0xff,0xff,
0xff,0x00,0xff,0xff,0xff,0x80,0xff,0xff,0xff,0x80,0xfe,0x00,0x7f,0xc0,0xfe,0x00,0x3f,0xc0,0xfe,0x00,0x1f,0xc0,0xfe,0x00,
0x1f,0xc0,0xfe,0x00,0x1f,0xc0,0xfe,0x00,0x1f,0xc0,0xfe,0x00,0x3f,0xc0,0xfe,0x00,0x7f,0x80,0xff,0xff,0xff,0x80,0xff,0xff,
0xff,0x80,0xff,0xff,0xff,0x00,0xff,0xff,0xfe,0x00,0xff,0xff,0xf8,0x00,0xff,0xff,0xe0,0x00,0xfe,0x1f,0xe0,0x00,0xfe,0x0f,
0xf0,0x00,0xfe,0x07,0xf8,0x00,0xfe,0x07,0xf8,0x00,0xfe,0x03,0xfc,0x00,0xfe,0x01,0xfe,0x00,0xfe,0x01,0xfe,0x00,0xfe,0x00,
0xff,0x00,0xfe,0x00,0x7f,0x80,0xfe,0x00,0x7f,0x80,0xfe,0x00,0x3f,0xc0,0xfe,0x00,0x3f,0xc0,0xfe,0x00,0x1f,0xe0,0x00,0x3c,
0x00,0x7c,0x00,0x7c,0x00,0xfc,0x01,0xf8,0x03,0xf0,0x03,0xe0,0x00,0x00,0x00,0x00,0x00,0x00,0x00,0x02,0xfc,0x3e,0xfc,0x7e,
0xfc,0xfe,0xff,0xfe,0xff,0xfe,0xff,0xfe,0xff,0xc0,0xff,0x80,0xff,0x00,0xfe,0x00,0xfe,0x00,0xfe,0x00,0xfe,0x00,0xfe,0x00,
0xfe,0x00,0xfe,0x00,0xfe,0x00,0xfe,0x00,0xfe,0x00,0xfe,0x00,0xfe,0x00,0xfe,0x00,0xfe,0x00,0xfe,0x00,0xff,0xff,0xf8,0xc0,
0x00,0x18,0xc0,0x00,0x18,0xa0,0x00,0x28,0xb0,0x00,0x68,0x90,0x00,0x48,0x98,0x00,0xc8,0x88,0x00,0x88,0x84,0x01,0x08,0x86,
0x03,0x08,0x82,0x02,0x08,0x83,0x04,0x08,0x81,0x0c,0x08,0x80,0x88,0x08,0x80,0xd8,0x08,0x80,0x50,0x08,0x80,0x20,0x08,0x80,
0x20,0x08,0x80,0x50,0x08,0x80,0xd8,0x08,0x80,0x88,0x08,0x81,0x04,0x08,0x81,0x04,0x08,0x82,0x02,0x08,0x86,0x03,0x08,0x84,
0x01,0x08,0x88,0x00,0x88,0x98,0x00,0x88,0x90,0x00,0x48,0xb0,0x00,0x68,0xa0,0x00,0x28,0xc0,0x00,0x18,0xc0,0x00,0x18,0xff,
0xff,0xf8,0xff,0xff,0xf8,0xc0,0x00,0x18,0xc0,0x00,0x18,0xa0,0x00,0x28,0xb0,0x00,0x68,0x90,0x00,0x48,0x98,0x00,0xc8,0x88,
0x00,0x88,0x84,0x01,0x08,0x86,0x03,0x08,0x82,0x02,0x08,0x83,0x04,0x08,0x81,0x0c,0x08,0x80,0x88,0x08,0x80,0xd8,0x08,0x80,
0x50,0x08,0x80,0x20,0x08,0x80,0x20,0x08,0x80,0x50,0x08,0x80,0xd8,0x08,0x80,0x88,0x08,0x81,0x04,0x08,0x81,0x04,0x08,0x82,
0x02,0x08,0x86,0x03,0x08,0x84,0x01,0x08,0x88,0x00,0x88,0x98,0x00,0x88,0x90,0x00,0x48,0xb0,0x00,0x68,0xa0,0x00,0x28,0xc0,
0x00,0x18,0xc0,0x00,0x18,0xff,0xff,0xf8,0x0f,0xc0,0xf8,0x00,0x07,0xe1,0xf0,0x00,0x01,0xff,0xe0,0x00,0x00,0xff,0xc0,0x00,
0x00,0x7f,0x80,0x00,0x00,0x3f,0x00,0x00,0x00,0x1e,0x00,0x00,0x00,0x00,0x00,0x00,0x00,0x00,0x00,0x00,0x00,0x00,0x00,0x00,
0xff,0xff,0xc0,0x00,0xff,0xff,0xf8,0x00,0xff,0xff,0xfe,0x00,0xff,0xff,0xff,0x00,0xff,0xff,0xff,0x80,0xff,0xff,0xff,0x80,
0xfe,0x00,0x7f,0xc0,0xfe,0x00,0x3f,0xc0,0xfe,0x00,0x1f,0xc0,0xfe,0x00,0x1f,0xc0,0xfe,0x00,0x1f,0xc0,0xfe,0x00,0x1f,0xc0,
0xfe,0x00,0x3f,0xc0,0xfe,0x00,0x7f,0x80,0xff,0xff,0xff,0x80,0xff,0xff,0xff,0x80,0xff,0xff,0xff,0x00,0xff,0xff,0xfe,0x00,
0xff,0xff,0xf8,0x00,0xff,0xff,0xe0,0x00,0xfe,0x1f,0xe0,0x00,0xfe,0x0f,0xf0,0x00,0xfe,0x07,0xf8,0x00,0xfe,0x07,0xf8,0x00,
0xfe,0x03,0xfc,0x00,0xfe,0x01,0xfe,0x00,0xfe,0x01,0xfe,0x00,0xfe,0x00,0xff,0x00,0xfe,0x00,0x7f,0x80,0xfe,0x00,0x7f,0x80,
0xfe,0x00,0x3f,0xc0,0xfe,0x00,0x3f,0xc0,0xfe,0x00,0x1f,0xe0,0xfc,0x1f,0x80,0x7e,0x3f,0x00,0x3f,0x7e,0x00,0x1f,0xfc,0x00,
0x0f,0xf8,0x00,0x07,0xf0,0x00,0x01,0xc0,0x00,0x00,0x00,0x00,0x00,0x00,0x00,0x00,0x00,0x00,0x00,0x01,0x00,0x7e,0x1f,0x00,
0x7e,0x3f,0x00,0x7e,0x7f,0x00,0x7f,0xff,0x00,0x7f,0xff,0x00,0x7f,0xff,0x00,0x7f,0xe0,0x00,0x7f,0xc0,0x00,0x7f,0x80,0x00,
0x7f,0x00,0x00,0x7f,0x00,0x00,0x7f,0x00,0x00,0x7f,0x00,0x00,0x7f,0x00,0x00,0x7f,0x00,0x00,0x7f,0x00,0x00,0x7f,0x00,0x00,
0x7f,0x00,0x00,0x7f,0x00,0x00,0x7f,0x00,0x00,0x7f,0x00,0x00,0x7f,0x00,0x00,0x7f,0x00,0x00,0x7f,0x00,0x00,0x00,0x00,0x20,
0x00,0x00,0x00,0xf8,0x00,0x00,0x00,0xf8,0x00,0x00,0x01,0xf8,0x00,0x00,0x03,0xf8,0x00,0x00,0x07,0xf0,0x00,0x00,0x0f,0xc0,
0x00,0x00,0x1f,0x80,0x00,0x00,0x00,0x00,0x00,0x00,0x00,0x00,0x00,0x00,0x00,0x00,0x00,0x00,0xff,0xf0,0x00,0x03,0xff,0xfc,
0x00,0x0f,0xff,0xfe,0x00,0x1f,0xff,0xff,0x00,0x3f,0xff,0xff,0x80,0x3f,0xff,0xff,0xc0,0x7f,0x80,0x3f,0xc0,0x7f,0x00,0x1f,
0x00,0x7f,0x00,0x08,0x00,0x7f,0x00,0x00,0x00,0x7f,0x00,0x00,0x00,0x7f,0x80,0x00,0x00,0x3f,0xf0,0x00,0x00,0x3f,0xff,0x80,
0x00,0x1f,0xff,0xf0,0x00,0x0f,0xff,0xfe,0x00,0x07,0xff,0xff,0x00,0x01,0xff,0xff,0x80,0x00,0x3f,0xff,0xc0,0x00,0x01,0xff,
0xc0,0x00,0x00,0x3f,0xe0,0x00,0x00,0x1f,0xe0,0x00,0x00,0x0f,0xe0,0x06,0x00,0x0f,0xe0,0x3e,0x00,0x0f,0xe0,0xff,0x00,0x1f,
0xe0,0x7f,0xc0,0x3f,0xc0,0x7f,0xff,0xff,0xc0,0x3f,0xff,0xff,0x80,0x1f,0xff,0xff,0x00,0x0f,0xff,0xfe,0x00,0x07,0xff,0xfc,
0x00,0x00,0xff,0xf0,0x00,0x00,0x06,0x00,0x00,0x00,0x03,0xc0,0x00,0x03,0xe0,0x00,0x07,0xe0,0x00,0x0f,0xc0,0x00,0x1f,0x80,
0x00,0x3f,0x00,0x00,0x3c,0x00,0x00,0x00,0x00,0x00,0x00,0x00,0x00,0x00,0x00,0x00,0x10,0x00,0x03,0xff,0x80,0x0f,0xff,0xe0,
0x1f,0xff,0xf8,0x3f,0xff,0xf8,0x7f,0xff,0xfc,0x7f,0x01,0xf8,0x7f,0x00,0xc0,0x7f,0x00,0x00,0x7f,0xc0,0x00,0x7f,0xfc,0x00,
0x3f,0xff,0xc0,0x1f,0xff,0xf0,0x0f,0xff,0xfc,0x01,0xff,0xfc,0x00,0x0f,0xfe,0x00,0x01,0xfe,0x00,0x00,0xfe,0x1e,0x00,0xfe,
0xff,0x01,0xfe,0x7f,0xff,0xfc,0x7f,0xff,0xfc,0x3f,0xff,0xf8,0x0f,0xff,0xf0,0x03,0xff,0xc0,0x00,0x18,0x00,0xff,0xff,0xf8,
0xc0,0x00,0x18,0xc0,0x00,0x18,0xa0,0x00,0x28,0xb0,0x00,0x68,0x90,0x00,0x48,0x98,0x00,0xc8,0x88,0x00,0x88,0x84,0x01,0x08,
0x86,0x03,0x08,0x82,0x02,0x08,0x83,0x04,0x08,0x81,0x0c,0x08,0x80,0x88,0x08,0x80,0xd8,0x08,0x80,0x50,0x08,0x80,0x20,0x08,
0x80,0x20,0x08,0x80,0x50,0x08,0x80,0xd8,0x08,0x80,0x88,0x08,0x81,0x04,0x08,0x81,0x04,0x08,0x82,0x02,0x08,0x86,0x03,0x08,
0x84,0x01,0x08,0x88,0x00,0x88,0x98,0x00,0x88,0x90,0x00,0x48,0xb0,0x00,0x68,0xa0,0x00,0x28,0xc0,0x00,0x18,0xc0,0x00,0x18,
0xff,0xff,0xf8,0xff,0xff,0xf8,0xc0,0x00,0x18,0xc0,0x00,0x18,0xa0,0x00,0x28,0xb0,0x00,0x68,0x90,0x00,0x48,0x98,0x00,0xc8,
0x88,0x00,0x88,0x84,0x01,0x08,0x86,0x03,0x08,0x82,0x02,0x08,0x83,0x04,0x08,0x81,0x0c,0x08,0x80,0x88,0x08,0x80,0xd8,0x08,
0x80,0x50,0x08,0x80,0x20,0x08,0x80,0x20,0x08,0x80,0x50,0x08,0x80,0xd8,0x08,0x80,0x88,0x08,0x81,0x04,0x08,0x81,0x04,0x08,
0x82,0x02,0x08,0x86,0x03,0x08,0x84,0x01,0x08,0x88,0x00,0x88,0x98,0x00,0x88,0x90,0x00,0x48,0xb0,0x00,0x68,0xa0,0x00,0x28,
0xc0,0x00,0x18,0xc0,0x00,0x18,0xff,0xff,0xf8,0x00,0xff,0xf0,0x00,0x03,0xff,0xfc,0x00,0x0f,0xff,0xfe,0x00,0x1f,0xff,0xff,
0x00,0x3f,0xff,0xff,0x80,0x3f,0xff,0xff,0xc0,0x7f,0x80,0x3f,0xc0,0x7f,0x00,0x1f,0x00,0x7f,0x00,0x08,0x00,0x7f,0x00,0x00,
0x00,0x7f,0x00,0x00,0x00,0x7f,0x80,0x00,0x00,0x3f,0xf0,0x00,0x00,0x3f,0xff,0x00,0x00,0x1f,0xff,0xf0,0x00,0x0f,0xff,0xfc,
0x00,0x07,0xff,0xff,0x00,0x01,0xff,0xff,0x80,0x00,0x3f,0xff,0xc0,0x00,0x01,0xff,0xc0,0x00,0x00,0x3f,0xe0,0x00,0x00,0x1f,
0xe0,0x00,0x00,0x0f,0xe0,0x06,0x00,0x0f,0xe0,0x3e,0x00,0x0f,0xe0,0xff,0x00,0x1f,0xe0,0x7f,0xc0,0x3f,0xc0,0x7f,0xff,0xff,
0xc0,0x3f,0xff,0xff,0x80,0x1f,0xff,0xff,0x80,0x0f,0xff,0xfe,0x00,0x07,0xff,0xfc,0x00,0x00,0xff,0xf0,0x00,0x00,0x0f,0x00,
0x00,0x00,0x1c,0x00,0x00,0x00,0x1f,0x80,0x00,0x00,0x3f,0xc0,0x00,0x00,0x13,0xe0,0x00,0x00,0x01,0xe0,0x00,0x00,0x03,0xe0,
0x00,0x00,0x7f,0xc0,0x00,0x00,0x7f,0x00,0x00,0x00,0x10,0x00,0x03,0xff,0x80,0x0f,0xff,0xe0,0x1f,0xff,0xf8,0x3f,0xff,0xf8,
0x7f,0xff,0xfc,0x7f,0x01,0xf8,0x7f,0x00,0xc0,0x7f,0x00,0x00,0x7f,0xc0,0x00,0x7f,0xfc,0x00,0x3f,0xff,0xc0,0x1f,0xff,0xf0,
0x0f,0xff,0xfc,0x01,0xff,0xfc,0x00,0x0f,0xfe,0x00,0x01,0xfe,0x00,0x00,0xfe,0x1e,0x00,0xfe,0xff,0x01,0xfe,0x7f,0xff,0xfc,
0x7f,0xff,0xfc,0x3f,0xff,0xf8,0x0f,0xff,0xf0,0x03,0xff,0xc0,0x00,0x7c,0x00,0x00,0x30,0x00,0x00,0x7e,0x00,0x00,0x7f,0x00,
0x00,0x0f,0x80,0x00,0x07,0x80,0x00,0x07,0x80,0x00,0xff,0x00,0x00,0xfe,0x00,0x07,0xe0,0xfc,0x00,0x03,0xf1,0xf8,0x00,0x01,
0xfb,0xf0,0x00,0x00,0xff,0xe0,0x00,0x00,0x7f,0xc0,0x00,0x00,0x1f,0x80,0x00,0x00,0x0e,0x00,0x00,0x00,0x00,0x00,0x00,0x00,
0x00,0x00,0x00,0x00,0x00,0x00,0x00,0x00,0xff,0xf0,0x00,0x03,0xff,0xfc,0x00,0x0f,0xff,0xfe,0x00,0x1f,0xff,0xff,0x00,0x3f,
0xff,0xff,0x80,0x3f,0xff,0xff,0xc0,0x7f,0x80,0x3f,0xc0,0x7f,0x00,0x1f,0x00,0x7f,0x00,0x08,0x00,0x7f,0x00,0x00,0x00,0x7f,
0x00,0x00,0x00,0x7f,0x80,0x00,0x00,0x3f,0xf0,0x00,0x00,0x3f,0xff,0x80,0x00,0x1f,0xff,0xf0,0x00,0x0f,0xff,0xfe,0x00,0x07,
0xff,0xff,0x00,0x01,0xff,0xff,0x80,0x00,0x3f,0xff,0xc0,0x00,0x01,0xff,0xc0,0x00,0x00,0x3f,0xe0,0x00,0x00,0x1f,0xe0,0x00,
0x00,0x0f,0xe0,0x06,0x00,0x0f,0xe0,0x3e,0x00,0x0f,0xe0,0xff,0x00,0x1f,0xe0,0x7f,0xc0,0x3f,0xc0,0x7f,0xff,0xff,0xc0,0x3f,
0xff,0xff,0x80,0x1f,0xff,0xff,0x00,0x0f,0xff,0xfe,0x00,0x07,0xff,0xfc,0x00,0x00,0xff,0xf0,0x00,0x00,0x06,0x00,0x00,0x1f,
0x83,0xf0,0x0f,0xc7,0xe0,0x07,0xef,0xc0,0x01,0xff,0x80,0x00,0xff,0x00,0x00,0x7e,0x00,0x00,0x3c,0x00,0x00,0x00,0x00,0x00,
0x00,0x00,0x00,0x00,0x00,0x00,0x10,0x00,0x03,0xff,0x80,0x0f,0xff,0xe0,0x1f,0xff,0xf8,0x3f,0xff,0xf8,0x7f,0xff,0xfc,0x7f,
0x01,0xf8,0x7f,0x00,0xc0,0x7f,0x00,0x00,0x7f,0xc0,0x00,0x7f,0xfc,0x00,0x3f,0xff,0xc0,0x1f,0xff,0xf0,0x0f,0xff,0xfc,0x01,
0xff,0xfc,0x00,0x0f,0xfe,0x00,0x01,0xfe,0x00,0x00,0xfe,0x1e,0x00,0xfe,0xff,0x01,0xfe,0x7f,0xff,0xfc,0x7f,0xff,0xfc,0x3f,
0xff,0xf8,0x0f,0xff,0xf0,0x03,0xff,0xc0,0x00,0x18,0x00,0xff,0xff,0xff,0xf0,0xff,0xff,0xff,0xf0,0xff,0xff,0xff,0xf0,0xff,
0xff,0xff,0xf0,0xff,0xff,0xff,0xf0,0xff,0xff,0xff,0xf0,0x00,0x3f,0x80,0x00,0x00,0x3f,0x80,0x00,0x00,0x3f,0x80,0x00,0x00,
0x3f,0x80,0x00,0x00,0x3f,0x80,0x00,0x00,0x3f,0x80,0x00,0x00,0x3f,0x80,0x00,0x00,0x3f,0x80,0x00,0x00,0x3f,0x80,0x00,0x00,
0x3f,0x80,0x00,0x00,0x3f,0x80,0x00,0x00,0x3f,0x80,0x00,0x00,0x3f,0x80,0x00,0x00,0x3f,0x80,0x00,0x00,0x3f,0x80,0x00,0x00,
0x3f,0x80,0x00,0x00,0x3f,0x80,0x00,0x00,0x3f,0x80,0x00,0x00,0x3f,0x80,0x00,0x00,0x3f,0x80,0x00,0x00,0x3f,0x80,0x00,0x00,
0x3f,0x80,0x00,0x00,0x3f,0x80,0x00,0x00,0x3f,0x80,0x00,0x00,0x3f,0x80,0x00,0x00,0x3f,0x80,0x00,0x00,0x3f,0x80,0x00,0x00,
0x0e,0x00,0x00,0x00,0x1c,0x00,0x00,0x00,0x1f,0x80,0x00,0x00,0x3f,0xc0,0x00,0x00,0x13,0xe0,0x00,0x00,0x01,0xe0,0x00,0x00,
0x01,0xe0,0x00,0x00,0x7f,0xc0,0x00,0x00,0x7f,0x00,0x00,0x0f,0xe0,0x0f,0xe0,0x0f,0xe0,0x0f,0xe0,0x0f,0xe0,0x0f,0xe0,0xff,
0xff,0xff,0xff,0xff,0xff,0xff,0xff,0xff,0xff,0x0f,0xe0,0x0f,0xe0,0x0f,0xe0,0x0f,0xe0,0x0f,0xe0,0x0f,0xe0,0x0f,0xe0,0x0f,
0xe0,0x0f,0xe0,0x0f,0xe0,0x0f,0xe0,0x0f,0xe0,0x0f,0xe0,0x0f,0xf0,0x0f,0xff,0x0f,0xff,0x07,0xff,0x07,0xff,0x01,0xff,0x00,
0xe0,0x00,0xc0,0x01,0xf8,0x01,0xfc,0x00,0x1e,0x00,0x1e,0x00,0x3e,0x07,0xfc,0x07,0xf0,0x07,0xe0,0xfc,0x00,0x03,0xf1,0xf8,
0x00,0x01,0xfb,0xf0,0x00,0x00,0xff,0xe0,0x00,0x00,0x3f,0xc0,0x00,0x00,0x1f,0x80,0x00,0x00,0x0f,0x00,0x00,0x00,0x00,0x00,
0x00,0x00,0x00,0x00,0x00,0x00,0x00,0x00,0x00,0xff,0xff,0xff,0xf0,0xff,0xff,0xff,0xf0,0xff,0xff,0xff,0xf0,0xff,0xff,0xff,
0xf0,0xff,0xff,0xff,0xf0,0xff,0xff,0xff,0xf0,0x00,0x3f,0x80,0x00,0x00,0x3f,0x80,0x00,0x00,0x3f,0x80,0x00,0x00,0x3f,0x80,
0x00,0x00,0x3f,0x80,0x00,0x00,0x3f,0x80,0x00,0x00,0x3f,0x80,0x00,0x00,0x3f,0x80,0x00,0x00,0x3f,0x80,0x00,0x00,0x3f,0x80,
0x00,0x00,0x3f,0x80,0x00,0x00,0x3f,0x80,0x00,0x00,0x3f,0x80,0x00,0x00,0x3f,0x80,0x00,0x00,0x3f,0x80,0x00,0x00,0x3f,0x80,
0x00,0x00,0x3f,0x80,0x00,0x00,0x3f,0x80,0x00,0x00,0x3f,0x80,0x00,0x00,0x3f,0x80,0x00,0x00,0x3f,0x80,0x00,0x00,0x3f,0x80,
0x00,0x00,0x3f,0x80,0x00,0x00,0x3f,0x80,0x00,0x00,0x3f,0x80,0x00,0x00,0x3f,0x80,0x00,0x00,0x3f,0x80,0x00,0x00,0x01,0xc0,
0x00,0x03,0xc0,0x00,0x03,0xc0,0x00,0x03,0xc0,0x00,0x07,0xc0,0x00,0x07,0xc0,0x00,0x07,0x80,0x0f,0xe7,0x80,0x0f,0xe7,0x00,
0x0f,0xe0,0x00,0x0f,0xe0,0x00,0x0f,0xe0,0x00,0x0f,0xe0,0x00,0x0f,0xe0,0x00,0xff,0xff,0x00,0xff,0xff,0x00,0xff,0xff,0x00,
0xff,0xff,0x00,0xff,0xff,0x00,0x0f,0xe0,0x00,0x0f,0xe0,0x00,0x0f,0xe0,0x00,0x0f,0xe0,0x00,0x0f,0xe0,0x00,0x0f,0xe0,0x00,
0x0f,0xe0,0x00,0x0f,0xe0,0x00,0x0f,0xe0,0x00,0x0f,0xe0,0x00,0x0f,0xe0,0x00,0x0f,0xe0,0x00,0x0f,0xe0,0x00,0x0f,0xf0,0x00,
0x0f,0xff,0x00,0x0f,0xff,0x00,0x07,0xff,0x00,0x07,0xff,0x00,0x01,0xff,0x00,0xff,0xff,0xf8,0xc0,0x00,0x18,0xc0,0x00,0x18,
0xa0,0x00,0x28,0xb0,0x00,0x68,0x90,0x00,0x48,0x98,0x00,0xc8,0x88,0x00,0x88,0x84,0x01,0x08,0x86,0x03,0x08,0x82,0x02,0x08,
0x83,0x04,0x08,0x81,0x0c,0x08,0x80,0x88,0x08,0x80,0xd8,0x08,0x80,0x50,0x08,0x80,0x20,0x08,0x80,0x20,0x08,0x80,0x50,0x08,
0x80,0xd8,0x08,0x80,0x88,0x08,0x81,0x04,0x08,0x81,0x04,0x08,0x82,0x02,0x08,0x86,0x03,0x08,0x84,0x01,0x08,0x88,0x00,0x88,
0x98,0x00,0x88,0x90,0x00,0x48,0xb0,0x00,0x68,0xa0,0x00,0x28,0xc0,0x00,0x18,0xc0,0x00,0x18,0xff,0xff,0xf8,0xff,0xff,0xf8,
0xc0,0x00,0x18,0xc0,0x00,0x18,0xa0,0x00,0x28,0xb0,0x00,0x68,0x90,0x00,0x48,0x98,0x00,0xc8,0x88,0x00,0x88,0x84,0x01,0x08,
0x86,0x03,0x08,0x82,0x02,0x08,0x83,0x04,0x08,0x81,0x0c,0x08,0x80,0x88,0x08,0x80,0xd8,0x08,0x80,0x50,0x08,0x80,0x20,0x08,
0x80,0x20,0x08,0x80,0x50,0x08,0x80,0xd8,0x08,0x80,0x88,0x08,0x81,0x04,0x08,0x81,0x04,0x08,0x82,0x02,0x08,0x86,0x03,0x08,
0x84,0x01,0x08,0x88,0x00,0x88,0x98,0x00,0x88,0x90,0x00,0x48,0xb0,0x00,0x68,0xa0,0x00,0x28,0xc0,0x00,0x18,0xc0,0x00,0x18,
0xff,0xff,0xf8,0xff,0xff,0xf8,0xc0,0x00,0x18,0xc0,0x00,0x18,0xa0,0x00,0x28,0xb0,0x00,0x68,0x90,0x00,0x48,0x98,0x00,0xc8,
0x88,0x00,0x88,0x84,0x01,0x08,0x86,0x03,0x08,0x82,0x02,0x08,0x83,0x04,0x08,0x81,0x0c,0x08,0x80,0x88,0x08,0x80,0xd8,0x08,
0x80,0x50,0x08,0x80,0x20,0x08,0x80,0x20,0x08,0x80,0x50,0x08,0x80,0xd8,0x08,0x80,0x88,0x08,0x81,0x04,0x08,0x81,0x04,0x08,
0x82,0x02,0x08,0x86,0x03,0x08,0x84,0x01,0x08,0x88,0x00,0x88,0x98,0x00,0x88,0x90,0x00,0x48,0xb0,0x00,0x68,0xa0,0x00,0x28,
0xc0,0x00,0x18,0xc0,0x00,0x18,0xff,0xff,0xf8,0xff,0xff,0xf8,0xc0,0x00,0x18,0xc0,0x00,0x18,0xa0,0x00,0x28,0xb0,0x00,0x68,
0x90,0x00,0x48,0x98,0x00,0xc8,0x88,0x00,0x88,0x84,0x01,0x08,0x86,0x03,0x08,0x82,0x02,0x08,0x83,0x04,0x08,0x81,0x0c,0x08,
0x80,0x88,0x08,0x80,0xd8,0x08,0x80,0x50,0x08,0x80,0x20,0x08,0x80,0x20,0x08,0x80,0x50,0x08,0x80,0xd8,0x08,0x80,0x88,0x08,
0x81,0x04,0x08,0x81,0x04,0x08,0x82,0x02,0x08,0x86,0x03,0x08,0x84,0x01,0x08,0x88,0x00,0x88,0x98,0x00,0x88,0x90,0x00,0x48,
0xb0,0x00,0x68,0xa0,0x00,0x28,0xc0,0x00,0x18,0xc0,0x00,0x18,0xff,0xff,0xf8,0x01,0xff,0xf8,0x00,0x01,0xff,0xf8,0x00,0x01,
0xff,0xf8,0x00,0x01,0xff,0xf8,0x00,0x01,0xff,0xf8,0x00,0x00,0x00,0x00,0x00,0x00,0x00,0x00,0x00,0x00,0x00,0x00,0x00,0x00,
0x00,0x00,0x00,0xfe,0x00,0x0f,0xe0,0xfe,0x00,0x0f,0xe0,0xfe,0x00,0x0f,0xe0,0xfe,0x00,0x0f,0xe0,0xfe,0x00,0x0f,0xe0,0xfe,
0x00,0x0f,0xe0,0xfe,0x00,0x0f,0xe0,0xfe,0x00,0x0f,0xe0,0xfe,0x00,0x0f,0xe0,0xfe,0x00,0x0f,0xe0,0xfe,0x00,0x0f,0xe0,0xfe,
0x00,0x0f,0xe0,0xfe,0x00,0x0f,0xe0,0xfe,0x00,0x0f,0xe0,0xfe,0x00,0x0f,0xe0,0xfe,0x00,0x0f,0xe0,0xfe,0x00,0x0f,0xe0,0xfe,
0x00,0x0f,0xe0,0xfe,0x00,0x0f,0xe0,0xfe,0x00,0x0f,0xe0,0xfe,0x00,0x0f,0xe0,0xfe,0x00,0x0f,0xe0,0xfe,0x00,0x0f,0xe0,0xfe,
0x00,0x0f,0xe0,0x7f,0x00,0x1f,0xc0,0x7f,0x00,0x1f,0xc0,0x7f,0xc0,0x3f,0xc0,0x3f,0xff,0xff,0x80,0x3f,0xff,0xff,0x80,0x1f,
0xff,0xff,0x00,0x0f,0xff,0xfe,0x00,0x07,0xff,0xfc,0x00,0x01,0xff,0xf0,0x00,0x00,0x06,0x00,0x00,0x0f,0xff,0xc0,0x0f,0xff,
0xc0,0x0f,0xff,0xc0,0x0f,0xff,0xc0,0x0f,0xff,0xc0,0x00,0x00,0x00,0x00,0x00,0x00,0x00,0x00,0x00,0x00,0x00,0x00,0xfe,0x01,
0xfc,0xfe,0x01,0xfc,0xfe,0x01,0xfc,0xfe,0x01,0xfc,0xfe,0x01,0xfc,0xfe,0x01,0xfc,0xfe,0x01,0xfc,0xfe,0x01,0xfc,0xfe,0x01,
0xfc,0xfe,0x01,0xfc,0xfe,0x01,0xfc,0xfe,0x01,0xfc,0xfe,0x01,0xfc,0xfe,0x01,0xfc,0xfe,0x01,0xfc,0xfe,0x01,0xfc,0xfe,0x01,
0xfc,0xfe,0x03,0xfc,0xff,0x07,0xfc,0x7f,0xff,0xfc,0x7f,0xff,0xfc,0x7f,0xfd,0xfc,0x3f,0xfc,0xfc,0x1f,0xf0,0xfc,0x00,0x80,
0x00,0xff,0xff,0xf8,0xc0,0x00,0x18,0xc0,0x00,0x18,0xa0,0x00,0x28,0xb0,0x00,0x68,0x90,0x00,0x48,0x98,0x00,0xc8,0x88,0x00,
0x88,0x84,0x01,0x08,0x86,0x03,0x08,0x82,0x02,0x08,0x83,0x04,0x08,0x81,0x0c,0x08,0x80,0x88,0x08,0x80,0xd8,0x08,0x80,0x50,
0x08,0x80,0x20,0x08,0x80,0x20,0x08,0x80,0x50,0x08,0x80,0xd8,0x08,0x80,0x88,0x08,0x81,0x04,0x08,0x81,0x04,0x08,0x82,0x02,
0x08,0x86,0x03,0x08,0x84,0x01,0x08,0x88,0x00,0x88,0x98,0x00,0x88,0x90,0x00,0x48,0xb0,0x00,0x68,0xa0,0x00,0x28,0xc0,0x00,
0x18,0xc0,0x00,0x18,0xff,0xff,0xf8,0xff,0xff,0xf8,0xc0,0x00,0x18,0xc0,0x00,0x18,0xa0,0x00,0x28,0xb0,0x00,0x68,0x90,0x00,
0x48,0x98,0x00,0xc8,0x88,0x00,0x88,0x84,0x01,0x08,0x86,0x03,0x08,0x82,0x02,0x08,0x83,0x04,0x08,0x81,0x0c,0x08,0x80,0x88,
0x08,0x80,0xd8,0x08,0x80,0x50,0x08,0x80,0x20,0x08,0x80,0x20,0x08,0x80,0x50,0x08,0x80,0xd8,0x08,0x80,0x88,0x08,0x81,0x04,
0x08,0x81,0x04,0x08,0x82,0x02,0x08,0x86,0x03,0x08,0x84,0x01,0x08,0x88,0x00,0x88,0x98,0x00,0x88,0x90,0x00,0x48,0xb0,0x00,
0x68,0xa0,0x00,0x28,0xc0,0x00,0x18,0xc0,0x00,0x18,0xff,0xff,0xf8,0x00,0x1f,0x00,0x00,0x00,0x7f,0xc0,0x00,0x00,0xff,0xe0,
0x00,0x00,0xff,0xe0,0x00,0x01,0xf1,0xf0,0x00,0x01,0xe0,0xf0,0x00,0x01,0xe0,0xf0,0x00,0x01,0xe0,0xf0,0x00,0x01,0xf1,0xf0,
0x00,0x00,0xff,0xe0,0x00,0x00,0xff,0xe0,0x00,0x00,0x7f,0xc0,0x00,0xfe,0x1f,0x0f,0xe0,0xfe,0x00,0x0f,0xe0,0xfe,0x00,0x0f,
0xe0,0xfe,0x00,0x0f,0xe0,0xfe,0x00,0x0f,0xe0,0xfe,0x00,0x0f,0xe0,0xfe,0x00,0x0f,0xe0,0xfe,0x00,0x0f,0xe0,0xfe,0x00,0x0f,
0xe0,0xfe,0x00,0x0f,0xe0,0xfe,0x00,0x0f,0xe0,0xfe,0x00,0x0f,0xe0,0xfe,0x00,0x0f,0xe0,0xfe,0x00,0x0f,0xe0,0xfe,0x00,0x0f,
0xe0,0xfe,0x00,0x0f,0xe0,0xfe,0x00,0x0f,0xe0,0xfe,0x00,0x0f,0xe0,0xfe,0x00,0x0f,0xe0,0xfe,0x00,0x0f,0xe0,0xfe,0x00,0x0f,
0xe0,0xfe,0x00,0x0f,0xe0,0xfe,0x00,0x0f,0xe0,0xfe,0x00,0x0f,0xe0,0x7f,0x00,0x1f,0xc0,0x7f,0x00,0x1f,0xc0,0x7f,0xc0,0x3f,
0xc0,0x3f,0xff,0xff,0x80,0x3f,0xff,0xff,0x80,0x1f,0xff,0xff,0x00,0x0f,0xff,0xfe,0x00,0x07,0xff,0xfc,0x00,0x01,0xff,0xf0,
0x00,0x00,0x06,0x00,0x00,0x00,0x78,0x00,0x01,0xfe,0x00,0x03,0xff,0x00,0x03,0xff,0x00,0x07,0xcf,0x80,0x07,0x87,0x80,0x07,
0x87,0x80,0x07,0xcf,0x80,0x03,0xff,0x00,0x03,0xff,0x00,0x01,0xfe,0x00,0x00,0x7c,0x00,0x00,0x00,0x00,0x00,0x00,0x00,0x00,
0x00,0x00,0xfe,0x01,0xfc,0xfe,0x01,0xfc,0xfe,0x01,0xfc,0xfe,0x01,0xfc,0xfe,0x01,0xfc,0xfe,0x01,0xfc,0xfe,0x01,0xfc,0xfe,
0x01,0xfc,0xfe,0x01,0xfc,0xfe,0x01,0xfc,0xfe,0x01,0xfc,0xfe,0x01,0xfc,0xfe,0x01,0xfc,0xfe,0x01,0xfc,0xfe,0x01,0xfc,0xfe,
0x01,0xfc,0xfe,0x01,0xfc,0xfe,0x03,0xfc,0xff,0x07,0xfc,0x7f,0xff,0xfc,0x7f,0xff,0xfc,0x7f,0xfd,0xfc,0x3f,0xfc,0xfc,0x1f,
0xf0,0xfc,0x00,0x80,0x00,0x00,0x0e,0x07,0x00,0x00,0x1f,0x0f,0x80,0x00,0x3f,0x1f,0x80,0x00,0x3f,0x1f,0x80,0x00,0x7e,0x3f,
0x00,0x00,0xfc,0x7e,0x00,0x01,0xf8,0xfc,0x00,0x01,0xf0,0xf8,0x00,0x00,0x00,0x00,0x00,0x00,0x00,0x00,0x00,0x00,0x00,0x00,
0x00,0xfe,0x00,0x0f,0xe0,0xfe,0x00,0x0f,0xe0,0xfe,0x00,0x0f,0xe0,0xfe,0x00,0x0f,0xe0,0xfe,0x00,0x0f,0xe0,0xfe,0x00,0x0f,
0xe0,0xfe,0x00,0x0f,0xe0,0xfe,0x00,0x0f,0xe0,0xfe,0x00,0x0f,0xe0,0xfe,0x00,0x0f,0xe0,0xfe,0x00,0x0f,0xe0,0xfe,0x00,0x0f,
0xe0,0xfe,0x00,0x0f,0xe0,0xfe,0x00,0x0f,0xe0,0xfe,0x00,0x0f,0xe0,0xfe,0x00,0x0f,0xe0,0xfe,0x00,0x0f,0xe0,0xfe,0x00,0x0f,
0xe0,0xfe,0x00,0x0f,0xe0,0xfe,0x00,0x0f,0xe0,0xfe,0x00,0x0f,0xe0,0xfe,0x00,0x0f,0xe0,0xfe,0x00,0x0f,0xe0,0xfe,0x00,0x0f,
0xe0,0x7f,0x00,0x1f,0xc0,0x7f,0x00,0x1f,0xc0,0x7f,0xc0,0x3f,0xc0,0x3f,0xff,0xff,0x80,0x3f,0xff,0xff,0x80,0x1f,0xff,0xff,
0x00,0x0f,0xff,0xfe,0x00,0x07,0xff,0xfc,0x00,0x01,0xff,0xf0,0x00,0x00,0x06,0x00,0x00,0x00,0x78,0x3c,0x00,0xf8,0x7c,0x01,
0xf8,0xfc,0x01,0xf8,0xfc,0x03,0xf1,0xf8,0x07,0xe3,0xf0,0x0f,0xc7,0xe0,0x00,0x00,0x00,0x00,0x00,0x00,0x00,0x00,0x00,0x00,
0x00,0x00,0xfe,0x01,0xfc,0xfe,0x01,0xfc,0xfe,0x01,0xfc,0xfe,0x01,0xfc,0xfe,0x01,0xfc,0xfe,0x01,0xfc,0xfe,0x01,0xfc,0xfe,
0x01,0xfc,0xfe,0x01,0xfc,0xfe,0x01,0xfc,0xfe,0x01,0xfc,0xfe,0x01,0xfc,0xfe,0x01,0xfc,0xfe,0x01,0xfc,0xfe,0x01,0xfc,0xfe,
0x01,0xfc,0xfe,0x01,0xfc,0xfe,0x03,0xfc,0xff,0x07,0xfc,0x7f,0xff,0xfc,0x7f,0xff,0xfc,0x7f,0xfd,0xfc,0x3f,0xfc,0xfc,0x1f,
0xf0,0xfc,0x00,0x80,0x00,0xfe,0x00,0x0f,0xe0,0xfe,0x00,0x0f,0xe0,0xfe,0x00,0x0f,0xe0,0xfe,0x00,0x0f,0xe0,0xfe,0x00,0x0f,
0xe0,0xfe,0x00,0x0f,0xe0,0xfe,0x00,0x0f,0xe0,0xfe,0x00,0x0f,0xe0,0xfe,0x00,0x0f,0xe0,0xfe,0x00,0x0f,0xe0,0xfe,0x00,0x0f,
0xe0,0xfe,0x00,0x0f,0xe0,0xfe,0x00,0x0f,0xe0,0xfe,0x00,0x0f,0xe0,0xfe,0x00,0x0f,0xe0,0xfe,0x00,0x0f,0xe0,0xfe,0x00,0x0f,
0xe0,0xfe,0x00,0x0f,0xe0,0xfe,0x00,0x0f,0xe0,0xfe,0x00,0x0f,0xe0,0xfe,0x00,0x0f,0xe0,0xfe,0x00,0x0f,0xe0,0xfe,0x00,0x0f,
0xe0,0xfe,0x00,0x0f,0xe0,0x7f,0x00,0x1f,0xc0,0x7f,0x00,0x1f,0xc0,0x7f,0xc0,0x3f,0xc0,0x3f,0xff,0xff,0x80,0x3f,0xff,0xff,
0x80,0x1f,0xff,0xff,0x00,0x0f,0xff,0xfe,0x00,0x07,0xff,0xfc,0x00,0x01,0xff,0xf8,0x00,0x00,0x07,0xf0,0x00,0x00,0x07,0xe0,
0x00,0x00,0x07,0xe0,0x00,0x00,0x07,0xe0,0x00,0x00,0x07,0xf0,0x00,0x00,0x07,0xfe,0x00,0x00,0x03,0xfe,0x00,0x00,0x00,0xfe,
0x00,0xfe,0x01,0xfc,0xfe,0x01,0xfc,0xfe,0x01,0xfc,0xfe,0x01,0xfc,0xfe,0x01,0xfc,0xfe,0x01,0xfc,0xfe,0x01,0xfc,0xfe,0x01,
0xfc,0xfe,0x01,0xfc,0xfe,0x01,0xfc,0xfe,0x01,0xfc,0xfe,0x01,0xfc,0xfe,0x01,0xfc,0xfe,0x01,0xfc,0xfe,0x01,0xfc,0xfe,0x01,
0xfc,0xfe,0x01,0xfc,0xfe,0x03,0xfc,0xff,0x07,0xfc,0x7f,0xff,0xfc,0x7f,0xff,0xfc,0x7f,0xfd,0xfc,0x3f,0xfc,0xfc,0x1f,0xf0,
0xfc,0x00,0x83,0xf8,0x00,0x07,0xe0,0x00,0x0f,0xc0,0x00,0x0f,0xc0,0x00,0x0f,0xc0,0x00,0x0f,0xfc,0x00,0x07,0xfc,0x00,0x01,
0xfc,0x00,0x00,0x3c,0x00,0x00,0x00,0x00,0x00,0x7e,0x00,0x00,0x00,0x00,0x00,0xff,0x00,0x00,0x00,0x00,0x01,0xff,0xc0,0x00,
0x00,0x00,0x03,0xf7,0xe0,0x00,0x00,0x00,0x07,0xe3,0xf0,0x00,0x00,0x00,0x0f,0xc1,0xf8,0x00,0x00,0x00,0x00,0x00,0x00,0x00,
0x00,0x00,0x00,0x00,0x00,0x00,0x00,0x00,0x00,0x00,0x00,0x00,0x00,0xfe,0x00,0xff,0x00,0x3f,0x80,0xfe,0x00,0xff,0x00,0x7f,
0x00,0xfe,0x00,0xff,0x00,0x7f,0x00,0x7f,0x00,0xff,0x80,0x7f,0x00,0x7f,0x00,0xff,0x80,0x7f,0x00,0x7f,0x01,0xff,0x80,0x7f,
0x00,0x7f,0x01,0xff,0x80,0xfe,0x00,0x3f,0x01,0xff,0xc0,0xfe,0x00,0x3f,0x81,0xff,0xc0,0xfe,0x00,0x3f,0x81,0xff,0xc0,0xfe,
0x00,0x3f,0x83,0xf7,0xc0,0xfc,0x00,0x3f,0x83,0xf7,0xc1,0xfc,0x00,0x1f,0x83,0xf7,0xe1,0xfc,0x00,0x1f,0xc3,0xe7,0xe1,0xfc,
0x00,0x1f,0xc3,0xe7,0xe1,0xf8,0x00,0x1f,0xc7,0xe3,0xe1,0xf8,0x00,0x0f,0xc7,0xe3,0xe3,0xf8,0x00,0x0f,0xc7,0xc3,0xf3,0xf8,
0x00,0x0f,0xe7,0xc3,0xf3,0xf0,0x00,0x0f,0xef,0xc1,0xf3,0xf0,0x00,0x07,0xef,0xc1,0xf3,0xf0,0x00,0x07,0xef,0xc1,0xf7,0xf0,
0x00,0x07,0xef,0x81,0xff,0xe0,0x00,0x07,0xff,0x81,0xff,0xe0,0x00,0x03,0xff,0x80,0xff,0xe0,0x00,0x03,0xff,0x80,0xff,0xe0,
0x00,0x03,0xff,0x80,0xff,0xe0,0x00,0x03,0xff,0x00,0xff,0xc0,0x00,0x03,0xff,0x00,0xff,0xc0,0x00,0x01,0xff,0x00,0x7f,0xc0,
0x00,0x01,0xff,0x00,0x7f,0xc0,0x00,0x01,0xfe,0x00,0x7f,0x80,0x00,0x01,0xfe,0x00,0x7f,0x80,0x00,0x00,0x03,0xe0,0x00,0x00,
0x00,0x07,0xf0,0x00,0x00,0x00,0x0f,0xf8,0x00,0x00,0x00,0x1f,0xfc,0x00,0x00,0x00,0x3f,0x7e,0x00,0x00,0x00,0x7e,0x3f,0x00,
0x00,0x00,0xfc,0x1f,0x80,0x00,0x00,0x00,0x00,0x00,0x00,0x00,0x00,0x00,0x00,0x00,0x00,0x00,0x00,0x00,0x00,0x00,0x00,0x00,
0x00,0x00,0xfe,0x07,0xf0,0x1f,0xc0,0xfe,0x07,0xf0,0x1f,0x80,0xfe,0x07,0xf0,0x1f,0x80,0x7e,0x07,0xf8,0x3f,0x80,0x7e,0x07,
0xf8,0x3f,0x80,0x7f,0x0f,0xf8,0x3f,0x00,0x7f,0x0f,0xf8,0x3f,0x00,0x3f,0x0f,0xf8,0x7f,0x00,0x3f,0x0f,0x7c,0x7f,0x00,0x3f,
0x8f,0x7c,0x7e,0x00,0x3f,0x9f,0x3c,0x7e,0x00,0x1f,0x9f,0x3c,0xfe,0x00,0x1f,0x9e,0x3e,0xfe,0x00,0x1f,0x9e,0x3e,0xfc,0x00,
0x1f,0xde,0x3e,0xfc,0x00,0x0f,0xfe,0x1e,0xfc,0x00,0x0f,0xfe,0x1f,0xfc,0x00,0x0f,0xfc,0x1f,0xf8,0x00,0x0f,0xfc,0x1f,0xf8,
0x00,0x07,0xfc,0x0f,0xf8,0x00,0x07,0xfc,0x0f,0xf8,0x00,0x07,0xfc,0x0f,0xf0,0x00,0x07,0xf8,0x0f,0xf0,0x00,0x03,0xf8,0x0f,
0xf0,0x00,0x00,0x03,0x80,0x00,0x00,0x0f,0xe0,0x00,0x00,0x1f,0xf0,0x00,0x00,0x3f,0xf8,0x00,0x00,0x7e,0xfc,0x00,0x00,0xfc,
0x7e,0x00,0x01,0xf8,0x3f,0x00,0x00,0x00,0x00,0x00,0x00,0x00,0x00,0x00,0x00,0x00,0x00,0x00,0xff,0x00,0x01,0xfe,0x7f,0x80,
0x03,0xfc,0x7f,0x80,0x03,0xfc,0x3f,0xc0,0x07,0xf8,0x1f,0xe0,0x0f,0xf0,0x1f,0xe0,0x0f,0xf0,0x0f,0xf0,0x1f,0xe0,0x0f,0xf0,
0x1f,0xe0,0x07,0xf8,0x3f,0xc0,0x03,0xf8,0x3f,0x80,0x03,0xfc,0x7f,0x80,0x01,0xfe,0xff,0x00,0x01,0xfe,0xff,0x00,0x00,0xff,
0xfe,0x00,0x00,0x7f,0xfc,0x00,0x00,0x7f,0xfc,0x00,0x00,0x3f,0xf8,0x00,0x00,0x3f,0xf8,0x00,0x00,0x1f,0xf0,0x00,0x00,0x0f,
0xe0,0x00,0x00,0x0f,0xe0,0x00,0x00,0x0f,0xe0,0x00,0x00,0x0f,0xe0,0x00,0x00,0x0f,0xe0,0x00,0x00,0x0f,0xe0,0x00,0x00,0x0f,
0xe0,0x00,0x00,0x0f,0xe0,0x00,0x00,0x0f,0xe0,0x00,0x00,0x0f,0xe0,0x00,0x00,0x0f,0xe0,0x00,0x00,0x0f,0xe0,0x00,0x00,0x0f,
0xe0,0x00,0x00,0x0f,0xe0,0x00,0x00,0x3e,0x00,0x00,0x7f,0x00,0x00,0xff,0x80,0x01,0xff,0xc0,0x03,0xf7,0xe0,0x07,0xe3,0xf0,
0x0f,0xc1,0xf8,0x00,0x00,0x00,0x00,0x00,0x00,0x00,0x00,0x00,0x00,0x00,0x00,0xff,0x00,0x7f,0x7f,0x00,0x7f,0x7f,0x00,0xfe,
0x3f,0x80,0xfe,0x3f,0x80,0xfe,0x3f,0x80,0xfc,0x1f,0xc1,0xfc,0x1f,0xc1,0xfc,0x1f,0xc1,0xf8,0x0f,0xc3,0xf8,0x0f,0xe3,0xf0,
0x07,0xe3,0xf0,0x07,0xe7,0xf0,0x07,0xf7,0xe0,0x03,0xf7,0xe0,0x03,0xff,0xe0,0x03,0xff,0xc0,0x01,0xff,0xc0,0x01,0xff,0xc0,
0x00,0xff,0x80,0x00,0xff,0x80,0x00,0xff,0x00,0x00,0x7f,0x00,0x00,0x7f,0x00,0x00,0x7e,0x00,0x00,0x7e,0x00,0x00,0xfc,0x00,
0x1f,0xfc,0x00,0x1f,0xf8,0x00,0x1f,0xf8,0x00,0x1f,0xf0,0x00,0x1f,0xc0,0x00,0x00,0x70,0x1c,0x00,0x00,0xf8,0x3e,0x00,0x01,
0xfc,0x7f,0x00,0x01,0xfc,0x7f,0x00,0x01,0xfc,0x7f,0x00,0x00,0xf8,0x3e,0x00,0x00,0x70,0x1c,0x00,0x00,0x00,0x00,0x00,0x00,
0x00,0x00,0x00,0x00,0x00,0x00,0x00,0xff,0x00,0x01,0xfe,0x7f,0x80,0x03,0xfc,0x7f,0x80,0x03,0xfc,0x3f,0xc0,0x07,0xf8,0x3f,
0xc0,0x07,0xf8,0x1f,0xe0,0x0f,0xf0,0x0f,0xf0,0x1f,0xe0,0x0f,0xf0,0x1f,0xe0,0x07,0xf8,0x3f,0xc0,0x07,0xf8,0x3f,0xc0,0x03,
0xfc,0x7f,0x80,0x01,0xfc,0x7f,0x00,0x01,0xfe,0xff,0x00,0x00,0xff,0xfe,0x00,0x00,0x7f,0xfc,0x00,0x00,0x7f,0xfc,0x00,0x00,
0x3f,0xf8,0x00,0x00,0x3f,0xf8,0x00,0x00,0x1f,0xf0,0x00,0x00,0x0f,0xe0,0x00,0x00,0x0f,0xe0,0x00,0x00,0x0f,0xe0,0x00,0x00,
0x0f,0xe0,0x00,0x00,0x0f,0xe0,0x00,0x00,0x0f,0xe0,0x00,0x00,0x0f,0xe0,0x00,0x00,0x0f,0xe0,0x00,0x00,0x0f,0xe0,0x00,0x00,
0x0f,0xe0,0x00,0x00,0x0f,0xe0,0x00,0x00,0x0f,0xe0,0x00,0x00,0x0f,0xe0,0x00,0x00,0x0f,0xe0,0x00,0x00,0x00,0x70,0x00,0x00,
0x00,0xf8,0x00,0x00,0x01,0xf8,0x00,0x00,0x03,0xf8,0x00,0x00,0x07,0xf0,0x00,0x00,0x0f,0xe0,0x00,0x00,0x1f,0x80,0x00,0x00,
0x00,0x00,0x00,0x00,0x00,0x00,0x00,0x00,0x00,0x00,0x00,0x7f,0xff,0xff,0xc0,0x7f,0xff,0xff,0xc0,0x7f,0xff,0xff,0xc0,0x7f,
0xff,0xff,0xc0,0x7f,0xff,0xff,0xc0,0x7f,0xff,0xff,0xc0,0x00,0x00,0x7f,0x80,0x00,0x00,0xff,0x00,0x00,0x01,0xff,0x00,0x00,
0x03,0xfe,0x00,0x00,0x07,0xfc,0x00,0x00,0x07,0xf8,0x00,0x00,0x0f,0xf8,0x00,0x00,0x1f,0xf0,0x00,0x00,0x3f,0xe0,0x00,0x00,
0x3f,0xc0,0x00,0x00,0x7f,0x80,0x00,0x00,0xff,0x80,0x00,0x01,0xff,0x00,0x00,0x03,0xfe,0x00,0x00,0x03,0xfc,0x00,0x00,0x07,
0xfc,0x00,0x00,0x0f,0xf8,0x00,0x00,0x1f,0xf0,0x00,0x00,0x3f,0xe0,0x00,0x00,0x3f,0xe0,0x00,0x00,0x7f,0xc0,0x00,0x00,0xff,
0xff,0xff,0xc0,0xff,0xff,0xff,0xc0,0xff,0xff,0xff,0xc0,0xff,0xff,0xff,0xc0,0xff,0xff,0xff,0xc0,0xff,0xff,0xff,0xc0,0x00,
0x07,0x80,0x00,0x07,0xc0,0x00,0x0f,0xc0,0x00,0x1f,0x80,0x00,0x3f,0x00,0x00,0x3e,0x00,0x00,0x7c,0x00,0x00,0x00,0x00,0x00,
0x00,0x00,0x00,0x00,0x00,0x00,0x00,0x00,0x7f,0xff,0xf8,0x7f,0xff,0xf8,0x7f,0xff,0xf8,0x7f,0xff,0xf8,0x7f,0xff,0xf8,0x00,
0x0f,0xf8,0x00,0x1f,0xf0,0x00,0x3f,0xe0,0x00,0x7f,0xc0,0x00,0x7f,0x80,0x00,0xff,0x00,0x01,0xfe,0x00,0x03,0xfc,0x00,0x07,
0xfc,0x00,0x0f,0xf8,0x00,0x1f,0xf0,0x00,0x3f,0xe0,0x00,0x7f,0xc0,0x00,0xff,0x80,0x00,0xff,0xff,0xfc,0xff,0xff,0xfc,0xff,
0xff,0xfc,0xff,0xff,0xfc,0xff,0xff,0xfc,0x00,0x0e,0x00,0x00,0x00,0x1f,0x00,0x00,0x00,0x3f,0x80,0x00,0x00,0x3f,0x80,0x00,
0x00,0x3f,0x80,0x00,0x00,0x1f,0x00,0x00,0x00,0x0e,0x00,0x00,0x00,0x00,0x00,0x00,0x00,0x00,0x00,0x00,0x00,0x00,0x00,0x00,
0x7f,0xff,0xff,0xc0,0x7f,0xff,0xff,0xc0,0x7f,0xff,0xff,0xc0,0x7f,0xff,0xff,0xc0,0x7f,0xff,0xff,0xc0,0x7f,0xff,0xff,0xc0,
0x00,0x00,0x7f,0x80,0x00,0x00,0xff,0x00,0x00,0x01,0xff,0x00,0x00,0x03,0xfe,0x00,0x00,0x07,0xfc,0x00,0x00,0x07,0xf8,0x00,
0x00,0x0f,0xf0,0x00,0x00,0x1f,0xf0,0x00,0x00,0x3f,0xe0,0x00,0x00,0x3f,0xc0,0x00,0x00,0x7f,0x80,0x00,0x00,0xff,0x80,0x00,
0x01,0xff,0x00,0x00,0x03,0xfe,0x00,0x00,0x03,0xfc,0x00,0x00,0x07,0xfc,0x00,0x00,0x0f,0xf8,0x00,0x00,0x1f,0xf0,0x00,0x00,
0x3f,0xe0,0x00,0x00,0x3f,0xc0,0x00,0x00,0x7f,0xc0,0x00,0x00,0xff,0xff,0xff,0xc0,0xff,0xff,0xff,0xc0,0xff,0xff,0xff,0xc0,
0xff,0xff,0xff,0xc0,0xff,0xff,0xff,0xc0,0xff,0xff,0xff,0xc0,0x00,0x70,0x00,0x00,0xf8,0x00,0x01,0xfc,0x00,0x01,0xfc,0x00,
0x01,0xfc,0x00,0x00,0xf8,0x00,0x00,0x70,0x00,0x00,0x00,0x00,0x00,0x00,0x00,0x00,0x00,0x00,0x00,0x00,0x00,0x7f,0xff,0xf8,
0x7f,0xff,0xf8,0x7f,0xff,0xf8,0x7f,0xff,0xf8,0x7f,0xff,0xf8,0x00,0x0f,0xf8,0x00,0x1f,0xf0,0x00,0x3f,0xe0,0x00,0x7f,0xc0,
0x00,0xff,0x80,0x00,0xff,0x00,0x01,0xfe,0x00,0x03,0xfc,0x00,0x07,0xf8,0x00,0x0f,0xf0,0x00,0x1f,0xf0,0x00,0x3f,0xe0,0x00,
0x7f,0xc0,0x00,0xff,0x80,0x00,0xff,0xff,0xfc,0xff,0xff,0xfc,0xff,0xff,0xfc,0xff,0xff,0xfc,0xff,0xff,0xfc,0x07,0xe0,0xfc,
0x00,0x03,0xf1,0xf8,0x00,0x01,0xfb,0xf0,0x00,0x00,0xff,0xe0,0x00,0x00,0x7f,0xc0,0x00,0x00,0x3f,0x80,0x00,0x00,0x0e,0x00,
0x00,0x00,0x00,0x00,0x00,0x00,0x00,0x00,0x00,0x00,0x00,0x00,0x00,0x7f,0xff,0xff,0xc0,0x7f,0xff,0xff,0xc0,0x7f,0xff,0xff,
0xc0,0x7f,0xff,0xff,0xc0,0x7f,0xff,0xff,0xc0,0x7f,0xff,0xff,0xc0,0x00,0x00,0x7f,0x80,0x00,0x00,0xff,0x00,0x00,0x01,0xff,
0x00,0x00,0x03,0xfe,0x00,0x00,0x07,0xfc,0x00,0x00,0x07,0xf8,0x00,0x00,0x0f,0xf8,0x00,0x00,0x1f,0xf0,0x00,0x00,0x3f,0xe0,
0x00,0x00,0x3f,0xc0,0x00,0x00,0x7f,0x80,0x00,0x00,0xff,0x80,0x00,0x01,0xff,0x00,0x00,0x03,0xfe,0x00,0x00,0x03,0xfc,0x00,
0x00,0x07,0xfc,0x00,0x00,0x0f,0xf8,0x00,0x00,0x1f,0xf0,0x00,0x00,0x3f,0xe0,0x00,0x00,0x3f,0xe0,0x00,0x00,0x7f,0xc0,0x00,
0x00,0xff,0xff,0xff,0xc0,0xff,0xff,0xff,0xc0,0xff,0xff,0xff,0xc0,0xff,0xff,0xff,0xc0,0xff,0xff,0xff,0xc0,0xff,0xff,0xff,
0xc0,0x3f,0x07,0xe0,0x1f,0x8f,0xc0,0x07,0xdf,0x80,0x03,0xff,0x00,0x01,0xfe,0x00,0x00,0xfc,0x00,0x00,0x78,0x00,0x00,0x00,
0x00,0x00,0x00,0x00,0x00,0x00,0x00,0x00,0x00,0x00,0x7f,0xff,0xf8,0x7f,0xff,0xf8,0x7f,0xff,0xf8,0x7f,0xff,0xf8,0x7f,0xff,
0xf8,0x00,0x0f,0xf8,0x00,0x1f,0xf0,0x00,0x3f,0xe0,0x00,0x7f,0xc0,0x00,0x7f,0x80,0x00,0xff,0x00,0x01,0xfe,0x00,0x03,0xfc,
0x00,0x07,0xfc,0x00,0x0f,0xf8,0x00,0x1f,0xf0,0x00,0x3f,0xe0,0x00,0x7f,0xc0,0x00,0xff,0x80,0x00,0xff,0xff,0xfc,0xff,0xff,
0xfc,0xff,0xff,0xfc,0xff,0xff,0xfc,0xff,0xff,0xfc,0xff,0xff,0xf8,0xc0,0x00,0x18,0xc0,0x00,0x18,0xa0,0x00,0x28,0xb0,0x00,
0x68,0x90,0x00,0x48,0x98,0x00,0xc8,0x88,0x00,0x88,0x84,0x01,0x08,0x86,0x03,0x08,0x82,0x02,0x08,0x83,0x04,0x08,0x81,0x0c,
0x08,0x80,0x88,0x08,0x80,0xd8,0x08,0x80,0x50,0x08,0x80,0x20,0x08,0x80,0x20,0x08,0x80,0x50,0x08,0x80,0xd8,0x08,0x80,0x88,
0x08,0x81,0x04,0x08,0x81,0x04,0x08,0x82,0x02,0x08,0x86,0x03,0x08,0x84,0x01,0x08,0x88,0x00,0x88,0x98,0x00,0x88,0x90,0x00,
0x48,0xb0,0x00,0x68,0xa0,0x00,0x28,0xc0,0x00,0x18,0xc0,0x00,0x18,0xff,0xff,0xf8,0xff,0xff,0xf8,0xc0,0x00,0x18,0xc0,0x00,
0x18,0xa0,0x00,0x28,0xb0,0x00,0x68,0x90,0x00,0x48,0x98,0x00,0xc8,0x88,0x00,0x88,0x84,0x01,0x08,0x86,0x03,0x08,0x82,0x02,
0x08,0x83,0x04,0x08,0x81,0x0c,0x08,0x80,0x88,0x08,0x80,0xd8,0x08,0x80,0x50,0x08,0x80,0x20,0x08,0x80,0x20,0x08,0x80,0x50,
0x08,0x80,0xd8,0x08,0x80,0x88,0x08,0x81,0x04,0x08,0x81,0x04,0x08,0x82,0x02,0x08,0x86,0x03,0x08,0x84,0x01,0x08,0x88,0x00,
0x88,0x98,0x00,0x88,0x90,0x00,0x48,0xb0,0x00,0x68,0xa0,0x00,0x28,0xc0,0x00,0x18,0xc0,0x00,0x18,0xff,0xff,0xf8,0xff,0xff,
0xf8,0xc0,0x00,0x18,0xc0,0x00,0x18,0xa0,0x00,0x28,0xb0,0x00,0x68,0x90,0x00,0x48,0x98,0x00,0xc8,0x88,0x00,0x88,0x84,0x01,
0x08,0x86,0x03,0x08,0x82,0x02,0x08,0x83,0x04,0x08,0x81,0x0c,0x08,0x80,0x88,0x08,0x80,0xd8,0x08,0x80,0x50,0x08,0x80,0x20,
0x08,0x80,0x20,0x08,0x80,0x50,0x08,0x80,0xd8,0x08,0x80,0x88,0x08,0x81,0x04,0x08,0x81,0x04,0x08,0x82,0x02,0x08,0x86,0x03,
0x08,0x84,0x01,0x08,0x88,0x00,0x88,0x98,0x00,0x88,0x90,0x00,0x48,0xb0,0x00,0x68,0xa0,0x00,0x28,0xc0,0x00,0x18,0xc0,0x00,
0x18,0xff,0xff,0xf8,0xff,0xff,0xf0,0xff,0xff,0xf0,0xff,0xff,0xf0,0xff,0xff,0xf0,0xff,0xff,0xf0,0xff,0xff,0xf0,0xff,0xff,
0xff,0xff,0xf0,0xff,0xff,0xff,0xff,0xf0,0xff,0xff,0xff,0xff,0xf0,0xff,0xff,0xff,0xff,0xf0,0xff,0xff,0xff,0xff,0xf0,0xff,
0xff,0xff,0xff,0xf0,0x0f,0x00,0x1e,0x00,0x1e,0x00,0x1e,0x00,0x3c,0x00,0x3c,0x00,0x7c,0x00,0x7f,0x00,0xff,0x00,0xff,0x80,
0xff,0x80,0xff,0x80,0xff,0x80,0x7f,0x00,0x3e,0x00,0x08,0x00,0x3e,0x00,0x7f,0x00,0xff,0x80,0xff,0x80,0xff,0x80,0xff,0x80,
0x7f,0x00,0x3f,0x00,0x1e,0x00,0x1e,0x00,0x1e,0x00,0x3c,0x00,0x3c,0x00,0x78,0x00,0x78,0x00,0x0f,0x03,0xc0,0x1e,0x07,0x80,
0x1e,0x07,0x80,0x1e,0x07,0x80,0x3c,0x0f,0x00,0x3c,0x0f,0x00,0x7c,0x1f,0x00,0x7f,0x1f,0xc0,0xff,0x3f,0xc0,0xff,0xbf,0xe0,
0xff,0xbf,0xe0,0xff,0xbf,0xe0,0xff,0xbf,0xe0,0x7f,0x1f,0xc0,0x3e,0x0f,0x80,0x08,0x02,0x00,0x3e,0x0f,0x80,0x7f,0x1f,0xc0,
0xff,0xbf,0xe0,0xff,0xbf,0xe0,0xff,0xbf,0xe0,0xff,0xbf,0xe0,0x7f,0x1f,0xc0,0x3f,0x0f,0xc0,0x1e,0x07,0x80,0x1e,0x07,0x80,
0x1e,0x07,0x80,0x3c,0x0f,0x00,0x3c,0x0f,0x00,0x78,0x1e,0x00,0x78,0x1e,0x00,0x07,0xe0,0x1f,0xf8,0x3f,0xfc,0x7f,0xfe,0x7f,
0xfe,0xff,0xff,0xff,0xff,0xff,0xff,0xff,0xff,0xff,0xff,0xff,0xff,0x7f,0xfe,0x7f,0xfe,0x3f,0xfc,0x1f,0xf8,0x07,0xe0,0x08,
0x00,0x80,0x00,0x00,0x3e,0x03,0xe0,0x3e,0x00,0x7f,0x07,0xf0,0x7f,0x00,0xff,0x8f,0xf8,0xff,0x80,0xff,0x8f,0xf8,0xff,0x80,
0xff,0x8f,0xf8,0xff,0x80,0xff,0x8f,0xf8,0xff,0x80,0x7f,0x07,0xf0,0x7f,0x00,0x3e,0x03,0xe0,0x3e,0x00,0x00,0x00,0x80,0x08,
0x00,0xff,0xff,0xf8,0xc0,0x00,0x18,0xc0,0x00,0x18,0xa0,0x00,0x28,0xb0,0x00,0x68,0x90,0x00,0x48,0x98,0x00,0xc8,0x88,0x00,
0x88,0x84,0x01,0x08,0x86,0x03,0x08,0x82,0x02,0x08,0x83,0x04,0x08,0x81,0x0c,0x08,0x80,0x88,0x08,0x80,0xd8,0x08,0x80,0x50,
0x08,0x80,0x20,0x08,0x80,0x20,0x08,0x80,0x50,0x08,0x80,0xd8,0x08,0x80,0x88,0x08,0x81,0x04,0x08,0x81,0x04,0x08,0x82,0x02,
0x08,0x86,0x03,0x08,0x84,0x01,0x08,0x88,0x00,0x88,0x98,0x00,0x88,0x90,0x00,0x48,0xb0,0x00,0x68,0xa0,0x00,0x28,0xc0,0x00,
0x18,0xc0,0x00,0x18,0xff,0xff,0xf8,0xff,0xff,0xf8,0xc0,0x00,0x18,0xc0,0x00,0x18,0xa0,0x00,0x28,0xb0,0x00,0x68,0x90,0x00,
0x48,0x98,0x00,0xc8,0x88,0x00,0x88,0x84,0x01,0x08,0x86,0x03,0x08,0x82,0x02,0x08,0x83,0x04,0x08,0x81,0x0c,0x08,0x80,0x88,
0x08,0x80,0xd8,0x08,0x80,0x50,0x08,0x80,0x20,0x08,0x80,0x20,0x08,0x80,0x50,0x08,0x80,0xd8,0x08,0x80,0x88,0x08,0x81,0x04,
0x08,0x81,0x04,0x08,0x82,0x02,0x08,0x86,0x03,0x08,0x84,0x01,0x08,0x88,0x00,0x88,0x98,0x00,0x88,0x90,0x00,0x48,0xb0,0x00,
0x68,0xa0,0x00,0x28,0xc0,0x00,0x18,0xc0,0x00,0x18,0xff,0xff,0xf8,0x00,0x00,0x20,0x00,0x00,0x07,0xff,0x00,0x00,0x1f,0xff,
0xc0,0x00,0x3f,0xff,0xe0,0x00,0x7f,0xff,0xf0,0x00,0xff,0xff,0xf8,0x01,0xff,0xff,0xfc,0x01,0xfe,0x03,0xfc,0x03,0xfc,0x01,
0xfc,0x03,0xf8,0x00,0xf0,0x07,0xf8,0x00,0x00,0x07,0xf0,0x00,0x00,0x07,0xf0,0x00,0x00,0x7f,0xff,0xf8,0x00,0x7f,0xff,0xf0,
0x00,0xff,0xff,0xf0,0x00,0x0f,0xe0,0x00,0x00,0x0f,0xe0,0x00,0x00,0x0f,0xe0,0x00,0x00,0x7f,0xff,0x80,0x00,0x7f,0xff,0x80,
0x00,0xff,0xff,0x00,0x00,0x07,0xf0,0x00,0x00,0x07,0xf0,0x00,0x00,0x07,0xf8,0x00,0x00,0x03,0xf8,0x00,0xf0,0x03,0xfc,0x00,
0xfc,0x03,0xfe,0x03,0xfc,0x01,0xff,0xff,0xfc,0x00,0xff,0xff,0xf8,0x00,0x7f,0xff,0xf0,0x00,0x3f,0xff,0xe0,0x00,0x1f,0xff,
0xc0,0x00,0x07,0xff,0x00,0x00,0x00,0x20,0x00,0xff,0xff,0xff,0xff,0xff,0xff,0xff,0xff,0xff,0xff,0xff,0xff,0xff,0xff,0xff,
0x80,0x80,0x80,0x80,0x00,0x00,0x80,0xa0,0xa0,0x34,0x24,0x7e,0x2c,0x2c,0xfe,0x68,0x70,0xa8,0xa0,0x70,0x28,0xa8,0x70,0x20,
0x62,0x00,0x94,0x00,0x94,0x00,0x6b,0x00,0x16,0x80,0x16,0x80,0x23,0x00,0x30,0x68,0x68,0x30,0xf4,0xcc,0x74,0x80,0x80,0x40,
0xc0,0x80,0x80,0x80,0x80,0x80,0xc0,0x40,0x80,0xc0,0x40,0x40,0x40,0x40,0x40,0xc0,0x80,0x40,0xe0,0xe0,0x20,0x20,0xf8,0x20,
0x20,0xc0,0xc0,0x80,0xe0,0xc0,0x10,0x30,0x20,0x20,0x60,0x40,0x40,0xc0,0x70,0xd8,0xc8,0xa8,0x98,0x98,0x70,0x20,0xe0,0x20,
0x20,0x20,0x20,0x20,0x70,0xc8,0x08,0x18,0x30,0x60,0xf8,0x70,0xc8,0x08,0x30,0x08,0xc8,0x70,0x10,0x30,0x50,0xd0,0xfc,0x10,
0x10,0x78,0x40,0xf0,0x48,0x08,0xc8,0x70,0x70,0x80,0xf0,0x88,0x88,0x88,0x70,0xf8,0x18,0x10,0x30,0x20,0x60,0x60,0x70,0x90,
0x90,0x70,0x88,0x88,0x70,0x70,0x88,0x88,0x88,0x70,0x30,0x20,0xc0,0x00,0x00,0x00,0xc0,0xc0,0x00,0x00,0x00,0xc0,0xc0,0x80,
0x08,0x70,0xc0,0x70,0x08,0xf8,0x00,0xf8,0x80,0x70,0x18,0x70,0x80,0x70,0x90,0x10,0x30,0x60,0x00,0x60,0x3c,0x46,0xba,0xaa,
0xbe,0x40,0x38,0x30,0x38,0x28,0x68,0x6c,0x7c,0xc4,0xf0,0x88,0x88,0xf0,0x88,0x88,0xf0,0x78,0xc8,0x80,0x80,0x80,0xc8,0x78,
0xf0,0x8c,0x84,0x84,0x84,0x8c,0xf0,0xf8,0x80,0x80,0xe0,0x80,0x80,0xf8,0xf0,0x80,0x80,0xf0,0x80,0x80,0x80,0x38,0x4c,0x80,
0x9e,0x86,0xce,0x7e,0x84,0x84,0x84,0xfc,0x84,0x84,0x84,0xe0,0x40,0x40,0x40,0x40,0x40,0xe0,0x10,0x10,0x10,0x10,0x10,0x90,
0xe0,0x98,0xb0,0xe0,0xe0,0xb0,0x90,0x98,0x80,0x80,0x80,0x80,0x80,0x80,0xf0,0xc6,0xc6,0xee,0xaa,0xaa,0xba,0x92,0xc4,0xe4,
0xa4,0xb4,0x94,0x9c,0x8c,0x38,0x44,0x82,0x82,0x82,0x44,0x38,0xf0,0x88,0x88,0x88,0xf0,0x80,0x80,0x38,0x44,0x82,0x82,0x9e,
0x46,0x3e,0xf0,0x88,0x88,0xf0,0xb0,0x98,0x88,0x70,0xc0,0xc0,0x78,0x08,0x88,0x70,0xfc,0x20,0x20,0x20,0x20,0x20,0x20,0x88,
0x88,0x88,0x88,0x88,0x88,0x70,0xc4,0x4c,0x48,0x68,0x38,0x30,0x30,0xc9,0x80,0x59,0x00,0x55,0x00,0x55,0x00,0x57,0x00,0x76,
0x00,0x26,0x00,0x44,0x6c,0x38,0x30,0x38,0x6c,0xc4,0x88,0xd8,0x50,0x20,0x20,0x20,0x20,0xf8,0x18,0x30,0x20,0x60,0xc0,0xf8,
0xc0,0x80,0x80,0x80,0x80,0x80,0x80,0x80,0xc0,0xc0,0x40,0x40,0x60,0x20,0x20,0x30,0x10,0xc0,0x40,0x40,0x40,0x40,0x40,0x40,
0x40,0xc0,0x40,0x60,0xe0,0x90,0xf0,0x80,0x70,0x10,0x78,0x98,0xf8,0x80,0x80,0xf0,0x88,0x88,0x88,0xf0,0x70,0x80,0x80,0x80,
0x70,0x08,0x08,0x78,0x88,0x88,0x88,0x78,0x70,0xc8,0xf8,0x80,0x70,0x60,0x40,0xe0,0x40,0x40,0x40,0x40,0x78,0x88,0x88,0x88,
0x78,0x08,0x70,0x80,0x80,0xf0,0x90,0x90,0x90,0x90,0x40,0x00,0xc0,0x40,0x40,0x40,0x40,0x40,0x00,0x40,0x40,0x40,0x40,0x40,
0x40,0xc0,0x80,0x80,0xb0,0xe0,0xe0,0xa0,0x90,0x80,0x80,0x80,0x80,0x80,0x80,0xc0,0xfe,0x92,0x92,0x92,0x92,0xf0,0x90,0x90,
0x90,0x90,0x70,0x88,0x88,0x88,0x70,0xf0,0x88,0x88,0x88,0xf0,0x80,0x80,0x78,0x88,0x88,0x88,0x78,0x08,0x0e,0xe0,0x80,0x80,
0x80,0x80,0x70,0x80,0x70,0x10,0xf0,0x40,0xe0,0x40,0x40,0x40,0x60,0x90,0x90,0x90,0x90,0xf0,0xc8,0x58,0x50,0x70,0x30,0xd2,
0x5e,0x6e,0x6c,0x6c,0x58,0x70,0x20,0x70,0xd8,0xd8,0x50,0x50,0x70,0x20,0x20,0x60,0xf0,0x30,0x60,0xc0,0xf0,0x60,0x40,0x40,
0x40,0x80,0x40,0x40,0x40,0x60,0x80,0x80,0x80,0x80,0x80,0x80,0x80,0x80,0x80,0x80,0xc0,0x40,0x40,0x40,0x20,0x40,0x40,0x40,
0xc0,0x68,0x98,0x80,0x00,0x00,0x80,0x80,0x80,0x80,0x20,0xf8,0xa0,0xa0,0xf8,0x20,0x70,0x88,0x80,0xf0,0x60,0xc0,0xf8,0xf0,
0x90,0x90,0xf0,0xc4,0x4c,0x78,0x30,0x78,0x78,0x10,0x80,0x80,0x80,0x80,0x00,0x00,0x80,0x80,0x80,0x80,0x70,0x50,0x60,0xf0,
0xc8,0x78,0x30,0x50,0x70,0xf0,0x38,0x44,0xba,0xa2,0xa2,0x7c,0x38,0xe0,0x60,0xe0,0x50,0xb0,0xb0,0x50,0xf8,0x08,0x08,0x08,
0xf8,0x88,0xf8,0xe8,0xe8,0x98,0xf8,0x38,0x44,0xba,0xba,0xaa,0x44,0x38,0xe0,0xe0,0xa0,0xe0,0x20,0xf8,0x20,0x00,0xf8,0xe0,
0x20,0x40,0xe0,0xe0,0x60,0x20,0xe0,0x80,0xf8,0x88,0xf8,0xe8,0xe8,0x98,0xf8,0xf0,0xd0,0xd0,0xd0,0x50,0x50,0x50,0x50,0x50,
0xc0,0x40,0xc0,0x40,0xc0,0x40,0x40,0xe0,0xa0,0xe0,0xb0,0x50,0x50,0xb0,0xc4,0x48,0x58,0x16,0x2f,0x42,0xc4,0x48,0x5e,0x12,
0x22,0x47,0xc4,0x4c,0x48,0xd2,0x16,0x2f,0x42,0x30,0x00,0x30,0x60,0xc0,0xc8,0x70,0x20,0x00,0x30,0x38,0x28,0x68,0x6c,0x7c,
0xc4,0x18,0x00,0x30,0x38,0x28,0x68,0x6c,0x7c,0xc4,0x30,0x00,0x30,0x38,0x28,0x68,0x6c,0x7c,0xc4,0x28,0x38,0x00,0x30,0x38,
0x28,0x68,0x6c,0x7c,0xc4,0x28,0x00,0x30,0x38,0x28,0x68,0x6c,0x7c,0xc4,0x30,0x30,0x30,0x38,0x38,0x68,0x4c,0xfc,0xc4,0x1f,
0x38,0x28,0x6e,0x68,0xf8,0x8f,0x78,0xc8,0x80,0x80,0x80,0xc8,0x78,0x20,0x30,0x40,0x00,0xf8,0x80,0x80,0xe0,0x80,0x80,0xf8,
0x20,0x00,0xf8,0x80,0x80,0xe0,0x80,0x80,0xf8,0x60,0x00,0xf8,0x80,0x80,0xe0,0x80,0x80,0xf8,0xf0,0x00,0xf8,0x80,0x80,0xe0,
0x80,0x80,0xf8,0xc0,0x00,0xe0,0x40,0x40,0x40,0x40,0x40,0xe0,0x60,0x00,0xe0,0x40,0x40,0x40,0x40,0x40,0xe0,0xe0,0x00,0xe0,
0x40,0x40,0x40,0x40,0x40,0xe0,0xf0,0x00,0xe0,0x40,0x40,0x40,0x40,0x40,0xe0,0x78,0x4c,0x44,0xf4,0x44,0x4c,0x78,0x20,0x70,
0x00,0xc4,0xe4,0xa4,0xb4,0x94,0x9c,0x8c,0x30,0x00,0x38,0x44,0x82,0x82,0x82,0x44,0x38,0x18,0x00,0x38,0x44,0x82,0x82,0x82,
0x44,0x38,0x10,0x28,0x00,0x38,0x44,0x82,0x82,0x82,0x44,0x38,0x28,0x78,0x00,0x38,0x44,0x82,0x82,0x82,0x44,0x38,0x50,0x00,
0x38,0x44,0x82,0x82,0x82,0x44,0x38,0xb0,0x60,0xe0,0x80,0x3e,0x46,0x8a,0x92,0xa2,0xc4,0xf8,0x60,0x00,0x88,0x88,0x88,0x88,
0x88,0x88,0x70,0x30,0x00,0x88,0x88,0x88,0x88,0x88,0x88,0x70,0x20,0x50,0x00,0x88,0x88,0x88,0x88,0x88,0x88,0x70,0x50,0x00,
0x88,0x88,0x88,0x88,0x88,0x88,0x70,0x30,0x00,0x88,0xd8,0x50,0x20,0x20,0x20,0x20,0x80,0x80,0xf0,0x88,0x88,0xf0,0x80,0x70,
0x90,0x90,0xb0,0x88,0x88,0xb0,0x40,0x00,0x70,0x10,0x78,0x98,0xf8,0x20,0x00,0x70,0x10,0x78,0x98,0xf8,0x70,0x00,0x70,0x10,
0x78,0x98,0xf8,0x50,0x30,0x00,0x70,0x10,0x78,0x98,0xf8,0x50,0x00,0x70,0x10,0x78,0x98,0xf8,0x20,0x50,0x20,0x00,0x70,0x50,
0x78,0x98,0xf8,0x7e,0x59,0x7f,0x98,0xff,0x70,0x80,0x80,0x80,0x70,0x60,0x60,0x60,0x00,0x70,0xc8,0xf8,0x80,0x70,0x10,0x00,
0x70,0xc8,0xf8,0x80,0x70,0x70,0x00,0x70,0xc8,0xf8,0x80,0x70,0x78,0x00,0x70,0xc8,0xf8,0x80,0x70,0x80,0x00,0xc0,0x40,0x40,
0x40,0x40,0x60,0x00,0xc0,0x40,0x40,0x40,0x40,0xe0,0x00,0xc0,0x40,0x40,0x40,0x40,0xa0,0x00,0xc0,0x40,0x40,0x40,0x40,0x70,
0x30,0x78,0x98,0x98,0x98,0x70,0x50,0xa0,0x00,0xf0,0x90,0x90,0x90,0x90,0x60,0x00,0x70,0x88,0x88,0x88,0x70,0x30,0x00,0x70,
0x88,0x88,0x88,0x70,0x70,0x00,0x70,0x88,0x88,0x88,0x70,0x50,0x30,0x00,0x70,0x88,0x88,0x88,0x70,0x78,0x00,0x70,0x88,0x88,
0x88,0x70,0x20,0x00,0xf8,0x00,0x20,0x78,0x98,0xa8,0xc8,0xf0,0x40,0x00,0x90,0x90,0x90,0x90,0xf0,0x20,0x00,0x90,0x90,0x90,
0x90,0xf0,0x60,0x00,0x90,0x90,0x90,0x90,0xf0,0xe0,0x00,0x90,0x90,0x90,0x90,0xf0,0x10,0x00,0xd8,0x50,0x50,0x70,0x20,0x20,
0x60,0x80,0x80,0xf0,0x88,0x88,0x88,0xf0,0x80,0x80,0x50,0x00,0xd8,0x50,0x50,0x70,0x20,0x20,0x60,0x38,0x00,0x30,0x38,0x28,
0x68,0x6c,0x7c,0xc4,0x70,0x00,0x70,0x10,0x78,0x98,0xf8,0x28,0x30,0x00,0x30,0x38,0x28,0x68,0x6c,0x7c,0xc4,0x60,0x00,0x70,
0x10,0x78,0x98,0xf8,0x30,0x38,0x28,0x68,0x6c,0x7c,0xc4,0x04,0x06,0x70,0x10,0x78,0x98,0xf8,0x10,0x18,0x10,0x00,0x78,0xc8,
0x80,0x80,0x80,0xc8,0x78,0x20,0x00,0x70,0x80,0x80,0x80,0x70,0xf8,0x88,0xf8,0xe8,0xe8,0x98,0xf8,0xf8,0x88,0xf8,0xe8,0xe8,
0x98,0xf8,0x20,0x00,0x78,0xc8,0x80,0x80,0x80,0xc8,0x78,0x30,0x00,0x70,0x80,0x80,0x80,0x70,0x30,0x00,0x78,0xc8,0x80,0x80,
0x80,0xc8,0x78,0x70,0x00,0x70,0x80,0x80,0x80,0x70,0x48,0x30,0x00,0xf0,0x8c,0x84,0x84,0x84,0x8c,0xf0,0x0a,0x0c,0x78,0x88,
0x88,0x88,0x78,0x78,0x4c,0x44,0xf4,0x44,0x4c,0x78,0x08,0x3c,0x78,0x88,0x88,0x88,0x78,0x70,0x00,0xf8,0x80,0x80,0xe0,0x80,
0x80,0xf8,0x70,0x00,0x70,0xc8,0xf8,0x80,0x70,0xf8,0x88,0xf8,0xe8,0xe8,0x98,0xf8,0xf8,0x88,0xf8,0xe8,0xe8,0x98,0xf8,0x60,
0x00,0xf8,0x80,0x80,0xe0,0x80,0x80,0xf8,0x30,0x00,0x70,0xc8,0xf8,0x80,0x70,0xf8,0x80,0x80,0xe0,0x80,0x80,0xf8,0x10,0x18,
0x70,0xc8,0xf8,0x80,0x70,0x20,0x30,0x90,0x60,0x00,0xf8,0x80,0x80,0xe0,0x80,0x80,0xf8,0x70,0x00,0x70,0xc8,0xf8,0x80,0x70,
0xf8,0x88,0xf8,0xe8,0xe8,0x98,0xf8,0xf8,0x88,0xf8,0xe8,0xe8,0x98,0xf8,0x48,0x30,0x00,0x38,0x4c,0x80,0x9e,0x86,0xce,0x7e,
0x50,0x70,0x00,0x78,0x88,0x88,0x88,0x78,0x08,0x70,0x20,0x00,0x38,0x4c,0x80,0x9e,0x86,0xce,0x7e,0x60,0x00,0x78,0x88,0x88,
0x88,0x78,0x08,0x70,0x38,0x4c,0x80,0x9e,0x86,0xce,0x7e,0x00,0x30,0x30,0x30,0x20,0x00,0x78,0x88,0x88,0x88,0x78,0x08,0x70,
0xf8,0x88,0xf8,0xe8,0xe8,0x98,0xf8,0xf8,0x88,0xf8,0xe8,0xe8,0x98,0xf8,0x42,0xff,0x42,0x7e,0x42,0x42,0x42,0x40,0xe0,0x78,
0x48,0x48,0x48,0x48,0xf8,0x88,0xf8,0xe8,0xe8,0x98,0xf8,0xf8,0x88,0xf8,0xe8,0xe8,0x98,0xf8,0xe0,0x00,0xe0,0x40,0x40,0x40,
0x40,0x40,0xe0,0xe0,0x00,0xc0,0x40,0x40,0x40,0x40,0xf8,0x88,0xf8,0xe8,0xe8,0x98,0xf8,0xf8,0x88,0xf8,0xe8,0xe8,0x98,0xf8,
0xe0,0x40,0x40,0x40,0x40,0x40,0xe0,0x40,0x60,0x40,0x00,0xc0,0x40,0x40,0x40,0x40,0x80,0xc0,0x60,0x00,0xe0,0x40,0x40,0x40,
0x40,0x40,0xe0,0xc0,0x40,0x40,0x40,0x40,0xe1,0x41,0x41,0x41,0x41,0x49,0xee,0x48,0x00,0xc8,0x48,0x48,0x48,0x48,0x08,0x38,
0xf8,0x88,0xf8,0xe8,0xe8,0x98,0xf8,0xf8,0x88,0xf8,0xe8,0xe8,0x98,0xf8,0x98,0xb0,0xe0,0xe0,0xb0,0x98,0x88,0x00,0x20,0x20,
0x80,0x80,0xb0,0xe0,0xe0,0xb0,0x90,0x00,0x60,0x60,0xf8,0x88,0xf8,0xe8,0xe8,0x98,0xf8,0x20,0x00,0x80,0x80,0x80,0x80,0x80,
0x80,0xf0,0xc0,0x00,0x80,0x80,0x80,0x80,0x80,0x80,0xc0,0x80,0x80,0x80,0x80,0x80,0x80,0xf8,0x00,0x60,0x60,0x80,0x80,0x80,
0x80,0x80,0x80,0xc0,0x00,0xc0,0xc0,0xa0,0x80,0x80,0x80,0x80,0x80,0xf0,0xa0,0xc0,0x80,0x80,0x80,0x80,0xc0,0xf8,0x88,0xf8,
0xe8,0xe8,0x98,0xf8,0xf8,0x88,0xf8,0xe8,0xe8,0x98,0xf8,0x40,0x40,0x70,0x60,0xc0,0x40,0x7c,0x40,0x40,0x60,0x40,0xc0,0x40,
0x60,0x10,0x00,0xc4,0xe4,0xa4,0xb4,0x94,0x9c,0x8c,0x20,0x00,0xf0,0x90,0x90,0x90,0x90,0xc4,0xe4,0xa4,0xb4,0x94,0x9c,0x8c,
0x00,0x30,0x30,0xf0,0x90,0x90,0x90,0x90,0x00,0x60,0x60,0x48,0x30,0x00,0xc4,0xe4,0xa4,0xb4,0x94,0x9c,0x8c,0x60,0x00,0xf0,
0x90,0x90,0x90,0x90,0xf8,0x88,0xf8,0xe8,0xe8,0x98,0xf8,0xf8,0x88,0xf8,0xe8,0xe8,0x98,0xf8,0xf8,0x88,0xf8,0xe8,0xe8,0x98,
0xf8,0xf8,0x88,0xf8,0xe8,0xe8,0x98,0xf8,0xf8,0x88,0xf8,0xe8,0xe8,0x98,0xf8,0xf8,0x88,0xf8,0xe8,0xe8,0x98,0xf8,0xf8,0x88,
0xf8,0xe8,0xe8,0x98,0xf8,0x34,0x00,0x38,0x44,0x82,0x82,0x82,0x44,0x38,0x68,0x00,0x70,0x88,0x88,0x88,0x70,0x7f,0xc0,0x4c,
0x00,0x84,0x00,0x87,0x00,0x84,0x00,0xcc,0x00,0x7f,0xc0,0x77,0x00,0x8c,0x80,0x8f,0x80,0x88,0x00,0x77,0x00,0x30,0x00,0xf0,
0x88,0x88,0xf0,0xb0,0x98,0x88,0x40,0x00,0xe0,0x80,0x80,0x80,0x80,0xf8,0x88,0xf8,0xe8,0xe8,0x98,0xf8,0xf8,0x88,0xf8,0xe8,
0xe8,0x98,0xf8,0x50,0x20,0xf0,0x88,0x88,0xf0,0xb0,0x98,0x88,0xe0,0x00,0xe0,0x80,0x80,0x80,0x80,0x10,0x00,0x70,0xc0,0xc0,
0x78,0x08,0x88,0x70,0x20,0x00,0x70,0x80,0x70,0x10,0xf0,0xf8,0x88,0xf8,0xe8,0xe8,0x98,0xf8,0xf8,0x88,0xf8,0xe8,0xe8,0x98,
0xf8,0x70,0xc0,0xc0,0x78,0x08,0x88,0x70,0x20,0x30,0x70,0x80,0x70,0x10,0xf0,0x20,0x60,0x70,0x00,0x70,0xc0,0xc0,0x78,0x08,
0x88,0x70,0x70,0x00,0x70,0x80,0x70,0x10,0xf0,0xfc,0x20,0x20,0x20,0x20,0x20,0x20,0x20,0x20,0x40,0xe0,0x40,0x40,0x40,0x60,
0x40,0x60,0x58,0x30,0x00,0xfc,0x20,0x20,0x20,0x20,0x20,0x20,0x10,0x20,0x40,0xe0,0x40,0x40,0x40,0x60,0xf8,0x88,0xf8,0xe8,
0xe8,0x98,0xf8,0xf8,0x88,0xf8,0xe8,0xe8,0x98,0xf8,0xf8,0x88,0xf8,0xe8,0xe8,0x98,0xf8,0xf8,0x88,0xf8,0xe8,0xe8,0x98,0xf8,
0x70,0x00,0x88,0x88,0x88,0x88,0x88,0x88,0x70,0x60,0x00,0x90,0x90,0x90,0x90,0xf0,0xf8,0x88,0xf8,0xe8,0xe8,0x98,0xf8,0xf8,
0x88,0xf8,0xe8,0xe8,0x98,0xf8,0x20,0x50,0xa8,0x88,0x88,0x88,0x88,0x88,0x70,0x60,0xa0,0x60,0x00,0x90,0x90,0x90,0x90,0xf0,
0x20,0x78,0x00,0x88,0x88,0x88,0x88,0x88,0x88,0x70,0x50,0x00,0x90,0x90,0x90,0x90,0xf0,0x88,0x88,0x88,0x88,0x88,0x88,0x70,
0x10,0x10,0x90,0x90,0x90,0x90,0xf0,0x20,0x30,0x18,0x00,0x00,0x00,0xc9,0x80,0x59,0x00,0x55,0x00,0x55,0x00,0x57,0x00,0x76,
0x00,0x26,0x00,0x38,0x00,0xd2,0x5e,0x6e,0x6c,0x6c,0x20,0x00,0x88,0xd8,0x50,0x20,0x20,0x20,0x20,0x70,0x00,0xd8,0x50,0x50,
0x70,0x20,0x20,0x60,0x70,0x00,0x88,0xd8,0x50,0x20,0x20,0x20,0x20,0x30,0x00,0xf8,0x18,0x30,0x20,0x60,0xc0,0xf8,0x20,0x00,
0xf0,0x30,0x60,0xc0,0xf0,0x30,0x00,0xf8,0x18,0x30,0x20,0x60,0xc0,0xf8,0x20,0x00,0xf0,0x30,0x60,0xc0,0xf0,0x50,0x20,0x00,
0xf8,0x18,0x30,0x20,0x60,0xc0,0xf8,0x60,0x00,0xf0,0x30,0x60,0xc0,0xf0,0xf8,0x88,0xf8,0xe8,0xe8,0x98,0xf8,0xf8,0x88,0xf8,
0xe8,0xe8,0x98,0xf8,0xf8,0x88,0xf8,0xe8,0xe8,0x98,0xf8,0xf0,0xfe,0x40,0xc0,0xc0,0xc0,0xc0,0x80,0x50,0xf0,0xf0,0xf0,0xf0,
0xa0,0xe0,0xe0,0xe0,0xfc,0xf8,0x88,0xf8,0xe8,0xe8,0x98,0xf8,0xf8,0x88,0xf8,0xe8,0xe8,0x98,0xf8,0x3c,0x64,0xf0,0x40,0xf0,
0x64,0x3c,0xf8,0x7e,0x7e,0x7e,0x7e,0x7e,0x7e,0x7e,0x7e,0x7e,0x7e,0x7e,0x7e,0x7e,0x3c,0x3c,0x3c,0x3c,0x3c,0x3c,0x00,0x00,
0x00,0x00,0x7e,0x7e,0xff,0xff,0xff,0xff,0x7e,0xf8,0xf8,0xf8,0xf8,0xf8,0xf8,0xf8,0xf8,0xf8,0xf8,0xf8,0xf8,0xf8,0xf8,0xf8,
0xf8,0xf8,0xf8,0xf8,0xf8,0x00,0x7e,0x07,0xe0,0x00,0x7e,0x07,0xc0,0x00,0x7e,0x0f,0xc0,0x00,0x7c,0x0f,0xc0,0x00,0x7c,0x0f,
0xc0,0x00,0xfc,0x0f,0xc0,0x1f,0xff,0xff,0xfe,0x1f,0xff,0xff,0xfe,0x3f,0xff,0xff,0xfe,0x3f,0xff,0xff,0xfe,0x3f,0xff,0xff,
0xfe,0x3f,0xff,0xff,0xfe,0x00,0xf8,0x1f,0x80,0x01,0xf8,0x1f,0x80,0x01,0xf8,0x1f,0x80,0x01,0xf8,0x1f,0x00,0x01,0xf8,0x1f,
0x00,0x01,0xf8,0x3f,0x00,0x7f,0xff,0xff,0xfc,0x7f,0xff,0xff,0xf8,0x7f,0xff,0xff,0xf8,0x7f,0xff,0xff,0xf8,0xff,0xff,0xff,
0xf8,0xff,0xff,0xff,0xf8,0x03,0xf0,0x7e,0x00,0x03,0xe0,0x7e,0x00,0x03,0xe0,0x7e,0x00,0x07,0xe0,0x7e,0x00,0x07,0xe0,0x7e,
0x00,0x07,0xe0,0x7c,0x00,0x00,0x1c,0x00,0x00,0x00,0x1c,0x00,0x00,0x00,0x1c,0x00,0x00,0x00,0x1c,0x00,0x00,0x01,0xff,0xe0,
0x00,0x07,0xff,0xf8,0x00,0x0f,0xff,0xfc,0x00,0x1f,0xff,0xfe,0x00,0x3f,0xff,0xff,0x00,0x3f,0x1c,0xff,0x00,0x7e,0x1c,0x3c,
0x00,0x7e,0x1c,0x10,0x00,0x7e,0x1c,0x00,0x00,0x7e,0x1c,0x00,0x00,0x7f,0x9c,0x00,0x00,0x3f,0xfc,0x00,0x00,0x3f,0xff,0x80,
0x00,0x1f,0xff,0xf0,0x00,0x0f,0xff,0xfc,0x00,0x03,0xff,0xfe,0x00,0x00,0xff,0xff,0x00,0x00,0x1f,0xff,0x00,0x00,0x1c,0x7f,
0x80,0x00,0x1c,0x3f,0x80,0x00,0x1c,0x1f,0x80,0x0c,0x1c,0x1f,0x80,0x3e,0x1c,0x1f,0x80,0xfe,0x1c,0x3f,0x80,0x7f,0x9c,0x7f,
0x00,0x3f,0xff,0xff,0x00,0x3f,0xff,0xfe,0x00,0x1f,0xff,0xfc,0x00,0x07,0xff,0xf0,0x00,0x01,0xff,0xc0,0x00,0x00,0x1c,0x00,
0x00,0x00,0x1c,0x00,0x00,0x00,0x1c,0x00,0x00,0x00,0x1c,0x00,0x00,0x00,0x80,0x00,0x00,0x00,0x07,0xf0,0x00,0x1f,0x00,0x1f,
0xfc,0x00,0x1f,0x00,0x3f,0xfe,0x00,0x3e,0x00,0x7f,0xff,0x00,0x7c,0x00,0x7f,0xff,0x00,0x7c,0x00,0xfc,0x1f,0x80,0xf8,0x00,
0xf8,0x0f,0x81,0xf0,0x00,0xf8,0x0f,0x81,0xf0,0x00,0xf8,0x0f,0x83,0xe0,0x00,0xf8,0x0f,0x87,0xc0,0x00,0xfc,0x1f,0x87,0xc0,
0x00,0x7e,0x3f,0x0f,0x80,0x00,0x7f,0xff,0x1f,0x00,0x00,0x3f,0xfe,0x3f,0x07,0xc0,0x1f,0xfc,0x3e,0x1f,0xf0,0x0f,0xf8,0x7c,
0x3f,0xf8,0x03,0xe0,0xf8,0x7f,0xfc,0x00,0x00,0xf8,0xff,0xfe,0x00,0x01,0xf0,0xfc,0x7e,0x00,0x03,0xe1,0xf8,0x3f,0x00,0x03,
0xe1,0xf0,0x1f,0x00,0x07,0xc1,0xf0,0x1f,0x00,0x0f,0x81,0xf0,0x1f,0x00,0x0f,0x81,0xf0,0x1f,0x00,0x1f,0x01,0xf8,0x3f,0x00,
0x3e,0x00,0xff,0xfe,0x00,0x7e,0x00,0xff,0xfe,0x00,0x7c,0x00,0x7f,0xfc,0x00,0xf8,0x00,0x3f,0xf8,0x01,0xf0,0x00,0x0f,0xf0,
0x00,0x00,0x00,0x01,0x00,0x00,0x7f,0x00,0x00,0x01,0xff,0xc0,0x00,0x03,0xff,0xe0,0x00,0x07,0xff,0xf0,0x00,0x07,0xff,0xf0,
0x00,0x0f,0xe1,0xf8,0x00,0x0f,0xc0,0xf8,0x00,0x0f,0xc0,0xf8,0x00,0x0f,0xc0,0xf8,0x00,0x0f,0xc0,0xf8,0x00,0x0f,0xe1,0xf8,
0x00,0x07,0xf3,0xf0,0x00,0x07,0xff,0xf0,0x00,0x03,0xff,0xe0,0x00,0x03,0xff,0xc0,0x00,0x03,0xff,0x80,0x00,0x0f,0xff,0x03,
0xe0,0x1f,0xff,0x03,0xe0,0x3f,0xff,0x87,0xe0,0x7f,0x9f,0xc7,0xc0,0x7e,0x0f,0xef,0xc0,0xfe,0x07,0xff,0xc0,0xfc,0x07,0xff,
0x80,0xfc,0x03,0xff,0x80,0xfc,0x01,0xff,0x00,0xfe,0x00,0xfe,0x00,0xff,0x01,0xff,0x00,0x7f,0xff,0xff,0x80,0x3f,0xff,0xff,
0xc0,0x3f,0xff,0xef,0xe0,0x0f,0xff,0xcf,0xf0,0x07,0xfe,0x07,0xf8,0x00,0x20,0x00,0x00,0xf8,0xf8,0xf8,0xf8,0xf8,0xf8,0xf8,
0xf8,0xf8,0xf8,0x07,0xf0,0x07,0xe0,0x0f,0xc0,0x0f,0xc0,0x1f,0x80,0x1f,0x80,0x1f,0x80,0x3f,0x00,0x3f,0x00,0x3f,0x00,0x7e,
0x00,0x7e,0x00,0x7e,0x00,0x7e,0x00,0xfc,0x00,0xfc,0x00,0xfc,0x00,0xfc,0x00,0xfc,0x00,0xfc,0x00,0xfc,0x00,0xfc,0x00,0xfc,
0x00,0xfc,0x00,0xfc,0x00,0x7e,0x00,0x7e,0x00,0x7e,0x00,0x7e,0x00,0x3f,0x00,0x3f,0x00,0x3f,0x00,0x1f,0x80,0x1f,0x80,0x1f,
0x80,0x0f,0xc0,0x0f,0xc0,0x07,0xe0,0x07,0xf0,0xfc,0x00,0x7e,0x00,0x3f,0x00,0x3f,0x00,0x1f,0x80,0x1f,0x80,0x1f,0x80,0x0f,
0xc0,0x0f,0xc0,0x0f,0xc0,0x07,0xe0,0x07,0xe0,0x07,0xe0,0x07,0xe0,0x03,0xf0,0x03,0xf0,0x03,0xf0,0x03,0xf0,0x03,0xf0,0x03,
0xf0,0x03,0xf0,0x03,0xf0,0x03,0xf0,0x03,0xf0,0x03,0xf0,0x07,0xe0,0x07,0xe0,0x07,0xe0,0x07,0xe0,0x0f,0xc0,0x0f,0xc0,0x0f,
0xc0,0x1f,0x80,0x1f,0x80,0x1f,0x80,0x3f,0x00,0x3f,0x00,0x7e,0x00,0xfc,0x00,0x03,0xc0,0x03,0xc0,0x03,0xc0,0x03,0xc0,0x63,
0xc6,0xff,0xff,0xff,0xff,0xff,0xff,0x1f,0xf8,0x07,0xe0,0x0f,0xf0,0x1f,0xf8,0x1e,0x78,0x3e,0x7c,0x1c,0x38,0x08,0x10,0x00,
0x7c,0x00,0x00,0x7c,0x00,0x00,0x7c,0x00,0x00,0x7c,0x00,0x00,0x7c,0x00,0x00,0x7c,0x00,0x00,0x7c,0x00,0x00,0x7c,0x00,0xff,
0xff,0xfc,0xff,0xff,0xfc,0xff,0xff,0xfc,0xff,0xff,0xfc,0xff,0xff,0xfc,0x00,0x7c,0x00,0x00,0x7c,0x00,0x00,0x7c,0x00,0x00,
0x7c,0x00,0x00,0x7c,0x00,0x00,0x7c,0x00,0x00,0x7c,0x00,0x00,0x7c,0x00,0x00,0x7c,0x00,0x3c,0x7e,0xff,0xff,0xff,0xff,0x7e,
0x3e,0x1e,0x1c,0x3c,0x38,0x78,0x78,0xff,0xfc,0xff,0xfc,0xff,0xfc,0xff,0xfc,0xff,0xfc,0x7e,0x7e,0xff,0xff,0xff,0xfe,0x7e,
0x00,0x1f,0x80,0x00,0x1f,0x80,0x00,0x1f,0x80,0x00,0x3f,0x00,0x00,0x3f,0x00,0x00,0x3f,0x00,0x00,0x7e,0x00,0x00,0x7e,0x00,
0x00,0x7e,0x00,0x00,0xfc,0x00,0x00,0xfc,0x00,0x00,0xfc,0x00,0x01,0xf8,0x00,0x01,0xf8,0x00,0x01,0xf8,0x00,0x01,0xf8,0x00,
0x03,0xf0,0x00,0x03,0xf0,0x00,0x03,0xf0,0x00,0x07,0xe0,0x00,0x07,0xe0,0x00,0x07,0xe0,0x00,0x0f,0xc0,0x00,0x0f,0xc0,0x00,
0x0f,0xc0,0x00,0x1f,0x80,0x00,0x1f,0x80,0x00,0x1f,0x80,0x00,0x3f,0x00,0x00,0x3f,0x00,0x00,0x3f,0x00,0x00,0x7e,0x00,0x00,
0x7e,0x00,0x00,0x7e,0x00,0x00,0xfc,0x00,0x00,0xfc,0x00,0x00,0x00,0x08,0x00,0x00,0x01,0xff,0xc0,0x00,0x07,0xff,0xf0,0x00,
0x0f,0xff,0xf8,0x00,0x1f,0xff,0xfc,0x00,0x1f,0xff,0xfc,0x00,0x3f,0xc0,0xfe,0x00,0x7f,0x80,0x7f,0x00,0x7f,0xc0,0x7f,0x00,
0x7f,0xe0,0x3f,0x00,0x7f,0xe0,0x3f,0x00,0xfd,0xf0,0x1f,0x80,0xfd,0xf8,0x1f,0x80,0xfc,0xfc,0x1f,0x80,0xfc,0x7c,0x1f,0x80,
0xfc,0x3e,0x1f,0x80,0xfc,0x3f,0x1f,0x80,0xfc,0x1f,0x1f,0x80,0xfc,0x0f,0x9f,0x80,0xfc,0x07,0xdf,0x80,0xfc,0x07,0xff,0x80,
0x7e,0x03,0xff,0x00,0x7e,0x01,0xff,0x00,0x7e,0x00,0xff,0x00,0x7f,0x00,0xfe,0x00,0x3f,0x80,0xfe,0x00,0x1f,0xff,0xfc,0x00,
0x1f,0xff,0xfc,0x00,0x0f,0xff,0xf8,0x00,0x07,0xff,0xf0,0x00,0x01,0xff,0xc0,0x00,0x00,0x0c,0x00,0x00,0x00,0xf8,0x00,0xf8,
0x01,0xf8,0x07,0xf8,0xff,0xf8,0xff,0xf8,0xff,0xf8,0xff,0xf8,0xff,0xf8,0x01,0xf8,0x01,0xf8,0x01,0xf8,0x01,0xf8,0x01,0xf8,
0x01,0xf8,0x01,0xf8,0x01,0xf8,0x01,0xf8,0x01,0xf8,0x01,0xf8,0x01,0xf8,0x01,0xf8,0x01,0xf8,0x01,0xf8,0x01,0xf8,0x01,0xf8,
0x01,0xf8,0x01,0xf8,0x01,0xf8,0x01,0xf8,0x00,0x10,0x00,0x01,0xff,0x80,0x07,0xff,0xe0,0x0f,0xff,0xf0,0x1f,0xff,0xf8,0x3f,
0xff,0xf8,0x7f,0x01,0xfc,0x7f,0x00,0xfc,0x0e,0x00,0xfc,0x00,0x00,0xfc,0x00,0x00,0xfc,0x00,0x00,0xfc,0x00,0x01,0xf8,0x00,
0x03,0xf8,0x00,0x03,0xf8,0x00,0x07,0xf0,0x00,0x0f,0xe0,0x00,0x1f,0xe0,0x00,0x3f,0xc0,0x00,0x7f,0x80,0x01,0xff,0x00,0x03,
0xfc,0x00,0x07,0xf8,0x00,0x1f,0xf0,0x00,0x3f,0xc0,0x00,0x7f,0x80,0x00,0xff,0xff,0xfc,0xff,0xff,0xfc,0xff,0xff,0xfc,0xff,
0xff,0xfc,0xff,0xff,0xfc,0x03,0xff,0x80,0x0f,0xff,0xe0,0x1f,0xff,0xf0,0x3f,0xff,0xf8,0x7f,0xff,0xf8,0x7f,0x01,0xfc,0x7e,
0x00,0xfc,0x0c,0x00,0xfc,0x00,0x00,0xfc,0x00,0x00,0xfc,0x00,0x01,0xf8,0x00,0x07,0xf8,0x00,0xff,0xf0,0x00,0xff,0xe0,0x00,
0xff,0xc0,0x00,0xff,0xf0,0x00,0xff,0xf8,0x00,0x03,0xfc,0x00,0x00,0xfc,0x00,0x00,0xfe,0x00,0x00,0x7e,0x00,0x00,0x7e,0x1c,
0x00,0x7e,0xfe,0x00,0xfe,0x7f,0x01,0xfc,0x7f,0xff,0xfc,0x3f,0xff,0xf8,0x1f,0xff,0xf0,0x0f,0xff,0xe0,0x03,0xff,0x80,0x00,
0x10,0x00,0x00,0x03,0xf0,0x00,0x00,0x07,0xf0,0x00,0x00,0x0f,0xf0,0x00,0x00,0x1f,0xf0,0x00,0x00,0x1f,0xf0,0x00,0x00,0x3f,
0xf0,0x00,0x00,0x7f,0xf0,0x00,0x00,0xff,0xf0,0x00,0x00,0xff,0xf0,0x00,0x01,0xfb,0xf0,0x00,0x03,0xf3,0xf0,0x00,0x07,0xf3,
0xf0,0x00,0x07,0xe3,0xf0,0x00,0x0f,0xc3,0xf0,0x00,0x1f,0x83,0xf0,0x00,0x3f,0x03,0xf0,0x00,0x3f,0x03,0xf0,0x00,0x7e,0x03,
0xf0,0x00,0xff,0xff,0xff,0x80,0xff,0xff,0xff,0x80,0xff,0xff,0xff,0x80,0xff,0xff,0xff,0x80,0xff,0xff,0xff,0x80,0x00,0x03,
0xf0,0x00,0x00,0x03,0xf0,0x00,0x00,0x03,0xf0,0x00,0x00,0x03,0xf0,0x00,0x00,0x03,0xf0,0x00,0x00,0x03,0xf0,0x00,0x00,0x03,
0xf0,0x00,0x3f,0xff,0xf8,0x3f,0xff,0xf8,0x3f,0xff,0xf8,0x7f,0xff,0xf8,0x7f,0xff,0xf8,0x7e,0x00,0x00,0x7e,0x00,0x00,0x7e,
0x00,0x00,0x7e,0x00,0x00,0x7c,0x7e,0x00,0x7d,0xff,0x80,0xff,0xff,0xe0,0xff,0xff,0xf0,0xff,0xff,0xf0,0xff,0x07,0xf8,0x7e,
0x03,0xf8,0x0c,0x01,0xfc,0x00,0x00,0xfc,0x00,0x00,0xfc,0x00,0x00,0xfc,0x00,0x00,0xfc,0x00,0x00,0xfc,0x3c,0x01,0xfc,0xfc,
0x01,0xf8,0xfe,0x03,0xf8,0x7f,0xff,0xf0,0x7f,0xff,0xf0,0x3f,0xff,0xe0,0x0f,0xff,0xc0,0x07,0xff,0x00,0x00,0x20,0x00,0x00,
0x08,0x00,0x01,0xff,0xc0,0x03,0xff,0xe0,0x0f,0xff,0xf0,0x1f,0xff,0xf8,0x1f,0xff,0xfc,0x3f,0x80,0xe0,0x3f,0x00,0x00,0x7e,
0x00,0x00,0x7c,0x00,0x00,0x7c,0x3f,0x00,0x7c,0xff,0xc0,0xff,0xff,0xf0,0xff,0xff,0xf8,0xff,0xff,0xf8,0xff,0x83,0xfc,0xff,
0x01,0xfc,0xfe,0x00,0xfe,0xfc,0x00,0x7e,0xfc,0x00,0x7e,0xfc,0x00,0x7e,0xfc,0x00,0x7e,0x7c,0x00,0x7e,0x7e,0x00,0xfe,0x7e,
0x00,0xfc,0x3f,0x01,0xfc,0x3f,0xff,0xf8,0x1f,0xff,0xf8,0x0f,0xff,0xf0,0x07,0xff,0xc0,0x01,0xff,0x80,0x00,0x18,0x00,0xff,
0xff,0xfc,0xff,0xff,0xfc,0xff,0xff,0xfc,0xff,0xff,0xfc,0xff,0xff,0xfc,0x00,0x01,0xfc,0x00,0x01,0xf8,0x00,0x03,0xf8,0x00,
0x03,0xf0,0x00,0x07,0xf0,0x00,0x07,0xe0,0x00,0x0f,0xe0,0x00,0x0f,0xe0,0x00,0x1f,0xc0,0x00,0x1f,0xc0,0x00,0x3f,0x80,0x00,
0x3f,0x80,0x00,0x7f,0x00,0x00,0x7f,0x00,0x00,0xfe,0x00,0x00,0xfe,0x00,0x01,0xfc,0x00,0x01,0xfc,0x00,0x03,0xf8,0x00,0x03,
0xf8,0x00,0x07,0xf0,0x00,0x07,0xf0,0x00,0x0f,0xf0,0x00,0x0f,0xe0,0x00,0x1f,0xe0,0x00,0x00,0xff,0x00,0x01,0xff,0x80,0x03,
0xff,0xc0,0x07,0xff,0xe0,0x07,0xff,0xe0,0x0f,0xc3,0xf0,0x0f,0x81,0xf0,0x0f,0x81,0xf0,0x0f,0x81,0xf0,0x0f,0x83,0xf0,0x0f,
0xc3,0xf0,0x07,0xff,0xe0,0x07,0xff,0xe0,0x0f,0xff,0xf0,0x1f,0xff,0xf8,0x3f,0xff,0xfc,0x7f,0x81,0xfe,0x7e,0x00,0x7e,0xfe,
0x00,0x7f,0xfc,0x00,0x3f,0xfc,0x00,0x3f,0xfc,0x00,0x3f,0xfc,0x00,0x3f,0xfe,0x00,0x7f,0x7f,0x00,0xfe,0x7f,0xff,0xfe,0x3f,
0xff,0xfc,0x1f,0xff,0xf8,0x0f,0xff,0xf0,0x03,0xff,0xc0,0x00,0x08,0x00,0x03,0xff,0x00,0x07,0xff,0x80,0x1f,0xff,0xe0,0x3f,
0xff,0xf0,0x3f,0xff,0xf0,0x7f,0x03,0xf8,0x7e,0x01,0xf8,0xfe,0x01,0xfc,0xfc,0x00,0xfc,0xfc,0x00,0xfc,0xfc,0x00,0xfc,0xfc,
0x00,0xfc,0xfc,0x00,0xfc,0xfe,0x01,0xfc,0x7f,0x03,0xf8,0x7f,0x87,0xf8,0x3f,0xff,0xf0,0x1f,0xff,0xf0,0x0f,0xff,0xe0,0x07,
0xff,0xe0,0x00,0xff,0xc0,0x00,0x1f,0xc0,0x00,0x1f,0x80,0x00,0x3f,0x80,0x00,0x3f,0x00,0x00,0x7e,0x00,0x00,0xfe,0x00,0x00,
0xfc,0x00,0x01,0xfc,0x00,0x01,0xf8,0x00,0x3c,0x7e,0xff,0xff,0xff,0xff,0x7e,0x3c,0x00,0x00,0x00,0x00,0x00,0x00,0x00,0x7e,
0x7e,0xff,0xff,0xff,0xfe,0x7e,0x3c,0x7e,0xff,0xff,0xff,0xff,0x7e,0x3c,0x00,0x00,0x00,0x00,0x00,0x00,0x00,0x3c,0x7e,0xff,
0xff,0xff,0xff,0x7e,0x3e,0x1e,0x1c,0x3c,0x38,0x78,0x78,0x00,0x00,0x04,0x00,0x00,0x3c,0x00,0x00,0xfc,0x00,0x03,0xfc,0x00,
0x0f,0xfc,0x00,0x7f,0xfc,0x01,0xff,0xf0,0x07,0xff,0xc0,0x1f,0xfe,0x00,0xff,0xf8,0x00,0xff,0xc0,0x00,0xfe,0x00,0x00,0xff,
0x80,0x00,0xff,0xf0,0x00,0x7f,0xfc,0x00,0x0f,0xff,0x80,0x03,0xff,0xe0,0x00,0xff,0xfc,0x00,0x3f,0xfc,0x00,0x07,0xfc,0x00,
0x01,0xfc,0x00,0x00,0x7c,0x00,0x00,0x1c,0xff,0xff,0xfc,0xff,0xff,0xfc,0xff,0xff,0xfc,0xff,0xff,0xfc,0xff,0xff,0xfc,0x00,
0x00,0x00,0x00,0x00,0x00,0x00,0x00,0x00,0x00,0x00,0x00,0xff,0xff,0xfc,0xff,0xff,0xfc,0xff,0xff,0xfc,0xff,0xff,0xfc,0xff,
0xff,0xfc,0x80,0x00,0x00,0xe0,0x00,0x00,0xf8,0x00,0x00,0xff,0x00,0x00,0xff,0xc0,0x00,0xff,0xf0,0x00,0x7f,0xfc,0x00,0x0f,
0xff,0x80,0x03,0xff,0xe0,0x00,0x7f,0xf8,0x00,0x1f,0xfc,0x00,0x03,0xfc,0x00,0x07,0xfc,0x00,0x3f,0xfc,0x01,0xff,0xf0,0x07,
0xff,0xc0,0x3f,0xff,0x00,0xff,0xf8,0x00,0xff,0xe0,0x00,0xff,0x80,0x00,0xfe,0x00,0x00,0xf0,0x00,0x00,0xc0,0x00,0x00,0x07,
0xff,0x80,0x1f,0xff,0xe0,0x3f,0xff,0xf0,0x7f,0xff,0xf8,0xff,0xff,0xf8,0xfe,0x01,0xfc,0x7c,0x00,0xfc,0x18,0x00,0xfc,0x00,
0x00,0xfc,0x00,0x01,0xfc,0x00,0x07,0xf8,0x00,0x1f,0xf8,0x00,0x3f,0xf0,0x00,0xff,0xc0,0x01,0xff,0x80,0x01,0xfe,0x00,0x03,
0xf8,0x00,0x03,0xf0,0x00,0x03,0xf0,0x00,0x03,0xf0,0x00,0x00,0x00,0x00,0x00,0x00,0x00,0x00,0x00,0x00,0x03,0xf0,0x00,0x03,
0xf0,0x00,0x07,0xf8,0x00,0x07,0xf8,0x00,0x07,0xf8,0x00,0x07,0xf8,0x00,0x03,0xf0,0x00,0x00,0x0f,0xf0,0x00,0x00,0x7f,0xfe,
0x00,0x01,0xff,0xff,0x00,0x03,0xf0,0x1f,0xc0,0x07,0xc0,0x03,0xe0,0x0f,0x00,0x01,0xf0,0x1e,0x00,0x00,0x78,0x3c,0x00,0x00,
0x78,0x38,0x03,0xf8,0x3c,0x78,0x1f,0xfc,0x1c,0x70,0x3f,0xfc,0x1c,0x70,0x7c,0x3c,0x0e,0xe0,0x78,0x3c,0x0e,0xe0,0xf0,0x3c,
0x0e,0xe0,0xf0,0x3c,0x0e,0xe0,0xf0,0x3c,0x0e,0xe0,0xf0,0x3c,0x0e,0xe0,0xf0,0x3c,0x0e,0xe0,0xf8,0x7c,0x1c,0xe0,0xf8,0xfc,
0x1c,0x70,0x7f,0xfe,0x3c,0x70,0x7f,0xff,0xf8,0x78,0x3f,0xef,0xf0,0x38,0x0f,0x83,0xc0,0x3c,0x00,0x00,0x00,0x1e,0x00,0x00,
0x00,0x0f,0x00,0x00,0x00,0x07,0xc0,0x00,0x00,0x03,0xf0,0x1c,0x00,0x01,0xff,0xfc,0x00,0x00,0x7f,0xfc,0x00,0x00,0x0f,0xf0,
0x00,0x00,0x1f,0xe0,0x00,0x00,0x1f,0xe0,0x00,0x00,0x3f,0xe0,0x00,0x00,0x3f,0xf0,0x00,0x00,0x3f,0xf0,0x00,0x00,0x7f,0xf8,
0x00,0x00,0x7f,0xf8,0x00,0x00,0x7f,0xf8,0x00,0x00,0xfd,0xfc,0x00,0x00,0xfc,0xfc,0x00,0x01,0xfc,0xfc,0x00,0x01,0xf8,0xfe,
0x00,0x01,0xf8,0x7e,0x00,0x03,0xf8,0x7e,0x00,0x03,0xf0,0x7f,0x00,0x03,0xf0,0x3f,0x00,0x07,0xf0,0x3f,0x80,0x07,0xe0,0x3f,
0x80,0x07,0xe0,0x1f,0x80,0x0f,0xff,0xff,0xc0,0x0f,0xff,0xff,0xc0,0x1f,0xff,0xff,0xc0,0x1f,0xff,0xff,0xe0,0x1f,0xff,0xff,
0xe0,0x3f,0x80,0x07,0xf0,0x3f,0x80,0x07,0xf0,0x3f,0x00,0x03,0xf0,0x7f,0x00,0x03,0xf8,0x7f,0x00,0x03,0xf8,0xfe,0x00,0x03,
0xf8,0xff,0xff,0x80,0xff,0xff,0xf0,0xff,0xff,0xf8,0xff,0xff,0xfc,0xff,0xff,0xfc,0xfc,0x01,0xfe,0xfc,0x00,0xfe,0xfc,0x00,
0x7e,0xfc,0x00,0x7e,0xfc,0x00,0x7e,0xfc,0x00,0xfe,0xfc,0x01,0xfc,0xff,0xff,0xf8,0xff,0xff,0xf0,0xff,0xff,0xf0,0xff,0xff,
0xfc,0xff,0xff,0xfe,0xfc,0x00,0xfe,0xfc,0x00,0x7f,0xfc,0x00,0x3f,0xfc,0x00,0x3f,0xfc,0x00,0x3f,0xfc,0x00,0x3f,0xfc,0x00,
0x7f,0xfc,0x00,0xfe,0xff,0xff,0xfe,0xff,0xff,0xfc,0xff,0xff,0xf8,0xff,0xff,0xf0,0xff,0xff,0x80,0x00,0x7f,0xf0,0x00,0x01,
0xff,0xfc,0x00,0x07,0xff,0xfe,0x00,0x0f,0xff,0xff,0x00,0x1f,0xff,0xff,0x80,0x3f,0xc0,0x7f,0x80,0x3f,0x80,0x1f,0x80,0x7f,
0x00,0x0c,0x00,0x7e,0x00,0x00,0x00,0x7e,0x00,0x00,0x00,0xfe,0x00,0x00,0x00,0xfc,0x00,0x00,0x00,0xfc,0x00,0x00,0x00,0xfc,
0x00,0x00,0x00,0xfc,0x00,0x00,0x00,0xfc,0x00,0x00,0x00,0xfc,0x00,0x00,0x00,0xfc,0x00,0x00,0x00,0xfc,0x00,0x00,0x00,0xfe,
0x00,0x00,0x00,0x7e,0x00,0x00,0x00,0x7e,0x00,0x00,0x00,0x7f,0x00,0x0c,0x00,0x3f,0x80,0x1f,0x80,0x3f,0xc0,0x3f,0xc0,0x1f,
0xff,0xff,0x80,0x0f,0xff,0xff,0x00,0x07,0xff,0xfe,0x00,0x03,0xff,0xfc,0x00,0x00,0xff,0xf0,0x00,0x00,0x06,0x00,0x00,0xff,
0xfe,0x00,0x00,0xff,0xff,0xc0,0x00,0xff,0xff,0xf0,0x00,0xff,0xff,0xfc,0x00,0xff,0xff,0xfe,0x00,0xfc,0x03,0xfe,0x00,0xfc,
0x00,0xff,0x00,0xfc,0x00,0x3f,0x80,0xfc,0x00,0x3f,0x80,0xfc,0x00,0x1f,0x80,0xfc,0x00,0x1f,0xc0,0xfc,0x00,0x0f,0xc0,0xfc,
0x00,0x0f,0xc0,0xfc,0x00,0x0f,0xc0,0xfc,0x00,0x0f,0xc0,0xfc,0x00,0x0f,0xc0,0xfc,0x00,0x0f,0xc0,0xfc,0x00,0x0f,0xc0,0xfc,
0x00,0x0f,0xc0,0xfc,0x00,0x1f,0xc0,0xfc,0x00,0x1f,0x80,0xfc,0x00,0x3f,0x80,0xfc,0x00,0x3f,0x80,0xfc,0x00,0xff,0x00,0xfc,
0x03,0xfe,0x00,0xff,0xff,0xfe,0x00,0xff,0xff,0xfc,0x00,0xff,0xff,0xf0,0x00,0xff,0xff,0xc0,0x00,0xff,0xfe,0x00,0x00,0xff,
0xff,0xfc,0xff,0xff,0xfc,0xff,0xff,0xfc,0xff,0xff,0xfc,0xff,0xff,0xfc,0xff,0xff,0xfc,0xfc,0x00,0x00,0xfc,0x00,0x00,0xfc,
0x00,0x00,0xfc,0x00,0x00,0xfc,0x00,0x00,0xff,0xff,0x80,0xff,0xff,0x80,0xff,0xff,0x80,0xff,0xff,0x80,0xff,0xff,0x80,0xff,
0xff,0x80,0xfc,0x00,0x00,0xfc,0x00,0x00,0xfc,0x00,0x00,0xfc,0x00,0x00,0xfc,0x00,0x00,0xfc,0x00,0x00,0xfc,0x00,0x00,0xff,
0xff,0xfc,0xff,0xff,0xfc,0xff,0xff,0xfc,0xff,0xff,0xfc,0xff,0xff,0xfc,0xff,0xff,0xfc,0xff,0xff,0xf8,0xff,0xff,0xf8,0xff,
0xff,0xf8,0xff,0xff,0xf8,0xff,0xff,0xf8,0xff,0xff,0xf8,0xfc,0x00,0x00,0xfc,0x00,0x00,0xfc,0x00,0x00,0xfc,0x00,0x00,0xfc,
0x00,0x00,0xfc,0x00,0x00,0xfc,0x00,0x00,0xff,0xff,0xf8,0xff,0xff,0xf8,0xff,0xff,0xf8,0xff,0xff,0xf8,0xff,0xff,0xf8,0xff,
0xff,0xf8,0xfc,0x00,0x00,0xfc,0x00,0x00,0xfc,0x00,0x00,0xfc,0x00,0x00,0xfc,0x00,0x00,0xfc,0x00,0x00,0xfc,0x00,0x00,0xfc,
0x00,0x00,0xfc,0x00,0x00,0xfc,0x00,0x00,0xfc,0x00,0x00,0x00,0x7f,0xf8,0x00,0x01,0xff,0xfe,0x00,0x07,0xff,0xff,0x00,0x0f,
0xff,0xff,0x80,0x1f,0xff,0xff,0xc0,0x1f,0xe0,0x1f,0xe0,0x3f,0x80,0x0f,0x80,0x7f,0x00,0x04,0x00,0x7e,0x00,0x00,0x00,0x7e,
0x00,0x00,0x00,0xfe,0x00,0x00,0x00,0xfc,0x00,0x00,0x00,0xfc,0x00,0x00,0x00,0xfc,0x01,0xff,0xf0,0xfc,0x01,0xff,0xf0,0xfc,
0x01,0xff,0xf0,0xfc,0x01,0xff,0xf0,0xfc,0x01,0xff,0xf0,0xfc,0x00,0x03,0xf0,0xfe,0x00,0x03,0xf0,0x7e,0x00,0x03,0xf0,0x7f,
0x00,0x03,0xf0,0x7f,0x00,0x07,0xf0,0x3f,0x80,0x0f,0xf0,0x3f,0xc0,0x1f,0xf0,0x1f,0xff,0xff,0xf0,0x0f,0xff,0xff,0xf0,0x07,
0xff,0xff,0xf0,0x03,0xff,0xf8,0xf0,0x00,0xff,0xf0,0xf0,0x00,0x06,0x00,0x00,0xfc,0x00,0x1f,0x80,0xfc,0x00,0x1f,0x80,0xfc,
0x00,0x1f,0x80,0xfc,0x00,0x1f,0x80,0xfc,0x00,0x1f,0x80,0xfc,0x00,0x1f,0x80,0xfc,0x00,0x1f,0x80,0xfc,0x00,0x1f,0x80,0xfc,
0x00,0x1f,0x80,0xfc,0x00,0x1f,0x80,0xfc,0x00,0x1f,0x80,0xff,0xff,0xff,0x80,0xff,0xff,0xff,0x80,0xff,0xff,0xff,0x80,0xff,
0xff,0xff,0x80,0xff,0xff,0xff,0x80,0xff,0xff,0xff,0x80,0xfc,0x00,0x1f,0x80,0xfc,0x00,0x1f,0x80,0xfc,0x00,0x1f,0x80,0xfc,
0x00,0x1f,0x80,0xfc,0x00,0x1f,0x80,0xfc,0x00,0x1f,0x80,0xfc,0x00,0x1f,0x80,0xfc,0x00,0x1f,0x80,0xfc,0x00,0x1f,0x80,0xfc,
0x00,0x1f,0x80,0xfc,0x00,0x1f,0x80,0xfc,0x00,0x1f,0x80,0xfc,0x00,0x1f,0x80,0xff,0xfe,0xff,0xfe,0xff,0xfe,0xff,0xfe,0xff,
0xfe,0x0f,0xc0,0x0f,0xc0,0x0f,0xc0,0x0f,0xc0,0x0f,0xc0,0x0f,0xc0,0x0f,0xc0,0x0f,0xc0,0x0f,0xc0,0x0f,0xc0,0x0f,0xc0,0x0f,
0xc0,0x0f,0xc0,0x0f,0xc0,0x0f,0xc0,0x0f,0xc0,0x0f,0xc0,0x0f,0xc0,0x0f,0xc0,0x0f,0xc0,0xff,0xfe,0xff,0xfe,0xff,0xfe,0xff,
0xfe,0xff,0xfe,0x00,0x01,0xf8,0x00,0x01,0xf8,0x00,0x01,0xf8,0x00,0x01,0xf8,0x00,0x01,0xf8,0x00,0x01,0xf8,0x00,0x01,0xf8,
0x00,0x01,0xf8,0x00,0x01,0xf8,0x00,0x01,0xf8,0x00,0x01,0xf8,0x00,0x01,0xf8,0x00,0x01,0xf8,0x00,0x01,0xf8,0x00,0x01,0xf8,
0x00,0x01,0xf8,0x00,0x01,0xf8,0x00,0x01,0xf8,0x00,0x01,0xf8,0x00,0x01,0xf8,0x0c,0x01,0xf8,0x7c,0x01,0xf8,0xfc,0x01,0xf8,
0xfe,0x03,0xf0,0xff,0x07,0xf0,0x7f,0xff,0xf0,0x7f,0xff,0xe0,0x3f,0xff,0xc0,0x1f,0xff,0x80,0x07,0xfe,0x00,0x00,0x20,0x00,
0xfc,0x00,0x7f,0x80,0xfc,0x00,0xff,0x00,0xfc,0x01,0xfe,0x00,0xfc,0x03,0xfc,0x00,0xfc,0x07,0xf8,0x00,0xfc,0x0f,0xf0,0x00,
0xfc,0x1f,0xe0,0x00,0xfc,0x3f,0xc0,0x00,0xfc,0x3f,0x80,0x00,0xfc,0x7f,0x00,0x00,0xfc,0xff,0x00,0x00,0xfd,0xfe,0x00,0x00,
0xff,0xfc,0x00,0x00,0xff,0xfc,0x00,0x00,0xff,0xfe,0x00,0x00,0xff,0xfe,0x00,0x00,0xff,0xff,0x00,0x00,0xff,0xff,0x80,0x00,
0xff,0x3f,0xc0,0x00,0xfe,0x1f,0xc0,0x00,0xfe,0x1f,0xe0,0x00,0xfc,0x0f,0xf0,0x00,0xfc,0x07,0xf0,0x00,0xfc,0x03,0xf8,0x00,
0xfc,0x03,0xfc,0x00,0xfc,0x01,0xfc,0x00,0xfc,0x00,0xfe,0x00,0xfc,0x00,0xff,0x00,0xfc,0x00,0x7f,0x80,0xfc,0x00,0x3f,0x80,
0xfc,0x00,0x00,0xfc,0x00,0x00,0xfc,0x00,0x00,0xfc,0x00,0x00,0xfc,0x00,0x00,0xfc,0x00,0x00,0xfc,0x00,0x00,0xfc,0x00,0x00,
0xfc,0x00,0x00,0xfc,0x00,0x00,0xfc,0x00,0x00,0xfc,0x00,0x00,0xfc,0x00,0x00,0xfc,0x00,0x00,0xfc,0x00,0x00,0xfc,0x00,0x00,
0xfc,0x00,0x00,0xfc,0x00,0x00,0xfc,0x00,0x00,0xfc,0x00,0x00,0xfc,0x00,0x00,0xfc,0x00,0x00,0xfc,0x00,0x00,0xfc,0x00,0x00,
0xff,0xff,0xf8,0xff,0xff,0xf8,0xff,0xff,0xf8,0xff,0xff,0xf8,0xff,0xff,0xf8,0xff,0xff,0xf8,0xff,0xc0,0x03,0xff,0xff,0xc0,
0x03,0xff,0xff,0xc0,0x03,0xff,0xff,0xe0,0x03,0xff,0xff,0xe0,0x07,0xff,0xff,0xe0,0x07,0xff,0xff,0xe0,0x07,0xff,0xff,0xf0,
0x0f,0xff,0xfd,0xf0,0x0f,0xbf,0xfd,0xf0,0x0f,0xbf,0xfd,0xf8,0x1f,0xbf,0xfc,0xf8,0x1f,0x3f,0xfc,0xf8,0x1f,0x3f,0xfc,0xfc,
0x1f,0x3f,0xfc,0x7c,0x3e,0x3f,0xfc,0x7c,0x3e,0x3f,0xfc,0x7c,0x3e,0x3f,0xfc,0x7e,0x7e,0x3f,0xfc,0x3e,0x7c,0x3f,0xfc,0x3e,
0x7c,0x3f,0xfc,0x3f,0xfc,0x3f,0xfc,0x1f,0xf8,0x3f,0xfc,0x1f,0xf8,0x3f,0xfc,0x1f,0xf8,0x3f,0xfc,0x0f,0xf0,0x3f,0xfc,0x0f,
0xf0,0x3f,0xfc,0x0f,0xf0,0x3f,0xfc,0x07,0xe0,0x3f,0xfc,0x07,0xe0,0x3f,0xfc,0x07,0xe0,0x3f,0xff,0x00,0x0f,0xc0,0xff,0x80,
0x0f,0xc0,0xff,0xc0,0x0f,0xc0,0xff,0xc0,0x0f,0xc0,0xff,0xe0,0x0f,0xc0,0xff,0xe0,0x0f,0xc0,0xff,0xf0,0x0f,0xc0,0xff,0xf0,
0x0f,0xc0,0xff,0xf8,0x0f,0xc0,0xfd,0xf8,0x0f,0xc0,0xfd,0xfc,0x0f,0xc0,0xfc,0xfc,0x0f,0xc0,0xfc,0xfe,0x0f,0xc0,0xfc,0x7e,
0x0f,0xc0,0xfc,0x3f,0x0f,0xc0,0xfc,0x3f,0x0f,0xc0,0xfc,0x1f,0x8f,0xc0,0xfc,0x1f,0xcf,0xc0,0xfc,0x0f,0xcf,0xc0,0xfc,0x0f,
0xef,0xc0,0xfc,0x07,0xef,0xc0,0xfc,0x07,0xff,0xc0,0xfc,0x03,0xff,0xc0,0xfc,0x03,0xff,0xc0,0xfc,0x01,0xff,0xc0,0xfc,0x01,
0xff,0xc0,0xfc,0x00,0xff,0xc0,0xfc,0x00,0x7f,0xc0,0xfc,0x00,0x7f,0xc0,0xfc,0x00,0x3f,0xc0,0x00,0x7f,0xf8,0x00,0x01,0xff,
0xfe,0x00,0x03,0xff,0xff,0x00,0x0f,0xff,0xff,0xc0,0x0f,0xff,0xff,0xc0,0x1f,0xe0,0x1f,0xe0,0x3f,0xc0,0x0f,0xf0,0x3f,0x80,
0x07,0xf0,0x7f,0x00,0x07,0xf8,0x7f,0x00,0x03,0xf8,0x7f,0x00,0x03,0xf8,0xfe,0x00,0x01,0xfc,0xfe,0x00,0x01,0xfc,0xfe,0x00,
0x01,0xfc,0xfe,0x00,0x01,0xfc,0xfe,0x00,0x01,0xfc,0xfe,0x00,0x01,0xfc,0xfe,0x00,0x01,0xfc,0xfe,0x00,0x01,0xfc,0xff,0x00,
0x03,0xf8,0x7f,0x00,0x03,0xf8,0x7f,0x00,0x03,0xf8,0x3f,0x80,0x07,0xf0,0x3f,0xc0,0x0f,0xf0,0x1f,0xe0,0x1f,0xe0,0x1f,0xff,
0xff,0xc0,0x0f,0xff,0xff,0x80,0x03,0xff,0xff,0x00,0x01,0xff,0xfe,0x00,0x00,0x7f,0xf8,0x00,0x00,0x03,0x00,0x00,0xff,0xff,
0x80,0xff,0xff,0xe0,0xff,0xff,0xf8,0xff,0xff,0xfc,0xff,0xff,0xfe,0xfc,0x01,0xfe,0xfc,0x00,0x7f,0xfc,0x00,0x3f,0xfc,0x00,
0x3f,0xfc,0x00,0x3f,0xfc,0x00,0x3f,0xfc,0x00,0x3f,0xfc,0x00,0x7f,0xfc,0x01,0xfe,0xff,0xff,0xfe,0xff,0xff,0xfc,0xff,0xff,
0xf8,0xff,0xff,0xe0,0xff,0xff,0x80,0xfc,0x00,0x00,0xfc,0x00,0x00,0xfc,0x00,0x00,0xfc,0x00,0x00,0xfc,0x00,0x00,0xfc,0x00,
0x00,0xfc,0x00,0x00,0xfc,0x00,0x00,0xfc,0x00,0x00,0xfc,0x00,0x00,0xfc,0x00,0x00,0x00,0x7f,0xf8,0x00,0x01,0xff,0xfe,0x00,
0x03,0xff,0xff,0x00,0x0f,0xff,0xff,0x80,0x0f,0xff,0xff,0xc0,0x1f,0xe0,0x1f,0xe0,0x3f,0xc0,0x0f,0xf0,0x3f,0x80,0x07,0xf0,
0x7f,0x00,0x07,0xf8,0x7f,0x00,0x03,0xf8,0x7f,0x00,0x03,0xf8,0xfe,0x00,0x01,0xfc,0xfe,0x00,0x01,0xfc,0xfe,0x00,0x81,0xfc,
0xfe,0x00,0xc1,0xfc,0xfe,0x01,0xe1,0xfc,0xfe,0x03,0xf1,0xfc,0xfe,0x07,0xf9,0xfc,0xfe,0x03,0xfd,0xfc,0xff,0x01,0xff,0xfc,
0x7f,0x00,0xff,0xf8,0x7f,0x00,0x7f,0xf8,0x3f,0x80,0x3f,0xf0,0x3f,0xc0,0x1f,0xf0,0x1f,0xe0,0x1f,0xf0,0x1f,0xff,0xff,0xf8,
0x0f,0xff,0xff,0xfc,0x03,0xff,0xff,0xfe,0x01,0xff,0xfe,0x7f,0x00,0x7f,0xf8,0x3f,0x00,0x03,0x00,0x1e,0x00,0x00,0x00,0x0c,
0xff,0xff,0x80,0x00,0xff,0xff,0xf0,0x00,0xff,0xff,0xf8,0x00,0xff,0xff,0xfc,0x00,0xff,0xff,0xfe,0x00,0xfc,0x00,0xfe,0x00,
0xfc,0x00,0x7f,0x00,0xfc,0x00,0x3f,0x00,0xfc,0x00,0x3f,0x00,0xfc,0x00,0x3f,0x00,0xfc,0x00,0x3f,0x00,0xfc,0x00,0x7f,0x00,
0xfc,0x00,0xfe,0x00,0xff,0xff,0xfe,0x00,0xff,0xff,0xfc,0x00,0xff,0xff,0xf8,0x00,0xff,0xff,0xf0,0x00,0xff,0xff,0xc0,0x00,
0xfc,0x3f,0xc0,0x00,0xfc,0x1f,0xe0,0x00,0xfc,0x0f,0xe0,0x00,0xfc,0x0f,0xf0,0x00,0xfc,0x07,0xf8,0x00,0xfc,0x03,0xf8,0x00,
0xfc,0x01,0xfc,0x00,0xfc,0x01,0xfe,0x00,0xfc,0x00,0xfe,0x00,0xfc,0x00,0x7f,0x00,0xfc,0x00,0x7f,0x00,0xfc,0x00,0x3f,0x80,
0x01,0xff,0xe0,0x00,0x07,0xff,0xf8,0x00,0x0f,0xff,0xfc,0x00,0x1f,0xff,0xfe,0x00,0x3f,0xff,0xff,0x00,0x3f,0x00,0x7f,0x00,
0x7e,0x00,0x3c,0x00,0x7e,0x00,0x00,0x00,0x7e,0x00,0x00,0x00,0x7f,0x00,0x00,0x00,0x7f,0x80,0x00,0x00,0x7f,0xf8,0x00,0x00,
0x3f,0xff,0x80,0x00,0x1f,0xff,0xf0,0x00,0x0f,0xff,0xfc,0x00,0x07,0xff,0xfe,0x00,0x01,0xff,0xff,0x00,0x00,0x0f,0xff,0x00,
0x00,0x00,0xff,0x80,0x00,0x00,0x3f,0x80,0x00,0x00,0x1f,0x80,0x04,0x00,0x1f,0x80,0x3c,0x00,0x1f,0x80,0xfe,0x00,0x1f,0x80,
0x7f,0x80,0x7f,0x00,0x7f,0xff,0xff,0x00,0x3f,0xff,0xfe,0x00,0x1f,0xff,0xfc,0x00,0x07,0xff,0xf0,0x00,0x01,0xff,0xe0,0x00,
0x00,0x0c,0x00,0x00,0xff,0xff,0xff,0x80,0xff,0xff,0xff,0x80,0xff,0xff,0xff,0x80,0xff,0xff,0xff,0x80,0xff,0xff,0xff,0x80,
0xff,0xff,0xff,0x80,0x00,0x3f,0x00,0x00,0x00,0x3f,0x00,0x00,0x00,0x3f,0x00,0x00,0x00,0x3f,0x00,0x00,0x00,0x3f,0x00,0x00,
0x00,0x3f,0x00,0x00,0x00,0x3f,0x00,0x00,0x00,0x3f,0x00,0x00,0x00,0x3f,0x00,0x00,0x00,0x3f,0x00,0x00,0x00,0x3f,0x00,0x00,
0x00,0x3f,0x00,0x00,0x00,0x3f,0x00,0x00,0x00,0x3f,0x00,0x00,0x00,0x3f,0x00,0x00,0x00,0x3f,0x00,0x00,0x00,0x3f,0x00,0x00,
0x00,0x3f,0x00,0x00,0x00,0x3f,0x00,0x00,0x00,0x3f,0x00,0x00,0x00,0x3f,0x00,0x00,0x00,0x3f,0x00,0x00,0x00,0x3f,0x00,0x00,
0x00,0x3f,0x00,0x00,0xfc,0x00,0x1f,0x80,0xfc,0x00,0x1f,0x80,0xfc,0x00,0x1f,0x80,0xfc,0x00,0x1f,0x80,0xfc,0x00,0x1f,0x80,
0xfc,0x00,0x1f,0x80,0xfc,0x00,0x1f,0x80,0xfc,0x00,0x1f,0x80,0xfc,0x00,0x1f,0x80,0xfc,0x00,0x1f,0x80,0xfc,0x00,0x1f,0x80,
0xfc,0x00,0x1f,0x80,0xfc,0x00,0x1f,0x80,0xfc,0x00,0x1f,0x80,0xfc,0x00,0x1f,0x80,0xfc,0x00,0x1f,0x80,0xfc,0x00,0x1f,0x80,
0xfc,0x00,0x1f,0x80,0xfc,0x00,0x1f,0x80,0xfc,0x00,0x1f,0x80,0xfc,0x00,0x1f,0x80,0xfc,0x00,0x1f,0x80,0x7e,0x00,0x3f,0x00,
0x7e,0x00,0x3f,0x00,0x7f,0x00,0x7f,0x00,0x3f,0xff,0xfe,0x00,0x3f,0xff,0xfe,0x00,0x1f,0xff,0xfc,0x00,0x0f,0xff,0xf8,0x00,
0x03,0xff,0xe0,0x00,0x00,0x0c,0x00,0x00,0xfc,0x00,0x0f,0xe0,0xfe,0x00,0x0f,0xc0,0xfe,0x00,0x1f,0xc0,0x7e,0x00,0x1f,0xc0,
0x7f,0x00,0x1f,0x80,0x7f,0x00,0x3f,0x80,0x3f,0x00,0x3f,0x80,0x3f,0x00,0x3f,0x00,0x3f,0x80,0x7f,0x00,0x1f,0x80,0x7f,0x00,
0x1f,0x80,0x7e,0x00,0x1f,0xc0,0x7e,0x00,0x0f,0xc0,0xfe,0x00,0x0f,0xc0,0xfc,0x00,0x0f,0xe0,0xfc,0x00,0x07,0xe1,0xfc,0x00,
0x07,0xe1,0xf8,0x00,0x07,0xf1,0xf8,0x00,0x03,0xf3,0xf8,0x00,0x03,0xf3,0xf0,0x00,0x03,0xf3,0xf0,0x00,0x01,0xff,0xf0,0x00,
0x01,0xff,0xe0,0x00,0x01,0xff,0xe0,0x00,0x00,0xff,0xe0,0x00,0x00,0xff,0xc0,0x00,0x00,0xff,0xc0,0x00,0x00,0x7f,0xc0,0x00,
0x00,0x7f,0x80,0x00,0x00,0x7f,0x80,0x00,0xfc,0x01,0xfc,0x01,0xf8,0xfc,0x01,0xfc,0x03,0xf8,0xfe,0x01,0xfc,0x03,0xf8,0x7e,
0x03,0xfe,0x03,0xf8,0x7e,0x03,0xfe,0x03,0xf0,0x7e,0x03,0xfe,0x03,0xf0,0x7f,0x03,0xfe,0x07,0xf0,0x7f,0x03,0xfe,0x07,0xf0,
0x3f,0x07,0xdf,0x07,0xe0,0x3f,0x07,0xdf,0x07,0xe0,0x3f,0x07,0xdf,0x07,0xe0,0x3f,0x87,0xdf,0x0f,0xe0,0x1f,0x8f,0xdf,0x8f,
0xc0,0x1f,0x8f,0x8f,0x8f,0xc0,0x1f,0x8f,0x8f,0x8f,0xc0,0x1f,0x8f,0x8f,0x8f,0xc0,0x0f,0xcf,0x8f,0x9f,0x80,0x0f,0xdf,0x0f,
0xdf,0x80,0x0f,0xdf,0x07,0xdf,0x80,0x0f,0xdf,0x07,0xdf,0x80,0x07,0xdf,0x07,0xdf,0x00,0x07,0xff,0x07,0xff,0x00,0x07,0xfe,
0x03,0xff,0x00,0x07,0xfe,0x03,0xff,0x00,0x03,0xfe,0x03,0xfe,0x00,0x03,0xfe,0x03,0xfe,0x00,0x03,0xfe,0x03,0xfe,0x00,0x03,
0xfc,0x01,0xfe,0x00,0x03,0xfc,0x01,0xfe,0x00,0x01,0xfc,0x01,0xfc,0x00,0xff,0x00,0x0f,0xf0,0x7f,0x80,0x1f,0xe0,0x3f,0x80,
0x1f,0xc0,0x3f,0xc0,0x3f,0xc0,0x1f,0xe0,0x7f,0x80,0x0f,0xf0,0x7f,0x00,0x07,0xf0,0xff,0x00,0x07,0xf9,0xfe,0x00,0x03,0xff,
0xfc,0x00,0x01,0xff,0xf8,0x00,0x01,0xff,0xf8,0x00,0x00,0xff,0xf0,0x00,0x00,0x7f,0xe0,0x00,0x00,0x7f,0xe0,0x00,0x00,0x3f,
0xc0,0x00,0x00,0x3f,0xe0,0x00,0x00,0x7f,0xe0,0x00,0x00,0xff,0xf0,0x00,0x01,0xff,0xf8,0x00,0x01,0xff,0xf8,0x00,0x03,0xff,
0xfc,0x00,0x07,0xf9,0xfe,0x00,0x07,0xf0,0xfe,0x00,0x0f,0xf0,0xff,0x00,0x1f,0xe0,0x7f,0x80,0x1f,0xc0,0x3f,0xc0,0x3f,0xc0,
0x1f,0xc0,0x7f,0x80,0x1f,0xe0,0xff,0x00,0x0f,0xf0,0xff,0x00,0x07,0xf0,0xff,0x00,0x0f,0xf0,0x7f,0x00,0x0f,0xe0,0x7f,0x80,
0x1f,0xe0,0x3f,0x80,0x1f,0xc0,0x1f,0xc0,0x3f,0x80,0x1f,0xc0,0x3f,0x80,0x0f,0xe0,0x7f,0x00,0x0f,0xe0,0xff,0x00,0x07,0xf0,
0xfe,0x00,0x03,0xf9,0xfc,0x00,0x03,0xf9,0xfc,0x00,0x01,0xff,0xf8,0x00,0x01,0xff,0xf8,0x00,0x00,0xff,0xf0,0x00,0x00,0x7f,
0xe0,0x00,0x00,0x7f,0xe0,0x00,0x00,0x3f,0xc0,0x00,0x00,0x3f,0x80,0x00,0x00,0x1f,0x80,0x00,0x00,0x1f,0x80,0x00,0x00,0x1f,
0x80,0x00,0x00,0x1f,0x80,0x00,0x00,0x1f,0x80,0x00,0x00,0x1f,0x80,0x00,0x00,0x1f,0x80,0x00,0x00,0x1f,0x80,0x00,0x00,0x1f,
0x80,0x00,0x00,0x1f,0x80,0x00,0x00,0x1f,0x80,0x00,0x00,0x1f,0x80,0x00,0x7f,0xff,0xff,0x7f,0xff,0xff,0x7f,0xff,0xff,0x7f,
0xff,0xff,0x7f,0xff,0xff,0x7f,0xff,0xff,0x00,0x01,0xfe,0x00,0x03,0xfc,0x00,0x03,0xf8,0x00,0x07,0xf8,0x00,0x0f,0xf0,0x00,
0x1f,0xe0,0x00,0x3f,0xc0,0x00,0x7f,0x80,0x00,0x7f,0x80,0x00,0xff,0x00,0x01,0xfe,0x00,0x03,0xfc,0x00,0x07,0xf8,0x00,0x0f,
0xf0,0x00,0x1f,0xf0,0x00,0x1f,0xe0,0x00,0x3f,0xc0,0x00,0x7f,0x80,0x00,0xff,0xff,0xff,0xff,0xff,0xff,0xff,0xff,0xff,0xff,
0xff,0xff,0xff,0xff,0xff,0xff,0xff,0xff,0xff,0xe0,0xff,0xe0,0xff,0xe0,0xff,0xe0,0xff,0xe0,0xf8,0x00,0xf8,0x00,0xf8,0x00,
0xf8,0x00,0xf8,0x00,0xf8,0x00,0xf8,0x00,0xf8,0x00,0xf8,0x00,0xf8,0x00,0xf8,0x00,0xf8,0x00,0xf8,0x00,0xf8,0x00,0xf8,0x00,
0xf8,0x00,0xf8,0x00,0xf8,0x00,0xf8,0x00,0xf8,0x00,0xf8,0x00,0xf8,0x00,0xf8,0x00,0xf8,0x00,0xf8,0x00,0xf8,0x00,0xf8,0x00,
0xf8,0x00,0xf8,0x00,0xff,0xe0,0xff,0xe0,0xff,0xe0,0xff,0xe0,0xff,0xe0,0xfc,0x00,0x00,0xfc,0x00,0x00,0x7e,0x00,0x00,0x7e,
0x00,0x00,0x7e,0x00,0x00,0x3f,0x00,0x00,0x3f,0x00,0x00,0x3f,0x00,0x00,0x1f,0x80,0x00,0x1f,0x80,0x00,0x1f,0x80,0x00,0x0f,
0xc0,0x00,0x0f,0xc0,0x00,0x0f,0xc0,0x00,0x07,0xe0,0x00,0x07,0xe0,0x00,0x07,0xe0,0x00,0x07,0xe0,0x00,0x03,0xf0,0x00,0x03,
0xf0,0x00,0x03,0xf0,0x00,0x01,0xf8,0x00,0x01,0xf8,0x00,0x01,0xf8,0x00,0x00,0xfc,0x00,0x00,0xfc,0x00,0x00,0xfc,0x00,0x00,
0x7e,0x00,0x00,0x7e,0x00,0x00,0x7e,0x00,0x00,0x3f,0x00,0x00,0x3f,0x00,0x00,0x3f,0x00,0x00,0x1f,0x80,0x00,0x1f,0x80,0x00,
0x1f,0x80,0xff,0xe0,0xff,0xe0,0xff,0xe0,0xff,0xe0,0xff,0xe0,0x03,0xe0,0x03,0xe0,0x03,0xe0,0x03,0xe0,0x03,0xe0,0x03,0xe0,
0x03,0xe0,0x03,0xe0,0x03,0xe0,0x03,0xe0,0x03,0xe0,0x03,0xe0,0x03,0xe0,0x03,0xe0,0x03,0xe0,0x03,0xe0,0x03,0xe0,0x03,0xe0,
0x03,0xe0,0x03,0xe0,0x03,0xe0,0x03,0xe0,0x03,0xe0,0x03,0xe0,0x03,0xe0,0x03,0xe0,0x03,0xe0,0x03,0xe0,0x03,0xe0,0xff,0xe0,
0xff,0xe0,0xff,0xe0,0xff,0xe0,0xff,0xe0,0x01,0xf0,0x00,0x01,0xf8,0x00,0x03,0xf8,0x00,0x03,0xfc,0x00,0x07,0xfc,0x00,0x07,
0xfe,0x00,0x0f,0xfe,0x00,0x0f,0xbf,0x00,0x1f,0x9f,0x00,0x1f,0x1f,0x80,0x3f,0x0f,0x80,0x3e,0x0f,0xc0,0x7e,0x07,0xe0,0x7c,
0x07,0xe0,0xfc,0x03,0xf0,0xf8,0x03,0xf0,0xff,0xff,0xc0,0xff,0xff,0xc0,0xff,0xff,0xc0,0xff,0xff,0xc0,0xff,0xff,0xc0,0xf0,
0xf8,0xfc,0x7e,0x3f,0x1f,0x03,0xff,0x80,0x0f,0xff,0xc0,0x1f,0xff,0xe0,0x3f,0xff,0xf0,0x3f,0xff,0xf0,0x3e,0x03,0xf8,0x06,
0x01,0xf8,0x00,0x01,0xf8,0x00,0x01,0xf8,0x00,0xff,0xf8,0x07,0xff,0xf8,0x1f,0xff,0xf8,0x7f,0xc1,0xf8,0x7e,0x01,0xf8,0xfc,
0x01,0xf8,0xfc,0x03,0xf8,0xfe,0x07,0xf8,0xff,0xff,0xf8,0xff,0xff,0xf8,0x7f,0xff,0xf8,0x3f,0xfc,0xf8,0x1f,0xf0,0xfc,0x01,
0x80,0x00,0xfc,0x00,0x00,0xfc,0x00,0x00,0xfc,0x00,0x00,0xfc,0x00,0x00,0xfc,0x00,0x00,0xfc,0x00,0x00,0xfc,0x00,0x00,0xfc,
0x00,0x00,0xfc,0x00,0x00,0xfc,0x08,0x00,0xfc,0x7f,0x80,0xfd,0xff,0xc0,0xfd,0xff,0xe0,0xff,0xff,0xf0,0xff,0xff,0xf8,0xff,
0x03,0xf8,0xfe,0x01,0xf8,0xfc,0x01,0xfc,0xfc,0x00,0xfc,0xfc,0x00,0xfc,0xfc,0x00,0xfc,0xfc,0x00,0xfc,0xfc,0x00,0xfc,0xfc,
0x00,0xfc,0xfc,0x01,0xfc,0xfe,0x01,0xf8,0xff,0x03,0xf8,0xff,0xff,0xf8,0xff,0xff,0xf0,0xff,0xff,0xe0,0xfd,0xff,0xc0,0xf8,
0x7f,0x80,0x00,0x08,0x00,0x00,0x20,0x00,0x03,0xff,0x00,0x0f,0xff,0x80,0x1f,0xff,0xe0,0x3f,0xff,0xe0,0x3f,0xff,0xf0,0x7f,
0x03,0xf0,0x7e,0x01,0x80,0xfe,0x00,0x00,0xfc,0x00,0x00,0xfc,0x00,0x00,0xfc,0x00,0x00,0xfc,0x00,0x00,0xfc,0x00,0x00,0xfc,
0x00,0x00,0xfe,0x00,0x00,0x7e,0x01,0x00,0x7f,0x03,0xc0,0x3f,0xff,0xf0,0x3f,0xff,0xe0,0x1f,0xff,0xe0,0x0f,0xff,0x80,0x03,
0xff,0x00,0x00,0x20,0x00,0x00,0x00,0xfc,0x00,0x00,0xfc,0x00,0x00,0xfc,0x00,0x00,0xfc,0x00,0x00,0xfc,0x00,0x00,0xfc,0x00,
0x00,0xfc,0x00,0x00,0xfc,0x00,0x00,0xfc,0x00,0x00,0xfc,0x07,0xf8,0xfc,0x0f,0xfe,0xfc,0x1f,0xff,0xfc,0x3f,0xff,0xfc,0x7f,
0xff,0xfc,0x7f,0x03,0xfc,0x7e,0x01,0xfc,0xfe,0x00,0xfc,0xfc,0x00,0xfc,0xfc,0x00,0xfc,0xfc,0x00,0xfc,0xfc,0x00,0xfc,0xfc,
0x00,0xfc,0xfc,0x00,0xfc,0xfe,0x00,0xfc,0x7e,0x01,0xfc,0x7f,0x03,0xfc,0x7f,0xff,0xfc,0x3f,0xff,0xfc,0x1f,0xff,0xfc,0x0f,
0xfe,0x7c,0x07,0xf8,0x7e,0x00,0x40,0x00,0x00,0x10,0x00,0x01,0xff,0x80,0x07,0xff,0xc0,0x0f,0xff,0xf0,0x1f,0xff,0xf8,0x3f,
0xff,0xf8,0x7f,0x01,0xfc,0x7e,0x00,0xfc,0xfc,0x00,0x7c,0xff,0xff,0xfe,0xff,0xff,0xfe,0xff,0xff,0xfe,0xff,0xff,0xfe,0xfc,
0x00,0x00,0xfe,0x00,0x00,0xfe,0x00,0x00,0x7f,0x00,0x00,0x7f,0x81,0xe0,0x3f,0xff,0xf8,0x3f,0xff,0xf8,0x1f,0xff,0xf0,0x07,
0xff,0xe0,0x03,0xff,0x80,0x00,0x18,0x00,0x01,0xfc,0x03,0xfc,0x07,0xfc,0x0f,0xfc,0x0f,0xfc,0x0f,0xc0,0x0f,0xc0,0x0f,0xc0,
0x0f,0xc0,0x0f,0xc0,0xff,0xfc,0xff,0xfc,0xff,0xfc,0xff,0xfc,0xff,0xfc,0x0f,0xc0,0x0f,0xc0,0x0f,0xc0,0x0f,0xc0,0x0f,0xc0,
0x0f,0xc0,0x0f,0xc0,0x0f,0xc0,0x0f,0xc0,0x0f,0xc0,0x0f,0xc0,0x0f,0xc0,0x0f,0xc0,0x0f,0xc0,0x0f,0xc0,0x0f,0xc0,0x0f,0xc0,
0x07,0xf8,0x7c,0x0f,0xfe,0xfc,0x1f,0xfe,0xfc,0x3f,0xff,0xfc,0x7f,0xff,0xfc,0x7f,0x03,0xfc,0x7e,0x01,0xfc,0xfc,0x01,0xfc,
0xfc,0x00,0xfc,0xfc,0x00,0xfc,0xfc,0x00,0xfc,0xfc,0x00,0xfc,0xfc,0x00,0xfc,0xfc,0x00,0xfc,0xfe,0x01,0xfc,0x7f,0x01,0xfc,
0x7f,0x87,0xfc,0x3f,0xff,0xfc,0x3f,0xff,0xfc,0x1f,0xfe,0xfc,0x0f,0xfc,0xfc,0x03,0xf0,0xfc,0x00,0x00,0xfc,0x00,0x00,0xfc,
0x00,0x00,0xfc,0x06,0x01,0xf8,0x3f,0x83,0xf8,0x3f,0xff,0xf8,0x1f,0xff,0xf0,0x0f,0xff,0xe0,0x07,0xff,0xc0,0x00,0xfe,0x00,
0xfc,0x00,0x00,0xfc,0x00,0x00,0xfc,0x00,0x00,0xfc,0x00,0x00,0xfc,0x00,0x00,0xfc,0x00,0x00,0xfc,0x00,0x00,0xfc,0x00,0x00,
0xfc,0x00,0x00,0xfc,0x08,0x00,0xfc,0x7f,0x80,0xfd,0xff,0xc0,0xff,0xff,0xe0,0xff,0xff,0xe0,0xff,0xff,0xf0,0xff,0x07,0xf0,
0xfe,0x03,0xf0,0xfc,0x03,0xf0,0xfc,0x03,0xf0,0xfc,0x03,0xf0,0xfc,0x03,0xf0,0xfc,0x03,0xf0,0xfc,0x03,0xf0,0xfc,0x03,0xf0,
0xfc,0x03,0xf0,0xfc,0x03,0xf0,0xfc,0x03,0xf0,0xfc,0x03,0xf0,0xfc,0x03,0xf0,0xfc,0x03,0xf0,0xfc,0x03,0xf0,0xfc,0x03,0xf0,
0x07,0x00,0x0f,0x80,0x1f,0xc0,0x1f,0xc0,0x1f,0xc0,0x0f,0x80,0x07,0x00,0x00,0x00,0x00,0x00,0x00,0x00,0x00,0x00,0x00,0x00,
0xff,0xc0,0xff,0xc0,0xff,0xc0,0xff,0xc0,0xff,0xc0,0x0f,0xc0,0x0f,0xc0,0x0f,0xc0,0x0f,0xc0,0x0f,0xc0,0x0f,0xc0,0x0f,0xc0,
0x0f,0xc0,0x0f,0xc0,0x0f,0xc0,0x0f,0xc0,0x0f,0xc0,0x0f,0xc0,0x0f,0xc0,0x0f,0xc0,0x0f,0xc0,0x0f,0xc0,0x01,0xc0,0x03,0xe0,
0x07,0xf0,0x07,0xf0,0x07,0xf0,0x03,0xe0,0x01,0xc0,0x00,0x00,0x00,0x00,0x00,0x00,0x00,0x00,0x00,0x00,0x03,0xf0,0x03,0xf0,
0x03,0xf0,0x03,0xf0,0x03,0xf0,0x03,0xf0,0x03,0xf0,0x03,0xf0,0x03,0xf0,0x03,0xf0,0x03,0xf0,0x03,0xf0,0x03,0xf0,0x03,0xf0,
0x03,0xf0,0x03,0xf0,0x03,0xf0,0x03,0xf0,0x03,0xf0,0x03,0xf0,0x03,0xf0,0x03,0xf0,0x03,0xf0,0x07,0xf0,0xff,0xf0,0xff,0xe0,
0xff,0xe0,0xff,0xc0,0xff,0x00,0xfc,0x00,0x00,0xfc,0x00,0x00,0xfc,0x00,0x00,0xfc,0x00,0x00,0xfc,0x00,0x00,0xfc,0x00,0x00,
0xfc,0x00,0x00,0xfc,0x00,0x00,0xfc,0x00,0x00,0xfc,0x00,0x00,0xfc,0x07,0xf0,0xfc,0x0f,0xe0,0xfc,0x1f,0xe0,0xfc,0x3f,0xc0,
0xfc,0x3f,0x80,0xfc,0x7f,0x00,0xfc,0xfe,0x00,0xfd,0xfc,0x00,0xff,0xf8,0x00,0xff,0xf8,0x00,0xff,0xf8,0x00,0xff,0xfc,0x00,
0xff,0xfe,0x00,0xff,0xff,0x00,0xfe,0x7f,0x00,0xfe,0x3f,0x80,0xfc,0x3f,0xc0,0xfc,0x1f,0xc0,0xfc,0x0f,0xe0,0xfc,0x07,0xf0,
0xfc,0x07,0xf8,0xfc,0x03,0xf8,0xfc,0x00,0xfc,0x00,0xfc,0x00,0xfc,0x00,0xfc,0x00,0xfc,0x00,0xfc,0x00,0xfc,0x00,0xfc,0x00,
0xfc,0x00,0xfc,0x00,0xfc,0x00,0xfc,0x00,0xfc,0x00,0xfc,0x00,0xfc,0x00,0xfc,0x00,0xfc,0x00,0xfc,0x00,0xfc,0x00,0xfc,0x00,
0xfc,0x00,0xfc,0x00,0xfc,0x00,0xfc,0x00,0xfc,0x00,0xfe,0x00,0xff,0xe0,0xff,0xe0,0x7f,0xe0,0x7f,0xe0,0x1f,0xe0,0x00,0x08,
0x00,0x20,0x00,0xf8,0x7f,0x83,0xfe,0x00,0xfd,0xff,0xc7,0xff,0x00,0xff,0xff,0xef,0xff,0x80,0xff,0xff,0xff,0xff,0x80,0xff,
0xff,0xff,0xff,0xc0,0xff,0x07,0xfc,0x1f,0xc0,0xfe,0x03,0xf8,0x0f,0xc0,0xfc,0x03,0xf0,0x0f,0xc0,0xfc,0x03,0xf0,0x0f,0xc0,
0xfc,0x03,0xf0,0x0f,0xc0,0xfc,0x03,0xf0,0x0f,0xc0,0xfc,0x03,0xf0,0x0f,0xc0,0xfc,0x03,0xf0,0x0f,0xc0,0xfc,0x03,0xf0,0x0f,
0xc0,0xfc,0x03,0xf0,0x0f,0xc0,0xfc,0x03,0xf0,0x0f,0xc0,0xfc,0x03,0xf0,0x0f,0xc0,0xfc,0x03,0xf0,0x0f,0xc0,0xfc,0x03,0xf0,
0x0f,0xc0,0xfc,0x03,0xf0,0x0f,0xc0,0xfc,0x03,0xf0,0x0f,0xc0,0xfc,0x03,0xf0,0x0f,0xc0,0x00,0x08,0x00,0xf8,0x7f,0x80,0xfd,
0xff,0xc0,0xff,0xff,0xe0,0xff,0xff,0xe0,0xff,0xff,0xf0,0xff,0x07,0xf0,0xfe,0x03,0xf0,0xfc,0x03,0xf0,0xfc,0x03,0xf0,0xfc,
0x03,0xf0,0xfc,0x03,0xf0,0xfc,0x03,0xf0,0xfc,0x03,0xf0,0xfc,0x03,0xf0,0xfc,0x03,0xf0,0xfc,0x03,0xf0,0xfc,0x03,0xf0,0xfc,
0x03,0xf0,0xfc,0x03,0xf0,0xfc,0x03,0xf0,0xfc,0x03,0xf0,0xfc,0x03,0xf0,0x00,0x10,0x00,0x03,0xff,0x80,0x0f,0xff,0xc0,0x1f,
0xff,0xf0,0x3f,0xff,0xf8,0x3f,0xff,0xf8,0x7f,0x01,0xfc,0x7e,0x00,0xfc,0xfe,0x00,0xfe,0xfc,0x00,0x7e,0xfc,0x00,0x7e,0xfc,
0x00,0x7e,0xfc,0x00,0x7e,0xfc,0x00,0x7e,0xfc,0x00,0x7e,0xfe,0x00,0xfe,0x7e,0x00,0xfc,0x7f,0x01,0xfc,0x3f,0xff,0xf8,0x3f,
0xff,0xf8,0x1f,0xff,0xf0,0x0f,0xff,0xc0,0x03,0xff,0x80,0x00,0x10,0x00,0x00,0x08,0x00,0xf8,0x7f,0x80,0xfd,0xff,0xc0,0xff,
0xff,0xe0,0xff,0xff,0xf0,0xff,0xff,0xf8,0xff,0x03,0xf8,0xfe,0x01,0xf8,0xfc,0x01,0xfc,0xfc,0x00,0xfc,0xfc,0x00,0xfc,0xfc,
0x00,0xfc,0xfc,0x00,0xfc,0xfc,0x00,0xfc,0xfc,0x00,0xfc,0xfc,0x01,0xfc,0xfe,0x01,0xf8,0xff,0x03,0xf8,0xff,0xff,0xf8,0xff,
0xff,0xf0,0xfd,0xff,0xe0,0xfd,0xff,0xc0,0xfc,0x7f,0x80,0xfc,0x08,0x00,0xfc,0x00,0x00,0xfc,0x00,0x00,0xfc,0x00,0x00,0xfc,
0x00,0x00,0xfc,0x00,0x00,0xfc,0x00,0x00,0x00,0x40,0x00,0x00,0x07,0xfc,0x7c,0x00,0x0f,0xfe,0x7c,0x00,0x1f,0xff,0x7c,0x00,
0x3f,0xff,0xfc,0x00,0x7f,0xff,0xfc,0x00,0x7f,0x03,0xfc,0x00,0x7e,0x01,0xfc,0x00,0xfe,0x00,0xfc,0x00,0xfc,0x00,0xfc,0x00,
0xfc,0x00,0xfc,0x00,0xfc,0x00,0x7c,0x00,0xfc,0x00,0x7c,0x00,0xfc,0x00,0xfc,0x00,0xfc,0x00,0xfc,0x00,0xfe,0x00,0xfc,0x00,
0x7e,0x01,0xfc,0x00,0x7f,0x03,0xfc,0x00,0x7f,0xff,0xfc,0x00,0x3f,0xff,0xfc,0x00,0x1f,0xff,0xfc,0x00,0x0f,0xfe,0xfc,0x00,
0x07,0xf8,0xfc,0x00,0x00,0x40,0xfc,0x00,0x00,0x00,0xfe,0x00,0x00,0x00,0x7f,0xf0,0x00,0x00,0x7f,0xf0,0x00,0x00,0x7f,0xf0,
0x00,0x00,0x3f,0xf0,0x00,0x00,0x0f,0xf0,0xf8,0x78,0xf8,0xf8,0xf9,0xf8,0xff,0xf8,0xff,0xf8,0xff,0xf8,0xff,0x00,0xfe,0x00,
0xfc,0x00,0xfc,0x00,0xfc,0x00,0xfc,0x00,0xfc,0x00,0xfc,0x00,0xfc,0x00,0xfc,0x00,0xfc,0x00,0xfc,0x00,0xfc,0x00,0xfc,0x00,
0xfc,0x00,0xfc,0x00,0x00,0x20,0x00,0x07,0xff,0x00,0x1f,0xff,0xc0,0x3f,0xff,0xe0,0x3f,0xff,0xf0,0x7f,0xff,0xf0,0x7e,0x03,
0xe0,0x7e,0x01,0x00,0x7e,0x00,0x00,0x7f,0xc0,0x00,0x3f,0xfe,0x00,0x1f,0xff,0xc0,0x07,0xff,0xf0,0x00,0x7f,0xf0,0x00,0x07,
0xf8,0x00,0x01,0xf8,0x1c,0x01,0xf8,0xfe,0x03,0xf8,0x7f,0xff,0xf8,0x7f,0xff,0xf0,0x3f,0xff,0xe0,0x0f,0xff,0xc0,0x07,0xff,
0x00,0x00,0x30,0x00,0x0f,0xc0,0x0f,0xc0,0x0f,0xc0,0x0f,0xc0,0x0f,0xc0,0x0f,0xc0,0xff,0xfc,0xff,0xfc,0xff,0xfc,0xff,0xfc,
0xff,0xfc,0x0f,0xc0,0x0f,0xc0,0x0f,0xc0,0x0f,0xc0,0x0f,0xc0,0x0f,0xc0,0x0f,0xc0,0x0f,0xc0,0x0f,0xc0,0x0f,0xc0,0x0f,0xc0,
0x0f,0xc0,0x0f,0xfc,0x0f,0xfc,0x0f,0xfc,0x07,0xfc,0x03,0xfc,0xfc,0x03,0xf0,0xfc,0x03,0xf0,0xfc,0x03,0xf0,0xfc,0x03,0xf0,
0xfc,0x03,0xf0,0xfc,0x03,0xf0,0xfc,0x03,0xf0,0xfc,0x03,0xf0,0xfc,0x03,0xf0,0xfc,0x03,0xf0,0xfc,0x03,0xf0,0xfc,0x03,0xf0,
0xfc,0x03,0xf0,0xfc,0x03,0xf0,0xfc,0x03,0xf0,0xfc,0x07,0xf0,0xfe,0x07,0xf0,0xff,0xff,0xf0,0x7f,0xff,0xf0,0x7f,0xff,0xf0,
0x3f,0xfb,0xf0,0x1f,0xe1,0xf0,0x01,0x00,0x00,0xfc,0x01,0xfc,0xfc,0x01,0xf8,0xfe,0x01,0xf8,0x7e,0x03,0xf8,0x7e,0x03,0xf0,
0x7f,0x03,0xf0,0x3f,0x07,0xf0,0x3f,0x07,0xe0,0x3f,0x07,0xe0,0x1f,0x8f,0xe0,0x1f,0x8f,0xc0,0x0f,0x8f,0xc0,0x0f,0xcf,0x80,
0x0f,0xdf,0x80,0x07,0xdf,0x80,0x07,0xff,0x00,0x07,0xff,0x00,0x03,0xff,0x00,0x03,0xfe,0x00,0x03,0xfe,0x00,0x01,0xfe,0x00,
0x01,0xfc,0x00,0xfc,0x0f,0xc0,0x7e,0xfc,0x0f,0xc0,0xfe,0xfc,0x0f,0xe0,0xfc,0x7e,0x0f,0xe0,0xfc,0x7e,0x1f,0xe0,0xfc,0x7e,
0x1f,0xe0,0xfc,0x7e,0x1f,0xf1,0xf8,0x3e,0x1e,0xf1,0xf8,0x3f,0x1e,0xf1,0xf8,0x3f,0x3e,0xf1,0xf8,0x3f,0x3c,0xf3,0xf0,0x1f,
0x3c,0xfb,0xf0,0x1f,0xbc,0x7b,0xf0,0x1f,0xbc,0x7b,0xe0,0x1f,0xf8,0x7f,0xe0,0x0f,0xf8,0x7f,0xe0,0x0f,0xf8,0x3f,0xe0,0x0f,
0xf8,0x3f,0xc0,0x0f,0xf8,0x3f,0xc0,0x07,0xf0,0x3f,0xc0,0x07,0xf0,0x3f,0xc0,0x07,0xf0,0x1f,0x80,0xfe,0x01,0xf8,0x7f,0x03,
0xf8,0x3f,0x87,0xf0,0x1f,0x8f,0xe0,0x1f,0xcf,0xe0,0x0f,0xff,0xc0,0x07,0xff,0x80,0x07,0xff,0x00,0x03,0xff,0x00,0x01,0xfe,
0x00,0x01,0xfc,0x00,0x01,0xfe,0x00,0x03,0xff,0x00,0x07,0xff,0x00,0x07,0xff,0x80,0x0f,0xff,0xc0,0x1f,0xcf,0xc0,0x1f,0x8f,
0xe0,0x3f,0x87,0xf0,0x7f,0x03,0xf8,0xfe,0x03,0xf8,0xfe,0x01,0xfc,0xfc,0x01,0xf8,0xfe,0x01,0xf8,0xfe,0x03,0xf8,0x7e,0x03,
0xf0,0x7f,0x03,0xf0,0x3f,0x07,0xf0,0x3f,0x07,0xe0,0x3f,0x87,0xe0,0x1f,0x8f,0xc0,0x1f,0x8f,0xc0,0x0f,0xcf,0xc0,0x0f,0xdf,
0x80,0x0f,0xdf,0x80,0x07,0xdf,0x80,0x07,0xff,0x00,0x03,0xff,0x00,0x03,0xfe,0x00,0x03,0xfe,0x00,0x01,0xfe,0x00,0x01,0xfc,
0x00,0x01,0xfc,0x00,0x00,0xfc,0x00,0x01,0xf8,0x00,0x01,0xf8,0x00,0x3f,0xf0,0x00,0x3f,0xf0,0x00,0x3f,0xe0,0x00,0x3f,0xc0,
0x00,0x3f,0x00,0x00,0xff,0xff,0xe0,0xff,0xff,0xe0,0xff,0xff,0xe0,0xff,0xff,0xe0,0xff,0xff,0xe0,0x00,0x1f,0xe0,0x00,0x3f,
0xc0,0x00,0x7f,0x80,0x00,0xff,0x00,0x01,0xfe,0x00,0x03,0xfc,0x00,0x07,0xf8,0x00,0x0f,0xf0,0x00,0x1f,0xe0,0x00,0x3f,0xc0,
0x00,0x7f,0x80,0x00,0xff,0x00,0x00,0xff,0xff,0xf0,0xff,0xff,0xf0,0xff,0xff,0xf0,0xff,0xff,0xf0,0xff,0xff,0xf0,0x00,0xfc,
0x03,0xfc,0x07,0xfc,0x0f,0xfc,0x0f,0xfc,0x0f,0xc0,0x0f,0xc0,0x0f,0xc0,0x0f,0xc0,0x0f,0xc0,0x0f,0xc0,0x0f,0xc0,0x0f,0xc0,
0x0f,0xc0,0x0f,0xc0,0x0f,0xc0,0x1f,0xc0,0xff,0x80,0xff,0x00,0xfc,0x00,0xff,0x00,0xff,0x80,0x1f,0xc0,0x0f,0xc0,0x0f,0xc0,
0x0f,0xc0,0x0f,0xc0,0x0f,0xc0,0x0f,0xc0,0x0f,0xc0,0x0f,0xc0,0x0f,0xc0,0x0f,0xc0,0x0f,0xc0,0x0f,0xfc,0x0f,0xfc,0x07,0xfc,
0x03,0xfc,0x01,0xfc,0xfc,0xfc,0xfc,0xfc,0xfc,0xfc,0xfc,0xfc,0xfc,0xfc,0xfc,0xfc,0xfc,0xfc,0xfc,0xfc,0xfc,0xfc,0xfc,0xfc,
0xfc,0xfc,0xfc,0xfc,0xfc,0xfc,0xfc,0xfc,0xfc,0xfc,0xfc,0xfc,0xfc,0xfc,0xfc,0xfc,0xfc,0xfc,0xfc,0xfc,0xfc,0xfc,0xfc,0xfc,
0xfc,0xfe,0x00,0xff,0x80,0xff,0xc0,0xff,0xc0,0xff,0xe0,0x07,0xe0,0x07,0xe0,0x07,0xe0,0x07,0xe0,0x07,0xe0,0x07,0xe0,0x07,
0xe0,0x07,0xe0,0x07,0xe0,0x07,0xe0,0x07,0xe0,0x07,0xf0,0x03,0xfe,0x01,0xfe,0x00,0x7e,0x01,0xfe,0x03,0xfe,0x07,0xf0,0x07,
0xe0,0x07,0xe0,0x07,0xe0,0x07,0xe0,0x07,0xe0,0x07,0xe0,0x07,0xe0,0x07,0xe0,0x07,0xe0,0x07,0xe0,0x07,0xe0,0xff,0xe0,0xff,
0xc0,0xff,0xc0,0xff,0x80,0xfe,0x00,0x00,0x00,0x80,0x1f,0x00,0xf0,0x3f,0xc0,0xf0,0x7f,0xf1,0xf0,0x7f,0xff,0xf0,0xff,0xff,
0xe0,0xf8,0xff,0xe0,0xf0,0x3f,0xc0,0xf0,0x0f,0x80,0x10,0x00,0x00,0x7e,0xfe,0xff,0xff,0xff,0xff,0x7e,0x00,0x00,0x00,0x3c,
0x3c,0x3c,0x3c,0x3c,0x3c,0x7e,0x7e,0x7e,0x7e,0x7e,0x7e,0x7e,0x7e,0x7e,0x7e,0x7e,0x7e,0x7e,0x00,0x70,0x00,0x00,0x70,0x00,
0x00,0x70,0x00,0x00,0x70,0x00,0x03,0xff,0x00,0x0f,0xff,0x80,0x1f,0xff,0xc0,0x3f,0xff,0xe0,0x3f,0xff,0xf0,0x7f,0x73,0xe0,
0x7e,0x71,0x00,0xfe,0x70,0x00,0xfc,0x70,0x00,0xfc,0x70,0x00,0xfc,0x70,0x00,0xfc,0x70,0x00,0xfc,0x70,0x00,0xfc,0x70,0x00,
0xfe,0x70,0x00,0x7e,0x70,0x00,0x7f,0x73,0xc0,0x7f,0xff,0xf0,0x3f,0xff,0xe0,0x1f,0xff,0xc0,0x0f,0xff,0x80,0x07,0xff,0x00,
0x00,0x70,0x00,0x00,0x70,0x00,0x00,0x70,0x00,0x00,0x70,0x00,0x01,0xff,0x80,0x07,0xff,0xe0,0x0f,0xff,0xf0,0x1f,0xff,0xf8,
0x3f,0xff,0xfc,0x3f,0x80,0xfc,0x3f,0x00,0xf8,0x3f,0x00,0x40,0x3f,0x00,0x00,0x3f,0x00,0x00,0x1f,0x80,0x00,0x1f,0x80,0x00,
0x0f,0xc0,0x00,0xff,0xff,0x80,0xff,0xff,0x80,0xff,0xff,0x80,0x03,0xf0,0x00,0x03,0xf0,0x00,0x03,0xf0,0x00,0x03,0xf0,0x00,
0x03,0xf0,0x00,0x07,0xe0,0x00,0x07,0xc0,0x00,0x0f,0x80,0x00,0x1f,0x78,0x04,0x7f,0xff,0xfc,0xff,0xff,0xfc,0x7f,0xff,0xfe,
0x7f,0xff,0xfe,0x38,0x1f,0xfc,0x00,0x00,0xc0,0x60,0x00,0x30,0xf1,0xf8,0x78,0xfb,0xfe,0xf8,0x7f,0xff,0xf0,0x3f,0xff,0xe0,
0x1f,0xff,0xc0,0x3f,0x8f,0xe0,0x3e,0x03,0xe0,0x7e,0x03,0xf0,0x7c,0x01,0xf0,0x7c,0x01,0xf0,0x7c,0x01,0xf0,0x7c,0x01,0xf0,
0x7e,0x03,0xf0,0x3e,0x03,0xe0,0x3f,0x87,0xe0,0x1f,0xff,0xc0,0x3f,0xff,0xe0,0x7f,0xff,0xf0,0xfb,0xfe,0xf8,0xf0,0xf8,0x78,
0x60,0x00,0x30,0xff,0x00,0x0f,0xf0,0x7f,0x00,0x0f,0xe0,0x7f,0x80,0x1f,0xe0,0x3f,0x80,0x1f,0xc0,0x1f,0xc0,0x3f,0x80,0x1f,
0xc0,0x3f,0x80,0x0f,0xe0,0x7f,0x00,0x0f,0xf0,0xff,0x00,0x07,0xf0,0xfe,0x00,0x03,0xf9,0xfc,0x00,0x03,0xf9,0xfc,0x00,0x01,
0xff,0xf8,0x00,0x00,0xff,0xf0,0x00,0x00,0xff,0xf0,0x00,0x00,0x7f,0xe0,0x00,0x00,0x7f,0xe0,0x00,0x00,0x3f,0xc0,0x00,0x07,
0xff,0xfe,0x00,0x07,0xff,0xfe,0x00,0x07,0xff,0xfe,0x00,0x00,0x1f,0x80,0x00,0x00,0x1f,0x80,0x00,0x00,0x1f,0x80,0x00,0x07,
0xff,0xfe,0x00,0x07,0xff,0xfe,0x00,0x07,0xff,0xfe,0x00,0x00,0x1f,0x80,0x00,0x00,0x1f,0x80,0x00,0x00,0x1f,0x80,0x00,0x00,
0x1f,0x80,0x00,0xfc,0xfc,0xfc,0xfc,0xfc,0xfc,0xfc,0xfc,0xfc,0xfc,0xfc,0xfc,0xfc,0xfc,0xfc,0xfc,0xfc,0xfc,0x00,0x00,0x00,
0x00,0x00,0x00,0x00,0x00,0x00,0xfc,0xfc,0xfc,0xfc,0xfc,0xfc,0xfc,0xfc,0xfc,0xfc,0xfc,0xfc,0xfc,0xfc,0xfc,0xfc,0xfc,0xfc,
0x00,0x10,0x00,0x01,0xff,0x80,0x07,0xff,0xc0,0x0f,0xff,0xe0,0x1f,0xff,0xf0,0x3f,0xff,0xf8,0x3f,0x81,0xf8,0x3f,0x01,0xe0,
0x3f,0x00,0x00,0x3f,0x80,0x00,0x1f,0xe0,0x00,0x1f,0xf8,0x00,0x1f,0xfe,0x00,0x3f,0xff,0x80,0x7f,0xff,0xe0,0xfe,0xff,0xf0,
0xfc,0x3f,0xf8,0xfc,0x0f,0xfc,0xfc,0x03,0xfe,0xfe,0x00,0xfe,0x7f,0x80,0x7e,0x7f,0xe0,0x7e,0x3f,0xf8,0x7e,0x1f,0xfe,0xfc,
0x07,0xff,0xf8,0x01,0xff,0xf0,0x00,0x7f,0xe0,0x00,0x1f,0xf0,0x00,0x07,0xf8,0x00,0x03,0xf8,0x06,0x01,0xf8,0x1f,0x01,0xf8,
0x3f,0x83,0xf8,0x3f,0xff,0xf0,0x1f,0xff,0xf0,0x0f,0xff,0xe0,0x07,0xff,0x80,0x01,0xfe,0x00,0x78,0x3c,0xfc,0x7e,0xfc,0x7e,
0xfc,0x7e,0xfc,0x7e,0x78,0x3c,0x00,0x0f,0xf0,0x00,0x00,0x7f,0xfc,0x00,0x01,0xff,0xff,0x00,0x03,0xf0,0x1f,0x80,0x07,0x80,
0x07,0xc0,0x0f,0x00,0x01,0xe0,0x1e,0x00,0x00,0xf0,0x3c,0x0f,0xe0,0x78,0x38,0x3f,0xf8,0x38,0x70,0x7f,0xfc,0x3c,0x70,0xfc,
0x7e,0x1c,0xf0,0xf8,0x30,0x1c,0xe1,0xf0,0x00,0x0e,0xe1,0xf0,0x00,0x0e,0xe1,0xf0,0x00,0x0e,0xe1,0xf0,0x00,0x0e,0xe1,0xf0,
0x00,0x0e,0xe1,0xf0,0x00,0x0e,0xe1,0xf0,0x00,0x0e,0xf0,0xf8,0x00,0x1c,0x70,0xfc,0x3c,0x1c,0x70,0x7f,0xfc,0x3c,0x38,0x3f,
0xf8,0x38,0x3c,0x0f,0xe0,0x78,0x1e,0x00,0x00,0xf0,0x0f,0x00,0x01,0xe0,0x07,0x80,0x07,0xc0,0x03,0xf0,0x1f,0x80,0x01,0xff,
0xff,0x00,0x00,0x7f,0xfc,0x00,0x00,0x1f,0xe0,0x00,0x1f,0xc0,0x3f,0xe0,0x7f,0xf0,0x10,0xf0,0x00,0xf0,0x1f,0xf0,0x7f,0xf0,
0xfc,0xf0,0xf0,0xf0,0xf1,0xf0,0xff,0xf0,0x7f,0xf0,0x3e,0x70,0x03,0xfc,0x7f,0x03,0xf8,0xfe,0x07,0xf1,0xfe,0x0f,0xe1,0xfc,
0x0f,0xe3,0xf8,0x1f,0xc7,0xf0,0x3f,0x87,0xf0,0x3f,0x8f,0xe0,0x7f,0x1f,0xc0,0xfe,0x1f,0xc0,0x7f,0x1f,0xc0,0x3f,0x8f,0xe0,
0x3f,0x87,0xf0,0x1f,0xc7,0xf0,0x0f,0xe3,0xf8,0x0f,0xe1,0xfc,0x07,0xf1,0xfe,0x03,0xf8,0xfe,0x03,0xfc,0x7f,0xff,0xff,0xfc,
0xff,0xff,0xfc,0xff,0xff,0xfc,0xff,0xff,0xfc,0xff,0xff,0xfc,0x00,0x00,0x7c,0x00,0x00,0x7c,0x00,0x00,0x7c,0x00,0x00,0x7c,
0x00,0x00,0x7c,0x00,0x00,0x7c,0x00,0x00,0x7c,0x00,0x00,0x7c,0x00,0x00,0x7c,0x00,0x00,0x7c,0x00,0x00,0x7c,0xff,0xff,0xe0,
0xc0,0x00,0x60,0xc0,0x00,0x60,0xa0,0x00,0xa0,0xa0,0x00,0xa0,0x90,0x01,0x20,0x88,0x02,0x20,0x88,0x02,0x20,0x84,0x04,0x20,
0x84,0x04,0x20,0x82,0x08,0x20,0x81,0x10,0x20,0x81,0x10,0x20,0x80,0xa0,0x20,0x80,0xa0,0x20,0x80,0x40,0x20,0x80,0xa0,0x20,
0x80,0xa0,0x20,0x81,0x10,0x20,0x81,0x10,0x20,0x82,0x08,0x20,0x84,0x04,0x20,0x84,0x04,0x20,0x88,0x02,0x20,0x88,0x02,0x20,
0x90,0x01,0x20,0xa0,0x00,0xa0,0xa0,0x00,0xa0,0xc0,0x00,0x60,0xc0,0x00,0x60,0xff,0xff,0xe0,0x00,0x0f,0xf0,0x00,0x00,0x7f,
0xfc,0x00,0x01,0xff,0xff,0x00,0x03,0xf0,0x1f,0x80,0x07,0x80,0x07,0xc0,0x0f,0x00,0x01,0xe0,0x1e,0x00,0x00,0xf0,0x3c,0x7f,
0xe0,0x78,0x38,0x7f,0xf8,0x38,0x70,0x7f,0xf8,0x3c,0x70,0x78,0x7c,0x1c,0xf0,0x78,0x3c,0x1c,0xe0,0x78,0x3c,0x0e,0xe0,0x78,
0x7c,0x0e,0xe0,0x7f,0xf8,0x0e,0xe0,0x7f,0xf0,0x0e,0xe0,0x7f,0xe0,0x0e,0xe0,0x79,0xe0,0x0e,0xe0,0x79,0xf0,0x0e,0xf0,0x78,
0xf0,0x1c,0x70,0x78,0x78,0x1c,0x70,0x78,0x7c,0x3c,0x38,0x78,0x3e,0x38,0x3c,0x00,0x00,0x78,0x1e,0x00,0x00,0xf0,0x0f,0x00,
0x01,0xe0,0x07,0x80,0x07,0xc0,0x03,0xf0,0x1f,0x80,0x01,0xff,0xff,0x00,0x00,0x7f,0xfc,0x00,0x00,0x1f,0xe0,0x00,0xff,0xf8,
0xff,0xf8,0xff,0xf8,0xff,0xf8,0x0f,0xc0,0x1f,0xe0,0x3f,0xf0,0x7f,0xf8,0xf8,0x7c,0xf0,0x3c,0xf0,0x3c,0xf0,0x3c,0xf0,0x3c,
0xf8,0x7c,0x7f,0xf8,0x3f,0xf0,0x1f,0xe0,0x0f,0xc0,0x00,0x7c,0x00,0x00,0x7c,0x00,0x00,0x7c,0x00,0x00,0x7c,0x00,0x00,0x7c,
0x00,0xff,0xff,0xfc,0xff,0xff,0xfc,0xff,0xff,0xfc,0xff,0xff,0xfc,0xff,0xff,0xfc,0x00,0x7c,0x00,0x00,0x7c,0x00,0x00,0x7c,
0x00,0x00,0x7c,0x00,0x00,0x00,0x00,0x00,0x00,0x00,0x00,0x00,0x00,0xff,0xff,0xfc,0xff,0xff,0xfc,0xff,0xff,0xfc,0xff,0xff,
0xfc,0xff,0xff,0xfc,0x0f,0xc0,0x3f,0xf0,0x7f,0xf0,0x78,0xf8,0x38,0x78,0x00,0x78,0x00,0x78,0x00,0xf0,0x01,0xf0,0x03,0xe0,
0x07,0xc0,0x0f,0x80,0x3f,0x00,0x7e,0x00,0xff,0xf8,0xff,0xf8,0xff,0xf8,0x1f,0x80,0x7f,0xe0,0xff,0xf0,0xf1,0xf0,0x10,0xf0,
0x00,0xf0,0x01,0xf0,0x0f,0xe0,0x0f,0xe0,0x0f,0xf0,0x00,0xf8,0x00,0x78,0x30,0x78,0xf8,0xf8,0xff,0xf0,0x7f,0xe0,0x1f,0xc0,
0x0f,0x1f,0x3f,0x7e,0xfc,0xf8,0xff,0xff,0xe0,0xc0,0x00,0x60,0xc0,0x00,0x60,0xa0,0x00,0xa0,0xa0,0x00,0xa0,0x90,0x01,0x20,
0x88,0x02,0x20,0x88,0x02,0x20,0x84,0x04,0x20,0x84,0x04,0x20,0x82,0x08,0x20,0x81,0x10,0x20,0x81,0x10,0x20,0x80,0xa0,0x20,
0x80,0xa0,0x20,0x80,0x40,0x20,0x80,0xa0,0x20,0x80,0xa0,0x20,0x81,0x10,0x20,0x81,0x10,0x20,0x82,0x08,0x20,0x84,0x04,0x20,
0x84,0x04,0x20,0x88,0x02,0x20,0x88,0x02,0x20,0x90,0x01,0x20,0xa0,0x00,0xa0,0xa0,0x00,0xa0,0xc0,0x00,0x60,0xc0,0x00,0x60,
0xff,0xff,0xe0,0x03,0xff,0xf8,0x0f,0xff,0xf8,0x1f,0xff,0xf8,0x3f,0xe1,0xe0,0x7f,0xe1,0xe0,0x7f,0xe1,0xe0,0x7f,0xe1,0xe0,
0x7f,0xe1,0xe0,0xff,0xe1,0xe0,0x7f,0xe1,0xe0,0x7f,0xe1,0xe0,0x7f,0xe1,0xe0,0x3f,0xe1,0xe0,0x3f,0xe1,0xe0,0x1f,0xe1,0xe0,
0x0f,0xe1,0xe0,0x01,0xe1,0xe0,0x01,0xe1,0xe0,0x01,0xe1,0xe0,0x01,0xe1,0xe0,0x01,0xe1,0xe0,0x01,0xe1,0xe0,0x01,0xe1,0xe0,
0x01,0xe1,0xe0,0x01,0xe1,0xe0,0x01,0xe1,0xe0,0x01,0xe1,0xe0,0x01,0xe1,0xe0,0x01,0xe1,0xe0,0x01,0xe1,0xe0,0x01,0xe1,0xe0,
0x01,0xe1,0xe0,0x01,0xe1,0xe0,0x01,0xe1,0xe0,0x01,0xe1,0xe0,0x01,0xe1,0xe0,0x01,0xe1,0xe0,0x3c,0x7e,0xff,0xff,0xff,0xff,
0x7e,0x3c,0x10,0x00,0x18,0x00,0x30,0x00,0x38,0x00,0x7f,0x00,0x7f,0x80,0x07,0x80,0x87,0x80,0xff,0x00,0xfc,0x00,0x07,0x0f,
0x1f,0xff,0xff,0xff,0x0f,0x0f,0x0f,0x0f,0x0f,0x0f,0x0f,0x0f,0x0f,0x0f,0x0f,0x0f,0x80,0x3f,0xe0,0x7f,0xf0,0x78,0xf0,0xf0,
0x78,0xf0,0x78,0xf0,0x78,0xf0,0x78,0xf0,0x78,0x78,0xf0,0x7f,0xf0,0x3f,0xe0,0x0f,0x80,0xfe,0x3f,0x80,0xfe,0x1f,0xc0,0x7f,
0x1f,0xc0,0x3f,0x8f,0xe0,0x3f,0x87,0xf0,0x1f,0xc7,0xf0,0x0f,0xe3,0xf8,0x0f,0xf1,0xfc,0x07,0xf0,0xfe,0x03,0xf8,0xfe,0x07,
0xf0,0xfe,0x0f,0xf1,0xfc,0x0f,0xe3,0xf8,0x1f,0xc7,0xf0,0x3f,0x87,0xf0,0x3f,0x8f,0xe0,0x7f,0x1f,0xc0,0xfe,0x1f,0xc0,0xfe,
0x3f,0x80,0x07,0x00,0x01,0xf0,0x00,0x0f,0x00,0x03,0xf0,0x00,0xff,0x00,0x03,0xe0,0x00,0xff,0x00,0x07,0xc0,0x00,0xff,0x00,
0x0f,0x80,0x00,0x0f,0x00,0x0f,0x80,0x00,0x0f,0x00,0x1f,0x00,0x00,0x0f,0x00,0x3e,0x00,0x00,0x0f,0x00,0x3e,0x00,0x00,0x0f,
0x00,0x7c,0x00,0x00,0x0f,0x00,0xf8,0x00,0x00,0x0f,0x00,0xf8,0x00,0x00,0x0f,0x01,0xf0,0x00,0x00,0x0f,0x03,0xe0,0x3c,0x00,
0x0f,0x07,0xe0,0x7c,0x00,0x0f,0x07,0xc0,0xfc,0x00,0x0f,0x0f,0x81,0xfc,0x00,0x00,0x1f,0x83,0xfc,0x00,0x00,0x1f,0x03,0xfc,
0x00,0x00,0x3e,0x07,0xbc,0x00,0x00,0x7c,0x0f,0x3c,0x00,0x00,0x7c,0x1f,0x3c,0x00,0x00,0xf8,0x1e,0x3c,0x00,0x01,0xf0,0x3f,
0xff,0x80,0x01,0xf0,0x3f,0xff,0x80,0x03,0xe0,0x3f,0xff,0x80,0x07,0xc0,0x00,0x3c,0x00,0x07,0xc0,0x00,0x3c,0x00,0x0f,0x80,
0x00,0x3c,0x00,0x1f,0x00,0x00,0x3c,0x00,0x07,0x00,0x01,0xf8,0x00,0x0f,0x00,0x03,0xf0,0x00,0xff,0x00,0x03,0xe0,0x00,0xff,
0x00,0x07,0xc0,0x00,0xff,0x00,0x0f,0xc0,0x00,0x0f,0x00,0x0f,0x80,0x00,0x0f,0x00,0x1f,0x00,0x00,0x0f,0x00,0x3f,0x00,0x00,
0x0f,0x00,0x3e,0x00,0x00,0x0f,0x00,0x7c,0x00,0x00,0x0f,0x00,0xfc,0x00,0x00,0x0f,0x00,0xf8,0x00,0x00,0x0f,0x01,0xf0,0x00,
0x00,0x0f,0x03,0xe0,0xfc,0x00,0x0f,0x03,0xe3,0xff,0x00,0x0f,0x07,0xc7,0xff,0x00,0x0f,0x0f,0x87,0x8f,0x80,0x00,0x1f,0x83,
0x87,0x80,0x00,0x1f,0x00,0x07,0x80,0x00,0x3e,0x00,0x07,0x80,0x00,0x7e,0x00,0x0f,0x00,0x00,0x7c,0x00,0x1f,0x00,0x00,0xf8,
0x00,0x3e,0x00,0x01,0xf8,0x00,0x7c,0x00,0x01,0xf0,0x00,0xf8,0x00,0x03,0xe0,0x03,0xf0,0x00,0x07,0xc0,0x07,0xe0,0x00,0x07,
0xc0,0x0f,0xff,0x80,0x0f,0x80,0x0f,0xff,0x80,0x1f,0x00,0x0f,0xff,0x80,0x1f,0x80,0x00,0x3f,0x00,0x7f,0xe0,0x00,0x7e,0x00,
0xff,0xf0,0x00,0x7c,0x00,0xf1,0xf0,0x00,0xf8,0x00,0x10,0xf0,0x01,0xf8,0x00,0x00,0xf0,0x01,0xf0,0x00,0x01,0xf0,0x03,0xe0,
0x00,0x0f,0xe0,0x07,0xe0,0x00,0x0f,0xe0,0x07,0xc0,0x00,0x0f,0xf0,0x0f,0x80,0x00,0x00,0xf8,0x1f,0x80,0x00,0x00,0x78,0x1f,
0x00,0x00,0x00,0x78,0x3e,0x00,0x00,0x70,0x78,0x7e,0x00,0x00,0xf8,0xf8,0x7c,0x07,0x80,0xff,0xf0,0xf8,0x0f,0x80,0x7f,0xe1,
0xf8,0x1f,0x80,0x1f,0x81,0xf0,0x3f,0x80,0x00,0x03,0xe0,0x7f,0x80,0x00,0x07,0xe0,0xff,0x80,0x00,0x0f,0xc1,0xf7,0x80,0x00,
0x0f,0x83,0xe7,0x80,0x00,0x1f,0x03,0xc7,0x80,0x00,0x3f,0x07,0x87,0x80,0x00,0x3e,0x0f,0xff,0xe0,0x00,0x7c,0x0f,0xff,0xe0,
0x00,0xfc,0x0f,0xff,0xe0,0x00,0xf8,0x00,0x07,0x80,0x01,0xf0,0x00,0x07,0x80,0x03,0xf0,0x00,0x07,0x80,0x03,0xe0,0x00,0x07,
0x80,0x00,0x3f,0x00,0x00,0x7f,0x00,0x00,0x7f,0x80,0x00,0x7f,0x80,0x00,0x7f,0x80,0x00,0x7f,0x00,0x00,0x3f,0x00,0x00,0x00,
0x00,0x00,0x00,0x00,0x00,0x00,0x00,0x00,0x3f,0x00,0x00,0x3f,0x00,0x00,0x7f,0x00,0x00,0xff,0x00,0x03,0xfe,0x00,0x0f,0xfc,
0x00,0x1f,0xf8,0x00,0x3f,0xe0,0x00,0x7f,0x80,0x00,0xfe,0x00,0x00,0xfc,0x00,0x00,0xfc,0x00,0x60,0xfc,0x00,0xfc,0xff,0x03,
0xfc,0x7f,0xff,0xfc,0x7f,0xff,0xf8,0x3f,0xff,0xf0,0x0f,0xff,0xc0,0x01,0xfe,0x00,0x00,0xf0,0x00,0x00,0x00,0xf8,0x00,0x00,
0x00,0xfc,0x00,0x00,0x00,0x7e,0x00,0x00,0x00,0x3f,0x00,0x00,0x00,0x0f,0x80,0x00,0x00,0x00,0x00,0x00,0x00,0x00,0x00,0x00,
0x00,0x00,0x00,0x00,0x00,0x1f,0xe0,0x00,0x00,0x1f,0xe0,0x00,0x00,0x3f,0xe0,0x00,0x00,0x3f,0xf0,0x00,0x00,0x3f,0xf0,0x00,
0x00,0x7f,0xf0,0x00,0x00,0x7f,0xf8,0x00,0x00,0x7f,0xf8,0x00,0x00,0xfd,0xfc,0x00,0x00,0xfc,0xfc,0x00,0x01,0xfc,0xfc,0x00,
0x01,0xf8,0xfe,0x00,0x01,0xf8,0x7e,0x00,0x03,0xf8,0x7e,0x00,0x03,0xf0,0x7f,0x00,0x03,0xf0,0x3f,0x00,0x07,0xf0,0x3f,0x80,
0x07,0xe0,0x3f,0x80,0x0f,0xe0,0x1f,0x80,0x0f,0xff,0xff,0xc0,0x0f,0xff,0xff,0xc0,0x1f,0xff,0xff,0xc0,0x1f,0xff,0xff,0xe0,
0x1f,0xff,0xff,0xe0,0x3f,0x80,0x07,0xe0,0x3f,0x80,0x07,0xf0,0x3f,0x00,0x07,0xf0,0x7f,0x00,0x03,0xf8,0x7f,0x00,0x03,0xf8,
0xfe,0x00,0x03,0xf8,0x00,0x00,0x78,0x00,0x00,0x00,0xf8,0x00,0x00,0x01,0xf8,0x00,0x00,0x03,0xf0,0x00,0x00,0x07,0xe0,0x00,
0x00,0x0f,0x80,0x00,0x00,0x00,0x00,0x00,0x00,0x00,0x00,0x00,0x00,0x00,0x00,0x00,0x00,0x3f,0xc0,0x00,0x00,0x3f,0xc0,0x00,
0x00,0x3f,0xe0,0x00,0x00,0x7f,0xe0,0x00,0x00,0x7f,0xe0,0x00,0x00,0x7f,0xf0,0x00,0x00,0xff,0xf0,0x00,0x00,0xff,0xf8,0x00,
0x01,0xfd,0xf8,0x00,0x01,0xf9,0xf8,0x00,0x01,0xf9,0xfc,0x00,0x03,0xf8,0xfc,0x00,0x03,0xf0,0xfc,0x00,0x03,0xf0,0xfe,0x00,
0x07,0xf0,0x7e,0x00,0x07,0xe0,0x7e,0x00,0x07,0xe0,0x7f,0x00,0x0f,0xe0,0x3f,0x00,0x0f,0xc0,0x3f,0x80,0x1f,0xff,0xff,0x80,
0x1f,0xff,0xff,0x80,0x1f,0xff,0xff,0xc0,0x3f,0xff,0xff,0xc0,0x3f,0xff,0xff,0xc0,0x3f,0x00,0x0f,0xe0,0x7f,0x00,0x0f,0xe0,
0x7f,0x00,0x07,0xf0,0xfe,0x00,0x07,0xf0,0xfe,0x00,0x07,0xf0,0xfe,0x00,0x03,0xf8,0x00,0x07,0x80,0x00,0x00,0x0f,0xc0,0x00,
0x00,0x1f,0xe0,0x00,0x00,0x3f,0xf0,0x00,0x00,0x7f,0xf8,0x00,0x00,0xfc,0xfc,0x00,0x01,0xf0,0x7e,0x00,0x00,0x00,0x00,0x00,
0x00,0x00,0x00,0x00,0x00,0x00,0x00,0x00,0x00,0x1f,0xe0,0x00,0x00,0x1f,0xe0,0x00,0x00,0x3f,0xe0,0x00,0x00,0x3f,0xf0,0x00,
0x00,0x3f,0xf0,0x00,0x00,0x7f,0xf8,0x00,0x00,0x7f,0xf8,0x00,0x00,0x7f,0xf8,0x00,0x00,0xfd,0xfc,0x00,0x00,0xfc,0xfc,0x00,
0x01,0xfc,0xfc,0x00,0x01,0xf8,0xfe,0x00,0x01,0xf8,0x7e,0x00,0x03,0xf8,0x7e,0x00,0x03,0xf0,0x7f,0x00,0x03,0xf0,0x3f,0x00,
0x07,0xf0,0x3f,0x80,0x07,0xe0,0x3f,0x80,0x07,0xe0,0x1f,0x80,0x0f,0xff,0xff,0xc0,0x0f,0xff,0xff,0xc0,0x1f,0xff,0xff,0xc0,
0x1f,0xff,0xff,0xe0,0x1f,0xff,0xff,0xe0,0x3f,0x80,0x07,0xf0,0x3f,0x80,0x07,0xf0,0x3f,0x00,0x03,0xf0,0x7f,0x00,0x03,0xf8,
0x7f,0x00,0x03,0xf8,0xfe,0x00,0x03,0xf8,0x00,0xfc,0x1c,0x00,0x01,0xff,0x7c,0x00,0x01,0xff,0xfc,0x00,0x03,0xe7,0xf8,0x00,
0x03,0xc1,0xe0,0x00,0x00,0x00,0x00,0x00,0x00,0x00,0x00,0x00,0x00,0x00,0x00,0x00,0x00,0x3f,0xc0,0x00,0x00,0x3f,0xc0,0x00,
0x00,0x3f,0xe0,0x00,0x00,0x7f,0xe0,0x00,0x00,0x7f,0xe0,0x00,0x00,0xff,0xf0,0x00,0x00,0xff,0xf0,0x00,0x00,0xff,0xf0,0x00,
0x01,0xf9,0xf8,0x00,0x01,0xf9,0xf8,0x00,0x01,0xf9,0xf8,0x00,0x03,0xf0,0xfc,0x00,0x03,0xf0,0xfc,0x00,0x07,0xf0,0xfe,0x00,
0x07,0xe0,0x7e,0x00,0x07,0xe0,0x7e,0x00,0x0f,0xe0,0x7f,0x00,0x0f,0xc0,0x3f,0x00,0x0f,0xc0,0x3f,0x00,0x1f,0xff,0xff,0x80,
0x1f,0xff,0xff,0x80,0x1f,0xff,0xff,0xc0,0x3f,0xff,0xff,0xc0,0x3f,0xff,0xff,0xc0,0x7f,0x00,0x0f,0xe0,0x7f,0x00,0x0f,0xe0,
0x7e,0x00,0x07,0xe0,0xfe,0x00,0x07,0xf0,0xfe,0x00,0x07,0xf0,0xfe,0x00,0x03,0xf8,0x00,0xf0,0x78,0x00,0x01,0xf8,0xfc,0x00,
0x01,0xf8,0xfc,0x00,0x01,0xf8,0xfc,0x00,0x01,0xf8,0xfc,0x00,0x00,0xf0,0x78,0x00,0x00,0x00,0x00,0x00,0x00,0x00,0x00,0x00,
0x00,0x00,0x00,0x00,0x00,0x1f,0xc0,0x00,0x00,0x3f,0xe0,0x00,0x00,0x3f,0xe0,0x00,0x00,0x3f,0xe0,0x00,0x00,0x7f,0xf0,0x00,
0x00,0x7f,0xf0,0x00,0x00,0xff,0xf8,0x00,0x00,0xfd,0xf8,0x00,0x00,0xfd,0xf8,0x00,0x01,0xfd,0xfc,0x00,0x01,0xf8,0xfc,0x00,
0x01,0xf8,0xfc,0x00,0x03,0xf8,0xfe,0x00,0x03,0xf0,0x7e,0x00,0x03,0xf0,0x7e,0x00,0x07,0xf0,0x7f,0x00,0x07,0xe0,0x3f,0x00,
0x0f,0xe0,0x3f,0x80,0x0f,0xe0,0x3f,0x80,0x0f,0xff,0xff,0x80,0x1f,0xff,0xff,0xc0,0x1f,0xff,0xff,0xc0,0x1f,0xff,0xff,0xc0,
0x3f,0xff,0xff,0xe0,0x3f,0x80,0x0f,0xe0,0x3f,0x00,0x07,0xe0,0x7f,0x00,0x07,0xf0,0x7f,0x00,0x07,0xf0,0xfe,0x00,0x03,0xf8,
0xfe,0x00,0x03,0xf8,0x00,0x0f,0x80,0x00,0x00,0x1f,0xc0,0x00,0x00,0x3f,0xe0,0x00,0x00,0x7d,0xf0,0x00,0x00,0x78,0xf0,0x00,
0x00,0x78,0xf0,0x00,0x00,0x78,0xf0,0x00,0x00,0x7f,0xf0,0x00,0x00,0x3f,0xe0,0x00,0x00,0x3f,0xe0,0x00,0x00,0x3f,0xe0,0x00,
0x00,0x3f,0xe0,0x00,0x00,0x3f,0xe0,0x00,0x00,0x7f,0xf0,0x00,0x00,0x7f,0xf0,0x00,0x00,0xfd,0xf8,0x00,0x00,0xfd,0xf8,0x00,
0x00,0xfd,0xf8,0x00,0x01,0xf8,0xfc,0x00,0x01,0xf8,0xfc,0x00,0x01,0xf8,0xfc,0x00,0x03,0xf0,0x7e,0x00,0x03,0xf0,0x7e,0x00,
0x07,0xf0,0x7f,0x00,0x07,0xf0,0x7f,0x00,0x07,0xe0,0x3f,0x00,0x0f,0xe0,0x3f,0x80,0x0f,0xff,0xff,0x80,0x0f,0xff,0xff,0x80,
0x1f,0xff,0xff,0xc0,0x1f,0xff,0xff,0xc0,0x3f,0xff,0xff,0xe0,0x3f,0x80,0x0f,0xe0,0x3f,0x00,0x07,0xe0,0x7f,0x00,0x07,0xf0,
0x7f,0x00,0x07,0xf0,0x7e,0x00,0x03,0xf0,0xfe,0x00,0x03,0xf8,0x00,0x00,0xff,0xff,0xff,0x80,0x00,0x01,0xff,0xff,0xff,0x80,
0x00,0x01,0xff,0xff,0xff,0x80,0x00,0x03,0xff,0xff,0xff,0x80,0x00,0x03,0xff,0xff,0xff,0x80,0x00,0x07,0xff,0xff,0xff,0x80,
0x00,0x07,0xef,0xc0,0x00,0x00,0x00,0x0f,0xef,0xc0,0x00,0x00,0x00,0x0f,0xcf,0xc0,0x00,0x00,0x00,0x1f,0xcf,0xc0,0x00,0x00,
0x00,0x1f,0x8f,0xc0,0x00,0x00,0x00,0x3f,0x8f,0xff,0xe0,0x00,0x00,0x7f,0x0f,0xff,0xe0,0x00,0x00,0x7f,0x0f,0xff,0xe0,0x00,
0x00,0xfe,0x0f,0xff,0xe0,0x00,0x00,0xfe,0x0f,0xff,0xe0,0x00,0x01,0xfc,0x0f,0xff,0xe0,0x00,0x01,0xfc,0x0f,0xc0,0x00,0x00,
0x03,0xf8,0x0f,0xc0,0x00,0x00,0x03,0xff,0xff,0xc0,0x00,0x00,0x07,0xff,0xff,0xc0,0x00,0x00,0x0f,0xff,0xff,0xc0,0x00,0x00,
0x0f,0xff,0xff,0xc0,0x00,0x00,0x1f,0xff,0xff,0xc0,0x00,0x00,0x1f,0xc0,0x0f,0xff,0xff,0x80,0x3f,0x80,0x0f,0xff,0xff,0x80,
0x3f,0x80,0x0f,0xff,0xff,0x80,0x7f,0x00,0x0f,0xff,0xff,0x80,0x7f,0x00,0x0f,0xff,0xff,0x80,0xfe,0x00,0x0f,0xff,0xff,0x80,
0x00,0x7f,0xf0,0x00,0x01,0xff,0xfc,0x00,0x07,0xff,0xfe,0x00,0x0f,0xff,0xff,0x00,0x1f,0xff,0xff,0x80,0x1f,0xc0,0x3f,0xc0,
0x3f,0x80,0x1f,0x80,0x7f,0x00,0x0c,0x00,0x7e,0x00,0x00,0x00,0x7e,0x00,0x00,0x00,0xfe,0x00,0x00,0x00,0xfc,0x00,0x00,0x00,
0xfc,0x00,0x00,0x00,0xfc,0x00,0x00,0x00,0xfc,0x00,0x00,0x00,0xfc,0x00,0x00,0x00,0xfc,0x00,0x00,0x00,0xfc,0x00,0x00,0x00,
0xfc,0x00,0x00,0x00,0xfe,0x00,0x00,0x00,0x7e,0x00,0x00,0x00,0x7e,0x00,0x00,0x00,0x7f,0x00,0x0e,0x00,0x3f,0x80,0x1f,0x80,
0x3f,0xc0,0x3f,0xc0,0x1f,0xff,0xff,0x80,0x0f,0xff,0xff,0x00,0x07,0xff,0xfe,0x00,0x03,0xff,0xfc,0x00,0x00,0xff,0xf0,0x00,
0x00,0x1f,0x00,0x00,0x00,0x0c,0x00,0x00,0x00,0x1f,0xc0,0x00,0x00,0x1f,0xe0,0x00,0x00,0x01,0xe0,0x00,0x00,0x01,0xe0,0x00,
0x00,0x3f,0xc0,0x00,0x00,0x3f,0x80,0x00,0x0f,0x80,0x00,0x0f,0x80,0x00,0x0f,0xc0,0x00,0x07,0xe0,0x00,0x03,0xf0,0x00,0x00,
0xf8,0x00,0x00,0x00,0x00,0x00,0x00,0x00,0x00,0x00,0x00,0xff,0xff,0xfc,0xff,0xff,0xfc,0xff,0xff,0xfc,0xff,0xff,0xfc,0xff,
0xff,0xfc,0xff,0xff,0xfc,0xfc,0x00,0x00,0xfc,0x00,0x00,0xfc,0x00,0x00,0xfc,0x00,0x00,0xfc,0x00,0x00,0xff,0xff,0x80,0xff,
0xff,0x80,0xff,0xff,0x80,0xff,0xff,0x80,0xff,0xff,0x80,0xff,0xff,0x80,0xfc,0x00,0x00,0xfc,0x00,0x00,0xfc,0x00,0x00,0xfc,
0x00,0x00,0xfc,0x00,0x00,0xfc,0x00,0x00,0xfc,0x00,0x00,0xff,0xff,0xfc,0xff,0xff,0xfc,0xff,0xff,0xfc,0xff,0xff,0xfc,0xff,
0xff,0xfc,0xff,0xff,0xfc,0x00,0x07,0xc0,0x00,0x0f,0xc0,0x00,0x0f,0xc0,0x00,0x1f,0x80,0x00,0x3f,0x00,0x00,0x7c,0x00,0x00,
0x00,0x00,0x00,0x00,0x00,0x00,0x00,0x00,0xff,0xff,0xfc,0xff,0xff,0xfc,0xff,0xff,0xfc,0xff,0xff,0xfc,0xff,0xff,0xfc,0xff,
0xff,0xfc,0xfc,0x00,0x00,0xfc,0x00,0x00,0xfc,0x00,0x00,0xfc,0x00,0x00,0xfc,0x00,0x00,0xff,0xff,0x80,0xff,0xff,0x80,0xff,
0xff,0x80,0xff,0xff,0x80,0xff,0xff,0x80,0xff,0xff,0x80,0xfc,0x00,0x00,0xfc,0x00,0x00,0xfc,0x00,0x00,0xfc,0x00,0x00,0xfc,
0x00,0x00,0xfc,0x00,0x00,0xfc,0x00,0x00,0xff,0xff,0xfc,0xff,0xff,0xfc,0xff,0xff,0xfc,0xff,0xff,0xfc,0xff,0xff,0xfc,0xff,
0xff,0xfc,0x00,0x78,0x00,0x00,0xfc,0x00,0x01,0xfe,0x00,0x03,0xff,0x00,0x07,0xff,0x80,0x0f,0x8f,0xc0,0x1f,0x03,0xe0,0x00,
0x00,0x00,0x00,0x00,0x00,0x00,0x00,0x00,0xff,0xff,0xfc,0xff,0xff,0xfc,0xff,0xff,0xfc,0xff,0xff,0xfc,0xff,0xff,0xfc,0xff,
0xff,0xfc,0xfc,0x00,0x00,0xfc,0x00,0x00,0xfc,0x00,0x00,0xfc,0x00,0x00,0xfc,0x00,0x00,0xff,0xff,0x80,0xff,0xff,0x80,0xff,
0xff,0x80,0xff,0xff,0x80,0xff,0xff,0x80,0xff,0xff,0x80,0xfc,0x00,0x00,0xfc,0x00,0x00,0xfc,0x00,0x00,0xfc,0x00,0x00,0xfc,
0x00,0x00,0xfc,0x00,0x00,0xfc,0x00,0x00,0xff,0xff,0xfc,0xff,0xff,0xfc,0xff,0xff,0xfc,0xff,0xff,0xfc,0xff,0xff,0xfc,0xff,
0xff,0xfc,0x07,0x83,0xc0,0x0f,0xc7,0xe0,0x0f,0xc7,0xe0,0x0f,0xc7,0xe0,0x0f,0xc7,0xe0,0x07,0x83,0xc0,0x00,0x00,0x00,0x00,
0x00,0x00,0x00,0x00,0x00,0xff,0xff,0xfc,0xff,0xff,0xfc,0xff,0xff,0xfc,0xff,0xff,0xfc,0xff,0xff,0xfc,0xff,0xff,0xfc,0xfc,
0x00,0x00,0xfc,0x00,0x00,0xfc,0x00,0x00,0xfc,0x00,0x00,0xfc,0x00,0x00,0xff,0xff,0x80,0xff,0xff,0x80,0xff,0xff,0x80,0xff,
0xff,0x80,0xff,0xff,0x80,0xff,0xff,0x80,0xfc,0x00,0x00,0xfc,0x00,0x00,0xfc,0x00,0x00,0xfc,0x00,0x00,0xfc,0x00,0x00,0xfc,
0x00,0x00,0xfc,0x00,0x00,0xff,0xff,0xfc,0xff,0xff,0xfc,0xff,0xff,0xfc,0xff,0xff,0xfc,0xff,0xff,0xfc,0xff,0xff,0xfc,0x20,
0x00,0x78,0x00,0xfc,0x00,0x7c,0x00,0x7e,0x00,0x1f,0x00,0x0f,0x80,0x00,0x00,0x00,0x00,0x00,0x00,0xff,0xfe,0xff,0xfe,0xff,
0xfe,0xff,0xfe,0xff,0xfe,0x0f,0xc0,0x0f,0xc0,0x0f,0xc0,0x0f,0xc0,0x0f,0xc0,0x0f,0xc0,0x0f,0xc0,0x0f,0xc0,0x0f,0xc0,0x0f,
0xc0,0x0f,0xc0,0x0f,0xc0,0x0f,0xc0,0x0f,0xc0,0x0f,0xc0,0x0f,0xc0,0x0f,0xc0,0x0f,0xc0,0x0f,0xc0,0x0f,0xc0,0xff,0xfe,0xff,
0xfe,0xff,0xfe,0xff,0xfe,0xff,0xfe,0x00,0x3c,0x00,0x7c,0x00,0xfc,0x01,0xf8,0x03,0xf0,0x07,0xc0,0x00,0x00,0x00,0x00,0x00,
0x00,0xff,0xfe,0xff,0xfe,0xff,0xfe,0xff,0xfe,0xff,0xfe,0x0f,0xc0,0x0f,0xc0,0x0f,0xc0,0x0f,0xc0,0x0f,0xc0,0x0f,0xc0,0x0f,
0xc0,0x0f,0xc0,0x0f,0xc0,0x0f,0xc0,0x0f,0xc0,0x0f,0xc0,0x0f,0xc0,0x0f,0xc0,0x0f,0xc0,0x0f,0xc0,0x0f,0xc0,0x0f,0xc0,0x0f,
0xc0,0x0f,0xc0,0xff,0xfe,0xff,0xfe,0xff,0xfe,0xff,0xfe,0xff,0xfe,0x01,0xc0,0x00,0x03,0xe0,0x00,0x07,0xf0,0x00,0x0f,0xf8,
0x00,0x1f,0xfc,0x00,0x7e,0x7f,0x00,0xfc,0x3f,0x80,0x00,0x00,0x00,0x00,0x00,0x00,0x00,0x00,0x00,0x7f,0xff,0x00,0x7f,0xff,
0x00,0x7f,0xff,0x00,0x7f,0xff,0x00,0x7f,0xff,0x00,0x07,0xe0,0x00,0x07,0xe0,0x00,0x07,0xe0,0x00,0x07,0xe0,0x00,0x07,0xe0,
0x00,0x07,0xe0,0x00,0x07,0xe0,0x00,0x07,0xe0,0x00,0x07,0xe0,0x00,0x07,0xe0,0x00,0x07,0xe0,0x00,0x07,0xe0,0x00,0x07,0xe0,
0x00,0x07,0xe0,0x00,0x07,0xe0,0x00,0x07,0xe0,0x00,0x07,0xe0,0x00,0x07,0xe0,0x00,0x07,0xe0,0x00,0x07,0xe0,0x00,0x7f,0xff,
0x00,0x7f,0xff,0x00,0x7f,0xff,0x00,0x7f,0xff,0x00,0x7f,0xff,0x00,0x78,0x3c,0xfc,0x7e,0xfc,0x7e,0xfc,0x7e,0xfc,0x7e,0x78,
0x3c,0x00,0x00,0x00,0x00,0x00,0x00,0xff,0xfe,0xff,0xfe,0xff,0xfe,0xff,0xfe,0xff,0xfe,0x07,0xe0,0x07,0xe0,0x07,0xe0,0x07,
0xe0,0x07,0xe0,0x07,0xe0,0x07,0xe0,0x07,0xe0,0x07,0xe0,0x07,0xe0,0x07,0xe0,0x07,0xe0,0x07,0xe0,0x07,0xe0,0x07,0xe0,0x07,
0xe0,0x07,0xe0,0x07,0xe0,0x07,0xe0,0x07,0xe0,0xff,0xfe,0xff,0xfe,0xff,0xfe,0xff,0xfe,0xff,0xfe,0x1f,0xff,0xc0,0x00,0x1f,
0xff,0xf8,0x00,0x1f,0xff,0xfe,0x00,0x1f,0xff,0xff,0x80,0x1f,0xff,0xff,0xc0,0x1f,0x80,0x7f,0xc0,0x1f,0x80,0x1f,0xe0,0x1f,
0x80,0x07,0xf0,0x1f,0x80,0x07,0xf0,0x1f,0x80,0x03,0xf0,0x1f,0x80,0x03,0xf8,0x1f,0x80,0x01,0xf8,0xff,0xff,0x01,0xf8,0xff,
0xff,0x01,0xf8,0xff,0xff,0x01,0xf8,0xff,0xff,0x01,0xf8,0xff,0xff,0x01,0xf8,0x1f,0x80,0x01,0xf8,0x1f,0x80,0x01,0xf8,0x1f,
0x80,0x03,0xf8,0x1f,0x80,0x03,0xf0,0x1f,0x80,0x07,0xf0,0x1f,0x80,0x07,0xf0,0x1f,0x80,0x1f,0xe0,0x1f,0x80,0x7f,0xc0,0x1f,
0xff,0xff,0xc0,0x1f,0xff,0xff,0x80,0x1f,0xff,0xfe,0x00,0x1f,0xff,0xf8,0x00,0x1f,0xff,0xc0,0x00,0x01,0xf8,0x38,0x00,0x03,
0xfe,0xf8,0x00,0x03,0xff,0xf8,0x00,0x07,0xcf,0xf0,0x00,0x07,0x83,0xc0,0x00,0x00,0x00,0x00,0x00,0x00,0x00,0x00,0x00,0x00,
0x00,0x00,0x00,0xff,0x00,0x0f,0xc0,0xff,0x80,0x0f,0xc0,0xff,0xc0,0x0f,0xc0,0xff,0xc0,0x0f,0xc0,0xff,0xe0,0x0f,0xc0,0xff,
0xe0,0x0f,0xc0,0xff,0xf0,0x0f,0xc0,0xff,0xf0,0x0f,0xc0,0xff,0xf8,0x0f,0xc0,0xfd,0xf8,0x0f,0xc0,0xfd,0xfc,0x0f,0xc0,0xfc,
0xfc,0x0f,0xc0,0xfc,0xfe,0x0f,0xc0,0xfc,0x7e,0x0f,0xc0,0xfc,0x3f,0x0f,0xc0,0xfc,0x3f,0x0f,0xc0,0xfc,0x1f,0x8f,0xc0,0xfc,
0x1f,0xcf,0xc0,0xfc,0x0f,0xcf,0xc0,0xfc,0x0f,0xef,0xc0,0xfc,0x07,0xef,0xc0,0xfc,0x07,0xff,0xc0,0xfc,0x03,0xff,0xc0,0xfc,
0x03,0xff,0xc0,0xfc,0x01,0xff,0xc0,0xfc,0x01,0xff,0xc0,0xfc,0x00,0xff,0xc0,0xfc,0x00,0x7f,0xc0,0xfc,0x00,0x7f,0xc0,0xfc,
0x00,0x3f,0xc0,0x00,0x70,0x00,0x00,0x00,0xf8,0x00,0x00,0x00,0xfc,0x00,0x00,0x00,0x7e,0x00,0x00,0x00,0x7e,0x00,0x00,0x00,
0x1f,0x00,0x00,0x00,0x0f,0x80,0x00,0x00,0x00,0x00,0x00,0x00,0x00,0x00,0x00,0x00,0x00,0x00,0x00,0x00,0x7f,0xf8,0x00,0x01,
0xff,0xfe,0x00,0x03,0xff,0xff,0x00,0x0f,0xff,0xff,0xc0,0x0f,0xff,0xff,0xc0,0x1f,0xe0,0x1f,0xe0,0x3f,0xc0,0x0f,0xf0,0x3f,
0x80,0x07,0xf0,0x7f,0x00,0x07,0xf8,0x7f,0x00,0x03,0xf8,0x7f,0x00,0x03,0xf8,0xfe,0x00,0x01,0xfc,0xfe,0x00,0x01,0xfc,0xfe,
0x00,0x01,0xfc,0xfe,0x00,0x01,0xfc,0xfe,0x00,0x01,0xfc,0xfe,0x00,0x01,0xfc,0xfe,0x00,0x01,0xfc,0xfe,0x00,0x01,0xfc,0xff,
0x00,0x03,0xf8,0x7f,0x00,0x03,0xf8,0x7f,0x00,0x03,0xf8,0x3f,0x80,0x07,0xf0,0x3f,0xc0,0x0f,0xf0,0x1f,0xe0,0x1f,0xe0,0x1f,
0xff,0xff,0xc0,0x0f,0xff,0xff,0x80,0x03,0xff,0xff,0x00,0x01,0xff,0xfe,0x00,0x00,0x7f,0xf8,0x00,0x00,0x03,0x00,0x00,0x00,
0x00,0x38,0x00,0x00,0x00,0x7c,0x00,0x00,0x00,0xfc,0x00,0x00,0x01,0xf8,0x00,0x00,0x01,0xf8,0x00,0x00,0x03,0xf0,0x00,0x00,
0x07,0xc0,0x00,0x00,0x00,0x00,0x00,0x00,0x00,0x00,0x00,0x00,0x00,0x00,0x00,0x00,0x7f,0xf8,0x00,0x01,0xff,0xfe,0x00,0x03,
0xff,0xff,0x00,0x0f,0xff,0xff,0xc0,0x0f,0xff,0xff,0xc0,0x1f,0xe0,0x1f,0xe0,0x3f,0xc0,0x0f,0xf0,0x3f,0x80,0x07,0xf0,0x7f,
0x00,0x07,0xf8,0x7f,0x00,0x03,0xf8,0x7f,0x00,0x03,0xf8,0xfe,0x00,0x01,0xfc,0xfe,0x00,0x01,0xfc,0xfe,0x00,0x01,0xfc,0xfe,
0x00,0x01,0xfc,0xfe,0x00,0x01,0xfc,0xfe,0x00,0x01,0xfc,0xfe,0x00,0x01,0xfc,0xfe,0x00,0x01,0xfc,0xff,0x00,0x03,0xf8,0x7f,
0x00,0x03,0xf8,0x7f,0x00,0x03,0xf8,0x3f,0x80,0x07,0xf0,0x3f,0xc0,0x0f,0xf0,0x1f,0xe0,0x1f,0xe0,0x1f,0xff,0xff,0xc0,0x0f,
0xff,0xff,0x80,0x03,0xff,0xff,0x00,0x01,0xff,0xfe,0x00,0x00,0x7f,0xf8,0x00,0x00,0x03,0x00,0x00,0x00,0x07,0x80,0x00,0x00,
0x0f,0xc0,0x00,0x00,0x1f,0xe0,0x00,0x00,0x3f,0xf0,0x00,0x00,0x7f,0xf8,0x00,0x00,0xfc,0xfc,0x00,0x01,0xf8,0x7e,0x00,0x00,
0x00,0x00,0x00,0x00,0x00,0x00,0x00,0x00,0x00,0x00,0x00,0x00,0x7f,0xf8,0x00,0x01,0xff,0xfe,0x00,0x03,0xff,0xff,0x00,0x0f,
0xff,0xff,0xc0,0x0f,0xff,0xff,0xc0,0x1f,0xe0,0x1f,0xe0,0x3f,0xc0,0x0f,0xf0,0x3f,0x80,0x07,0xf0,0x7f,0x00,0x07,0xf8,0x7f,
0x00,0x03,0xf8,0x7f,0x00,0x03,0xf8,0xfe,0x00,0x01,0xfc,0xfe,0x00,0x01,0xfc,0xfe,0x00,0x01,0xfc,0xfe,0x00,0x01,0xfc,0xfe,
0x00,0x01,0xfc,0xfe,0x00,0x01,0xfc,0xfe,0x00,0x01,0xfc,0xfe,0x00,0x01,0xfc,0xff,0x00,0x03,0xf8,0x7f,0x00,0x03,0xf8,0x7f,
0x00,0x03,0xf8,0x3f,0x80,0x07,0xf0,0x3f,0xc0,0x0f,0xf0,0x1f,0xe0,0x1f,0xe0,0x1f,0xff,0xff,0xc0,0x0f,0xff,0xff,0x80,0x03,
0xff,0xff,0x00,0x01,0xff,0xfe,0x00,0x00,0x7f,0xf8,0x00,0x00,0x03,0x00,0x00,0x00,0x3e,0x0e,0x00,0x00,0x7f,0x9e,0x00,0x00,
0xff,0xfe,0x00,0x00,0xf3,0xfc,0x00,0x01,0xe0,0xf8,0x00,0x00,0x00,0x00,0x00,0x00,0x00,0x00,0x00,0x00,0x00,0x00,0x00,0x00,
0x7f,0xf8,0x00,0x01,0xff,0xfe,0x00,0x03,0xff,0xff,0x00,0x0f,0xff,0xff,0xc0,0x0f,0xff,0xff,0xc0,0x1f,0xf0,0x1f,0xe0,0x3f,
0xc0,0x0f,0xf0,0x3f,0x80,0x07,0xf0,0x7f,0x00,0x03,0xf8,0x7f,0x00,0x03,0xf8,0x7f,0x00,0x01,0xf8,0xfe,0x00,0x01,0xfc,0xfe,
0x00,0x01,0xfc,0xfe,0x00,0x01,0xfc,0xfe,0x00,0x01,0xfc,0xfe,0x00,0x01,0xfc,0xfe,0x00,0x01,0xfc,0xfe,0x00,0x01,0xfc,0xfe,
0x00,0x01,0xfc,0xff,0x00,0x01,0xf8,0x7f,0x00,0x03,0xf8,0x7f,0x80,0x03,0xf8,0x3f,0x80,0x07,0xf0,0x3f,0xc0,0x0f,0xf0,0x1f,
0xe0,0x1f,0xe0,0x1f,0xff,0xff,0xc0,0x0f,0xff,0xff,0x80,0x03,0xff,0xff,0x00,0x01,0xff,0xfe,0x00,0x00,0x7f,0xf8,0x00,0x00,
0x03,0x00,0x00,0x00,0x78,0x78,0x00,0x00,0xfc,0xfc,0x00,0x00,0xfc,0xfc,0x00,0x00,0xfc,0xfc,0x00,0x00,0xfc,0xfc,0x00,0x00,
0x78,0x78,0x00,0x00,0x00,0x00,0x00,0x00,0x00,0x00,0x00,0x00,0x00,0x00,0x00,0x00,0x7f,0xf8,0x00,0x01,0xff,0xfe,0x00,0x03,
0xff,0xff,0x00,0x0f,0xff,0xff,0xc0,0x0f,0xff,0xff,0xc0,0x1f,0xe0,0x1f,0xe0,0x3f,0xc0,0x0f,0xf0,0x3f,0x80,0x07,0xf0,0x7f,
0x00,0x07,0xf8,0x7f,0x00,0x03,0xf8,0x7f,0x00,0x03,0xf8,0xfe,0x00,0x01,0xfc,0xfe,0x00,0x01,0xfc,0xfe,0x00,0x01,0xfc,0xfe,
0x00,0x01,0xfc,0xfe,0x00,0x01,0xfc,0xfe,0x00,0x01,0xfc,0xfe,0x00,0x01,0xfc,0xfe,0x00,0x01,0xfc,0xff,0x00,0x03,0xf8,0x7f,
0x00,0x03,0xf8,0x7f,0x00,0x03,0xf8,0x3f,0x80,0x07,0xf0,0x3f,0xc0,0x0f,0xf0,0x1f,0xe0,0x1f,0xe0,0x1f,0xff,0xff,0xc0,0x0f,
0xff,0xff,0x80,0x03,0xff,0xff,0x00,0x01,0xff,0xfe,0x00,0x00,0x7f,0xf8,0x00,0x00,0x03,0x00,0x00,0x10,0x01,0x80,0x38,0x03,
0xc0,0x7c,0x07,0xe0,0xfe,0x0f,0xf0,0x7f,0x1f,0xe0,0x3f,0xbf,0xc0,0x1f,0xff,0x80,0x0f,0xff,0x00,0x07,0xfe,0x00,0x03,0xfc,
0x00,0x07,0xfc,0x00,0x0f,0xfe,0x00,0x1f,0xff,0x00,0x3f,0xff,0x80,0x3f,0x9f,0xc0,0x7f,0x0f,0xe0,0xfe,0x07,0xe0,0x7c,0x03,
0xc0,0x38,0x01,0x80,0x10,0x01,0x00,0x00,0x7f,0xf8,0x60,0x01,0xff,0xfe,0xf0,0x03,0xff,0xff,0xe0,0x0f,0xff,0xff,0xc0,0x0f,
0xff,0xff,0xe0,0x1f,0xe0,0x1f,0xe0,0x3f,0xc0,0x0f,0xf0,0x3f,0x80,0x1f,0xf0,0x7f,0x00,0x3f,0xf8,0x7f,0x00,0x7b,0xf8,0x7f,
0x00,0x7b,0xfc,0xfe,0x00,0xf1,0xfc,0xfe,0x01,0xe1,0xfc,0xfe,0x03,0xc1,0xfc,0xfe,0x07,0x81,0xfc,0xfe,0x07,0x81,0xfc,0xfe,
0x0f,0x01,0xfc,0xfe,0x1e,0x01,0xfc,0xfe,0x3c,0x01,0xfc,0xff,0x78,0x03,0xf8,0x7f,0x78,0x03,0xf8,0x7f,0xf0,0x03,0xf8,0x7f,
0xe0,0x07,0xf0,0x3f,0xc0,0x0f,0xf0,0x1f,0xe0,0x1f,0xe0,0x1f,0xff,0xff,0xc0,0x0f,0xff,0xff,0x80,0x1f,0xff,0xff,0x00,0x3d,
0xff,0xfe,0x00,0x18,0x7f,0xf8,0x00,0x00,0x03,0x00,0x00,0x03,0x80,0x00,0x00,0x07,0xc0,0x00,0x00,0x07,0xe0,0x00,0x00,0x03,
0xf0,0x00,0x00,0x03,0xf8,0x00,0x00,0x00,0xfc,0x00,0x00,0x00,0x7e,0x00,0x00,0x00,0x00,0x00,0x00,0x00,0x00,0x00,0x00,0x00,
0x00,0x00,0x00,0xfc,0x00,0x1f,0x80,0xfc,0x00,0x1f,0x80,0xfc,0x00,0x1f,0x80,0xfc,0x00,0x1f,0x80,0xfc,0x00,0x1f,0x80,0xfc,
0x00,0x1f,0x80,0xfc,0x00,0x1f,0x80,0xfc,0x00,0x1f,0x80,0xfc,0x00,0x1f,0x80,0xfc,0x00,0x1f,0x80,0xfc,0x00,0x1f,0x80,0xfc,
0x00,0x1f,0x80,0xfc,0x00,0x1f,0x80,0xfc,0x00,0x1f,0x80,0xfc,0x00,0x1f,0x80,0xfc,0x00,0x1f,0x80,0xfc,0x00,0x1f,0x80,0xfc,
0x00,0x1f,0x80,0xfc,0x00,0x1f,0x80,0xfc,0x00,0x1f,0x80,0xfc,0x00,0x1f,0x80,0xfc,0x00,0x1f,0x80,0x7e,0x00,0x3f,0x00,0x7e,
0x00,0x3f,0x00,0x7f,0x00,0x7f,0x00,0x3f,0xff,0xfe,0x00,0x3f,0xff,0xfe,0x00,0x1f,0xff,0xfc,0x00,0x0f,0xff,0xf8,0x00,0x03,
0xff,0xe0,0x00,0x00,0x0c,0x00,0x00,0x00,0x00,0xe0,0x00,0x00,0x01,0xf0,0x00,0x00,0x03,0xf0,0x00,0x00,0x07,0xf0,0x00,0x00,
0x0f,0xe0,0x00,0x00,0x1f,0x80,0x00,0x00,0x3f,0x00,0x00,0x00,0x00,0x00,0x00,0x00,0x00,0x00,0x00,0x00,0x00,0x00,0x00,0xfc,
0x00,0x1f,0x80,0xfc,0x00,0x1f,0x80,0xfc,0x00,0x1f,0x80,0xfc,0x00,0x1f,0x80,0xfc,0x00,0x1f,0x80,0xfc,0x00,0x1f,0x80,0xfc,
0x00,0x1f,0x80,0xfc,0x00,0x1f,0x80,0xfc,0x00,0x1f,0x80,0xfc,0x00,0x1f,0x80,0xfc,0x00,0x1f,0x80,0xfc,0x00,0x1f,0x80,0xfc,
0x00,0x1f,0x80,0xfc,0x00,0x1f,0x80,0xfc,0x00,0x1f,0x80,0xfc,0x00,0x1f,0x80,0xfc,0x00,0x1f,0x80,0xfc,0x00,0x1f,0x80,0xfc,
0x00,0x1f,0x80,0xfc,0x00,0x1f,0x80,0xfc,0x00,0x1f,0x80,0xfc,0x00,0x1f,0x80,0x7e,0x00,0x3f,0x00,0x7e,0x00,0x3f,0x00,0x7f,
0x00,0x7f,0x00,0x3f,0xff,0xfe,0x00,0x3f,0xff,0xfe,0x00,0x1f,0xff,0xfc,0x00,0x0f,0xff,0xf8,0x00,0x03,0xff,0xe0,0x00,0x00,
0x0c,0x00,0x00,0x00,0x1c,0x00,0x00,0x00,0x3e,0x00,0x00,0x00,0x7f,0x00,0x00,0x00,0xff,0xc0,0x00,0x01,0xf7,0xe0,0x00,0x07,
0xe3,0xf0,0x00,0x0f,0xc1,0xf8,0x00,0x00,0x00,0x00,0x00,0x00,0x00,0x00,0x00,0x00,0x00,0x00,0x00,0xfc,0x00,0x1f,0x80,0xfc,
0x00,0x1f,0x80,0xfc,0x00,0x1f,0x80,0xfc,0x00,0x1f,0x80,0xfc,0x00,0x1f,0x80,0xfc,0x00,0x1f,0x80,0xfc,0x00,0x1f,0x80,0xfc,
0x00,0x1f,0x80,0xfc,0x00,0x1f,0x80,0xfc,0x00,0x1f,0x80,0xfc,0x00,0x1f,0x80,0xfc,0x00,0x1f,0x80,0xfc,0x00,0x1f,0x80,0xfc,
0x00,0x1f,0x80,0xfc,0x00,0x1f,0x80,0xfc,0x00,0x1f,0x80,0xfc,0x00,0x1f,0x80,0xfc,0x00,0x1f,0x80,0xfc,0x00,0x1f,0x80,0xfc,
0x00,0x1f,0x80,0xfc,0x00,0x1f,0x80,0xfc,0x00,0x1f,0x80,0x7e,0x00,0x3f,0x00,0x7e,0x00,0x3f,0x00,0x7f,0x00,0x7f,0x00,0x3f,
0xff,0xfe,0x00,0x3f,0xff,0xfe,0x00,0x1f,0xff,0xfc,0x00,0x0f,0xff,0xf8,0x00,0x03,0xff,0xe0,0x00,0x00,0x0c,0x00,0x00,0x03,
0xc1,0xe0,0x00,0x07,0xe3,0xf0,0x00,0x07,0xe3,0xf0,0x00,0x07,0xe3,0xf0,0x00,0x07,0xe3,0xf0,0x00,0x03,0xc1,0xe0,0x00,0x00,
0x00,0x00,0x00,0x00,0x00,0x00,0x00,0x00,0x00,0x00,0x00,0xfc,0x00,0x1f,0x80,0xfc,0x00,0x1f,0x80,0xfc,0x00,0x1f,0x80,0xfc,
0x00,0x1f,0x80,0xfc,0x00,0x1f,0x80,0xfc,0x00,0x1f,0x80,0xfc,0x00,0x1f,0x80,0xfc,0x00,0x1f,0x80,0xfc,0x00,0x1f,0x80,0xfc,
0x00,0x1f,0x80,0xfc,0x00,0x1f,0x80,0xfc,0x00,0x1f,0x80,0xfc,0x00,0x1f,0x80,0xfc,0x00,0x1f,0x80,0xfc,0x00,0x1f,0x80,0xfc,
0x00,0x1f,0x80,0xfc,0x00,0x1f,0x80,0xfc,0x00,0x1f,0x80,0xfc,0x00,0x1f,0x80,0xfc,0x00,0x1f,0x80,0xfc,0x00,0x1f,0x80,0xfc,
0x00,0x1f,0x80,0x7e,0x00,0x3f,0x00,0x7e,0x00,0x3f,0x00,0x7f,0x00,0x7f,0x00,0x3f,0xff,0xfe,0x00,0x3f,0xff,0xfe,0x00,0x1f,
0xff,0xfc,0x00,0x0f,0xff,0xf8,0x00,0x03,0xff,0xe0,0x00,0x00,0x0c,0x00,0x00,0x00,0x00,0x78,0x00,0x00,0x00,0xf8,0x00,0x00,
0x01,0xf8,0x00,0x00,0x03,0xf0,0x00,0x00,0x07,0xe0,0x00,0x00,0x0f,0x80,0x00,0x00,0x00,0x00,0x00,0x00,0x00,0x00,0x00,0x00,
0x00,0x00,0x00,0xff,0x00,0x07,0xf0,0x7f,0x00,0x0f,0xf0,0x7f,0x80,0x1f,0xe0,0x3f,0x80,0x1f,0xc0,0x1f,0xc0,0x3f,0xc0,0x1f,
0xc0,0x3f,0x80,0x0f,0xe0,0x7f,0x00,0x0f,0xe0,0x7f,0x00,0x07,0xf0,0xfe,0x00,0x03,0xf9,0xfe,0x00,0x03,0xf9,0xfc,0x00,0x01,
0xff,0xf8,0x00,0x01,0xff,0xf8,0x00,0x00,0xff,0xf0,0x00,0x00,0x7f,0xe0,0x00,0x00,0x7f,0xe0,0x00,0x00,0x3f,0xc0,0x00,0x00,
0x3f,0xc0,0x00,0x00,0x1f,0x80,0x00,0x00,0x1f,0x80,0x00,0x00,0x1f,0x80,0x00,0x00,0x1f,0x80,0x00,0x00,0x1f,0x80,0x00,0x00,
0x1f,0x80,0x00,0x00,0x1f,0x80,0x00,0x00,0x1f,0x80,0x00,0x00,0x1f,0x80,0x00,0x00,0x1f,0x80,0x00,0x00,0x1f,0x80,0x00,0x00,
0x1f,0x80,0x00,0xfc,0x00,0x00,0xfc,0x00,0x00,0xfc,0x00,0x00,0xfc,0x00,0x00,0xfc,0x00,0x00,0xff,0xff,0x80,0xff,0xff,0xe0,
0xff,0xff,0xf8,0xff,0xff,0xfc,0xff,0xff,0xfe,0xfc,0x01,0xfe,0xfc,0x00,0x7f,0xfc,0x00,0x3f,0xfc,0x00,0x3f,0xfc,0x00,0x3f,
0xfc,0x00,0x3f,0xfc,0x00,0x3f,0xfc,0x00,0x7f,0xfc,0x01,0xfe,0xff,0xff,0xfe,0xff,0xff,0xfc,0xff,0xff,0xf8,0xff,0xff,0xe0,
0xff,0xff,0x80,0xfc,0x00,0x00,0xfc,0x00,0x00,0xfc,0x00,0x00,0xfc,0x00,0x00,0xfc,0x00,0x00,0xfc,0x00,0x00,0x00,0x20,0x00,
0x07,0xff,0x00,0x1f,0xff,0x80,0x3f,0xff,0xe0,0x7f,0xff,0xe0,0x7f,0xff,0xf0,0xfe,0x07,0xf0,0xfe,0x03,0xf0,0xfc,0x03,0xf0,
0xfc,0x03,0xf0,0xfc,0x0f,0xe0,0xfc,0x7f,0xe0,0xfc,0x7f,0xc0,0xfc,0x7f,0xe0,0xfc,0x7f,0xf8,0xfc,0x7f,0xfc,0xfc,0x03,0xfe,
0xfc,0x00,0xfe,0xfc,0x00,0x7f,0xfc,0x00,0x3f,0xfc,0x00,0x3f,0xfc,0x00,0x3f,0xfc,0x00,0x3f,0xfc,0x00,0x3f,0xfc,0x00,0x7f,
0xfc,0x00,0xfe,0xfc,0x7f,0xfe,0xfc,0x7f,0xfc,0xfc,0x7f,0xfc,0xfc,0x3f,0xf0,0xfc,0x3f,0xc0,0x00,0x1c,0x00,0x0f,0x80,0x00,
0x0f,0x80,0x00,0x0f,0xc0,0x00,0x07,0xe0,0x00,0x03,0xf0,0x00,0x00,0xf8,0x00,0x00,0x00,0x00,0x00,0x00,0x00,0x00,0x00,0x00,
0x00,0x00,0x00,0x03,0xff,0x80,0x0f,0xff,0xc0,0x1f,0xff,0xe0,0x3f,0xff,0xf0,0x3f,0xff,0xf0,0x3e,0x03,0xf8,0x06,0x01,0xf8,
0x00,0x01,0xf8,0x00,0x01,0xf8,0x00,0xff,0xf8,0x07,0xff,0xf8,0x1f,0xff,0xf8,0x7f,0xc1,0xf8,0x7e,0x01,0xf8,0xfc,0x01,0xf8,
0xfc,0x03,0xf8,0xfe,0x07,0xf8,0xff,0xff,0xf8,0xff,0xff,0xf8,0x7f,0xff,0xf8,0x3f,0xfc,0xf8,0x1f,0xf0,0xfc,0x01,0x80,0x00,
0x00,0x03,0x80,0x00,0x07,0xc0,0x00,0x0f,0xc0,0x00,0x1f,0x80,0x00,0x3f,0x00,0x00,0x3e,0x00,0x00,0x7c,0x00,0x00,0x00,0x00,
0x00,0x00,0x00,0x00,0x00,0x00,0x03,0xff,0x80,0x0f,0xff,0xc0,0x1f,0xff,0xe0,0x3f,0xff,0xf0,0x3f,0xff,0xf0,0x3e,0x03,0xf8,
0x06,0x01,0xf8,0x00,0x01,0xf8,0x00,0x01,0xf8,0x00,0xff,0xf8,0x07,0xff,0xf8,0x1f,0xff,0xf8,0x7f,0xc1,0xf8,0x7e,0x01,0xf8,
0xfc,0x01,0xf8,0xfc,0x03,0xf8,0xfe,0x07,0xf8,0xff,0xff,0xf8,0xff,0xff,0xf8,0x7f,0xff,0xf8,0x3f,0xfc,0xf8,0x1f,0xf0,0xfc,
0x01,0x80,0x00,0x00,0x78,0x00,0x00,0xfe,0x00,0x03,0xff,0x00,0x07,0xff,0x80,0x0f,0xcf,0xc0,0x1f,0x03,0xe0,0x00,0x00,0x00,
0x00,0x00,0x00,0x00,0x00,0x00,0x00,0x00,0x00,0x03,0xff,0x80,0x0f,0xff,0xc0,0x1f,0xff,0xe0,0x3f,0xff,0xf0,0x3f,0xff,0xf0,
0x3e,0x03,0xf8,0x06,0x01,0xf8,0x00,0x01,0xf8,0x00,0x01,0xf8,0x00,0xff,0xf8,0x07,0xff,0xf8,0x1f,0xff,0xf8,0x7f,0xc1,0xf8,
0x7e,0x01,0xf8,0xfc,0x01,0xf8,0xfc,0x03,0xf8,0xfe,0x07,0xf8,0xff,0xff,0xf8,0xff,0xff,0xf8,0x7f,0xff,0xf8,0x3f,0xfc,0xf8,
0x1f,0xf0,0xfc,0x01,0x80,0x00,0x07,0xe0,0xe0,0x0f,0xf9,0xe0,0x0f,0xff,0xe0,0x1e,0x3f,0xc0,0x1c,0x0f,0x80,0x00,0x00,0x00,
0x00,0x00,0x00,0x00,0x00,0x00,0x00,0x00,0x00,0x03,0xff,0x80,0x0f,0xff,0xc0,0x1f,0xff,0xe0,0x3f,0xff,0xf0,0x3f,0xff,0xf0,
0x3e,0x03,0xf8,0x06,0x01,0xf8,0x00,0x01,0xf8,0x00,0x01,0xf8,0x00,0xff,0xf8,0x07,0xff,0xf8,0x1f,0xff,0xf8,0x7f,0xc1,0xf8,
0x7e,0x01,0xf8,0xfc,0x01,0xf8,0xfc,0x03,0xf8,0xfe,0x07,0xf8,0xff,0xff,0xf8,0xff,0xff,0xf8,0x7f,0xff,0xf8,0x3f,0xfc,0xf8,
0x1f,0xf0,0xfc,0x01,0x80,0x00,0x07,0x87,0x80,0x0f,0xcf,0xc0,0x0f,0xcf,0xc0,0x0f,0xcf,0xc0,0x0f,0xcf,0xc0,0x07,0x87,0x80,
0x00,0x00,0x00,0x00,0x00,0x00,0x00,0x00,0x00,0x00,0x00,0x00,0x03,0xff,0x80,0x07,0xff,0xc0,0x0f,0xff,0xe0,0x1f,0xff,0xf0,
0x3f,0xff,0xf0,0x3e,0x03,0xf8,0x06,0x01,0xf8,0x00,0x01,0xf8,0x00,0x01,0xf8,0x00,0xff,0xf8,0x07,0xff,0xf8,0x1f,0xff,0xf8,
0x7f,0xc1,0xf8,0x7e,0x01,0xf8,0xfc,0x01,0xf8,0xfc,0x03,0xf8,0xfe,0x07,0xf8,0xff,0xff,0xf8,0xff,0xff,0xf8,0x7f,0xff,0xf8,
0x3f,0xfd,0xf8,0x1f,0xf0,0xfc,0x01,0x80,0x00,0x00,0xf8,0x00,0x01,0xfc,0x00,0x03,0xfe,0x00,0x07,0xcf,0x00,0x07,0x87,0x00,
0x07,0x87,0x00,0x07,0x87,0x00,0x07,0xcf,0x00,0x03,0xfe,0x00,0x01,0xfc,0x00,0x00,0xf8,0x00,0x00,0x00,0x00,0x00,0x00,0x00,
0x00,0x00,0x00,0x03,0xff,0x80,0x0f,0xff,0xc0,0x1f,0xff,0xe0,0x3f,0xff,0xf0,0x3f,0xff,0xf0,0x3e,0x03,0xf8,0x06,0x01,0xf8,
0x00,0x01,0xf8,0x00,0x01,0xf8,0x00,0xff,0xf8,0x07,0xff,0xf8,0x1f,0xff,0xf8,0x7f,0xc1,0xf8,0x7e,0x01,0xf8,0xfc,0x01,0xf8,
0xfc,0x03,0xf8,0xfe,0x07,0xf8,0xff,0xff,0xf8,0xff,0xff,0xf8,0x7f,0xff,0xf8,0x3f,0xfd,0xf8,0x1f,0xf1,0xfc,0x01,0x80,0x00,
0x00,0x20,0x00,0x00,0x00,0x03,0xff,0x07,0xfc,0x00,0x0f,0xff,0x9f,0xff,0x00,0x1f,0xff,0xff,0xff,0x80,0x3f,0xff,0xff,0xff,
0xc0,0x3f,0xff,0xff,0xff,0xe0,0x1e,0x03,0xfc,0x07,0xe0,0x00,0x03,0xf8,0x03,0xf0,0x00,0x03,0xf0,0x03,0xf0,0x00,0xff,0xff,
0xff,0xf0,0x07,0xff,0xff,0xff,0xf0,0x1f,0xff,0xff,0xff,0xf0,0x3f,0xff,0xff,0xff,0xf0,0x7f,0x83,0xf0,0x00,0x00,0xfe,0x03,
0xf0,0x00,0x00,0xfc,0x03,0xf8,0x00,0x00,0xfc,0x03,0xf8,0x00,0x00,0xfe,0x07,0xfc,0x07,0x00,0xff,0xff,0xff,0xff,0xe0,0x7f,
0xff,0x7f,0xff,0xc0,0x7f,0xff,0x3f,0xff,0x80,0x3f,0xfe,0x1f,0xff,0x00,0x0f,0xf8,0x07,0xfc,0x00,0x00,0x80,0x00,0x40,0x00,
0x03,0xff,0x00,0x0f,0xff,0xc0,0x1f,0xff,0xe0,0x3f,0xff,0xf0,0x3f,0xff,0xf0,0x7f,0x03,0xf0,0x7e,0x01,0x80,0xfe,0x00,0x00,
0xfc,0x00,0x00,0xfc,0x00,0x00,0xfc,0x00,0x00,0xfc,0x00,0x00,0xfc,0x00,0x00,0xfc,0x00,0x00,0xfe,0x00,0x00,0x7e,0x01,0x00,
0x7f,0x03,0xe0,0x7f,0xff,0xf0,0x3f,0xff,0xf0,0x1f,0xff,0xe0,0x0f,0xff,0xc0,0x03,0xff,0x00,0x00,0x70,0x00,0x00,0x60,0x00,
0x00,0xfe,0x00,0x00,0xff,0x00,0x00,0x0f,0x00,0x00,0x0f,0x00,0x01,0xfe,0x00,0x01,0xfc,0x00,0x01,0x00,0x00,0x03,0xc0,0x00,
0x07,0xc0,0x00,0x07,0xe0,0x00,0x03,0xf0,0x00,0x01,0xf8,0x00,0x00,0x7c,0x00,0x00,0x00,0x00,0x00,0x00,0x00,0x00,0x00,0x00,
0x00,0x10,0x00,0x01,0xff,0x80,0x07,0xff,0xc0,0x0f,0xff,0xf0,0x1f,0xff,0xf8,0x3f,0xff,0xf8,0x7f,0x01,0xfc,0x7e,0x00,0xfc,
0xfc,0x00,0x7c,0xff,0xff,0xfe,0xff,0xff,0xfe,0xff,0xff,0xfe,0xff,0xff,0xfe,0xfc,0x00,0x00,0xfe,0x00,0x00,0xfe,0x00,0x00,
0x7f,0x00,0x00,0x7f,0x81,0xe0,0x3f,0xff,0xf8,0x3f,0xff,0xf8,0x1f,0xff,0xf0,0x07,0xff,0xe0,0x03,0xff,0x80,0x00,0x18,0x00,
0x00,0x03,0xc0,0x00,0x07,0xe0,0x00,0x07,0xe0,0x00,0x0f,0xc0,0x00,0x1f,0x00,0x00,0x3e,0x00,0x00,0x00,0x00,0x00,0x00,0x00,
0x00,0x00,0x00,0x00,0x10,0x00,0x01,0xff,0x80,0x07,0xff,0xc0,0x0f,0xff,0xf0,0x1f,0xff,0xf8,0x3f,0xff,0xf8,0x7f,0x01,0xfc,
0x7e,0x00,0xfc,0xfc,0x00,0x7c,0xff,0xff,0xfe,0xff,0xff,0xfe,0xff,0xff,0xfe,0xff,0xff,0xfe,0xfc,0x00,0x00,0xfe,0x00,0x00,
0xfe,0x00,0x00,0x7f,0x00,0x00,0x7f,0x81,0xe0,0x3f,0xff,0xf8,0x3f,0xff,0xf8,0x1f,0xff,0xf0,0x07,0xff,0xe0,0x03,0xff,0x80,
0x00,0x18,0x00,0x00,0x3c,0x00,0x00,0xfe,0x00,0x01,0xff,0x80,0x03,0xff,0xc0,0x07,0xe7,0xe0,0x0f,0x83,0xf0,0x00,0x00,0x00,
0x00,0x00,0x00,0x00,0x00,0x00,0x00,0x10,0x00,0x01,0xff,0x80,0x07,0xff,0xc0,0x0f,0xff,0xf0,0x1f,0xff,0xf8,0x3f,0xff,0xf8,
0x7f,0x01,0xfc,0x7e,0x00,0xfc,0xfc,0x00,0x7c,0xff,0xff,0xfe,0xff,0xff,0xfe,0xff,0xff,0xfe,0xff,0xff,0xfe,0xfc,0x00,0x00,
0xfe,0x00,0x00,0xfe,0x00,0x00,0x7f,0x00,0x00,0x7f,0x81,0xe0,0x3f,0xff,0xf8,0x3f,0xff,0xf8,0x1f,0xff,0xf0,0x07,0xff,0xe0,
0x03,0xff,0x80,0x00,0x18,0x00,0x07,0x83,0xc0,0x0f,0xc7,0xe0,0x0f,0xc7,0xe0,0x0f,0xc7,0xe0,0x0f,0xc7,0xe0,0x07,0x83,0xc0,
0x00,0x00,0x00,0x00,0x00,0x00,0x00,0x00,0x00,0x00,0x10,0x00,0x01,0xff,0x80,0x07,0xff,0xc0,0x0f,0xff,0xf0,0x1f,0xff,0xf8,
0x3f,0xff,0xf8,0x7f,0x01,0xfc,0x7c,0x00,0xfc,0xfc,0x00,0xfc,0xff,0xff,0xfe,0xff,0xff,0xfe,0xff,0xff,0xfe,0xff,0xff,0xfe,
0xfc,0x00,0x00,0xfc,0x00,0x00,0xfe,0x00,0x00,0x7e,0x00,0x00,0x7f,0x01,0xc0,0x3f,0xff,0xf8,0x3f,0xff,0xf0,0x1f,0xff,0xf0,
0x07,0xff,0xc0,0x03,0xff,0x80,0x00,0x10,0x00,0xf0,0x00,0xf8,0x00,0xfc,0x00,0x7e,0x00,0x3f,0x00,0x0f,0x00,0x00,0x00,0x00,
0x00,0x00,0x00,0x00,0x00,0xff,0xc0,0xff,0xc0,0xff,0xc0,0xff,0xc0,0xff,0xc0,0x0f,0xc0,0x0f,0xc0,0x0f,0xc0,0x0f,0xc0,0x0f,
0xc0,0x0f,0xc0,0x0f,0xc0,0x0f,0xc0,0x0f,0xc0,0x0f,0xc0,0x0f,0xc0,0x0f,0xc0,0x0f,0xc0,0x0f,0xc0,0x0f,0xc0,0x0f,0xc0,0x0f,
0xc0,0x00,0x78,0x00,0xf8,0x01,0xf8,0x01,0xf0,0x03,0xe0,0x07,0xc0,0x00,0x00,0x00,0x00,0x00,0x00,0x00,0x00,0xff,0xc0,0xff,
0xc0,0xff,0xc0,0xff,0xc0,0xff,0xc0,0x0f,0xc0,0x0f,0xc0,0x0f,0xc0,0x0f,0xc0,0x0f,0xc0,0x0f,0xc0,0x0f,0xc0,0x0f,0xc0,0x0f,
0xc0,0x0f,0xc0,0x0f,0xc0,0x0f,0xc0,0x0f,0xc0,0x0f,0xc0,0x0f,0xc0,0x0f,0xc0,0x0f,0xc0,0x01,0x00,0x07,0xc0,0x0f,0xe0,0x1f,
0xf0,0x3e,0xf8,0x7c,0x7c,0xf8,0x3e,0x00,0x00,0x00,0x00,0x00,0x00,0x00,0x00,0x7f,0xe0,0x7f,0xe0,0x7f,0xe0,0x7f,0xe0,0x7f,
0xe0,0x07,0xe0,0x07,0xe0,0x07,0xe0,0x07,0xe0,0x07,0xe0,0x07,0xe0,0x07,0xe0,0x07,0xe0,0x07,0xe0,0x07,0xe0,0x07,0xe0,0x07,
0xe0,0x07,0xe0,0x07,0xe0,0x07,0xe0,0x07,0xe0,0x07,0xe0,0x78,0x3c,0xfc,0x7e,0xfc,0x7e,0xfc,0x7e,0xfc,0x7e,0x78,0x3c,0x00,
0x00,0x00,0x00,0x00,0x00,0x00,0x00,0x7f,0xe0,0x7f,0xe0,0x7f,0xe0,0x7f,0xe0,0x7f,0xe0,0x07,0xe0,0x07,0xe0,0x07,0xe0,0x07,
0xe0,0x07,0xe0,0x07,0xe0,0x07,0xe0,0x07,0xe0,0x07,0xe0,0x07,0xe0,0x07,0xe0,0x07,0xe0,0x07,0xe0,0x07,0xe0,0x07,0xe0,0x07,
0xe0,0x07,0xe0,0x03,0xe0,0x60,0x03,0xfc,0xf0,0x03,0xff,0xe0,0x03,0xff,0xc0,0x03,0xff,0xe0,0x00,0x3f,0xf0,0x00,0x1f,0xf0,
0x00,0x3f,0xf8,0x00,0x79,0xf8,0x00,0x30,0xfc,0x00,0x00,0xfc,0x00,0x00,0x7c,0x01,0xfc,0x7c,0x07,0xff,0x7e,0x0f,0xff,0xfe,
0x1f,0xff,0xfe,0x3f,0xff,0xfe,0x7f,0x83,0xfe,0x7f,0x01,0xfe,0xfe,0x00,0xfe,0xfe,0x00,0x7e,0xfc,0x00,0x7e,0xfc,0x00,0x7e,
0xfc,0x00,0x7c,0xfe,0x00,0x7c,0xfe,0x00,0xfc,0x7e,0x00,0xfc,0x7f,0x01,0xf8,0x7f,0xff,0xf8,0x3f,0xff,0xf0,0x1f,0xff,0xe0,
0x0f,0xff,0xc0,0x03,0xff,0x00,0x00,0x10,0x00,0x0f,0xc1,0xc0,0x1f,0xf7,0xc0,0x1f,0xff,0xc0,0x3e,0x7f,0x80,0x3c,0x1e,0x00,
0x00,0x00,0x00,0x00,0x00,0x00,0x00,0x00,0x00,0x00,0x08,0x00,0xf8,0x7f,0x80,0xfd,0xff,0xc0,0xff,0xff,0xe0,0xff,0xff,0xe0,
0xff,0xff,0xf0,0xff,0x07,0xf0,0xfe,0x03,0xf0,0xfc,0x03,0xf0,0xfc,0x03,0xf0,0xfc,0x03,0xf0,0xfc,0x03,0xf0,0xfc,0x03,0xf0,
0xfc,0x03,0xf0,0xfc,0x03,0xf0,0xfc,0x03,0xf0,0xfc,0x03,0xf0,0xfc,0x03,0xf0,0xfc,0x03,0xf0,0xfc,0x03,0xf0,0xfc,0x03,0xf0,
0xfc,0x03,0xf0,0xfc,0x03,0xf0,0x07,0x80,0x00,0x07,0xc0,0x00,0x07,0xe0,0x00,0x03,0xf0,0x00,0x01,0xf8,0x00,0x00,0xf8,0x00,
0x00,0x00,0x00,0x00,0x00,0x00,0x00,0x00,0x00,0x00,0x10,0x00,0x03,0xff,0x80,0x0f,0xff,0xc0,0x1f,0xff,0xf0,0x3f,0xff,0xf8,
0x3f,0xff,0xf8,0x7f,0x01,0xfc,0x7e,0x00,0xfc,0xfe,0x00,0xfe,0xfc,0x00,0x7e,0xfc,0x00,0x7e,0xfc,0x00,0x7e,0xfc,0x00,0x7e,
0xfc,0x00,0x7e,0xfc,0x00,0x7e,0xfe,0x00,0xfe,0x7e,0x00,0xfc,0x7f,0x01,0xfc,0x3f,0xff,0xf8,0x3f,0xff,0xf8,0x1f,0xff,0xf0,
0x0f,0xff,0xc0,0x03,0xff,0x80,0x00,0x10,0x00,0x00,0x03,0xc0,0x00,0x07,0xc0,0x00,0x0f,0xc0,0x00,0x1f,0x80,0x00,0x3f,0x00,
0x00,0x3e,0x00,0x00,0x00,0x00,0x00,0x00,0x00,0x00,0x00,0x00,0x00,0x10,0x00,0x03,0xff,0x80,0x0f,0xff,0xc0,0x1f,0xff,0xf0,
0x3f,0xff,0xf8,0x3f,0xff,0xf8,0x7f,0x01,0xfc,0x7e,0x00,0xfc,0xfe,0x00,0xfe,0xfc,0x00,0x7e,0xfc,0x00,0x7e,0xfc,0x00,0x7e,
0xfc,0x00,0x7e,0xfc,0x00,0x7e,0xfc,0x00,0x7e,0xfe,0x00,0xfe,0x7e,0x00,0xfc,0x7f,0x01,0xfc,0x3f,0xff,0xf8,0x3f,0xff,0xf8,
0x1f,0xff,0xf0,0x0f,0xff,0xc0,0x03,0xff,0x80,0x00,0x10,0x00,0x00,0x10,0x00,0x00,0x7c,0x00,0x00,0xfe,0x00,0x01,0xff,0x00,
0x03,0xef,0x80,0x07,0xc7,0xc0,0x1f,0x83,0xf0,0x00,0x00,0x00,0x00,0x00,0x00,0x00,0x00,0x00,0x00,0x10,0x00,0x03,0xff,0x80,
0x0f,0xff,0xc0,0x1f,0xff,0xf0,0x3f,0xff,0xf8,0x3f,0xff,0xf8,0x7f,0x01,0xfc,0x7e,0x00,0xfc,0xfe,0x00,0xfe,0xfc,0x00,0x7e,
0xfc,0x00,0x7e,0xfc,0x00,0x7e,0xfc,0x00,0x7e,0xfc,0x00,0x7e,0xfc,0x00,0x7e,0xfe,0x00,0xfe,0x7e,0x00,0xfc,0x7f,0x01,0xfc,
0x3f,0xff,0xf8,0x3f,0xff,0xf8,0x1f,0xff,0xf0,0x0f,0xff,0xc0,0x03,0xff,0x80,0x00,0x10,0x00,0x03,0xf0,0xf0,0x07,0xfd,0xf0,
0x0f,0xff,0xe0,0x0f,0x3f,0xe0,0x1e,0x0f,0x80,0x00,0x00,0x00,0x00,0x00,0x00,0x00,0x00,0x00,0x00,0x10,0x00,0x03,0xff,0x80,
0x0f,0xff,0xc0,0x1f,0xff,0xf0,0x3f,0xff,0xf8,0x3f,0xff,0xf8,0x7f,0x01,0xfc,0x7e,0x00,0xfc,0xfe,0x00,0xfe,0xfc,0x00,0x7e,
0xfc,0x00,0x7e,0xfc,0x00,0x7e,0xfc,0x00,0x7e,0xfc,0x00,0x7e,0xfc,0x00,0x7e,0xfe,0x00,0xfe,0x7e,0x00,0xfc,0x7f,0x01,0xfc,
0x3f,0xff,0xf8,0x3f,0xff,0xf8,0x1f,0xff,0xf0,0x0f,0xff,0xc0,0x03,0xff,0x80,0x00,0x10,0x00,0x07,0x83,0xc0,0x0f,0xc7,0xe0,
0x0f,0xc7,0xe0,0x0f,0xc7,0xe0,0x0f,0xc7,0xe0,0x07,0x83,0xc0,0x00,0x00,0x00,0x00,0x00,0x00,0x00,0x00,0x00,0x00,0x10,0x00,
0x03,0xff,0x80,0x0f,0xff,0xc0,0x1f,0xff,0xf0,0x3f,0xff,0xf8,0x3f,0xff,0xf8,0x7f,0x01,0xfc,0x7e,0x00,0xfc,0xfe,0x00,0xfe,
0xfc,0x00,0x7e,0xfc,0x00,0x7e,0xfc,0x00,0x7e,0xfc,0x00,0x7e,0xfc,0x00,0x7e,0xfc,0x00,0x7e,0xfe,0x00,0xfe,0x7e,0x00,0xfc,
0x7f,0x01,0xfc,0x3f,0xff,0xf8,0x3f,0xff,0xf8,0x1f,0xff,0xf0,0x0f,0xff,0xc0,0x03,0xff,0x80,0x00,0x10,0x00,0x00,0x78,0x00,
0x00,0xfc,0x00,0x00,0xfc,0x00,0x00,0xfc,0x00,0x00,0xfc,0x00,0x00,0x78,0x00,0x00,0x00,0x00,0x00,0x00,0x00,0xff,0xff,0xfc,
0xff,0xff,0xfc,0xff,0xff,0xfc,0xff,0xff,0xfc,0xff,0xff,0xfc,0x00,0x00,0x00,0x00,0x00,0x00,0x00,0x00,0x00,0x00,0x78,0x00,
0x00,0xfc,0x00,0x00,0xfc,0x00,0x00,0xfc,0x00,0x00,0xfc,0x00,0x00,0x78,0x00,0x00,0x10,0x08,0x03,0xff,0x9c,0x07,0xff,0xfc,
0x1f,0xff,0xf8,0x3f,0xff,0xf8,0x3f,0xff,0xf8,0x7f,0x01,0xfc,0x7e,0x03,0xfc,0xfe,0x07,0xfe,0xfc,0x0f,0x7e,0xfc,0x1e,0x7e,
0xfc,0x3c,0x7e,0xfc,0x78,0x7e,0xfc,0xf0,0x7e,0xfd,0xe0,0x7e,0xff,0xc0,0xfe,0x7f,0x80,0xfc,0x7f,0x01,0xfc,0x3f,0xff,0xf8,
0x3f,0xff,0xf8,0x3f,0xff,0xf0,0x7f,0xff,0xc0,0x73,0xff,0x80,0x20,0x10,0x00,0x04,0x00,0x00,0x0f,0x00,0x00,0x1f,0x80,0x00,
0x0f,0x80,0x00,0x0f,0xc0,0x00,0x03,0xe0,0x00,0x01,0xf0,0x00,0x00,0x00,0x00,0x00,0x00,0x00,0x00,0x00,0x00,0x00,0x00,0x00,
0xfc,0x03,0xf0,0xfc,0x03,0xf0,0xfc,0x03,0xf0,0xfc,0x03,0xf0,0xfc,0x03,0xf0,0xfc,0x03,0xf0,0xfc,0x03,0xf0,0xfc,0x03,0xf0,
0xfc,0x03,0xf0,0xfc,0x03,0xf0,0xfc,0x03,0xf0,0xfc,0x03,0xf0,0xfc,0x03,0xf0,0xfc,0x03,0xf0,0xfc,0x03,0xf0,0xfc,0x07,0xf0,
0xfe,0x07,0xf0,0xff,0xff,0xf0,0x7f,0xff,0xf0,0x7f,0xff,0xf0,0x3f,0xfb,0xf0,0x1f,0xe1,0xf0,0x01,0x00,0x00,0x00,0x0f,0x00,
0x00,0x1f,0x80,0x00,0x1f,0x80,0x00,0x3f,0x00,0x00,0x7e,0x00,0x00,0xf8,0x00,0x00,0x00,0x00,0x00,0x00,0x00,0x00,0x00,0x00,
0x00,0x00,0x00,0xfc,0x03,0xf0,0xfc,0x03,0xf0,0xfc,0x03,0xf0,0xfc,0x03,0xf0,0xfc,0x03,0xf0,0xfc,0x03,0xf0,0xfc,0x03,0xf0,
0xfc,0x03,0xf0,0xfc,0x03,0xf0,0xfc,0x03,0xf0,0xfc,0x03,0xf0,0xfc,0x03,0xf0,0xfc,0x03,0xf0,0xfc,0x03,0xf0,0xfc,0x03,0xf0,
0xfc,0x07,0xf0,0xfe,0x07,0xf0,0xff,0xff,0xf0,0x7f,0xff,0xf0,0x7f,0xff,0xf0,0x3f,0xfb,0xf0,0x1f,0xe1,0xf0,0x01,0x00,0x00,
0x00,0xf0,0x00,0x01,0xf8,0x00,0x03,0xfe,0x00,0x0f,0xff,0x00,0x1f,0x9f,0x80,0x3f,0x07,0xc0,0x00,0x00,0x00,0x00,0x00,0x00,
0x00,0x00,0x00,0x00,0x00,0x00,0xfc,0x03,0xf0,0xfc,0x03,0xf0,0xfc,0x03,0xf0,0xfc,0x03,0xf0,0xfc,0x03,0xf0,0xfc,0x03,0xf0,
0xfc,0x03,0xf0,0xfc,0x03,0xf0,0xfc,0x03,0xf0,0xfc,0x03,0xf0,0xfc,0x03,0xf0,0xfc,0x03,0xf0,0xfc,0x03,0xf0,0xfc,0x03,0xf0,
0xfc,0x03,0xf0,0xfc,0x07,0xf0,0xfe,0x07,0xf0,0xff,0xff,0xf0,0x7f,0xff,0xf0,0x7f,0xff,0xf0,0x3f,0xfb,0xf0,0x1f,0xe1,0xf0,
0x01,0x00,0x00,0x0f,0x0f,0x00,0x1f,0x9f,0x80,0x1f,0x9f,0x80,0x1f,0x9f,0x80,0x1f,0x9f,0x80,0x0f,0x0f,0x00,0x00,0x00,0x00,
0x00,0x00,0x00,0x00,0x00,0x00,0x00,0x00,0x00,0xfc,0x03,0xf0,0xfc,0x03,0xf0,0xfc,0x03,0xf0,0xfc,0x03,0xf0,0xfc,0x03,0xf0,
0xfc,0x03,0xf0,0xfc,0x03,0xf0,0xfc,0x03,0xf0,0xfc,0x03,0xf0,0xfc,0x03,0xf0,0xfc,0x03,0xf0,0xfc,0x03,0xf0,0xfc,0x03,0xf0,
0xfc,0x03,0xf0,0xfc,0x03,0xf0,0xfc,0x07,0xf0,0xfe,0x07,0xf0,0xff,0xff,0xf0,0x7f,0xff,0xf0,0x7f,0xff,0xf0,0x3f,0xfb,0xf0,
0x1f,0xe1,0xf0,0x01,0x00,0x00,0x00,0x07,0x00,0x00,0x0f,0x80,0x00,0x0f,0x80,0x00,0x1f,0x80,0x00,0x3f,0x00,0x00,0x7e,0x00,
0x00,0x7c,0x00,0x00,0x00,0x00,0x00,0x00,0x00,0x00,0x00,0x00,0x00,0x00,0x00,0xfc,0x01,0xf8,0xfe,0x03,0xf8,0xfe,0x03,0xf0,
0x7e,0x03,0xf0,0x7f,0x07,0xf0,0x3f,0x07,0xe0,0x3f,0x07,0xe0,0x3f,0x07,0xe0,0x1f,0x8f,0xc0,0x1f,0x8f,0xc0,0x0f,0x8f,0xc0,
0x0f,0xdf,0x80,0x0f,0xdf,0x80,0x07,0xdf,0x00,0x07,0xff,0x00,0x07,0xff,0x00,0x03,0xfe,0x00,0x03,0xfe,0x00,0x01,0xfe,0x00,
0x01,0xfc,0x00,0x01,0xfc,0x00,0x00,0xf8,0x00,0x01,0xf8,0x00,0x03,0xf8,0x00,0x3f,0xf0,0x00,0x3f,0xf0,0x00,0x3f,0xe0,0x00,
0x3f,0xc0,0x00,0x3f,0x00,0x00,0xfc,0x00,0x00,0xfc,0x00,0x00,0xfc,0x00,0x00,0xfc,0x00,0x00,0xfc,0x00,0x00,0xfc,0x00,0x00,
0xfc,0x00,0x00,0xfc,0x00,0x00,0xfc,0x00,0x00,0xfc,0x08,0x00,0xfc,0x7f,0x80,0xfd,0xff,0xc0,0xfd,0xff,0xe0,0xff,0xff,0xf0,
0xff,0xff,0xf8,0xff,0x03,0xf8,0xfe,0x01,0xf8,0xfc,0x01,0xfc,0xfc,0x00,0xfc,0xfc,0x00,0xfc,0xfc,0x00,0xfc,0xfc,0x00,0xfc,
0xfc,0x00,0xfc,0xfc,0x00,0xfc,0xfc,0x01,0xfc,0xfe,0x01,0xf8,0xff,0x03,0xf8,0xff,0xff,0xf8,0xff,0xff,0xf0,0xff,0xff,0xe0,
0xfd,0xff,0xc0,0xfc,0x7f,0x80,0xfc,0x08,0x00,0xfc,0x00,0x00,0xfc,0x00,0x00,0xfc,0x00,0x00,0xfc,0x00,0x00,0xfc,0x00,0x00,
0xfc,0x00,0x00,0x0f,0x07,0x80,0x1f,0x8f,0xc0,0x1f,0x8f,0xc0,0x1f,0x8f,0xc0,0x1f,0x8f,0xc0,0x0f,0x07,0x80,0x00,0x00,0x00,
0x00,0x00,0x00,0x00,0x00,0x00,0x00,0x00,0x00,0x00,0x00,0x00,0xfc,0x01,0xf8,0xfe,0x01,0xf8,0xfe,0x03,0xf8,0x7e,0x03,0xf0,
0x7f,0x03,0xf0,0x3f,0x07,0xe0,0x3f,0x07,0xe0,0x3f,0x07,0xe0,0x1f,0x8f,0xc0,0x1f,0x8f,0xc0,0x0f,0x8f,0xc0,0x0f,0xdf,0x80,
0x0f,0xdf,0x80,0x07,0xdf,0x00,0x07,0xff,0x00,0x07,0xff,0x00,0x03,0xfe,0x00,0x03,0xfe,0x00,0x01,0xfe,0x00,0x01,0xfc,0x00,
0x01,0xfc,0x00,0x00,0xf8,0x00,0x01,0xf8,0x00,0x03,0xf8,0x00,0x3f,0xf0,0x00,0x3f,0xf0,0x00,0x3f,0xe0,0x00,0x3f,0xc0,0x00,
0x3f,0x00,0x00,0x00,0xff,0xf8,0x00,0x00,0xff,0xf8,0x00,0x00,0xff,0xf8,0x00,0x00,0xff,0xf8,0x00,0x00,0x00,0x00,0x00,0x00,
0x00,0x00,0x00,0x00,0x00,0x00,0x00,0x00,0x00,0x00,0x00,0x00,0x1f,0xc0,0x00,0x00,0x3f,0xe0,0x00,0x00,0x3f,0xe0,0x00,0x00,
0x3f,0xe0,0x00,0x00,0x7f,0xf0,0x00,0x00,0x7f,0xf0,0x00,0x00,0x7f,0xf0,0x00,0x00,0xfd,0xf8,0x00,0x00,0xfd,0xf8,0x00,0x01,
0xfd,0xfc,0x00,0x01,0xf8,0xfc,0x00,0x01,0xf8,0xfc,0x00,0x03,0xf8,0xfe,0x00,0x03,0xf0,0x7e,0x00,0x03,0xf0,0x7e,0x00,0x07,
0xf0,0x7f,0x00,0x07,0xe0,0x3f,0x00,0x0f,0xe0,0x3f,0x80,0x0f,0xe0,0x3f,0x80,0x0f,0xff,0xff,0x80,0x1f,0xff,0xff,0xc0,0x1f,
0xff,0xff,0xc0,0x1f,0xff,0xff,0xc0,0x3f,0xff,0xff,0xe0,0x3f,0x80,0x0f,0xe0,0x3f,0x00,0x07,0xf0,0x7f,0x00,0x07,0xf0,0x7f,
0x00,0x07,0xf0,0xfe,0x00,0x03,0xf8,0xfe,0x00,0x03,0xf8,0x0f,0xff,0x80,0x0f,0xff,0x80,0x0f,0xff,0x80,0x0f,0xff,0x80,0x00,
0x00,0x00,0x00,0x00,0x00,0x00,0x00,0x00,0x00,0x00,0x00,0x03,0xff,0x80,0x0f,0xff,0xc0,0x1f,0xff,0xe0,0x3f,0xff,0xf0,0x3f,
0xff,0xf0,0x3e,0x03,0xf8,0x06,0x01,0xf8,0x00,0x01,0xf8,0x00,0x01,0xf8,0x00,0xff,0xf8,0x07,0xff,0xf8,0x1f,0xff,0xf8,0x7f,
0xc1,0xf8,0x7e,0x01,0xf8,0xfc,0x01,0xf8,0xfc,0x03,0xf8,0xfe,0x07,0xf8,0xff,0xff,0xf8,0xff,0xff,0xf8,0x7f,0xff,0xf8,0x3f,
0xfd,0xf8,0x1f,0xf0,0xfc,0x01,0x80,0x00,0x00,0x70,0x38,0x00,0x00,0x78,0x78,0x00,0x00,0x78,0xf8,0x00,0x00,0x3f,0xf0,0x00,
0x00,0x1f,0xe0,0x00,0x00,0x0f,0xc0,0x00,0x00,0x00,0x00,0x00,0x00,0x00,0x00,0x00,0x00,0x00,0x00,0x00,0x00,0x1f,0xe0,0x00,
0x00,0x1f,0xe0,0x00,0x00,0x3f,0xe0,0x00,0x00,0x3f,0xf0,0x00,0x00,0x3f,0xf0,0x00,0x00,0x7f,0xf8,0x00,0x00,0x7f,0xf8,0x00,
0x00,0x7f,0xf8,0x00,0x00,0xfd,0xfc,0x00,0x00,0xfc,0xfc,0x00,0x01,0xfc,0xfc,0x00,0x01,0xf8,0xfe,0x00,0x01,0xf8,0x7e,0x00,
0x03,0xf8,0x7e,0x00,0x03,0xf0,0x7f,0x00,0x03,0xf0,0x3f,0x00,0x07,0xf0,0x3f,0x80,0x07,0xe0,0x3f,0x80,0x07,0xe0,0x1f,0x80,
0x0f,0xff,0xff,0xc0,0x0f,0xff,0xff,0xc0,0x1f,0xff,0xff,0xc0,0x1f,0xff,0xff,0xe0,0x1f,0xff,0xff,0xe0,0x3f,0x80,0x07,0xf0,
0x3f,0x80,0x07,0xf0,0x3f,0x00,0x03,0xf0,0x7f,0x00,0x03,0xf8,0x7f,0x00,0x03,0xf8,0xfe,0x00,0x03,0xf8,0x0f,0x03,0xc0,0x07,
0x87,0x80,0x07,0xff,0x80,0x03,0xff,0x00,0x00,0xfc,0x00,0x00,0x00,0x00,0x00,0x00,0x00,0x00,0x00,0x00,0x00,0x00,0x00,0x03,
0xff,0x80,0x0f,0xff,0xc0,0x1f,0xff,0xe0,0x3f,0xff,0xf0,0x3f,0xff,0xf0,0x3e,0x03,0xf8,0x06,0x01,0xf8,0x00,0x01,0xf8,0x00,
0x01,0xf8,0x00,0xff,0xf8,0x07,0xff,0xf8,0x1f,0xff,0xf8,0x7f,0xc1,0xf8,0x7e,0x01,0xf8,0xfc,0x01,0xf8,0xfc,0x03,0xf8,0xfe,
0x07,0xf8,0xff,0xff,0xf8,0xff,0xff,0xf8,0x7f,0xff,0xf8,0x3f,0xfc,0xf8,0x1f,0xf0,0xfc,0x01,0x80,0x00,0x00,0x1f,0xc0,0x00,
0x00,0x3f,0xe0,0x00,0x00,0x3f,0xe0,0x00,0x00,0x3f,0xe0,0x00,0x00,0x7f,0xf0,0x00,0x00,0x7f,0xf0,0x00,0x00,0x7f,0xf0,0x00,
0x00,0xfd,0xf8,0x00,0x00,0xfd,0xf8,0x00,0x01,0xfd,0xfc,0x00,0x01,0xf8,0xfc,0x00,0x01,0xf8,0xfc,0x00,0x03,0xf8,0xfe,0x00,
0x03,0xf0,0x7e,0x00,0x03,0xf0,0x7e,0x00,0x07,0xf0,0x7f,0x00,0x07,0xe0,0x3f,0x00,0x07,0xe0,0x3f,0x00,0x0f,0xe0,0x3f,0x80,
0x0f,0xff,0xff,0x80,0x1f,0xff,0xff,0xc0,0x1f,0xff,0xff,0xc0,0x1f,0xff,0xff,0xc0,0x3f,0xff,0xff,0xe0,0x3f,0x80,0x0f,0xe0,
0x3f,0x00,0x07,0xe0,0x7f,0x00,0x07,0xf0,0x7f,0x00,0x07,0xf0,0xfe,0x00,0x03,0xf0,0xfe,0x00,0x03,0xf8,0x00,0x00,0x03,0xe0,
0x00,0x00,0x07,0xc0,0x00,0x00,0x0f,0x80,0x00,0x00,0x0f,0x80,0x00,0x00,0x0f,0x80,0x00,0x00,0x0f,0xf8,0x00,0x00,0x07,0xf8,
0x00,0x00,0x01,0xf8,0x03,0xff,0x80,0x0f,0xff,0xc0,0x1f,0xff,0xe0,0x3f,0xff,0xf0,0x3f,0xff,0xf0,0x3e,0x03,0xf8,0x06,0x01,
0xf8,0x00,0x01,0xf8,0x00,0x01,0xf8,0x00,0xff,0xf8,0x07,0xff,0xf8,0x1f,0xff,0xf8,0x7f,0xc1,0xf8,0x7e,0x01,0xf8,0xfc,0x01,
0xf8,0xfc,0x03,0xf8,0xfe,0x07,0xf8,0xff,0xff,0xf8,0xff,0xff,0xf8,0x7f,0xff,0xf8,0x3f,0xfd,0xf8,0x1f,0xf1,0xf8,0x01,0x83,
0xf0,0x00,0x07,0xc0,0x00,0x0f,0x80,0x00,0x0f,0x80,0x00,0x0f,0x80,0x00,0x0f,0xfc,0x00,0x07,0xfc,0x00,0x01,0xfc,0x00,0x00,
0x38,0x00,0x00,0x00,0xf8,0x00,0x00,0x00,0xf8,0x00,0x00,0x01,0xf8,0x00,0x00,0x03,0xf0,0x00,0x00,0x07,0xe0,0x00,0x00,0x0f,
0xc0,0x00,0x00,0x00,0x00,0x00,0x00,0x00,0x00,0x00,0x00,0x02,0x00,0x00,0x00,0x7f,0xf0,0x00,0x01,0xff,0xfc,0x00,0x07,0xff,
0xff,0x00,0x0f,0xff,0xff,0x80,0x1f,0xff,0xff,0xc0,0x1f,0xc0,0x3f,0xc0,0x3f,0x80,0x0f,0xc0,0x7f,0x00,0x0e,0x00,0x7e,0x00,
0x00,0x00,0x7e,0x00,0x00,0x00,0xfe,0x00,0x00,0x00,0xfc,0x00,0x00,0x00,0xfc,0x00,0x00,0x00,0xfc,0x00,0x00,0x00,0xfc,0x00,
0x00,0x00,0xfc,0x00,0x00,0x00,0xfc,0x00,0x00,0x00,0xfc,0x00,0x00,0x00,0xfc,0x00,0x00,0x00,0xfe,0x00,0x00,0x00,0x7e,0x00,
0x00,0x00,0x7e,0x00,0x00,0x00,0x7f,0x00,0x06,0x00,0x3f,0x80,0x0f,0xc0,0x3f,0xc0,0x3f,0xc0,0x1f,0xff,0xff,0xc0,0x0f,0xff,
0xff,0x80,0x07,0xff,0xff,0x00,0x01,0xff,0xfc,0x00,0x00,0x7f,0xf0,0x00,0x00,0x03,0x00,0x00,0x00,0x03,0xc0,0x00,0x07,0xc0,
0x00,0x0f,0xc0,0x00,0x1f,0x80,0x00,0x3f,0x00,0x00,0x7c,0x00,0x00,0x00,0x00,0x00,0x00,0x00,0x00,0x00,0x00,0x00,0x00,0x00,
0x03,0xff,0x00,0x0f,0xff,0xc0,0x1f,0xff,0xe0,0x3f,0xff,0xf0,0x3f,0xff,0xf0,0x7f,0x03,0xf0,0x7e,0x01,0x80,0xfe,0x00,0x00,
0xfc,0x00,0x00,0xfc,0x00,0x00,0xfc,0x00,0x00,0xfc,0x00,0x00,0xfc,0x00,0x00,0xfc,0x00,0x00,0xfe,0x00,0x00,0x7e,0x01,0x00,
0x7f,0x03,0xe0,0x3f,0xff,0xf0,0x3f,0xff,0xf0,0x1f,0xff,0xe0,0x0f,0xff,0xc0,0x03,0xff,0x00,0x00,0x10,0x00,0xff,0xff,0xe0,
0xc0,0x00,0x60,0xc0,0x00,0x60,0xa0,0x00,0xa0,0xa0,0x00,0xa0,0x90,0x01,0x20,0x88,0x02,0x20,0x88,0x02,0x20,0x84,0x04,0x20,
0x84,0x04,0x20,0x82,0x08,0x20,0x81,0x10,0x20,0x81,0x10,0x20,0x80,0xa0,0x20,0x80,0xa0,0x20,0x80,0x40,0x20,0x80,0xa0,0x20,
0x80,0xa0,0x20,0x81,0x10,0x20,0x81,0x10,0x20,0x82,0x08,0x20,0x84,0x04,0x20,0x84,0x04,0x20,0x88,0x02,0x20,0x88,0x02,0x20,
0x90,0x01,0x20,0xa0,0x00,0xa0,0xa0,0x00,0xa0,0xc0,0x00,0x60,0xc0,0x00,0x60,0xff,0xff,0xe0,0xff,0xff,0xe0,0xc0,0x00,0x60,
0xc0,0x00,0x60,0xa0,0x00,0xa0,0xa0,0x00,0xa0,0x90,0x01,0x20,0x88,0x02,0x20,0x88,0x02,0x20,0x84,0x04,0x20,0x84,0x04,0x20,
0x82,0x08,0x20,0x81,0x10,0x20,0x81,0x10,0x20,0x80,0xa0,0x20,0x80,0xa0,0x20,0x80,0x40,0x20,0x80,0xa0,0x20,0x80,0xa0,0x20,
0x81,0x10,0x20,0x81,0x10,0x20,0x82,0x08,0x20,0x84,0x04,0x20,0x84,0x04,0x20,0x88,0x02,0x20,0x88,0x02,0x20,0x90,0x01,0x20,
0xa0,0x00,0xa0,0xa0,0x00,0xa0,0xc0,0x00,0x60,0xc0,0x00,0x60,0xff,0xff,0xe0,0x00,0x07,0x80,0x00,0x00,0x0f,0xc0,0x00,0x00,
0x0f,0xc0,0x00,0x00,0x0f,0xc0,0x00,0x00,0x0f,0xc0,0x00,0x00,0x07,0x80,0x00,0x00,0x00,0x00,0x00,0x00,0x00,0x00,0x00,0x00,
0x00,0x00,0x00,0x00,0x7f,0xf0,0x00,0x01,0xff,0xfc,0x00,0x07,0xff,0xff,0x00,0x0f,0xff,0xff,0x80,0x1f,0xff,0xff,0xc0,0x1f,
0xe0,0x3f,0xe0,0x3f,0x80,0x0f,0xc0,0x7f,0x00,0x06,0x00,0x7f,0x00,0x00,0x00,0x7e,0x00,0x00,0x00,0xfe,0x00,0x00,0x00,0xfc,
0x00,0x00,0x00,0xfc,0x00,0x00,0x00,0xfc,0x00,0x00,0x00,0xfc,0x00,0x00,0x00,0xfc,0x00,0x00,0x00,0xfc,0x00,0x00,0x00,0xfc,
0x00,0x00,0x00,0xfc,0x00,0x00,0x00,0xfe,0x00,0x00,0x00,0x7e,0x00,0x00,0x00,0x7f,0x00,0x00,0x00,0x7f,0x00,0x06,0x00,0x3f,
0x80,0x0f,0xc0,0x3f,0xc0,0x1f,0xe0,0x1f,0xff,0xff,0xc0,0x0f,0xff,0xff,0x80,0x07,0xff,0xff,0x00,0x01,0xff,0xfc,0x00,0x00,
0x7f,0xf0,0x00,0x00,0x03,0x00,0x00,0x00,0x78,0x00,0x00,0xfc,0x00,0x00,0xfc,0x00,0x00,0xfc,0x00,0x00,0xfc,0x00,0x00,0x78,
0x00,0x00,0x00,0x00,0x00,0x00,0x00,0x00,0x00,0x00,0x00,0x20,0x00,0x03,0xff,0x00,0x0f,0xff,0x80,0x1f,0xff,0xc0,0x3f,0xff,
0xe0,0x3f,0xff,0xf0,0x7f,0x03,0xe0,0x7e,0x01,0x80,0xfe,0x00,0x00,0xfc,0x00,0x00,0xfc,0x00,0x00,0xfc,0x00,0x00,0xfc,0x00,
0x00,0xfc,0x00,0x00,0xfc,0x00,0x00,0xfe,0x00,0x00,0x7e,0x00,0x00,0x7f,0x03,0xc0,0x3f,0xff,0xf0,0x3f,0xff,0xe0,0x1f,0xff,
0xc0,0x0f,0xff,0x80,0x03,0xfe,0x00,0x00,0x20,0x00,0x07,0xe0,0x7c,0x00,0x01,0xf0,0xf8,0x00,0x00,0xf9,0xf0,0x00,0x00,0x7f,
0xe0,0x00,0x00,0x3f,0xc0,0x00,0x00,0x1f,0x80,0x00,0x00,0x0f,0x00,0x00,0x00,0x00,0x00,0x00,0x00,0x00,0x00,0x00,0x00,0x00,
0x00,0x00,0x00,0x7f,0xf0,0x00,0x01,0xff,0xfc,0x00,0x07,0xff,0xfe,0x00,0x0f,0xff,0xff,0x00,0x1f,0xff,0xff,0x80,0x3f,0xc0,
0x7f,0x80,0x3f,0x80,0x1f,0x80,0x7f,0x00,0x0c,0x00,0x7e,0x00,0x00,0x00,0x7e,0x00,0x00,0x00,0xfe,0x00,0x00,0x00,0xfc,0x00,
0x00,0x00,0xfc,0x00,0x00,0x00,0xfc,0x00,0x00,0x00,0xfc,0x00,0x00,0x00,0xfc,0x00,0x00,0x00,0xfc,0x00,0x00,0x00,0xfc,0x00,
0x00,0x00,0xfc,0x00,0x00,0x00,0xfe,0x00,0x00,0x00,0x7e,0x00,0x00,0x00,0x7e,0x00,0x00,0x00,0x7f,0x00,0x0c,0x00,0x3f,0x80,
0x1f,0x80,0x3f,0xc0,0x3f,0xc0,0x1f,0xff,0xff,0x80,0x0f,0xff,0xff,0x00,0x07,0xff,0xfe,0x00,0x03,0xff,0xfc,0x00,0x00,0xff,
0xf0,0x00,0x00,0x06,0x00,0x00,0x1f,0x03,0xe0,0x0f,0x87,0xc0,0x07,0xcf,0x80,0x03,0xff,0x00,0x01,0xfe,0x00,0x00,0xfc,0x00,
0x00,0x78,0x00,0x00,0x10,0x00,0x00,0x00,0x00,0x00,0x00,0x00,0x00,0x20,0x00,0x03,0xff,0x00,0x0f,0xff,0x80,0x1f,0xff,0xe0,
0x3f,0xff,0xe0,0x3f,0xff,0xf0,0x7f,0x03,0xf0,0x7e,0x01,0x80,0xfe,0x00,0x00,0xfc,0x00,0x00,0xfc,0x00,0x00,0xfc,0x00,0x00,
0xfc,0x00,0x00,0xfc,0x00,0x00,0xfc,0x00,0x00,0xfe,0x00,0x00,0x7e,0x01,0x00,0x7f,0x03,0xc0,0x3f,0xff,0xf0,0x3f,0xff,0xe0,
0x1f,0xff,0xe0,0x0f,0xff,0x80,0x03,0xff,0x00,0x00,0x20,0x00,0x1f,0x81,0xf8,0x00,0x0f,0xc3,0xe0,0x00,0x03,0xe7,0xc0,0x00,
0x01,0xff,0x80,0x00,0x00,0xff,0x00,0x00,0x00,0x7e,0x00,0x00,0x00,0x3c,0x00,0x00,0x00,0x00,0x00,0x00,0x00,0x00,0x00,0x00,
0x00,0x00,0x00,0x00,0xff,0xfe,0x00,0x00,0xff,0xff,0xc0,0x00,0xff,0xff,0xf0,0x00,0xff,0xff,0xfc,0x00,0xff,0xff,0xfe,0x00,
0xfc,0x03,0xfe,0x00,0xfc,0x00,0xff,0x00,0xfc,0x00,0x3f,0x80,0xfc,0x00,0x3f,0x80,0xfc,0x00,0x1f,0x80,0xfc,0x00,0x1f,0xc0,
0xfc,0x00,0x0f,0xc0,0xfc,0x00,0x0f,0xc0,0xfc,0x00,0x0f,0xc0,0xfc,0x00,0x0f,0xc0,0xfc,0x00,0x0f,0xc0,0xfc,0x00,0x0f,0xc0,
0xfc,0x00,0x0f,0xc0,0xfc,0x00,0x0f,0xc0,0xfc,0x00,0x1f,0xc0,0xfc,0x00,0x1f,0x80,0xfc,0x00,0x3f,0x80,0xfc,0x00,0x3f,0x80,
0xfc,0x00,0xff,0x00,0xfc,0x03,0xfe,0x00,0xff,0xff,0xfe,0x00,0xff,0xff,0xfc,0x00,0xff,0xff,0xf0,0x00,0xff,0xff,0xc0,0x00,
0xff,0xfe,0x00,0x00,0x00,0x00,0xfc,0x38,0x00,0x00,0xfc,0x7c,0x00,0x00,0xfc,0x7c,0x00,0x00,0xfc,0x78,0x00,0x00,0xfc,0x78,
0x00,0x00,0xfc,0xf8,0x00,0x00,0xfc,0xf0,0x00,0x00,0xfc,0xf0,0x00,0x00,0xfc,0x00,0x00,0x00,0xfc,0x00,0x07,0xf8,0xfc,0x00,
0x0f,0xfe,0xfc,0x00,0x1f,0xff,0xfc,0x00,0x3f,0xff,0xfc,0x00,0x7f,0xff,0xfc,0x00,0x7f,0x03,0xfc,0x00,0x7e,0x01,0xfc,0x00,
0xfe,0x00,0xfc,0x00,0xfc,0x00,0xfc,0x00,0xfc,0x00,0xfc,0x00,0xfc,0x00,0xfc,0x00,0xfc,0x00,0xfc,0x00,0xfc,0x00,0xfc,0x00,
0xfc,0x00,0xfc,0x00,0xfe,0x00,0xfc,0x00,0x7e,0x01,0xfc,0x00,0x7f,0x03,0xfc,0x00,0x7f,0xff,0xfc,0x00,0x3f,0xff,0xfc,0x00,
0x1f,0xff,0xfc,0x00,0x0f,0xfe,0x7c,0x00,0x07,0xf8,0x7e,0x00,0x00,0x40,0x00,0x00,0x1f,0xff,0xc0,0x00,0x1f,0xff,0xf8,0x00,
0x1f,0xff,0xfe,0x00,0x1f,0xff,0xff,0x80,0x1f,0xff,0xff,0xc0,0x1f,0x80,0x7f,0xc0,0x1f,0x80,0x1f,0xe0,0x1f,0x80,0x07,0xf0,
0x1f,0x80,0x07,0xf0,0x1f,0x80,0x03,0xf0,0x1f,0x80,0x03,0xf8,0x1f,0x80,0x01,0xf8,0xff,0xff,0x01,0xf8,0xff,0xff,0x01,0xf8,
0xff,0xff,0x01,0xf8,0xff,0xff,0x01,0xf8,0xff,0xff,0x01,0xf8,0x1f,0x80,0x01,0xf8,0x1f,0x80,0x01,0xf8,0x1f,0x80,0x03,0xf8,
0x1f,0x80,0x03,0xf0,0x1f,0x80,0x07,0xf0,0x1f,0x80,0x07,0xf0,0x1f,0x80,0x1f,0xe0,0x1f,0x80,0x7f,0xc0,0x1f,0xff,0xff,0xc0,
0x1f,0xff,0xff,0x80,0x1f,0xff,0xfe,0x00,0x1f,0xff,0xf8,0x00,0x1f,0xff,0xc0,0x00,0x00,0x00,0xfc,0x00,0x00,0x00,0xfc,0x00,
0x00,0x00,0xfc,0x00,0x00,0x00,0xfc,0x00,0x00,0x3f,0xff,0xc0,0x00,0x3f,0xff,0xc0,0x00,0x3f,0xff,0xc0,0x00,0x00,0xfc,0x00,
0x00,0x00,0xfc,0x00,0x00,0x00,0xfc,0x00,0x07,0xf8,0xfc,0x00,0x0f,0xfe,0xfc,0x00,0x1f,0xff,0xfc,0x00,0x3f,0xff,0xfc,0x00,
0x7f,0xff,0xfc,0x00,0x7f,0x03,0xfc,0x00,0x7e,0x01,0xfc,0x00,0xfe,0x01,0xfc,0x00,0xfc,0x00,0xfc,0x00,0xfc,0x00,0xfc,0x00,
0xfc,0x00,0xfc,0x00,0xfc,0x00,0xfc,0x00,0xfc,0x00,0xfc,0x00,0xfc,0x00,0xfc,0x00,0xfe,0x01,0xfc,0x00,0x7e,0x01,0xfc,0x00,
0x7f,0x03,0xfc,0x00,0x7f,0xff,0xfc,0x00,0x3f,0xff,0xfc,0x00,0x1f,0xff,0xfc,0x00,0x0f,0xfe,0xfc,0x00,0x07,0xf8,0x7e,0x00,
0x00,0x40,0x00,0x00,0x07,0xff,0xc0,0x07,0xff,0xc0,0x07,0xff,0xc0,0x07,0xff,0xc0,0x00,0x00,0x00,0x00,0x00,0x00,0x00,0x00,
0x00,0x00,0x00,0x00,0xff,0xff,0xfc,0xff,0xff,0xfc,0xff,0xff,0xfc,0xff,0xff,0xfc,0xff,0xff,0xfc,0xff,0xff,0xfc,0xfc,0x00,
0x00,0xfc,0x00,0x00,0xfc,0x00,0x00,0xfc,0x00,0x00,0xfc,0x00,0x00,0xff,0xff,0x80,0xff,0xff,0x80,0xff,0xff,0x80,0xff,0xff,
0x80,0xff,0xff,0x80,0xff,0xff,0x80,0xfc,0x00,0x00,0xfc,0x00,0x00,0xfc,0x00,0x00,0xfc,0x00,0x00,0xfc,0x00,0x00,0xfc,0x00,
0x00,0xfc,0x00,0x00,0xff,0xff,0xfc,0xff,0xff,0xfc,0xff,0xff,0xfc,0xff,0xff,0xfc,0xff,0xff,0xfc,0xff,0xff,0xfc,0x07,0xff,
0xc0,0x07,0xff,0xc0,0x07,0xff,0xc0,0x07,0xff,0xc0,0x00,0x00,0x00,0x00,0x00,0x00,0x00,0x00,0x00,0x00,0x10,0x00,0x01,0xff,
0x80,0x07,0xff,0xc0,0x0f,0xff,0xf0,0x1f,0xff,0xf8,0x3f,0xff,0xf8,0x7f,0x01,0xfc,0x7c,0x00,0xfc,0xfc,0x00,0xfc,0xff,0xff,
0xfe,0xff,0xff,0xfe,0xff,0xff,0xfe,0xff,0xff,0xfe,0xfc,0x00,0x00,0xfc,0x00,0x00,0xfe,0x00,0x00,0x7e,0x00,0x00,0x7f,0x01,
0xc0,0x3f,0xff,0xf8,0x3f,0xff,0xf8,0x1f,0xff,0xf0,0x07,0xff,0xc0,0x03,0xff,0x80,0x00,0x18,0x00,0xff,0xff,0xe0,0xc0,0x00,
0x60,0xc0,0x00,0x60,0xa0,0x00,0xa0,0xa0,0x00,0xa0,0x90,0x01,0x20,0x88,0x02,0x20,0x88,0x02,0x20,0x84,0x04,0x20,0x84,0x04,
0x20,0x82,0x08,0x20,0x81,0x10,0x20,0x81,0x10,0x20,0x80,0xa0,0x20,0x80,0xa0,0x20,0x80,0x40,0x20,0x80,0xa0,0x20,0x80,0xa0,
0x20,0x81,0x10,0x20,0x81,0x10,0x20,0x82,0x08,0x20,0x84,0x04,0x20,0x84,0x04,0x20,0x88,0x02,0x20,0x88,0x02,0x20,0x90,0x01,
0x20,0xa0,0x00,0xa0,0xa0,0x00,0xa0,0xc0,0x00,0x60,0xc0,0x00,0x60,0xff,0xff,0xe0,0xff,0xff,0xe0,0xc0,0x00,0x60,0xc0,0x00,
0x60,0xa0,0x00,0xa0,0xa0,0x00,0xa0,0x90,0x01,0x20,0x88,0x02,0x20,0x88,0x02,0x20,0x84,0x04,0x20,0x84,0x04,0x20,0x82,0x08,
0x20,0x81,0x10,0x20,0x81,0x10,0x20,0x80,0xa0,0x20,0x80,0xa0,0x20,0x80,0x40,0x20,0x80,0xa0,0x20,0x80,0xa0,0x20,0x81,0x10,
0x20,0x81,0x10,0x20,0x82,0x08,0x20,0x84,0x04,0x20,0x84,0x04,0x20,0x88,0x02,0x20,0x88,0x02,0x20,0x90,0x01,0x20,0xa0,0x00,
0xa0,0xa0,0x00,0xa0,0xc0,0x00,0x60,0xc0,0x00,0x60,0xff,0xff,0xe0,0x00,0x78,0x00,0x00,0xfc,0x00,0x00,0xfc,0x00,0x00,0xfc,
0x00,0x00,0xfc,0x00,0x00,0x78,0x00,0x00,0x00,0x00,0x00,0x00,0x00,0x00,0x00,0x00,0xff,0xff,0xfc,0xff,0xff,0xfc,0xff,0xff,
0xfc,0xff,0xff,0xfc,0xff,0xff,0xfc,0xff,0xff,0xfc,0xfc,0x00,0x00,0xfc,0x00,0x00,0xfc,0x00,0x00,0xfc,0x00,0x00,0xfc,0x00,
0x00,0xff,0xff,0x80,0xff,0xff,0x80,0xff,0xff,0x80,0xff,0xff,0x80,0xff,0xff,0x80,0xff,0xff,0x80,0xfc,0x00,0x00,0xfc,0x00,
0x00,0xfc,0x00,0x00,0xfc,0x00,0x00,0xfc,0x00,0x00,0xfc,0x00,0x00,0xfc,0x00,0x00,0xff,0xff,0xfc,0xff,0xff,0xfc,0xff,0xff,
0xfc,0xff,0xff,0xfc,0xff,0xff,0xfc,0xff,0xff,0xfc,0x00,0x3c,0x00,0x00,0x7e,0x00,0x00,0x7e,0x00,0x00,0x7e,0x00,0x00,0x7e,
0x00,0x00,0x3c,0x00,0x00,0x00,0x00,0x00,0x00,0x00,0x00,0x00,0x00,0x00,0x10,0x00,0x01,0xff,0x80,0x07,0xff,0xc0,0x0f,0xff,
0xf0,0x1f,0xff,0xf8,0x3f,0xff,0xf8,0x7f,0x01,0xfc,0x7e,0x00,0xfc,0xfc,0x00,0x7c,0xff,0xff,0xfe,0xff,0xff,0xfe,0xff,0xff,
0xfe,0xff,0xff,0xfe,0xfc,0x00,0x00,0xfe,0x00,0x00,0xfe,0x00,0x00,0x7f,0x00,0x00,0x7f,0x81,0xe0,0x3f,0xff,0xf8,0x3f,0xff,
0xf8,0x1f,0xff,0xf0,0x07,0xff,0xe0,0x03,0xff,0x80,0x00,0x18,0x00,0xff,0xff,0xfc,0xff,0xff,0xfc,0xff,0xff,0xfc,0xff,0xff,
0xfc,0xff,0xff,0xfc,0xff,0xff,0xfc,0xfc,0x00,0x00,0xfc,0x00,0x00,0xfc,0x00,0x00,0xfc,0x00,0x00,0xfc,0x00,0x00,0xff,0xff,
0x00,0xff,0xff,0x00,0xff,0xff,0x00,0xff,0xff,0x00,0xff,0xff,0x00,0xff,0xff,0x00,0xfc,0x00,0x00,0xfc,0x00,0x00,0xfc,0x00,
0x00,0xfc,0x00,0x00,0xfc,0x00,0x00,0xfc,0x00,0x00,0xfc,0x00,0x00,0xff,0xff,0xfc,0xff,0xff,0xfc,0xff,0xff,0xfc,0xff,0xff,
0xfc,0xff,0xff,0xfc,0xff,0xff,0xfc,0x00,0x01,0xf0,0x00,0x03,0xe0,0x00,0x07,0xc0,0x00,0x07,0xc0,0x00,0x07,0xc0,0x00,0x07,
0xfc,0x00,0x03,0xfc,0x00,0x00,0xfc,0x00,0x10,0x00,0x01,0xff,0x00,0x07,0xff,0xc0,0x0f,0xff,0xe0,0x1f,0xff,0xf0,0x3f,0xff,
0xf8,0x7f,0x01,0xfc,0x7e,0x00,0xfc,0xfc,0x00,0xfc,0xfc,0x00,0x7e,0xff,0xff,0xfe,0xff,0xff,0xfe,0xff,0xff,0xfe,0xff,0xff,
0xfe,0xfc,0x00,0x00,0xfe,0x00,0x00,0x7e,0x00,0x00,0x7f,0x01,0xc0,0x3f,0xff,0xf8,0x3f,0xff,0xf8,0x1f,0xff,0xf0,0x0f,0xff,
0xe0,0x03,0xff,0x80,0x00,0x1f,0x00,0x00,0x3e,0x00,0x00,0x3e,0x00,0x00,0x3e,0x00,0x00,0x3f,0x00,0x00,0x3f,0xe0,0x00,0x1f,
0xe0,0x00,0x07,0xe0,0x1f,0x03,0xf0,0x0f,0x87,0xc0,0x07,0xcf,0x80,0x03,0xff,0x00,0x01,0xfe,0x00,0x00,0xfc,0x00,0x00,0x78,
0x00,0x00,0x00,0x00,0x00,0x00,0x00,0x00,0x00,0x00,0xff,0xff,0xfc,0xff,0xff,0xfc,0xff,0xff,0xfc,0xff,0xff,0xfc,0xff,0xff,
0xfc,0xff,0xff,0xfc,0xfc,0x00,0x00,0xfc,0x00,0x00,0xfc,0x00,0x00,0xfc,0x00,0x00,0xfc,0x00,0x00,0xff,0xff,0x80,0xff,0xff,
0x80,0xff,0xff,0x80,0xff,0xff,0x80,0xff,0xff,0x80,0xff,0xff,0x80,0xfc,0x00,0x00,0xfc,0x00,0x00,0xfc,0x00,0x00,0xfc,0x00,
0x00,0xfc,0x00,0x00,0xfc,0x00,0x00,0xfc,0x00,0x00,0xff,0xff,0xfc,0xff,0xff,0xfc,0xff,0xff,0xfc,0xff,0xff,0xfc,0xff,0xff,
0xfc,0xff,0xff,0xfc,0x1f,0x81,0xf0,0x0f,0xc3,0xe0,0x07,0xe7,0xc0,0x01,0xff,0x80,0x00,0xff,0x00,0x00,0x7e,0x00,0x00,0x3c,
0x00,0x00,0x00,0x00,0x00,0x00,0x00,0x00,0x00,0x00,0x00,0x10,0x00,0x01,0xff,0x80,0x07,0xff,0xc0,0x0f,0xff,0xf0,0x1f,0xff,
0xf8,0x3f,0xff,0xf8,0x7f,0x01,0xfc,0x7e,0x00,0xfc,0xfc,0x00,0x7c,0xff,0xff,0xfe,0xff,0xff,0xfe,0xff,0xff,0xfe,0xff,0xff,
0xfe,0xfc,0x00,0x00,0xfe,0x00,0x00,0xfe,0x00,0x00,0x7f,0x00,0x00,0x7f,0x81,0xe0,0x3f,0xff,0xf8,0x3f,0xff,0xf8,0x1f,0xff,
0xf0,0x07,0xff,0xe0,0x03,0xff,0x80,0x00,0x18,0x00,0xff,0xff,0xe0,0xc0,0x00,0x60,0xc0,0x00,0x60,0xa0,0x00,0xa0,0xa0,0x00,
0xa0,0x90,0x01,0x20,0x88,0x02,0x20,0x88,0x02,0x20,0x84,0x04,0x20,0x84,0x04,0x20,0x82,0x08,0x20,0x81,0x10,0x20,0x81,0x10,
0x20,0x80,0xa0,0x20,0x80,0xa0,0x20,0x80,0x40,0x20,0x80,0xa0,0x20,0x80,0xa0,0x20,0x81,0x10,0x20,0x81,0x10,0x20,0x82,0x08,
0x20,0x84,0x04,0x20,0x84,0x04,0x20,0x88,0x02,0x20,0x88,0x02,0x20,0x90,0x01,0x20,0xa0,0x00,0xa0,0xa0,0x00,0xa0,0xc0,0x00,
0x60,0xc0,0x00,0x60,0xff,0xff,0xe0,0xff,0xff,0xe0,0xc0,0x00,0x60,0xc0,0x00,0x60,0xa0,0x00,0xa0,0xa0,0x00,0xa0,0x90,0x01,
0x20,0x88,0x02,0x20,0x88,0x02,0x20,0x84,0x04,0x20,0x84,0x04,0x20,0x82,0x08,0x20,0x81,0x10,0x20,0x81,0x10,0x20,0x80,0xa0,
0x20,0x80,0xa0,0x20,0x80,0x40,0x20,0x80,0xa0,0x20,0x80,0xa0,0x20,0x81,0x10,0x20,0x81,0x10,0x20,0x82,0x08,0x20,0x84,0x04,
0x20,0x84,0x04,0x20,0x88,0x02,0x20,0x88,0x02,0x20,0x90,0x01,0x20,0xa0,0x00,0xa0,0xa0,0x00,0xa0,0xc0,0x00,0x60,0xc0,0x00,
0x60,0xff,0xff,0xe0,0x01,0xe0,0x78,0x00,0x01,0xe0,0x78,0x00,0x00,0xf0,0xf0,0x00,0x00,0xff,0xf0,0x00,0x00,0x7f,0xe0,0x00,
0x00,0x1f,0x80,0x00,0x00,0x00,0x00,0x00,0x00,0x00,0x00,0x00,0x00,0x00,0x00,0x00,0x00,0x7f,0xf8,0x00,0x01,0xff,0xfe,0x00,
0x07,0xff,0xff,0x00,0x0f,0xff,0xff,0x80,0x1f,0xff,0xff,0xc0,0x1f,0xe0,0x1f,0xe0,0x3f,0x80,0x0f,0x80,0x7f,0x00,0x04,0x00,
0x7e,0x00,0x00,0x00,0x7e,0x00,0x00,0x00,0xfe,0x00,0x00,0x00,0xfc,0x00,0x00,0x00,0xfc,0x00,0x00,0x00,0xfc,0x01,0xff,0xf0,
0xfc,0x01,0xff,0xf0,0xfc,0x01,0xff,0xf0,0xfc,0x01,0xff,0xf0,0xfc,0x01,0xff,0xf0,0xfc,0x00,0x03,0xf0,0xfe,0x00,0x03,0xf0,
0x7e,0x00,0x03,0xf0,0x7f,0x00,0x03,0xf0,0x7f,0x00,0x07,0xf0,0x3f,0x80,0x0f,0xf0,0x3f,0xc0,0x1f,0xf0,0x1f,0xff,0xff,0xf0,
0x0f,0xff,0xff,0xf0,0x07,0xff,0xff,0xf0,0x03,0xff,0xf8,0xf0,0x00,0xff,0xf0,0xf0,0x00,0x06,0x00,0x00,0x07,0x83,0xc0,0x07,
0x83,0xc0,0x03,0xc7,0x80,0x03,0xff,0x80,0x01,0xff,0x00,0x00,0x7c,0x00,0x00,0x00,0x00,0x00,0x00,0x00,0x00,0x00,0x00,0x07,
0xf8,0x7c,0x0f,0xfe,0xfc,0x1f,0xfe,0xfc,0x3f,0xff,0xfc,0x7f,0xff,0xfc,0x7f,0x03,0xfc,0x7e,0x01,0xfc,0xfc,0x01,0xfc,0xfc,
0x00,0xfc,0xfc,0x00,0xfc,0xfc,0x00,0xfc,0xfc,0x00,0xfc,0xfc,0x00,0xfc,0xfc,0x00,0xfc,0xfe,0x01,0xfc,0x7f,0x01,0xfc,0x7f,
0x87,0xfc,0x3f,0xff,0xfc,0x3f,0xff,0xfc,0x1f,0xfe,0xfc,0x0f,0xfc,0xfc,0x03,0xf0,0xfc,0x00,0x00,0xfc,0x00,0x00,0xfc,0x00,
0x00,0xfc,0x06,0x01,0xf8,0x3f,0x83,0xf8,0x3f,0xff,0xf8,0x1f,0xff,0xf0,0x0f,0xff,0xe0,0x07,0xff,0xc0,0x00,0xfe,0x00,0x00,
0x0f,0x00,0x00,0x00,0x1f,0x80,0x00,0x00,0x1f,0x80,0x00,0x00,0x1f,0x80,0x00,0x00,0x1f,0x80,0x00,0x00,0x0f,0x00,0x00,0x00,
0x00,0x00,0x00,0x00,0x00,0x00,0x00,0x00,0x00,0x00,0x00,0x00,0x7f,0xf8,0x00,0x01,0xff,0xfe,0x00,0x07,0xff,0xff,0x00,0x0f,
0xff,0xff,0x80,0x1f,0xff,0xff,0xc0,0x1f,0xe0,0x1f,0xe0,0x3f,0x80,0x0f,0x80,0x7f,0x00,0x04,0x00,0x7e,0x00,0x00,0x00,0x7e,
0x00,0x00,0x00,0xfe,0x00,0x00,0x00,0xfc,0x00,0x00,0x00,0xfc,0x00,0x00,0x00,0xfc,0x01,0xff,0xf0,0xfc,0x01,0xff,0xf0,0xfc,
0x01,0xff,0xf0,0xfc,0x01,0xff,0xf0,0xfc,0x01,0xff,0xf0,0xfc,0x00,0x03,0xf0,0xfe,0x00,0x03,0xf0,0x7e,0x00,0x03,0xf0,0x7f,
0x00,0x03,0xf0,0x7f,0x00,0x07,0xf0,0x3f,0x80,0x0f,0xf0,0x3f,0xc0,0x1f,0xf0,0x1f,0xff,0xff,0xf0,0x0f,0xff,0xff,0xf0,0x07,
0xff,0xff,0xf0,0x03,0xff,0xf8,0xf0,0x00,0xff,0xf0,0xf0,0x00,0x06,0x00,0x00,0x00,0x3c,0x00,0x00,0x7e,0x00,0x00,0x7e,0x00,
0x00,0x7e,0x00,0x00,0x7e,0x00,0x00,0x3c,0x00,0x00,0x00,0x00,0x00,0x00,0x00,0x00,0x00,0x00,0x00,0x00,0x00,0x07,0xf8,0x7c,
0x0f,0xfe,0xfc,0x1f,0xfe,0xfc,0x3f,0xff,0xfc,0x7f,0xff,0xfc,0x7f,0x03,0xfc,0x7e,0x01,0xfc,0xfc,0x01,0xfc,0xfc,0x00,0xfc,
0xfc,0x00,0xfc,0xfc,0x00,0xfc,0xfc,0x00,0xfc,0xfc,0x00,0xfc,0xfc,0x00,0xfc,0xfe,0x01,0xfc,0x7f,0x01,0xfc,0x7f,0x87,0xfc,
0x3f,0xff,0xfc,0x3f,0xff,0xfc,0x1f,0xfe,0xfc,0x0f,0xfc,0xfc,0x03,0xf0,0xfc,0x00,0x00,0xfc,0x00,0x00,0xfc,0x00,0x00,0xfc,
0x07,0x01,0xf8,0x3f,0x83,0xf8,0x3f,0xff,0xf8,0x1f,0xff,0xf0,0x0f,0xff,0xe0,0x07,0xff,0xc0,0x00,0xfe,0x00,0x00,0x7f,0xf8,
0x00,0x01,0xff,0xfe,0x00,0x07,0xff,0xff,0x00,0x0f,0xff,0xff,0x80,0x1f,0xff,0xff,0xc0,0x1f,0xe0,0x1f,0xe0,0x3f,0x80,0x0f,
0x80,0x7f,0x00,0x04,0x00,0x7e,0x00,0x00,0x00,0x7e,0x00,0x00,0x00,0xfe,0x00,0x00,0x00,0xfc,0x00,0x00,0x00,0xfc,0x00,0x00,
0x00,0xfc,0x01,0xff,0xf0,0xfc,0x01,0xff,0xf0,0xfc,0x01,0xff,0xf0,0xfc,0x01,0xff,0xf0,0xfc,0x01,0xff,0xf0,0xfc,0x00,0x03,
0xf0,0xfe,0x00,0x03,0xf0,0x7e,0x00,0x03,0xf0,0x7f,0x00,0x03,0xf0,0x7f,0x00,0x07,0xf0,0x3f,0x80,0x0f,0xf0,0x3f,0xc0,0x1f,
0xf0,0x1f,0xff,0xff,0xf0,0x0f,0xff,0xff,0xf0,0x07,0xff,0xff,0xf0,0x03,0xff,0xf8,0xf0,0x00,0xff,0xf0,0xf0,0x00,0x06,0x00,
0x00,0x00,0x00,0x00,0x00,0x00,0x03,0x00,0x00,0x00,0x0f,0xc0,0x00,0x00,0x1f,0xc0,0x00,0x00,0x03,0xe0,0x00,0x00,0x03,0xe0,
0x00,0x00,0x03,0xe0,0x00,0x00,0x07,0xc0,0x00,0x00,0x3f,0xc0,0x00,0x00,0x7f,0x00,0x00,0x00,0x10,0x00,0x00,0x00,0x3f,0x00,
0x00,0x7f,0x80,0x00,0xfc,0x00,0x00,0xf8,0x00,0x00,0xf8,0x00,0x00,0xf8,0x00,0x00,0x7c,0x00,0x00,0x7e,0x00,0x00,0x10,0x00,
0x00,0x00,0x00,0x00,0x00,0x00,0x00,0x00,0x00,0x07,0xf8,0x7c,0x0f,0xfe,0xfc,0x1f,0xfe,0xfc,0x3f,0xff,0xfc,0x7f,0xff,0xfc,
0x7f,0x03,0xfc,0x7e,0x01,0xfc,0xfc,0x01,0xfc,0xfc,0x00,0xfc,0xfc,0x00,0xfc,0xfc,0x00,0xfc,0xfc,0x00,0xfc,0xfc,0x00,0xfc,
0xfc,0x00,0xfc,0xfe,0x01,0xfc,0x7f,0x01,0xfc,0x7f,0x87,0xfc,0x3f,0xff,0xfc,0x3f,0xff,0xfc,0x1f,0xfe,0xfc,0x0f,0xfc,0xfc,
0x03,0xf0,0xfc,0x00,0x00,0xfc,0x00,0x00,0xfc,0x00,0x00,0xfc,0x07,0x01,0xf8,0x3f,0x83,0xf8,0x3f,0xff,0xf8,0x1f,0xff,0xf0,
0x0f,0xff,0xe0,0x07,0xff,0xc0,0x00,0xfe,0x00,0xff,0xff,0xe0,0xc0,0x00,0x60,0xc0,0x00,0x60,0xa0,0x00,0xa0,0xa0,0x00,0xa0,
0x90,0x01,0x20,0x88,0x02,0x20,0x88,0x02,0x20,0x84,0x04,0x20,0x84,0x04,0x20,0x82,0x08,0x20,0x81,0x10,0x20,0x81,0x10,0x20,
0x80,0xa0,0x20,0x80,0xa0,0x20,0x80,0x40,0x20,0x80,0xa0,0x20,0x80,0xa0,0x20,0x81,0x10,0x20,0x81,0x10,0x20,0x82,0x08,0x20,
0x84,0x04,0x20,0x84,0x04,0x20,0x88,0x02,0x20,0x88,0x02,0x20,0x90,0x01,0x20,0xa0,0x00,0xa0,0xa0,0x00,0xa0,0xc0,0x00,0x60,
0xc0,0x00,0x60,0xff,0xff,0xe0,0xff,0xff,0xe0,0xc0,0x00,0x60,0xc0,0x00,0x60,0xa0,0x00,0xa0,0xa0,0x00,0xa0,0x90,0x01,0x20,
0x88,0x02,0x20,0x88,0x02,0x20,0x84,0x04,0x20,0x84,0x04,0x20,0x82,0x08,0x20,0x81,0x10,0x20,0x81,0x10,0x20,0x80,0xa0,0x20,
0x80,0xa0,0x20,0x80,0x40,0x20,0x80,0xa0,0x20,0x80,0xa0,0x20,0x81,0x10,0x20,0x81,0x10,0x20,0x82,0x08,0x20,0x84,0x04,0x20,
0x84,0x04,0x20,0x88,0x02,0x20,0x88,0x02,0x20,0x90,0x01,0x20,0xa0,0x00,0xa0,0xa0,0x00,0xa0,0xc0,0x00,0x60,0xc0,0x00,0x60,
0xff,0xff,0xe0,0x3f,0x00,0x03,0xf0,0x3f,0x00,0x03,0xf0,0x3f,0x00,0x03,0xf0,0xff,0xff,0xff,0xfc,0xff,0xff,0xff,0xfc,0xff,
0xff,0xff,0xfc,0xff,0xff,0xff,0xfc,0x3f,0x00,0x03,0xf0,0x3f,0x00,0x03,0xf0,0x3f,0x00,0x03,0xf0,0x3f,0x00,0x03,0xf0,0x3f,
0xff,0xff,0xf0,0x3f,0xff,0xff,0xf0,0x3f,0xff,0xff,0xf0,0x3f,0xff,0xff,0xf0,0x3f,0xff,0xff,0xf0,0x3f,0xff,0xff,0xf0,0x3f,
0x00,0x03,0xf0,0x3f,0x00,0x03,0xf0,0x3f,0x00,0x03,0xf0,0x3f,0x00,0x03,0xf0,0x3f,0x00,0x03,0xf0,0x3f,0x00,0x03,0xf0,0x3f,
0x00,0x03,0xf0,0x3f,0x00,0x03,0xf0,0x3f,0x00,0x03,0xf0,0x3f,0x00,0x03,0xf0,0x3f,0x00,0x03,0xf0,0x3f,0x00,0x03,0xf0,0x3f,
0x00,0x03,0xf0,0x0f,0xc0,0x00,0x0f,0xc0,0x00,0x0f,0xc0,0x00,0x0f,0xc0,0x00,0xff,0xff,0x00,0xff,0xff,0x00,0xff,0xff,0x00,
0x0f,0xc0,0x00,0x0f,0xc0,0x00,0x0f,0xc0,0x80,0x0f,0xc7,0xf8,0x0f,0xdf,0xfc,0x0f,0xff,0xfe,0x0f,0xff,0xfe,0x0f,0xff,0xff,
0x0f,0xf0,0x7f,0x0f,0xe0,0x3f,0x0f,0xc0,0x3f,0x0f,0xc0,0x3f,0x0f,0xc0,0x3f,0x0f,0xc0,0x3f,0x0f,0xc0,0x3f,0x0f,0xc0,0x3f,
0x0f,0xc0,0x3f,0x0f,0xc0,0x3f,0x0f,0xc0,0x3f,0x0f,0xc0,0x3f,0x0f,0xc0,0x3f,0x0f,0xc0,0x3f,0x0f,0xc0,0x3f,0x0f,0xc0,0x3f,
0x0f,0xc0,0x3f,0xff,0xff,0xe0,0xc0,0x00,0x60,0xc0,0x00,0x60,0xa0,0x00,0xa0,0xa0,0x00,0xa0,0x90,0x01,0x20,0x88,0x02,0x20,
0x88,0x02,0x20,0x84,0x04,0x20,0x84,0x04,0x20,0x82,0x08,0x20,0x81,0x10,0x20,0x81,0x10,0x20,0x80,0xa0,0x20,0x80,0xa0,0x20,
0x80,0x40,0x20,0x80,0xa0,0x20,0x80,0xa0,0x20,0x81,0x10,0x20,0x81,0x10,0x20,0x82,0x08,0x20,0x84,0x04,0x20,0x84,0x04,0x20,
0x88,0x02,0x20,0x88,0x02,0x20,0x90,0x01,0x20,0xa0,0x00,0xa0,0xa0,0x00,0xa0,0xc0,0x00,0x60,0xc0,0x00,0x60,0xff,0xff,0xe0,
0xff,0xff,0xe0,0xc0,0x00,0x60,0xc0,0x00,0x60,0xa0,0x00,0xa0,0xa0,0x00,0xa0,0x90,0x01,0x20,0x88,0x02,0x20,0x88,0x02,0x20,
0x84,0x04,0x20,0x84,0x04,0x20,0x82,0x08,0x20,0x81,0x10,0x20,0x81,0x10,0x20,0x80,0xa0,0x20,0x80,0xa0,0x20,0x80,0x40,0x20,
0x80,0xa0,0x20,0x80,0xa0,0x20,0x81,0x10,0x20,0x81,0x10,0x20,0x82,0x08,0x20,0x84,0x04,0x20,0x84,0x04,0x20,0x88,0x02,0x20,
0x88,0x02,0x20,0x90,0x01,0x20,0xa0,0x00,0xa0,0xa0,0x00,0xa0,0xc0,0x00,0x60,0xc0,0x00,0x60,0xff,0xff,0xe0,0x7f,0xfc,0x7f,
0xfc,0x7f,0xfc,0x7f,0xfc,0x00,0x00,0x00,0x00,0x00,0x00,0x00,0x00,0xff,0xfe,0xff,0xfe,0xff,0xfe,0xff,0xfe,0xff,0xfe,0x0f,
0xc0,0x0f,0xc0,0x0f,0xc0,0x0f,0xc0,0x0f,0xc0,0x0f,0xc0,0x0f,0xc0,0x0f,0xc0,0x0f,0xc0,0x0f,0xc0,0x0f,0xc0,0x0f,0xc0,0x0f,
0xc0,0x0f,0xc0,0x0f,0xc0,0x0f,0xc0,0x0f,0xc0,0x0f,0xc0,0x0f,0xc0,0x0f,0xc0,0xff,0xfe,0xff,0xfe,0xff,0xfe,0xff,0xfe,0xff,
0xfe,0xff,0xf8,0xff,0xf8,0xff,0xf8,0xff,0xf8,0x00,0x00,0x00,0x00,0x00,0x00,0x00,0x00,0xff,0xc0,0xff,0xc0,0xff,0xc0,0xff,
0xc0,0xff,0xc0,0x0f,0xc0,0x0f,0xc0,0x0f,0xc0,0x0f,0xc0,0x0f,0xc0,0x0f,0xc0,0x0f,0xc0,0x0f,0xc0,0x0f,0xc0,0x0f,0xc0,0x0f,
0xc0,0x0f,0xc0,0x0f,0xc0,0x0f,0xc0,0x0f,0xc0,0x0f,0xc0,0x0f,0xc0,0xff,0xff,0xe0,0xc0,0x00,0x60,0xc0,0x00,0x60,0xa0,0x00,
0xa0,0xa0,0x00,0xa0,0x90,0x01,0x20,0x88,0x02,0x20,0x88,0x02,0x20,0x84,0x04,0x20,0x84,0x04,0x20,0x82,0x08,0x20,0x81,0x10,
0x20,0x81,0x10,0x20,0x80,0xa0,0x20,0x80,0xa0,0x20,0x80,0x40,0x20,0x80,0xa0,0x20,0x80,0xa0,0x20,0x81,0x10,0x20,0x81,0x10,
0x20,0x82,0x08,0x20,0x84,0x04,0x20,0x84,0x04,0x20,0x88,0x02,0x20,0x88,0x02,0x20,0x90,0x01,0x20,0xa0,0x00,0xa0,0xa0,0x00,
0xa0,0xc0,0x00,0x60,0xc0,0x00,0x60,0xff,0xff,0xe0,0xff,0xff,0xe0,0xc0,0x00,0x60,0xc0,0x00,0x60,0xa0,0x00,0xa0,0xa0,0x00,
0xa0,0x90,0x01,0x20,0x88,0x02,0x20,0x88,0x02,0x20,0x84,0x04,0x20,0x84,0x04,0x20,0x82,0x08,0x20,0x81,0x10,0x20,0x81,0x10,
0x20,0x80,0xa0,0x20,0x80,0xa0,0x20,0x80,0x40,0x20,0x80,0xa0,0x20,0x80,0xa0,0x20,0x81,0x10,0x20,0x81,0x10,0x20,0x82,0x08,
0x20,0x84,0x04,0x20,0x84,0x04,0x20,0x88,0x02,0x20,0x88,0x02,0x20,0x90,0x01,0x20,0xa0,0x00,0xa0,0xa0,0x00,0xa0,0xc0,0x00,
0x60,0xc0,0x00,0x60,0xff,0xff,0xe0,0xff,0xfe,0xff,0xfe,0xff,0xfe,0xff,0xfe,0xff,0xfe,0x0f,0xc0,0x0f,0xc0,0x0f,0xc0,0x0f,
0xc0,0x0f,0xc0,0x0f,0xc0,0x0f,0xc0,0x0f,0xc0,0x0f,0xc0,0x0f,0xc0,0x0f,0xc0,0x0f,0xc0,0x0f,0xc0,0x0f,0xc0,0x0f,0xc0,0x0f,
0xc0,0x0f,0xc0,0x0f,0xc0,0x0f,0xc0,0x0f,0xc0,0xff,0xfe,0xff,0xfe,0xff,0xfe,0xff,0xfe,0xff,0xfe,0x01,0xf8,0x03,0xe0,0x07,
0xc0,0x07,0xc0,0x07,0xe0,0x07,0xfe,0x03,0xfe,0x00,0xfe,0x07,0x00,0x0f,0x80,0x1f,0xc0,0x1f,0xc0,0x1f,0xc0,0x0f,0x80,0x07,
0x00,0x00,0x00,0x00,0x00,0x00,0x00,0x00,0x00,0xff,0xc0,0xff,0xc0,0xff,0xc0,0xff,0xc0,0xff,0xc0,0x0f,0xc0,0x0f,0xc0,0x0f,
0xc0,0x0f,0xc0,0x0f,0xc0,0x0f,0xc0,0x0f,0xc0,0x0f,0xc0,0x0f,0xc0,0x0f,0xc0,0x0f,0xc0,0x0f,0xc0,0x0f,0xc0,0x0f,0xc0,0x0f,
0xc0,0x0f,0xc0,0x0f,0xc0,0x0f,0xc0,0x3e,0x00,0x7c,0x00,0x7c,0x00,0x7c,0x00,0x7f,0xc0,0x3f,0xc0,0x0f,0xc0,0x07,0x80,0x0f,
0xc0,0x0f,0xc0,0x0f,0xc0,0x0f,0xc0,0x07,0x80,0x00,0x00,0x00,0x00,0x00,0x00,0xff,0xfe,0xff,0xfe,0xff,0xfe,0xff,0xfe,0xff,
0xfe,0x0f,0xc0,0x0f,0xc0,0x0f,0xc0,0x0f,0xc0,0x0f,0xc0,0x0f,0xc0,0x0f,0xc0,0x0f,0xc0,0x0f,0xc0,0x0f,0xc0,0x0f,0xc0,0x0f,
0xc0,0x0f,0xc0,0x0f,0xc0,0x0f,0xc0,0x0f,0xc0,0x0f,0xc0,0x0f,0xc0,0x0f,0xc0,0x0f,0xc0,0xff,0xfe,0xff,0xfe,0xff,0xfe,0xff,
0xfe,0xff,0xfe,0xff,0xc0,0xff,0xc0,0xff,0xc0,0xff,0xc0,0xff,0xc0,0x0f,0xc0,0x0f,0xc0,0x0f,0xc0,0x0f,0xc0,0x0f,0xc0,0x0f,
0xc0,0x0f,0xc0,0x0f,0xc0,0x0f,0xc0,0x0f,0xc0,0x0f,0xc0,0x0f,0xc0,0x0f,0xc0,0x0f,0xc0,0x0f,0xc0,0x0f,0xc0,0x0f,0xc0,0xff,
0xfe,0x00,0x00,0x7e,0xff,0xfe,0x00,0x00,0x7e,0xff,0xfe,0x00,0x00,0x7e,0xff,0xfe,0x00,0x00,0x7e,0xff,0xfe,0x00,0x00,0x7e,
0x0f,0xc0,0x00,0x00,0x7e,0x0f,0xc0,0x00,0x00,0x7e,0x0f,0xc0,0x00,0x00,0x7e,0x0f,0xc0,0x00,0x00,0x7e,0x0f,0xc0,0x00,0x00,
0x7e,0x0f,0xc0,0x00,0x00,0x7e,0x0f,0xc0,0x00,0x00,0x7e,0x0f,0xc0,0x00,0x00,0x7e,0x0f,0xc0,0x00,0x00,0x7e,0x0f,0xc0,0x00,
0x00,0x7e,0x0f,0xc0,0x00,0x00,0x7e,0x0f,0xc0,0x00,0x00,0x7e,0x0f,0xc0,0x00,0x00,0x7e,0x0f,0xc0,0x00,0x00,0x7e,0x0f,0xc0,
0x00,0x00,0x7e,0x0f,0xc0,0x07,0x00,0x7e,0x0f,0xc0,0x3f,0x00,0x7e,0x0f,0xc0,0x3f,0x00,0xfe,0x0f,0xc0,0x3f,0x80,0xfc,0x0f,
0xc0,0x3f,0xc1,0xfc,0xff,0xfe,0x1f,0xff,0xf8,0xff,0xfe,0x1f,0xff,0xf8,0xff,0xfe,0x0f,0xff,0xf0,0xff,0xfe,0x07,0xff,0xe0,
0xff,0xfe,0x01,0xff,0x80,0x00,0x00,0x00,0x18,0x00,0x07,0x00,0x70,0x0f,0x80,0xf8,0x1f,0xc1,0xfc,0x1f,0xc1,0xfc,0x1f,0xc1,
0xfc,0x0f,0x80,0xf8,0x07,0x00,0x70,0x00,0x00,0x00,0x00,0x00,0x00,0x00,0x00,0x00,0x00,0x00,0x00,0x00,0x00,0x00,0xff,0xc1,
0xf8,0xff,0xc1,0xf8,0xff,0xc1,0xf8,0xff,0xc1,0xf8,0xff,0xc1,0xf8,0x0f,0xc1,0xf8,0x0f,0xc1,0xf8,0x0f,0xc1,0xf8,0x0f,0xc1,
0xf8,0x0f,0xc1,0xf8,0x0f,0xc1,0xf8,0x0f,0xc1,0xf8,0x0f,0xc1,0xf8,0x0f,0xc1,0xf8,0x0f,0xc1,0xf8,0x0f,0xc1,0xf8,0x0f,0xc1,
0xf8,0x0f,0xc1,0xf8,0x0f,0xc1,0xf8,0x0f,0xc1,0xf8,0x0f,0xc1,0xf8,0x0f,0xc1,0xf8,0x00,0x01,0xf8,0x00,0x03,0xf8,0x00,0x3f,
0xf8,0x00,0x3f,0xf8,0x00,0x3f,0xf0,0x00,0x3f,0xe0,0x00,0x3f,0x80,0xff,0xff,0xe0,0xc0,0x00,0x60,0xc0,0x00,0x60,0xa0,0x00,
0xa0,0xa0,0x00,0xa0,0x90,0x01,0x20,0x88,0x02,0x20,0x88,0x02,0x20,0x84,0x04,0x20,0x84,0x04,0x20,0x82,0x08,0x20,0x81,0x10,
0x20,0x81,0x10,0x20,0x80,0xa0,0x20,0x80,0xa0,0x20,0x80,0x40,0x20,0x80,0xa0,0x20,0x80,0xa0,0x20,0x81,0x10,0x20,0x81,0x10,
0x20,0x82,0x08,0x20,0x84,0x04,0x20,0x84,0x04,0x20,0x88,0x02,0x20,0x88,0x02,0x20,0x90,0x01,0x20,0xa0,0x00,0xa0,0xa0,0x00,
0xa0,0xc0,0x00,0x60,0xc0,0x00,0x60,0xff,0xff,0xe0,0xff,0xff,0xe0,0xc0,0x00,0x60,0xc0,0x00,0x60,0xa0,0x00,0xa0,0xa0,0x00,
0xa0,0x90,0x01,0x20,0x88,0x02,0x20,0x88,0x02,0x20,0x84,0x04,0x20,0x84,0x04,0x20,0x82,0x08,0x20,0x81,0x10,0x20,0x81,0x10,
0x20,0x80,0xa0,0x20,0x80,0xa0,0x20,0x80,0x40,0x20,0x80,0xa0,0x20,0x80,0xa0,0x20,0x81,0x10,0x20,0x81,0x10,0x20,0x82,0x08,
0x20,0x84,0x04,0x20,0x84,0x04,0x20,0x88,0x02,0x20,0x88,0x02,0x20,0x90,0x01,0x20,0xa0,0x00,0xa0,0xa0,0x00,0xa0,0xc0,0x00,
0x60,0xc0,0x00,0x60,0xff,0xff,0xe0,0xfc,0x00,0x3f,0x80,0xfc,0x00,0x7f,0x80,0xfc,0x00,0xff,0x00,0xfc,0x01,0xfe,0x00,0xfc,
0x03,0xfc,0x00,0xfc,0x07,0xf8,0x00,0xfc,0x0f,0xf0,0x00,0xfc,0x1f,0xe0,0x00,0xfc,0x3f,0xc0,0x00,0xfc,0x7f,0x80,0x00,0xfc,
0xff,0x00,0x00,0xfd,0xfe,0x00,0x00,0xff,0xfe,0x00,0x00,0xff,0xfe,0x00,0x00,0xff,0xfe,0x00,0x00,0xff,0xff,0x00,0x00,0xff,
0xff,0x80,0x00,0xff,0xff,0xc0,0x00,0xff,0x9f,0xc0,0x00,0xff,0x1f,0xe0,0x00,0xfe,0x0f,0xf0,0x00,0xfc,0x07,0xf0,0x00,0xfc,
0x03,0xf8,0x00,0xfc,0x03,0xfc,0x00,0xfc,0x01,0xfe,0x00,0xfc,0x00,0xfe,0x00,0xfc,0x00,0xff,0x00,0xfc,0x00,0x7f,0x80,0xfc,
0x00,0x3f,0xc0,0xfc,0x00,0x1f,0xc0,0x00,0x00,0x00,0x00,0x00,0x00,0x00,0x00,0x00,0x0c,0x00,0x00,0x00,0x3f,0x00,0x00,0x00,
0x3f,0x00,0x00,0x00,0x0f,0x80,0x00,0x00,0x0f,0x80,0x00,0x00,0x0f,0x80,0x00,0x00,0x1f,0x00,0x00,0x00,0xff,0x00,0x00,0x00,
0xfc,0x00,0x00,0x00,0x40,0x00,0x00,0xfc,0x00,0x00,0xfc,0x00,0x00,0xfc,0x00,0x00,0xfc,0x00,0x00,0xfc,0x00,0x00,0xfc,0x00,
0x00,0xfc,0x00,0x00,0xfc,0x00,0x00,0xfc,0x00,0x00,0xfc,0x00,0x00,0xfc,0x07,0xf0,0xfc,0x0f,0xe0,0xfc,0x1f,0xe0,0xfc,0x3f,
0xc0,0xfc,0x3f,0x80,0xfc,0x7f,0x00,0xfc,0xfe,0x00,0xfd,0xfc,0x00,0xff,0xf8,0x00,0xff,0xf8,0x00,0xff,0xf8,0x00,0xff,0xfc,
0x00,0xff,0xfe,0x00,0xff,0xfe,0x00,0xfe,0x7f,0x00,0xfe,0x3f,0x80,0xfc,0x3f,0xc0,0xfc,0x1f,0xc0,0xfc,0x0f,0xe0,0xfc,0x0f,
0xf0,0xfc,0x07,0xf8,0xfc,0x03,0xf8,0x00,0x00,0x00,0x00,0x00,0x00,0x00,0x20,0x00,0x01,0xf8,0x00,0x00,0xf8,0x00,0x00,0x7c,
0x00,0x00,0x7c,0x00,0x00,0x7c,0x00,0x00,0xf8,0x00,0x07,0xf8,0x00,0x03,0xe0,0x00,0x01,0x00,0x00,0xff,0xff,0xe0,0xc0,0x00,
0x60,0xc0,0x00,0x60,0xa0,0x00,0xa0,0xa0,0x00,0xa0,0x90,0x01,0x20,0x88,0x02,0x20,0x88,0x02,0x20,0x84,0x04,0x20,0x84,0x04,
0x20,0x82,0x08,0x20,0x81,0x10,0x20,0x81,0x10,0x20,0x80,0xa0,0x20,0x80,0xa0,0x20,0x80,0x40,0x20,0x80,0xa0,0x20,0x80,0xa0,
0x20,0x81,0x10,0x20,0x81,0x10,0x20,0x82,0x08,0x20,0x84,0x04,0x20,0x84,0x04,0x20,0x88,0x02,0x20,0x88,0x02,0x20,0x90,0x01,
0x20,0xa0,0x00,0xa0,0xa0,0x00,0xa0,0xc0,0x00,0x60,0xc0,0x00,0x60,0xff,0xff,0xe0,0x00,0x0f,0x00,0x00,0x1f,0x00,0x00,0x3f,
0x00,0x00,0x7f,0x00,0x00,0xfc,0x00,0x01,0xf8,0x00,0x00,0x00,0x00,0x00,0x00,0x00,0x00,0x00,0x00,0xfc,0x00,0x00,0xfc,0x00,
0x00,0xfc,0x00,0x00,0xfc,0x00,0x00,0xfc,0x00,0x00,0xfc,0x00,0x00,0xfc,0x00,0x00,0xfc,0x00,0x00,0xfc,0x00,0x00,0xfc,0x00,
0x00,0xfc,0x00,0x00,0xfc,0x00,0x00,0xfc,0x00,0x00,0xfc,0x00,0x00,0xfc,0x00,0x00,0xfc,0x00,0x00,0xfc,0x00,0x00,0xfc,0x00,
0x00,0xfc,0x00,0x00,0xfc,0x00,0x00,0xfc,0x00,0x00,0xfc,0x00,0x00,0xfc,0x00,0x00,0xfc,0x00,0x00,0xff,0xff,0xf8,0xff,0xff,
0xf8,0xff,0xff,0xf8,0xff,0xff,0xf8,0xff,0xff,0xf8,0xff,0xff,0xf8,0x07,0xc0,0x07,0xc0,0x0f,0xc0,0x1f,0x80,0x3f,0x00,0x7c,
0x00,0x00,0x00,0x00,0x00,0x00,0x00,0xfc,0x00,0xfc,0x00,0xfc,0x00,0xfc,0x00,0xfc,0x00,0xfc,0x00,0xfc,0x00,0xfc,0x00,0xfc,
0x00,0xfc,0x00,0xfc,0x00,0xfc,0x00,0xfc,0x00,0xfc,0x00,0xfc,0x00,0xfc,0x00,0xfc,0x00,0xfc,0x00,0xfc,0x00,0xfc,0x00,0xfc,
0x00,0xfc,0x00,0xfc,0x00,0xfc,0x00,0xfc,0x00,0xfc,0x00,0xfe,0x00,0xff,0xe0,0xff,0xe0,0x7f,0xe0,0x7f,0xe0,0x1f,0xe0,0xfc,
0x00,0x00,0xfc,0x00,0x00,0xfc,0x00,0x00,0xfc,0x00,0x00,0xfc,0x00,0x00,0xfc,0x00,0x00,0xfc,0x00,0x00,0xfc,0x00,0x00,0xfc,
0x00,0x00,0xfc,0x00,0x00,0xfc,0x00,0x00,0xfc,0x00,0x00,0xfc,0x00,0x00,0xfc,0x00,0x00,0xfc,0x00,0x00,0xfc,0x00,0x00,0xfc,
0x00,0x00,0xfc,0x00,0x00,0xfc,0x00,0x00,0xfc,0x00,0x00,0xfc,0x00,0x00,0xfc,0x00,0x00,0xfc,0x00,0x00,0xfc,0x00,0x00,0xff,
0xff,0xf8,0xff,0xff,0xf8,0xff,0xff,0xf8,0xff,0xff,0xf8,0xff,0xff,0xf8,0xff,0xff,0xf8,0x00,0x00,0x00,0x00,0x00,0x00,0x00,
0x60,0x00,0x01,0xf8,0x00,0x01,0xf8,0x00,0x00,0x7c,0x00,0x00,0x7c,0x00,0x00,0x7c,0x00,0x00,0xf8,0x00,0x07,0xf8,0x00,0x03,
0xe0,0x00,0xfc,0x00,0xfc,0x00,0xfc,0x00,0xfc,0x00,0xfc,0x00,0xfc,0x00,0xfc,0x00,0xfc,0x00,0xfc,0x00,0xfc,0x00,0xfc,0x00,
0xfc,0x00,0xfc,0x00,0xfc,0x00,0xfc,0x00,0xfc,0x00,0xfc,0x00,0xfc,0x00,0xfc,0x00,0xfc,0x00,0xfc,0x00,0xfc,0x00,0xfc,0x00,
0xfc,0x00,0xfc,0x00,0xfc,0x00,0xfe,0x00,0xff,0xe0,0xff,0xe0,0x7f,0xe0,0x7f,0xe0,0x1f,0xe0,0x00,0x00,0x00,0x00,0x0c,0x00,
0x3f,0x00,0x1f,0x00,0x0f,0x80,0x0f,0x80,0x0f,0x80,0x1f,0x00,0xff,0x00,0x7c,0x00,0x20,0x00,0xfc,0x1e,0x00,0xfc,0x3f,0x00,
0xfc,0x3e,0x00,0xfc,0x3e,0x00,0xfc,0x3c,0x00,0xfc,0x3c,0x00,0xfc,0x38,0x00,0xfc,0x78,0x00,0xfc,0x00,0x00,0xfc,0x00,0x00,
0xfc,0x00,0x00,0xfc,0x00,0x00,0xfc,0x00,0x00,0xfc,0x00,0x00,0xfc,0x00,0x00,0xfc,0x00,0x00,0xfc,0x00,0x00,0xfc,0x00,0x00,
0xfc,0x00,0x00,0xfc,0x00,0x00,0xfc,0x00,0x00,0xfc,0x00,0x00,0xfc,0x00,0x00,0xfc,0x00,0x00,0xff,0xff,0xf8,0xff,0xff,0xf8,
0xff,0xff,0xf8,0xff,0xff,0xf8,0xff,0xff,0xf8,0xff,0xff,0xf8,0xfc,0x38,0xfc,0x78,0xfc,0x78,0xfc,0x78,0xfc,0x78,0xfc,0xf0,
0xfc,0xf0,0xfc,0xf0,0xfc,0x00,0xfc,0x00,0xfc,0x00,0xfc,0x00,0xfc,0x00,0xfc,0x00,0xfc,0x00,0xfc,0x00,0xfc,0x00,0xfc,0x00,
0xfc,0x00,0xfc,0x00,0xfc,0x00,0xfc,0x00,0xfc,0x00,0xfc,0x00,0xfc,0x00,0xfc,0x00,0xfe,0x00,0xff,0xe0,0xff,0xe0,0x7f,0xe0,
0x7f,0xe0,0x1f,0xe0,0xff,0xff,0xe0,0xc0,0x00,0x60,0xc0,0x00,0x60,0xa0,0x00,0xa0,0xa0,0x00,0xa0,0x90,0x01,0x20,0x88,0x02,
0x20,0x88,0x02,0x20,0x84,0x04,0x20,0x84,0x04,0x20,0x82,0x08,0x20,0x81,0x10,0x20,0x81,0x10,0x20,0x80,0xa0,0x20,0x80,0xa0,
0x20,0x80,0x40,0x20,0x80,0xa0,0x20,0x80,0xa0,0x20,0x81,0x10,0x20,0x81,0x10,0x20,0x82,0x08,0x20,0x84,0x04,0x20,0x84,0x04,
0x20,0x88,0x02,0x20,0x88,0x02,0x20,0x90,0x01,0x20,0xa0,0x00,0xa0,0xa0,0x00,0xa0,0xc0,0x00,0x60,0xc0,0x00,0x60,0xff,0xff,
0xe0,0xff,0xff,0xe0,0xc0,0x00,0x60,0xc0,0x00,0x60,0xa0,0x00,0xa0,0xa0,0x00,0xa0,0x90,0x01,0x20,0x88,0x02,0x20,0x88,0x02,
0x20,0x84,0x04,0x20,0x84,0x04,0x20,0x82,0x08,0x20,0x81,0x10,0x20,0x81,0x10,0x20,0x80,0xa0,0x20,0x80,0xa0,0x20,0x80,0x40,
0x20,0x80,0xa0,0x20,0x80,0xa0,0x20,0x81,0x10,0x20,0x81,0x10,0x20,0x82,0x08,0x20,0x84,0x04,0x20,0x84,0x04,0x20,0x88,0x02,
0x20,0x88,0x02,0x20,0x90,0x01,0x20,0xa0,0x00,0xa0,0xa0,0x00,0xa0,0xc0,0x00,0x60,0xc0,0x00,0x60,0xff,0xff,0xe0,0x0f,0xc0,
0x00,0x00,0x0f,0xc0,0x00,0x00,0x0f,0xc0,0x00,0x00,0x0f,0xc0,0x00,0x00,0x0f,0xc0,0x00,0x00,0x0f,0xc0,0x00,0x00,0x0f,0xc0,
0x40,0x00,0x0f,0xc1,0xc0,0x00,0x0f,0xc3,0xc0,0x00,0x0f,0xcf,0xc0,0x00,0x0f,0xff,0xc0,0x00,0x0f,0xff,0x80,0x00,0x0f,0xfe,
0x00,0x00,0x0f,0xfc,0x00,0x00,0x0f,0xf0,0x00,0x00,0x3f,0xc0,0x00,0x00,0x7f,0xc0,0x00,0x00,0xff,0xc0,0x00,0x00,0xff,0xc0,
0x00,0x00,0xff,0xc0,0x00,0x00,0xcf,0xc0,0x00,0x00,0x8f,0xc0,0x00,0x00,0x0f,0xc0,0x00,0x00,0x0f,0xc0,0x00,0x00,0x0f,0xff,
0xff,0x80,0x0f,0xff,0xff,0x80,0x0f,0xff,0xff,0x80,0x0f,0xff,0xff,0x80,0x0f,0xff,0xff,0x80,0x0f,0xff,0xff,0x80,0x3f,0x00,
0x3f,0x00,0x3f,0x00,0x3f,0x00,0x3f,0x00,0x3f,0x00,0x3f,0x00,0x3f,0x00,0x3f,0x00,0x3f,0x00,0x3f,0x18,0x3f,0x78,0x3f,0xf8,
0x3f,0xf8,0x3f,0xf8,0x3f,0xe0,0x7f,0x80,0xff,0x00,0xff,0x00,0xff,0x00,0xff,0x00,0x3f,0x00,0x3f,0x00,0x3f,0x00,0x3f,0x00,
0x3f,0x00,0x3f,0x80,0x3f,0xf8,0x3f,0xf8,0x1f,0xf8,0x1f,0xf8,0x07,0xf8,0x00,0x01,0xf0,0x00,0x00,0x01,0xf0,0x00,0x00,0x03,
0xf0,0x00,0x00,0x07,0xe0,0x00,0x00,0x0f,0xc0,0x00,0x00,0x1f,0x00,0x00,0x00,0x00,0x00,0x00,0x00,0x00,0x00,0x00,0x00,0x00,
0x00,0x00,0xff,0x00,0x0f,0xc0,0xff,0x80,0x0f,0xc0,0xff,0xc0,0x0f,0xc0,0xff,0xc0,0x0f,0xc0,0xff,0xe0,0x0f,0xc0,0xff,0xe0,
0x0f,0xc0,0xff,0xf0,0x0f,0xc0,0xff,0xf0,0x0f,0xc0,0xff,0xf8,0x0f,0xc0,0xfd,0xf8,0x0f,0xc0,0xfd,0xfc,0x0f,0xc0,0xfc,0xfc,
0x0f,0xc0,0xfc,0xfe,0x0f,0xc0,0xfc,0x7e,0x0f,0xc0,0xfc,0x3f,0x0f,0xc0,0xfc,0x3f,0x0f,0xc0,0xfc,0x1f,0x8f,0xc0,0xfc,0x1f,
0xcf,0xc0,0xfc,0x0f,0xcf,0xc0,0xfc,0x0f,0xef,0xc0,0xfc,0x07,0xef,0xc0,0xfc,0x07,0xff,0xc0,0xfc,0x03,0xff,0xc0,0xfc,0x03,
0xff,0xc0,0xfc,0x01,0xff,0xc0,0xfc,0x01,0xff,0xc0,0xfc,0x00,0xff,0xc0,0xfc,0x00,0x7f,0xc0,0xfc,0x00,0x7f,0xc0,0xfc,0x00,
0x3f,0xc0,0x00,0x0f,0x00,0x00,0x1f,0x80,0x00,0x1f,0x00,0x00,0x3f,0x00,0x00,0x7c,0x00,0x00,0xf8,0x00,0x00,0x00,0x00,0x00,
0x00,0x00,0x00,0x00,0x00,0x00,0x08,0x00,0xf8,0x7f,0x80,0xfd,0xff,0xc0,0xff,0xff,0xe0,0xff,0xff,0xe0,0xff,0xff,0xf0,0xff,
0x07,0xf0,0xfe,0x03,0xf0,0xfc,0x03,0xf0,0xfc,0x03,0xf0,0xfc,0x03,0xf0,0xfc,0x03,0xf0,0xfc,0x03,0xf0,0xfc,0x03,0xf0,0xfc,
0x03,0xf0,0xfc,0x03,0xf0,0xfc,0x03,0xf0,0xfc,0x03,0xf0,0xfc,0x03,0xf0,0xfc,0x03,0xf0,0xfc,0x03,0xf0,0xfc,0x03,0xf0,0xfc,
0x03,0xf0,0xff,0x80,0x0f,0xc0,0xff,0x80,0x0f,0xc0,0xff,0xc0,0x0f,0xc0,0xff,0xc0,0x0f,0xc0,0xff,0xe0,0x0f,0xc0,0xff,0xe0,
0x0f,0xc0,0xff,0xf0,0x0f,0xc0,0xff,0xf0,0x0f,0xc0,0xff,0xf8,0x0f,0xc0,0xfd,0xf8,0x0f,0xc0,0xfd,0xfc,0x0f,0xc0,0xfc,0xfc,
0x0f,0xc0,0xfc,0x7e,0x0f,0xc0,0xfc,0x7e,0x0f,0xc0,0xfc,0x3f,0x0f,0xc0,0xfc,0x3f,0x8f,0xc0,0xfc,0x1f,0x8f,0xc0,0xfc,0x1f,
0xcf,0xc0,0xfc,0x0f,0xcf,0xc0,0xfc,0x07,0xef,0xc0,0xfc,0x07,0xef,0xc0,0xfc,0x03,0xff,0xc0,0xfc,0x03,0xff,0xc0,0xfc,0x01,
0xff,0xc0,0xfc,0x01,0xff,0xc0,0xfc,0x00,0xff,0xc0,0xfc,0x00,0xff,0xc0,0xfc,0x00,0x7f,0xc0,0xfc,0x00,0x3f,0xc0,0xfc,0x00,
0x3f,0xc0,0x00,0x00,0x00,0x00,0x00,0x00,0x00,0x00,0x00,0x06,0x00,0x00,0x00,0x1f,0x80,0x00,0x00,0x1f,0x80,0x00,0x00,0x07,
0xc0,0x00,0x00,0x07,0xc0,0x00,0x00,0x07,0xc0,0x00,0x00,0x0f,0x80,0x00,0x00,0x7f,0x80,0x00,0x00,0x7e,0x00,0x00,0x00,0x08,
0x00,0xf8,0x7f,0x80,0xfd,0xff,0xc0,0xff,0xff,0xe0,0xff,0xff,0xe0,0xff,0xff,0xf0,0xff,0x07,0xf0,0xfe,0x03,0xf0,0xfc,0x03,
0xf0,0xfc,0x03,0xf0,0xfc,0x03,0xf0,0xfc,0x03,0xf0,0xfc,0x03,0xf0,0xfc,0x03,0xf0,0xfc,0x03,0xf0,0xfc,0x03,0xf0,0xfc,0x03,
0xf0,0xfc,0x03,0xf0,0xfc,0x03,0xf0,0xfc,0x03,0xf0,0xfc,0x03,0xf0,0xfc,0x03,0xf0,0xfc,0x03,0xf0,0x00,0x00,0x00,0x00,0x00,
0x00,0x00,0x30,0x00,0x00,0xfc,0x00,0x00,0xfc,0x00,0x00,0x3e,0x00,0x00,0x3e,0x00,0x00,0x3e,0x00,0x00,0x7c,0x00,0x03,0xfc,
0x00,0x03,0xf0,0x00,0x01,0x00,0x00,0x07,0xc0,0xf8,0x00,0x03,0xe1,0xf0,0x00,0x01,0xf3,0xe0,0x00,0x00,0xff,0xc0,0x00,0x00,
0x7f,0x80,0x00,0x00,0x3f,0x00,0x00,0x00,0x1e,0x00,0x00,0x00,0x00,0x00,0x00,0x00,0x00,0x00,0x00,0x00,0x00,0x00,0x00,0xff,
0x00,0x0f,0xc0,0xff,0x80,0x0f,0xc0,0xff,0xc0,0x0f,0xc0,0xff,0xc0,0x0f,0xc0,0xff,0xe0,0x0f,0xc0,0xff,0xe0,0x0f,0xc0,0xff,
0xf0,0x0f,0xc0,0xff,0xf0,0x0f,0xc0,0xff,0xf8,0x0f,0xc0,0xfd,0xf8,0x0f,0xc0,0xfd,0xfc,0x0f,0xc0,0xfc,0xfc,0x0f,0xc0,0xfc,
0xfe,0x0f,0xc0,0xfc,0x7e,0x0f,0xc0,0xfc,0x3f,0x0f,0xc0,0xfc,0x3f,0x0f,0xc0,0xfc,0x1f,0x8f,0xc0,0xfc,0x1f,0xcf,0xc0,0xfc,
0x0f,0xcf,0xc0,0xfc,0x0f,0xef,0xc0,0xfc,0x07,0xef,0xc0,0xfc,0x07,0xff,0xc0,0xfc,0x03,0xff,0xc0,0xfc,0x03,0xff,0xc0,0xfc,
0x01,0xff,0xc0,0xfc,0x01,0xff,0xc0,0xfc,0x00,0xff,0xc0,0xfc,0x00,0x7f,0xc0,0xfc,0x00,0x7f,0xc0,0xfc,0x00,0x3f,0xc0,0x3e,
0x07,0xc0,0x1f,0x0f,0x80,0x0f,0x9f,0x00,0x07,0xfe,0x00,0x03,0xfc,0x00,0x01,0xf8,0x00,0x00,0xf0,0x00,0x00,0x00,0x00,0x00,
0x00,0x00,0x00,0x00,0x00,0x00,0x08,0x00,0xf8,0x7f,0x80,0xfd,0xff,0xc0,0xff,0xff,0xe0,0xff,0xff,0xe0,0xff,0xff,0xf0,0xff,
0x07,0xf0,0xfe,0x03,0xf0,0xfc,0x03,0xf0,0xfc,0x03,0xf0,0xfc,0x03,0xf0,0xfc,0x03,0xf0,0xfc,0x03,0xf0,0xfc,0x03,0xf0,0xfc,
0x03,0xf0,0xfc,0x03,0xf0,0xfc,0x03,0xf0,0xfc,0x03,0xf0,0xfc,0x03,0xf0,0xfc,0x03,0xf0,0xfc,0x03,0xf0,0xfc,0x03,0xf0,0xfc,
0x03,0xf0,0xff,0xff,0xe0,0xc0,0x00,0x60,0xc0,0x00,0x60,0xa0,0x00,0xa0,0xa0,0x00,0xa0,0x90,0x01,0x20,0x88,0x02,0x20,0x88,
0x02,0x20,0x84,0x04,0x20,0x84,0x04,0x20,0x82,0x08,0x20,0x81,0x10,0x20,0x81,0x10,0x20,0x80,0xa0,0x20,0x80,0xa0,0x20,0x80,
0x40,0x20,0x80,0xa0,0x20,0x80,0xa0,0x20,0x81,0x10,0x20,0x81,0x10,0x20,0x82,0x08,0x20,0x84,0x04,0x20,0x84,0x04,0x20,0x88,
0x02,0x20,0x88,0x02,0x20,0x90,0x01,0x20,0xa0,0x00,0xa0,0xa0,0x00,0xa0,0xc0,0x00,0x60,0xc0,0x00,0x60,0xff,0xff,0xe0,0xff,
0xff,0xe0,0xc0,0x00,0x60,0xc0,0x00,0x60,0xa0,0x00,0xa0,0xa0,0x00,0xa0,0x90,0x01,0x20,0x88,0x02,0x20,0x88,0x02,0x20,0x84,
0x04,0x20,0x84,0x04,0x20,0x82,0x08,0x20,0x81,0x10,0x20,0x81,0x10,0x20,0x80,0xa0,0x20,0x80,0xa0,0x20,0x80,0x40,0x20,0x80,
0xa0,0x20,0x80,0xa0,0x20,0x81,0x10,0x20,0x81,0x10,0x20,0x82,0x08,0x20,0x84,0x04,0x20,0x84,0x04,0x20,0x88,0x02,0x20,0x88,
0x02,0x20,0x90,0x01,0x20,0xa0,0x00,0xa0,0xa0,0x00,0xa0,0xc0,0x00,0x60,0xc0,0x00,0x60,0xff,0xff,0xe0,0xff,0xff,0xe0,0xc0,
0x00,0x60,0xc0,0x00,0x60,0xa0,0x00,0xa0,0xa0,0x00,0xa0,0x90,0x01,0x20,0x88,0x02,0x20,0x88,0x02,0x20,0x84,0x04,0x20,0x84,
0x04,0x20,0x82,0x08,0x20,0x81,0x10,0x20,0x81,0x10,0x20,0x80,0xa0,0x20,0x80,0xa0,0x20,0x80,0x40,0x20,0x80,0xa0,0x20,0x80,
0xa0,0x20,0x81,0x10,0x20,0x81,0x10,0x20,0x82,0x08,0x20,0x84,0x04,0x20,0x84,0x04,0x20,0x88,0x02,0x20,0x88,0x02,0x20,0x90,
0x01,0x20,0xa0,0x00,0xa0,0xa0,0x00,0xa0,0xc0,0x00,0x60,0xc0,0x00,0x60,0xff,0xff,0xe0,0xff,0xff,0xe0,0xc0,0x00,0x60,0xc0,
0x00,0x60,0xa0,0x00,0xa0,0xa0,0x00,0xa0,0x90,0x01,0x20,0x88,0x02,0x20,0x88,0x02,0x20,0x84,0x04,0x20,0x84,0x04,0x20,0x82,
0x08,0x20,0x81,0x10,0x20,0x81,0x10,0x20,0x80,0xa0,0x20,0x80,0xa0,0x20,0x80,0x40,0x20,0x80,0xa0,0x20,0x80,0xa0,0x20,0x81,
0x10,0x20,0x81,0x10,0x20,0x82,0x08,0x20,0x84,0x04,0x20,0x84,0x04,0x20,0x88,0x02,0x20,0x88,0x02,0x20,0x90,0x01,0x20,0xa0,
0x00,0xa0,0xa0,0x00,0xa0,0xc0,0x00,0x60,0xc0,0x00,0x60,0xff,0xff,0xe0,0xff,0xff,0xe0,0xc0,0x00,0x60,0xc0,0x00,0x60,0xa0,
0x00,0xa0,0xa0,0x00,0xa0,0x90,0x01,0x20,0x88,0x02,0x20,0x88,0x02,0x20,0x84,0x04,0x20,0x84,0x04,0x20,0x82,0x08,0x20,0x81,
0x10,0x20,0x81,0x10,0x20,0x80,0xa0,0x20,0x80,0xa0,0x20,0x80,0x40,0x20,0x80,0xa0,0x20,0x80,0xa0,0x20,0x81,0x10,0x20,0x81,
0x10,0x20,0x82,0x08,0x20,0x84,0x04,0x20,0x84,0x04,0x20,0x88,0x02,0x20,0x88,0x02,0x20,0x90,0x01,0x20,0xa0,0x00,0xa0,0xa0,
0x00,0xa0,0xc0,0x00,0x60,0xc0,0x00,0x60,0xff,0xff,0xe0,0xff,0xff,0xe0,0xc0,0x00,0x60,0xc0,0x00,0x60,0xa0,0x00,0xa0,0xa0,
0x00,0xa0,0x90,0x01,0x20,0x88,0x02,0x20,0x88,0x02,0x20,0x84,0x04,0x20,0x84,0x04,0x20,0x82,0x08,0x20,0x81,0x10,0x20,0x81,
0x10,0x20,0x80,0xa0,0x20,0x80,0xa0,0x20,0x80,0x40,0x20,0x80,0xa0,0x20,0x80,0xa0,0x20,0x81,0x10,0x20,0x81,0x10,0x20,0x82,
0x08,0x20,0x84,0x04,0x20,0x84,0x04,0x20,0x88,0x02,0x20,0x88,0x02,0x20,0x90,0x01,0x20,0xa0,0x00,0xa0,0xa0,0x00,0xa0,0xc0,
0x00,0x60,0xc0,0x00,0x60,0xff,0xff,0xe0,0xff,0xff,0xe0,0xc0,0x00,0x60,0xc0,0x00,0x60,0xa0,0x00,0xa0,0xa0,0x00,0xa0,0x90,
0x01,0x20,0x88,0x02,0x20,0x88,0x02,0x20,0x84,0x04,0x20,0x84,0x04,0x20,0x82,0x08,0x20,0x81,0x10,0x20,0x81,0x10,0x20,0x80,
0xa0,0x20,0x80,0xa0,0x20,0x80,0x40,0x20,0x80,0xa0,0x20,0x80,0xa0,0x20,0x81,0x10,0x20,0x81,0x10,0x20,0x82,0x08,0x20,0x84,
0x04,0x20,0x84,0x04,0x20,0x88,0x02,0x20,0x88,0x02,0x20,0x90,0x01,0x20,0xa0,0x00,0xa0,0xa0,0x00,0xa0,0xc0,0x00,0x60,0xc0,
0x00,0x60,0xff,0xff,0xe0,0x00,0x07,0x87,0x80,0x00,0x0f,0x87,0xc0,0x00,0x0f,0x8f,0xc0,0x00,0x1f,0x9f,0x80,0x00,0x3f,0x3f,
0x00,0x00,0x7c,0x3e,0x00,0x00,0x78,0x78,0x00,0x00,0x00,0x00,0x00,0x00,0x00,0x00,0x00,0x00,0x00,0x00,0x00,0x00,0x7f,0xf8,
0x00,0x01,0xff,0xfe,0x00,0x03,0xff,0xff,0x00,0x0f,0xff,0xff,0xc0,0x0f,0xff,0xff,0xc0,0x1f,0xe0,0x1f,0xe0,0x3f,0xc0,0x0f,
0xf0,0x3f,0x80,0x07,0xf0,0x7f,0x00,0x07,0xf8,0x7f,0x00,0x03,0xf8,0x7f,0x00,0x03,0xf8,0xfe,0x00,0x01,0xfc,0xfe,0x00,0x01,
0xfc,0xfe,0x00,0x01,0xfc,0xfe,0x00,0x01,0xfc,0xfe,0x00,0x01,0xfc,0xfe,0x00,0x01,0xfc,0xfe,0x00,0x01,0xfc,0xfe,0x00,0x01,
0xfc,0xff,0x00,0x03,0xf8,0x7f,0x00,0x03,0xf8,0x7f,0x00,0x03,0xf8,0x3f,0x80,0x07,0xf0,0x3f,0xc0,0x0f,0xf0,0x1f,0xe0,0x1f,
0xe0,0x1f,0xff,0xff,0xc0,0x0f,0xff,0xff,0x80,0x03,0xff,0xff,0x00,0x01,0xff,0xfe,0x00,0x00,0x7f,0xf8,0x00,0x00,0x03,0x00,
0x00,0x00,0x10,0x00,0x00,0x7c,0x3c,0x00,0x7c,0x7c,0x00,0xfc,0x7c,0x01,0xf8,0xfc,0x03,0xf1,0xf0,0x07,0xc3,0xe0,0x00,0x00,
0x00,0x00,0x00,0x00,0x00,0x00,0x00,0x00,0x10,0x00,0x03,0xff,0x80,0x0f,0xff,0xc0,0x1f,0xff,0xf0,0x3f,0xff,0xf8,0x3f,0xff,
0xf8,0x7f,0x01,0xfc,0x7e,0x00,0xfc,0xfe,0x00,0xfe,0xfc,0x00,0x7e,0xfc,0x00,0x7e,0xfc,0x00,0x7e,0xfc,0x00,0x7e,0xfc,0x00,
0x7e,0xfc,0x00,0x7e,0xfe,0x00,0xfe,0x7e,0x00,0xfc,0x7f,0x01,0xfc,0x3f,0xff,0xf8,0x3f,0xff,0xf8,0x1f,0xff,0xf0,0x0f,0xff,
0xc0,0x03,0xff,0x80,0x00,0x10,0x00,0x00,0x7f,0xf3,0xff,0xff,0xc0,0x01,0xff,0xff,0xff,0xff,0xc0,0x07,0xff,0xff,0xff,0xff,
0xc0,0x0f,0xff,0xff,0xff,0xff,0xc0,0x1f,0xff,0xff,0xff,0xff,0xc0,0x1f,0xe0,0x3f,0xff,0xff,0xc0,0x3f,0xc0,0x1f,0xf0,0x00,
0x00,0x7f,0x80,0x0f,0xf0,0x00,0x00,0x7f,0x00,0x07,0xf0,0x00,0x00,0x7f,0x00,0x07,0xf0,0x00,0x00,0xfe,0x00,0x07,0xf0,0x00,
0x00,0xfe,0x00,0x03,0xff,0xf8,0x00,0xfe,0x00,0x03,0xff,0xf8,0x00,0xfe,0x00,0x03,0xff,0xf8,0x00,0xfe,0x00,0x03,0xff,0xf8,
0x00,0xfe,0x00,0x03,0xff,0xf8,0x00,0xfe,0x00,0x03,0xff,0xf8,0x00,0xfe,0x00,0x03,0xf0,0x00,0x00,0xfe,0x00,0x03,0xf0,0x00,
0x00,0xff,0x00,0x07,0xf0,0x00,0x00,0x7f,0x00,0x07,0xf0,0x00,0x00,0x7f,0x00,0x07,0xf0,0x00,0x00,0x7f,0x80,0x0f,0xf0,0x00,
0x00,0x3f,0xc0,0x1f,0xf0,0x00,0x00,0x1f,0xe0,0x3f,0xff,0xff,0xc0,0x1f,0xff,0xff,0xff,0xff,0xc0,0x0f,0xff,0xff,0xff,0xff,
0xc0,0x07,0xff,0xff,0xff,0xff,0xc0,0x01,0xff,0xfb,0xff,0xff,0xc0,0x00,0x7f,0xf3,0xff,0xff,0xc0,0x00,0x02,0x00,0x00,0x00,
0x00,0x00,0x00,0x00,0x10,0x00,0x03,0xff,0x01,0xff,0x80,0x0f,0xff,0xc7,0xff,0xc0,0x1f,0xff,0xef,0xff,0xf0,0x3f,0xff,0xff,
0xff,0xf8,0x3f,0xff,0xff,0xff,0xf8,0x7f,0x03,0xff,0x01,0xfc,0x7e,0x01,0xfe,0x00,0xfc,0xfe,0x01,0xfc,0x00,0x7c,0xfc,0x00,
0xff,0xff,0xfe,0xfc,0x00,0xff,0xff,0xfe,0xfc,0x00,0xff,0xff,0xfe,0xfc,0x00,0xff,0xff,0xfe,0xfc,0x00,0xfc,0x00,0x00,0xfc,
0x00,0xfe,0x00,0x00,0xfe,0x01,0xfe,0x00,0x00,0x7e,0x01,0xff,0x00,0x00,0x7f,0x03,0xff,0x81,0xe0,0x3f,0xff,0xff,0xff,0xf8,
0x3f,0xff,0xff,0xff,0xf8,0x1f,0xff,0xef,0xff,0xf0,0x0f,0xff,0x87,0xff,0xe0,0x03,0xff,0x01,0xff,0x80,0x00,0x10,0x00,0x18,
0x00,0x00,0x01,0xe0,0x00,0x00,0x03,0xe0,0x00,0x00,0x07,0xe0,0x00,0x00,0x0f,0xc0,0x00,0x00,0x1f,0x80,0x00,0x00,0x3f,0x00,
0x00,0x00,0x00,0x00,0x00,0x00,0x00,0x00,0x00,0x00,0x00,0x00,0x00,0xff,0xff,0x80,0x00,0xff,0xff,0xf0,0x00,0xff,0xff,0xf8,
0x00,0xff,0xff,0xfc,0x00,0xff,0xff,0xfe,0x00,0xfc,0x00,0xfe,0x00,0xfc,0x00,0x7f,0x00,0xfc,0x00,0x3f,0x00,0xfc,0x00,0x3f,
0x00,0xfc,0x00,0x3f,0x00,0xfc,0x00,0x3f,0x00,0xfc,0x00,0x7f,0x00,0xfc,0x00,0xfe,0x00,0xff,0xff,0xfe,0x00,0xff,0xff,0xfc,
0x00,0xff,0xff,0xf8,0x00,0xff,0xff,0xf0,0x00,0xff,0xff,0xc0,0x00,0xfc,0x3f,0xc0,0x00,0xfc,0x1f,0xe0,0x00,0xfc,0x0f,0xe0,
0x00,0xfc,0x0f,0xf0,0x00,0xfc,0x07,0xf8,0x00,0xfc,0x03,0xf8,0x00,0xfc,0x01,0xfc,0x00,0xfc,0x01,0xfe,0x00,0xfc,0x00,0xfe,
0x00,0xfc,0x00,0x7f,0x00,0xfc,0x00,0x7f,0x00,0xfc,0x00,0x3f,0x80,0x00,0x78,0x00,0xf8,0x01,0xf8,0x03,0xf0,0x03,0xe0,0x07,
0xc0,0x00,0x00,0x00,0x00,0x00,0x00,0x00,0x00,0xf8,0x78,0xf8,0xf8,0xf9,0xf8,0xff,0xf8,0xff,0xf8,0xff,0xf8,0xff,0x00,0xfe,
0x00,0xfc,0x00,0xfc,0x00,0xfc,0x00,0xfc,0x00,0xfc,0x00,0xfc,0x00,0xfc,0x00,0xfc,0x00,0xfc,0x00,0xfc,0x00,0xfc,0x00,0xfc,
0x00,0xfc,0x00,0xfc,0x00,0xff,0xff,0xe0,0xc0,0x00,0x60,0xc0,0x00,0x60,0xa0,0x00,0xa0,0xa0,0x00,0xa0,0x90,0x01,0x20,0x88,
0x02,0x20,0x88,0x02,0x20,0x84,0x04,0x20,0x84,0x04,0x20,0x82,0x08,0x20,0x81,0x10,0x20,0x81,0x10,0x20,0x80,0xa0,0x20,0x80,
0xa0,0x20,0x80,0x40,0x20,0x80,0xa0,0x20,0x80,0xa0,0x20,0x81,0x10,0x20,0x81,0x10,0x20,0x82,0x08,0x20,0x84,0x04,0x20,0x84,
0x04,0x20,0x88,0x02,0x20,0x88,0x02,0x20,0x90,0x01,0x20,0xa0,0x00,0xa0,0xa0,0x00,0xa0,0xc0,0x00,0x60,0xc0,0x00,0x60,0xff,
0xff,0xe0,0xff,0xff,0xe0,0xc0,0x00,0x60,0xc0,0x00,0x60,0xa0,0x00,0xa0,0xa0,0x00,0xa0,0x90,0x01,0x20,0x88,0x02,0x20,0x88,
0x02,0x20,0x84,0x04,0x20,0x84,0x04,0x20,0x82,0x08,0x20,0x81,0x10,0x20,0x81,0x10,0x20,0x80,0xa0,0x20,0x80,0xa0,0x20,0x80,
0x40,0x20,0x80,0xa0,0x20,0x80,0xa0,0x20,0x81,0x10,0x20,0x81,0x10,0x20,0x82,0x08,0x20,0x84,0x04,0x20,0x84,0x04,0x20,0x88,
0x02,0x20,0x88,0x02,0x20,0x90,0x01,0x20,0xa0,0x00,0xa0,0xa0,0x00,0xa0,0xc0,0x00,0x60,0xc0,0x00,0x60,0xff,0xff,0xe0,0x0f,
0x81,0xf0,0x00,0x07,0xe7,0xe0,0x00,0x03,0xff,0xc0,0x00,0x01,0xff,0x80,0x00,0x00,0xfe,0x00,0x00,0x00,0x3c,0x00,0x00,0x00,
0x00,0x00,0x00,0x00,0x00,0x00,0x00,0x00,0x00,0x00,0x00,0xff,0xff,0x80,0x00,0xff,0xff,0xf0,0x00,0xff,0xff,0xf8,0x00,0xff,
0xff,0xfc,0x00,0xff,0xff,0xfe,0x00,0xfc,0x00,0xfe,0x00,0xfc,0x00,0x7f,0x00,0xfc,0x00,0x3f,0x00,0xfc,0x00,0x3f,0x00,0xfc,
0x00,0x3f,0x00,0xfc,0x00,0x3f,0x00,0xfc,0x00,0x7f,0x00,0xfc,0x00,0xfe,0x00,0xff,0xff,0xfe,0x00,0xff,0xff,0xfc,0x00,0xff,
0xff,0xf8,0x00,0xff,0xff,0xf0,0x00,0xff,0xff,0xc0,0x00,0xfc,0x3f,0xc0,0x00,0xfc,0x1f,0xe0,0x00,0xfc,0x0f,0xe0,0x00,0xfc,
0x0f,0xf0,0x00,0xfc,0x07,0xf8,0x00,0xfc,0x03,0xf8,0x00,0xfc,0x01,0xfc,0x00,0xfc,0x01,0xfe,0x00,0xfc,0x00,0xfe,0x00,0xfc,
0x00,0x7f,0x00,0xfc,0x00,0x7f,0x00,0xfc,0x00,0x3f,0x80,0xfc,0x0f,0x80,0x7e,0x1f,0x00,0x3f,0x3e,0x00,0x1f,0xfc,0x00,0x0f,
0xf8,0x00,0x07,0xf0,0x00,0x03,0xe0,0x00,0x00,0x80,0x00,0x00,0x00,0x00,0x00,0x00,0x00,0x00,0x00,0x00,0x3e,0x1e,0x00,0x3e,
0x3e,0x00,0x3e,0x7e,0x00,0x3f,0xfe,0x00,0x3f,0xfe,0x00,0x3f,0xfe,0x00,0x3f,0xc0,0x00,0x3f,0x80,0x00,0x3f,0x00,0x00,0x3f,
0x00,0x00,0x3f,0x00,0x00,0x3f,0x00,0x00,0x3f,0x00,0x00,0x3f,0x00,0x00,0x3f,0x00,0x00,0x3f,0x00,0x00,0x3f,0x00,0x00,0x3f,
0x00,0x00,0x3f,0x00,0x00,0x3f,0x00,0x00,0x3f,0x00,0x00,0x3f,0x00,0x00,0x00,0x00,0xe0,0x00,0x00,0x01,0xf0,0x00,0x00,0x03,
0xf0,0x00,0x00,0x07,0xf0,0x00,0x00,0x0f,0xe0,0x00,0x00,0x1f,0xc0,0x00,0x00,0x3f,0x00,0x00,0x00,0x00,0x00,0x00,0x00,0x00,
0x00,0x00,0x00,0x00,0x00,0x00,0x01,0xff,0xe0,0x00,0x07,0xff,0xf8,0x00,0x0f,0xff,0xfc,0x00,0x1f,0xff,0xfe,0x00,0x3f,0xff,
0xff,0x00,0x3f,0x00,0x7f,0x00,0x7e,0x00,0x3c,0x00,0x7e,0x00,0x00,0x00,0x7e,0x00,0x00,0x00,0x7f,0x00,0x00,0x00,0x7f,0x80,
0x00,0x00,0x7f,0xf8,0x00,0x00,0x3f,0xff,0x80,0x00,0x1f,0xff,0xf0,0x00,0x0f,0xff,0xfc,0x00,0x07,0xff,0xfe,0x00,0x01,0xff,
0xff,0x00,0x00,0x0f,0xff,0x00,0x00,0x00,0xff,0x80,0x00,0x00,0x3f,0x80,0x00,0x00,0x1f,0x80,0x04,0x00,0x1f,0x80,0x3c,0x00,
0x1f,0x80,0xfe,0x00,0x1f,0x80,0x7f,0x80,0x7f,0x00,0x7f,0xff,0xff,0x00,0x3f,0xff,0xfe,0x00,0x1f,0xff,0xfc,0x00,0x07,0xff,
0xf0,0x00,0x01,0xff,0xe0,0x00,0x00,0x0c,0x00,0x00,0x00,0x07,0x80,0x00,0x0f,0x80,0x00,0x0f,0x80,0x00,0x1f,0x00,0x00,0x3e,
0x00,0x00,0x7c,0x00,0x00,0x00,0x00,0x00,0x00,0x00,0x00,0x00,0x00,0x00,0x20,0x00,0x07,0xff,0x00,0x1f,0xff,0xc0,0x3f,0xff,
0xe0,0x3f,0xff,0xf0,0x7f,0xff,0xf0,0x7e,0x03,0xe0,0x7e,0x01,0x00,0x7e,0x00,0x00,0x7f,0xc0,0x00,0x3f,0xfe,0x00,0x1f,0xff,
0xc0,0x07,0xff,0xf0,0x00,0x7f,0xf0,0x00,0x07,0xf8,0x00,0x01,0xf8,0x1c,0x01,0xf8,0xfe,0x03,0xf8,0x7f,0xff,0xf8,0x7f,0xff,
0xf0,0x3f,0xff,0xe0,0x0f,0xff,0xc0,0x07,0xff,0x00,0x00,0x30,0x00,0xff,0xff,0xe0,0xc0,0x00,0x60,0xc0,0x00,0x60,0xa0,0x00,
0xa0,0xa0,0x00,0xa0,0x90,0x01,0x20,0x88,0x02,0x20,0x88,0x02,0x20,0x84,0x04,0x20,0x84,0x04,0x20,0x82,0x08,0x20,0x81,0x10,
0x20,0x81,0x10,0x20,0x80,0xa0,0x20,0x80,0xa0,0x20,0x80,0x40,0x20,0x80,0xa0,0x20,0x80,0xa0,0x20,0x81,0x10,0x20,0x81,0x10,
0x20,0x82,0x08,0x20,0x84,0x04,0x20,0x84,0x04,0x20,0x88,0x02,0x20,0x88,0x02,0x20,0x90,0x01,0x20,0xa0,0x00,0xa0,0xa0,0x00,
0xa0,0xc0,0x00,0x60,0xc0,0x00,0x60,0xff,0xff,0xe0,0xff,0xff,0xe0,0xc0,0x00,0x60,0xc0,0x00,0x60,0xa0,0x00,0xa0,0xa0,0x00,
0xa0,0x90,0x01,0x20,0x88,0x02,0x20,0x88,0x02,0x20,0x84,0x04,0x20,0x84,0x04,0x20,0x82,0x08,0x20,0x81,0x10,0x20,0x81,0x10,
0x20,0x80,0xa0,0x20,0x80,0xa0,0x20,0x80,0x40,0x20,0x80,0xa0,0x20,0x80,0xa0,0x20,0x81,0x10,0x20,0x81,0x10,0x20,0x82,0x08,
0x20,0x84,0x04,0x20,0x84,0x04,0x20,0x88,0x02,0x20,0x88,0x02,0x20,0x90,0x01,0x20,0xa0,0x00,0xa0,0xa0,0x00,0xa0,0xc0,0x00,
0x60,0xc0,0x00,0x60,0xff,0xff,0xe0,0x01,0xff,0xe0,0x00,0x07,0xff,0xf8,0x00,0x0f,0xff,0xfc,0x00,0x1f,0xff,0xfe,0x00,0x3f,
0xff,0xff,0x00,0x3f,0x00,0x7f,0x00,0x7e,0x00,0x3c,0x00,0x7e,0x00,0x00,0x00,0x7e,0x00,0x00,0x00,0x7f,0x00,0x00,0x00,0x7f,
0x80,0x00,0x00,0x7f,0xf8,0x00,0x00,0x3f,0xff,0x80,0x00,0x1f,0xff,0xf0,0x00,0x0f,0xff,0xfc,0x00,0x07,0xff,0xfe,0x00,0x01,
0xff,0xff,0x00,0x00,0x0f,0xff,0x00,0x00,0x00,0xff,0x80,0x00,0x00,0x3f,0x80,0x00,0x00,0x1f,0x80,0x04,0x00,0x1f,0x80,0x3c,
0x00,0x1f,0x80,0xfe,0x00,0x1f,0x80,0x7f,0x80,0x7f,0x00,0x7f,0xff,0xff,0x00,0x3f,0xff,0xfe,0x00,0x1f,0xff,0xfc,0x00,0x07,
0xff,0xf8,0x00,0x01,0xff,0xe0,0x00,0x00,0x1c,0x00,0x00,0x00,0x38,0x00,0x00,0x00,0x3f,0x80,0x00,0x00,0x3f,0xc0,0x00,0x00,
0x03,0xc0,0x00,0x00,0x03,0xc0,0x00,0x00,0xff,0x80,0x00,0x00,0xfe,0x00,0x00,0x00,0x20,0x00,0x07,0xff,0x00,0x1f,0xff,0xc0,
0x3f,0xff,0xe0,0x3f,0xff,0xf0,0x7f,0xff,0xf0,0x7e,0x03,0xe0,0x7e,0x01,0x00,0x7e,0x00,0x00,0x7f,0xc0,0x00,0x3f,0xfe,0x00,
0x1f,0xff,0xc0,0x07,0xff,0xe0,0x00,0x7f,0xf0,0x00,0x07,0xf8,0x00,0x01,0xf8,0x1c,0x01,0xf8,0xfe,0x03,0xf8,0x7f,0xff,0xf8,
0x7f,0xff,0xf0,0x3f,0xff,0xf0,0x1f,0xff,0xe0,0x07,0xff,0x80,0x00,0x78,0x00,0x00,0x60,0x00,0x00,0xfe,0x00,0x00,0xff,0x00,
0x00,0x0f,0x00,0x00,0x0f,0x00,0x01,0xfe,0x00,0x01,0xfc,0x00,0x0f,0x80,0xf8,0x00,0x07,0xe1,0xf0,0x00,0x03,0xf7,0xe0,0x00,
0x01,0xff,0xc0,0x00,0x00,0x7f,0x80,0x00,0x00,0x3f,0x00,0x00,0x00,0x1c,0x00,0x00,0x00,0x00,0x00,0x00,0x00,0x00,0x00,0x00,
0x00,0x00,0x00,0x00,0x01,0xff,0xe0,0x00,0x07,0xff,0xf8,0x00,0x0f,0xff,0xfc,0x00,0x1f,0xff,0xfe,0x00,0x3f,0xff,0xff,0x00,
0x3f,0x00,0x7f,0x00,0x7e,0x00,0x3c,0x00,0x7e,0x00,0x00,0x00,0x7e,0x00,0x00,0x00,0x7f,0x00,0x00,0x00,0x7f,0x80,0x00,0x00,
0x7f,0xf8,0x00,0x00,0x3f,0xff,0x80,0x00,0x1f,0xff,0xf0,0x00,0x0f,0xff,0xfc,0x00,0x07,0xff,0xfe,0x00,0x01,0xff,0xff,0x00,
0x00,0x0f,0xff,0x00,0x00,0x00,0xff,0x80,0x00,0x00,0x3f,0x80,0x00,0x00,0x1f,0x80,0x04,0x00,0x1f,0x80,0x3c,0x00,0x1f,0x80,
0xfe,0x00,0x1f,0x80,0x7f,0x80,0x7f,0x00,0x7f,0xff,0xff,0x00,0x3f,0xff,0xfe,0x00,0x1f,0xff,0xfc,0x00,0x07,0xff,0xf0,0x00,
0x01,0xff,0xe0,0x00,0x00,0x0c,0x00,0x00,0x3f,0x03,0xe0,0x0f,0x87,0xc0,0x07,0xcf,0x80,0x03,0xff,0x00,0x01,0xfe,0x00,0x00,
0xfc,0x00,0x00,0x70,0x00,0x00,0x00,0x00,0x00,0x00,0x00,0x00,0x00,0x00,0x00,0x20,0x00,0x07,0xff,0x00,0x1f,0xff,0xc0,0x3f,
0xff,0xe0,0x3f,0xff,0xf0,0x7f,0xff,0xf0,0x7e,0x03,0xe0,0x7e,0x01,0x00,0x7e,0x00,0x00,0x7f,0xc0,0x00,0x3f,0xfe,0x00,0x1f,
0xff,0xc0,0x07,0xff,0xf0,0x00,0x7f,0xf0,0x00,0x07,0xf8,0x00,0x01,0xf8,0x1c,0x01,0xf8,0xfe,0x03,0xf8,0x7f,0xff,0xf8,0x7f,
0xff,0xf0,0x3f,0xff,0xe0,0x0f,0xff,0xc0,0x07,0xff,0x00,0x00,0x30,0x00,0xff,0xff,0xff,0x80,0xff,0xff,0xff,0x80,0xff,0xff,
0xff,0x80,0xff,0xff,0xff,0x80,0xff,0xff,0xff,0x80,0xff,0xff,0xff,0x80,0x00,0x3f,0x00,0x00,0x00,0x3f,0x00,0x00,0x00,0x3f,
0x00,0x00,0x00,0x3f,0x00,0x00,0x00,0x3f,0x00,0x00,0x00,0x3f,0x00,0x00,0x00,0x3f,0x00,0x00,0x00,0x3f,0x00,0x00,0x00,0x3f,
0x00,0x00,0x00,0x3f,0x00,0x00,0x00,0x3f,0x00,0x00,0x00,0x3f,0x00,0x00,0x00,0x3f,0x00,0x00,0x00,0x3f,0x00,0x00,0x00,0x3f,
0x00,0x00,0x00,0x3f,0x00,0x00,0x00,0x3f,0x00,0x00,0x00,0x3f,0x00,0x00,0x00,0x3f,0x00,0x00,0x00,0x3f,0x00,0x00,0x00,0x3f,
0x00,0x00,0x00,0x3f,0x00,0x00,0x00,0x3f,0x00,0x00,0x00,0x3f,0x00,0x00,0x00,0x0c,0x00,0x00,0x00,0x18,0x00,0x00,0x00,0x3f,
0x80,0x00,0x00,0x3f,0xc0,0x00,0x00,0x03,0xc0,0x00,0x00,0x03,0xc0,0x00,0x00,0x7f,0x80,0x00,0x00,0x7f,0x00,0x00,0x0f,0xc0,
0x0f,0xc0,0x0f,0xc0,0x0f,0xc0,0x0f,0xc0,0x0f,0xc0,0xff,0xfc,0xff,0xfc,0xff,0xfc,0xff,0xfc,0xff,0xfc,0x0f,0xc0,0x0f,0xc0,
0x0f,0xc0,0x0f,0xc0,0x0f,0xc0,0x0f,0xc0,0x0f,0xc0,0x0f,0xc0,0x0f,0xc0,0x0f,0xc0,0x0f,0xc0,0x0f,0xc0,0x0f,0xfc,0x0f,0xfc,
0x0f,0xfc,0x07,0xfc,0x01,0xfc,0x00,0xc0,0x01,0x80,0x03,0xf0,0x03,0xfc,0x00,0x3c,0x00,0x3c,0x07,0xf8,0x07,0xf0,0x07,0xc0,
0xf8,0x00,0x03,0xe1,0xf0,0x00,0x01,0xf3,0xe0,0x00,0x00,0xff,0xc0,0x00,0x00,0x7f,0x80,0x00,0x00,0x3f,0x00,0x00,0x00,0x1c,
0x00,0x00,0x00,0x00,0x00,0x00,0x00,0x00,0x00,0x00,0x00,0x00,0x00,0x00,0xff,0xff,0xff,0x80,0xff,0xff,0xff,0x80,0xff,0xff,
0xff,0x80,0xff,0xff,0xff,0x80,0xff,0xff,0xff,0x80,0xff,0xff,0xff,0x80,0x00,0x3f,0x00,0x00,0x00,0x3f,0x00,0x00,0x00,0x3f,
0x00,0x00,0x00,0x3f,0x00,0x00,0x00,0x3f,0x00,0x00,0x00,0x3f,0x00,0x00,0x00,0x3f,0x00,0x00,0x00,0x3f,0x00,0x00,0x00,0x3f,
0x00,0x00,0x00,0x3f,0x00,0x00,0x00,0x3f,0x00,0x00,0x00,0x3f,0x00,0x00,0x00,0x3f,0x00,0x00,0x00,0x3f,0x00,0x00,0x00,0x3f,
0x00,0x00,0x00,0x3f,0x00,0x00,0x00,0x3f,0x00,0x00,0x00,0x3f,0x00,0x00,0x00,0x3f,0x00,0x00,0x00,0x3f,0x00,0x00,0x00,0x3f,
0x00,0x00,0x00,0x3f,0x00,0x00,0x00,0x3f,0x00,0x00,0x00,0x3f,0x00,0x00,0x00,0x07,0x00,0x00,0x07,0x80,0x00,0x0f,0x80,0x00,
0x0f,0x80,0x00,0x0f,0x00,0x00,0x0f,0x00,0x0f,0xce,0x00,0x0f,0xce,0x00,0x0f,0xc0,0x00,0x0f,0xc0,0x00,0x0f,0xc0,0x00,0x0f,
0xc0,0x00,0x0f,0xc0,0x00,0xff,0xfc,0x00,0xff,0xfc,0x00,0xff,0xfc,0x00,0xff,0xfc,0x00,0xff,0xfc,0x00,0x0f,0xc0,0x00,0x0f,
0xc0,0x00,0x0f,0xc0,0x00,0x0f,0xc0,0x00,0x0f,0xc0,0x00,0x0f,0xc0,0x00,0x0f,0xc0,0x00,0x0f,0xc0,0x00,0x0f,0xc0,0x00,0x0f,
0xc0,0x00,0x0f,0xc0,0x00,0x0f,0xc0,0x00,0x0f,0xfc,0x00,0x0f,0xfc,0x00,0x0f,0xfc,0x00,0x07,0xfc,0x00,0x03,0xfc,0x00,0xff,
0xff,0xe0,0xc0,0x00,0x60,0xc0,0x00,0x60,0xa0,0x00,0xa0,0xa0,0x00,0xa0,0x90,0x01,0x20,0x88,0x02,0x20,0x88,0x02,0x20,0x84,
0x04,0x20,0x84,0x04,0x20,0x82,0x08,0x20,0x81,0x10,0x20,0x81,0x10,0x20,0x80,0xa0,0x20,0x80,0xa0,0x20,0x80,0x40,0x20,0x80,
0xa0,0x20,0x80,0xa0,0x20,0x81,0x10,0x20,0x81,0x10,0x20,0x82,0x08,0x20,0x84,0x04,0x20,0x84,0x04,0x20,0x88,0x02,0x20,0x88,
0x02,0x20,0x90,0x01,0x20,0xa0,0x00,0xa0,0xa0,0x00,0xa0,0xc0,0x00,0x60,0xc0,0x00,0x60,0xff,0xff,0xe0,0xff,0xff,0xe0,0xc0,
0x00,0x60,0xc0,0x00,0x60,0xa0,0x00,0xa0,0xa0,0x00,0xa0,0x90,0x01,0x20,0x88,0x02,0x20,0x88,0x02,0x20,0x84,0x04,0x20,0x84,
0x04,0x20,0x82,0x08,0x20,0x81,0x10,0x20,0x81,0x10,0x20,0x80,0xa0,0x20,0x80,0xa0,0x20,0x80,0x40,0x20,0x80,0xa0,0x20,0x80,
0xa0,0x20,0x81,0x10,0x20,0x81,0x10,0x20,0x82,0x08,0x20,0x84,0x04,0x20,0x84,0x04,0x20,0x88,0x02,0x20,0x88,0x02,0x20,0x90,
0x01,0x20,0xa0,0x00,0xa0,0xa0,0x00,0xa0,0xc0,0x00,0x60,0xc0,0x00,0x60,0xff,0xff,0xe0,0xff,0xff,0xe0,0xc0,0x00,0x60,0xc0,
0x00,0x60,0xa0,0x00,0xa0,0xa0,0x00,0xa0,0x90,0x01,0x20,0x88,0x02,0x20,0x88,0x02,0x20,0x84,0x04,0x20,0x84,0x04,0x20,0x82,
0x08,0x20,0x81,0x10,0x20,0x81,0x10,0x20,0x80,0xa0,0x20,0x80,0xa0,0x20,0x80,0x40,0x20,0x80,0xa0,0x20,0x80,0xa0,0x20,0x81,
0x10,0x20,0x81,0x10,0x20,0x82,0x08,0x20,0x84,0x04,0x20,0x84,0x04,0x20,0x88,0x02,0x20,0x88,0x02,0x20,0x90,0x01,0x20,0xa0,
0x00,0xa0,0xa0,0x00,0xa0,0xc0,0x00,0x60,0xc0,0x00,0x60,0xff,0xff,0xe0,0xff,0xff,0xe0,0xc0,0x00,0x60,0xc0,0x00,0x60,0xa0,
0x00,0xa0,0xa0,0x00,0xa0,0x90,0x01,0x20,0x88,0x02,0x20,0x88,0x02,0x20,0x84,0x04,0x20,0x84,0x04,0x20,0x82,0x08,0x20,0x81,
0x10,0x20,0x81,0x10,0x20,0x80,0xa0,0x20,0x80,0xa0,0x20,0x80,0x40,0x20,0x80,0xa0,0x20,0x80,0xa0,0x20,0x81,0x10,0x20,0x81,
0x10,0x20,0x82,0x08,0x20,0x84,0x04,0x20,0x84,0x04,0x20,0x88,0x02,0x20,0x88,0x02,0x20,0x90,0x01,0x20,0xa0,0x00,0xa0,0xa0,
0x00,0xa0,0xc0,0x00,0x60,0xc0,0x00,0x60,0xff,0xff,0xe0,0x03,0xff,0xe0,0x00,0x03,0xff,0xe0,0x00,0x03,0xff,0xe0,0x00,0x03,
0xff,0xe0,0x00,0x00,0x00,0x00,0x00,0x00,0x00,0x00,0x00,0x00,0x00,0x00,0x00,0x00,0x00,0x00,0x00,0xfc,0x00,0x1f,0x80,0xfc,
0x00,0x1f,0x80,0xfc,0x00,0x1f,0x80,0xfc,0x00,0x1f,0x80,0xfc,0x00,0x1f,0x80,0xfc,0x00,0x1f,0x80,0xfc,0x00,0x1f,0x80,0xfc,
0x00,0x1f,0x80,0xfc,0x00,0x1f,0x80,0xfc,0x00,0x1f,0x80,0xfc,0x00,0x1f,0x80,0xfc,0x00,0x1f,0x80,0xfc,0x00,0x1f,0x80,0xfc,
0x00,0x1f,0x80,0xfc,0x00,0x1f,0x80,0xfc,0x00,0x1f,0x80,0xfc,0x00,0x1f,0x80,0xfc,0x00,0x1f,0x80,0xfc,0x00,0x1f,0x80,0xfc,
0x00,0x1f,0x80,0xfc,0x00,0x1f,0x80,0xfc,0x00,0x1f,0x80,0x7e,0x00,0x3f,0x00,0x7e,0x00,0x3f,0x00,0x7f,0x00,0x7f,0x00,0x3f,
0xff,0xfe,0x00,0x3f,0xff,0xfe,0x00,0x1f,0xff,0xfc,0x00,0x0f,0xff,0xf8,0x00,0x03,0xff,0xe0,0x00,0x00,0x0c,0x00,0x00,0x0f,
0xff,0x80,0x0f,0xff,0x80,0x0f,0xff,0x80,0x0f,0xff,0x80,0x00,0x00,0x00,0x00,0x00,0x00,0x00,0x00,0x00,0x00,0x00,0x00,0xfc,
0x03,0xf0,0xfc,0x03,0xf0,0xfc,0x03,0xf0,0xfc,0x03,0xf0,0xfc,0x03,0xf0,0xfc,0x03,0xf0,0xfc,0x03,0xf0,0xfc,0x03,0xf0,0xfc,
0x03,0xf0,0xfc,0x03,0xf0,0xfc,0x03,0xf0,0xfc,0x03,0xf0,0xfc,0x03,0xf0,0xfc,0x03,0xf0,0xfc,0x03,0xf0,0xfc,0x07,0xf0,0xfe,
0x07,0xf0,0xff,0xff,0xf0,0x7f,0xff,0xf0,0x7f,0xff,0xf0,0x3f,0xf9,0xf0,0x1f,0xe1,0xf0,0x01,0x00,0x00,0xff,0xff,0xe0,0xc0,
0x00,0x60,0xc0,0x00,0x60,0xa0,0x00,0xa0,0xa0,0x00,0xa0,0x90,0x01,0x20,0x88,0x02,0x20,0x88,0x02,0x20,0x84,0x04,0x20,0x84,
0x04,0x20,0x82,0x08,0x20,0x81,0x10,0x20,0x81,0x10,0x20,0x80,0xa0,0x20,0x80,0xa0,0x20,0x80,0x40,0x20,0x80,0xa0,0x20,0x80,
0xa0,0x20,0x81,0x10,0x20,0x81,0x10,0x20,0x82,0x08,0x20,0x84,0x04,0x20,0x84,0x04,0x20,0x88,0x02,0x20,0x88,0x02,0x20,0x90,
0x01,0x20,0xa0,0x00,0xa0,0xa0,0x00,0xa0,0xc0,0x00,0x60,0xc0,0x00,0x60,0xff,0xff,0xe0,0xff,0xff,0xe0,0xc0,0x00,0x60,0xc0,
0x00,0x60,0xa0,0x00,0xa0,0xa0,0x00,0xa0,0x90,0x01,0x20,0x88,0x02,0x20,0x88,0x02,0x20,0x84,0x04,0x20,0x84,0x04,0x20,0x82,
0x08,0x20,0x81,0x10,0x20,0x81,0x10,0x20,0x80,0xa0,0x20,0x80,0xa0,0x20,0x80,0x40,0x20,0x80,0xa0,0x20,0x80,0xa0,0x20,0x81,
0x10,0x20,0x81,0x10,0x20,0x82,0x08,0x20,0x84,0x04,0x20,0x84,0x04,0x20,0x88,0x02,0x20,0x88,0x02,0x20,0x90,0x01,0x20,0xa0,
0x00,0xa0,0xa0,0x00,0xa0,0xc0,0x00,0x60,0xc0,0x00,0x60,0xff,0xff,0xe0,0x00,0x3e,0x00,0x00,0x00,0x7f,0x00,0x00,0x00,0xff,
0x80,0x00,0x01,0xe7,0xc0,0x00,0x01,0xc3,0xc0,0x00,0x01,0xc3,0xc0,0x00,0x01,0xc3,0xc0,0x00,0x01,0xe7,0xc0,0x00,0x00,0xff,
0x80,0x00,0x00,0x7f,0x00,0x00,0x00,0x3e,0x00,0x00,0x00,0x00,0x00,0x00,0xfc,0x00,0x1f,0x80,0xfc,0x00,0x1f,0x80,0xfc,0x00,
0x1f,0x80,0xfc,0x00,0x1f,0x80,0xfc,0x00,0x1f,0x80,0xfc,0x00,0x1f,0x80,0xfc,0x00,0x1f,0x80,0xfc,0x00,0x1f,0x80,0xfc,0x00,
0x1f,0x80,0xfc,0x00,0x1f,0x80,0xfc,0x00,0x1f,0x80,0xfc,0x00,0x1f,0x80,0xfc,0x00,0x1f,0x80,0xfc,0x00,0x1f,0x80,0xfc,0x00,
0x1f,0x80,0xfc,0x00,0x1f,0x80,0xfc,0x00,0x1f,0x80,0xfc,0x00,0x1f,0x80,0xfc,0x00,0x1f,0x80,0xfc,0x00,0x1f,0x80,0xfc,0x00,
0x1f,0x80,0xfc,0x00,0x1f,0x80,0x7e,0x00,0x3f,0x00,0x7e,0x00,0x3f,0x00,0x7f,0x00,0x7f,0x00,0x3f,0xff,0xfe,0x00,0x3f,0xff,
0xfe,0x00,0x1f,0xff,0xfc,0x00,0x0f,0xff,0xf8,0x00,0x03,0xff,0xe0,0x00,0x00,0x0c,0x00,0x00,0x01,0xf0,0x00,0x03,0xf8,0x00,
0x07,0xfc,0x00,0x0f,0x9e,0x00,0x0f,0x0e,0x00,0x0f,0x0e,0x00,0x0f,0x0e,0x00,0x0f,0x9e,0x00,0x07,0xfc,0x00,0x03,0xf8,0x00,
0x01,0xf0,0x00,0x00,0x00,0x00,0x00,0x00,0x00,0x00,0x00,0x00,0xfc,0x03,0xf0,0xfc,0x03,0xf0,0xfc,0x03,0xf0,0xfc,0x03,0xf0,
0xfc,0x03,0xf0,0xfc,0x03,0xf0,0xfc,0x03,0xf0,0xfc,0x03,0xf0,0xfc,0x03,0xf0,0xfc,0x03,0xf0,0xfc,0x03,0xf0,0xfc,0x03,0xf0,
0xfc,0x03,0xf0,0xfc,0x03,0xf0,0xfc,0x03,0xf0,0xfc,0x07,0xf0,0xfe,0x07,0xf0,0xff,0xff,0xf0,0x7f,0xff,0xf0,0x7f,0xff,0xf0,
0x3f,0xfb,0xf0,0x1f,0xe3,0xf0,0x01,0x00,0x00,0x00,0x08,0x00,0x00,0x00,0x1e,0x1e,0x00,0x00,0x3e,0x3e,0x00,0x00,0x7e,0x3e,
0x00,0x00,0xfc,0x7e,0x00,0x01,0xf8,0xfc,0x00,0x03,0xf1,0xf8,0x00,0x03,0xe1,0xf0,0x00,0x00,0x00,0x00,0x00,0x00,0x00,0x00,
0x00,0x00,0x00,0x00,0x00,0xfc,0x00,0x1f,0x80,0xfc,0x00,0x1f,0x80,0xfc,0x00,0x1f,0x80,0xfc,0x00,0x1f,0x80,0xfc,0x00,0x1f,
0x80,0xfc,0x00,0x1f,0x80,0xfc,0x00,0x1f,0x80,0xfc,0x00,0x1f,0x80,0xfc,0x00,0x1f,0x80,0xfc,0x00,0x1f,0x80,0xfc,0x00,0x1f,
0x80,0xfc,0x00,0x1f,0x80,0xfc,0x00,0x1f,0x80,0xfc,0x00,0x1f,0x80,0xfc,0x00,0x1f,0x80,0xfc,0x00,0x1f,0x80,0xfc,0x00,0x1f,
0x80,0xfc,0x00,0x1f,0x80,0xfc,0x00,0x1f,0x80,0xfc,0x00,0x1f,0x80,0xfc,0x00,0x1f,0x80,0xfc,0x00,0x1f,0x80,0x7e,0x00,0x3f,
0x00,0x7e,0x00,0x3f,0x00,0x7f,0x00,0x7f,0x00,0x3f,0xff,0xfe,0x00,0x3f,0xff,0xfe,0x00,0x1f,0xff,0xfc,0x00,0x0f,0xff,0xf8,
0x00,0x03,0xff,0xe0,0x00,0x00,0x0c,0x00,0x00,0x00,0xf0,0x78,0x01,0xf0,0xf8,0x03,0xf1,0xf8,0x03,0xe3,0xf0,0x07,0xc7,0xe0,
0x0f,0x8f,0x80,0x00,0x00,0x00,0x00,0x00,0x00,0x00,0x00,0x00,0x00,0x00,0x00,0xfc,0x03,0xf0,0xfc,0x03,0xf0,0xfc,0x03,0xf0,
0xfc,0x03,0xf0,0xfc,0x03,0xf0,0xfc,0x03,0xf0,0xfc,0x03,0xf0,0xfc,0x03,0xf0,0xfc,0x03,0xf0,0xfc,0x03,0xf0,0xfc,0x03,0xf0,
0xfc,0x03,0xf0,0xfc,0x03,0xf0,0xfc,0x03,0xf0,0xfc,0x03,0xf0,0xfc,0x07,0xf0,0xfe,0x07,0xf0,0xff,0xff,0xf0,0x7f,0xff,0xf0,
0x7f,0xff,0xf0,0x3f,0xfb,0xf0,0x1f,0xe1,0xf0,0x01,0x00,0x00,0xfc,0x00,0x1f,0x80,0xfc,0x00,0x1f,0x80,0xfc,0x00,0x1f,0x80,
0xfc,0x00,0x1f,0x80,0xfc,0x00,0x1f,0x80,0xfc,0x00,0x1f,0x80,0xfc,0x00,0x1f,0x80,0xfc,0x00,0x1f,0x80,0xfc,0x00,0x1f,0x80,
0xfc,0x00,0x1f,0x80,0xfc,0x00,0x1f,0x80,0xfc,0x00,0x1f,0x80,0xfc,0x00,0x1f,0x80,0xfc,0x00,0x1f,0x80,0xfc,0x00,0x1f,0x80,
0xfc,0x00,0x1f,0x80,0xfc,0x00,0x1f,0x80,0xfc,0x00,0x1f,0x80,0xfc,0x00,0x1f,0x80,0xfc,0x00,0x1f,0x80,0xfc,0x00,0x1f,0x80,
0xfc,0x00,0x1f,0x80,0x7e,0x00,0x3f,0x00,0x7e,0x00,0x3f,0x00,0x7f,0x00,0x7f,0x00,0x3f,0xff,0xfe,0x00,0x3f,0xff,0xfe,0x00,
0x1f,0xff,0xfc,0x00,0x0f,0xff,0xf8,0x00,0x03,0xff,0xe0,0x00,0x00,0x0f,0xc0,0x00,0x00,0x0f,0x80,0x00,0x00,0x0f,0x80,0x00,
0x00,0x0f,0x80,0x00,0x00,0x0f,0xc0,0x00,0x00,0x0f,0xfc,0x00,0x00,0x07,0xfc,0x00,0x00,0x01,0xfc,0x00,0xfc,0x03,0xf0,0xfc,
0x03,0xf0,0xfc,0x03,0xf0,0xfc,0x03,0xf0,0xfc,0x03,0xf0,0xfc,0x03,0xf0,0xfc,0x03,0xf0,0xfc,0x03,0xf0,0xfc,0x03,0xf0,0xfc,
0x03,0xf0,0xfc,0x03,0xf0,0xfc,0x03,0xf0,0xfc,0x03,0xf0,0xfc,0x03,0xf0,0xfc,0x03,0xf0,0xfc,0x07,0xf0,0xfe,0x07,0xf0,0xff,
0xff,0xf0,0x7f,0xff,0xf0,0x7f,0xfb,0xf0,0x3f,0xfb,0xf0,0x1f,0xe3,0xf0,0x01,0x07,0xe0,0x00,0x0f,0x80,0x00,0x1f,0x00,0x00,
0x1f,0x00,0x00,0x1f,0x00,0x00,0x1f,0xf0,0x00,0x0f,0xf0,0x00,0x03,0xf0,0x00,0x00,0x70,0x00,0x00,0x00,0x00,0xf8,0x00,0x00,
0x00,0x01,0xfc,0x00,0x00,0x00,0x03,0xfe,0x00,0x00,0x00,0x07,0xdf,0x00,0x00,0x00,0x0f,0x8f,0x80,0x00,0x00,0x1f,0x07,0xc0,
0x00,0x00,0x00,0x00,0x00,0x00,0x00,0x00,0x00,0x00,0x00,0x00,0x00,0x00,0x00,0x00,0xfc,0x01,0xfc,0x01,0xf8,0xfc,0x01,0xfc,
0x03,0xf8,0xfe,0x01,0xfc,0x03,0xf8,0x7e,0x03,0xfe,0x03,0xf8,0x7e,0x03,0xfe,0x03,0xf0,0x7e,0x03,0xfe,0x03,0xf0,0x7f,0x03,
0xfe,0x07,0xf0,0x7f,0x03,0xfe,0x07,0xf0,0x3f,0x07,0xdf,0x07,0xe0,0x3f,0x07,0xdf,0x07,0xe0,0x3f,0x07,0xdf,0x07,0xe0,0x3f,
0x87,0xdf,0x0f,0xe0,0x1f,0x8f,0xdf,0x8f,0xc0,0x1f,0x8f,0x8f,0x8f,0xc0,0x1f,0x8f,0x8f,0x8f,0xc0,0x1f,0x8f,0x8f,0x8f,0xc0,
0x0f,0xcf,0x8f,0x9f,0x80,0x0f,0xdf,0x0f,0xdf,0x80,0x0f,0xdf,0x07,0xdf,0x80,0x0f,0xdf,0x07,0xdf,0x80,0x07,0xdf,0x07,0xdf,
0x00,0x07,0xff,0x07,0xff,0x00,0x07,0xfe,0x03,0xff,0x00,0x07,0xfe,0x03,0xff,0x00,0x03,0xfe,0x03,0xfe,0x00,0x03,0xfe,0x03,
0xfe,0x00,0x03,0xfe,0x03,0xfe,0x00,0x03,0xfc,0x01,0xfe,0x00,0x03,0xfc,0x01,0xfe,0x00,0x01,0xfc,0x01,0xfc,0x00,0x00,0x07,
0xc0,0x00,0x00,0x0f,0xe0,0x00,0x00,0x1f,0xf0,0x00,0x00,0x3e,0xf8,0x00,0x00,0x7c,0x7c,0x00,0x01,0xf8,0x3e,0x00,0x00,0x00,
0x00,0x00,0x00,0x00,0x00,0x00,0x00,0x00,0x00,0x00,0x00,0x00,0x00,0x00,0xfc,0x0f,0xc0,0x7e,0xfc,0x0f,0xc0,0xfe,0xfc,0x0f,
0xe0,0xfc,0x7e,0x0f,0xe0,0xfc,0x7e,0x1f,0xe0,0xfc,0x7e,0x1f,0xe0,0xfc,0x7e,0x1f,0xf1,0xf8,0x3e,0x1e,0xf1,0xf8,0x3f,0x1e,
0xf1,0xf8,0x3f,0x3e,0xf1,0xf8,0x3f,0x3c,0xf3,0xf0,0x1f,0x3c,0xfb,0xf0,0x1f,0xbc,0x7b,0xf0,0x1f,0xbc,0x7b,0xe0,0x1f,0xf8,
0x7f,0xe0,0x0f,0xf8,0x7f,0xe0,0x0f,0xf8,0x3f,0xe0,0x0f,0xf8,0x3f,0xc0,0x0f,0xf8,0x3f,0xc0,0x07,0xf0,0x3f,0xc0,0x07,0xf0,
0x3f,0xc0,0x07,0xf0,0x1f,0x80,0x00,0x0f,0x00,0x00,0x00,0x1f,0x80,0x00,0x00,0x3f,0xc0,0x00,0x00,0x7f,0xe0,0x00,0x00,0xff,
0xf0,0x00,0x01,0xf9,0xf8,0x00,0x03,0xf0,0xfc,0x00,0x00,0x00,0x00,0x00,0x00,0x00,0x00,0x00,0x00,0x00,0x00,0x00,0xff,0x00,
0x0f,0xf0,0x7f,0x00,0x0f,0xe0,0x7f,0x80,0x1f,0xe0,0x3f,0x80,0x1f,0xc0,0x1f,0xc0,0x3f,0x80,0x1f,0xc0,0x3f,0x80,0x0f,0xe0,
0x7f,0x00,0x0f,0xe0,0xff,0x00,0x07,0xf0,0xfe,0x00,0x03,0xf9,0xfc,0x00,0x03,0xf9,0xfc,0x00,0x01,0xff,0xf8,0x00,0x01,0xff,
0xf8,0x00,0x00,0xff,0xf0,0x00,0x00,0x7f,0xe0,0x00,0x00,0x7f,0xe0,0x00,0x00,0x3f,0xc0,0x00,0x00,0x3f,0x80,0x00,0x00,0x1f,
0x80,0x00,0x00,0x1f,0x80,0x00,0x00,0x1f,0x80,0x00,0x00,0x1f,0x80,0x00,0x00,0x1f,0x80,0x00,0x00,0x1f,0x80,0x00,0x00,0x1f,
0x80,0x00,0x00,0x1f,0x80,0x00,0x00,0x1f,0x80,0x00,0x00,0x1f,0x80,0x00,0x00,0x1f,0x80,0x00,0x00,0x1f,0x80,0x00,0x00,0x70,
0x00,0x00,0xf8,0x00,0x01,0xfe,0x00,0x07,0xff,0x00,0x0f,0xdf,0x80,0x1f,0x8f,0xc0,0x3f,0x03,0xe0,0x00,0x00,0x00,0x00,0x00,
0x00,0x00,0x00,0x00,0x00,0x00,0x00,0xfc,0x01,0xf8,0xfe,0x01,0xf8,0xfe,0x03,0xf8,0x7e,0x03,0xf0,0x7f,0x03,0xf0,0x3f,0x07,
0xf0,0x3f,0x07,0xe0,0x3f,0x87,0xe0,0x1f,0x8f,0xc0,0x1f,0x8f,0xc0,0x0f,0xcf,0xc0,0x0f,0xdf,0x80,0x0f,0xdf,0x80,0x07,0xdf,
0x80,0x07,0xff,0x00,0x03,0xff,0x00,0x03,0xfe,0x00,0x03,0xfe,0x00,0x01,0xfe,0x00,0x01,0xfc,0x00,0x01,0xfc,0x00,0x00,0xfc,
0x00,0x01,0xf8,0x00,0x01,0xf8,0x00,0x3f,0xf0,0x00,0x3f,0xf0,0x00,0x3f,0xe0,0x00,0x3f,0xc0,0x00,0x3f,0x00,0x00,0x01,0xe0,
0xf0,0x00,0x03,0xf1,0xf8,0x00,0x03,0xf1,0xf8,0x00,0x03,0xf1,0xf8,0x00,0x03,0xf1,0xf8,0x00,0x01,0xe0,0xf0,0x00,0x00,0x00,
0x00,0x00,0x00,0x00,0x00,0x00,0x00,0x00,0x00,0x00,0xfe,0x00,0x0f,0xe0,0xff,0x00,0x1f,0xe0,0x7f,0x00,0x1f,0xc0,0x7f,0x80,
0x3f,0xc0,0x3f,0x80,0x3f,0x80,0x1f,0xc0,0x7f,0x80,0x1f,0xc0,0x7f,0x00,0x0f,0xe0,0xfe,0x00,0x07,0xf0,0xfe,0x00,0x07,0xf1,
0xfc,0x00,0x03,0xfb,0xfc,0x00,0x01,0xfb,0xf8,0x00,0x01,0xff,0xf0,0x00,0x00,0xff,0xf0,0x00,0x00,0x7f,0xe0,0x00,0x00,0x7f,
0xe0,0x00,0x00,0x3f,0xc0,0x00,0x00,0x3f,0x80,0x00,0x00,0x1f,0x80,0x00,0x00,0x1f,0x80,0x00,0x00,0x1f,0x80,0x00,0x00,0x1f,
0x80,0x00,0x00,0x1f,0x80,0x00,0x00,0x1f,0x80,0x00,0x00,0x1f,0x80,0x00,0x00,0x1f,0x80,0x00,0x00,0x1f,0x80,0x00,0x00,0x1f,
0x80,0x00,0x00,0x1f,0x80,0x00,0x00,0x1f,0x80,0x00,0x00,0x01,0xe0,0x00,0x03,0xe0,0x00,0x07,0xe0,0x00,0x0f,0xe0,0x00,0x1f,
0x80,0x00,0x3f,0x00,0x00,0x00,0x00,0x00,0x00,0x00,0x00,0x00,0x00,0x7f,0xff,0xff,0x7f,0xff,0xff,0x7f,0xff,0xff,0x7f,0xff,
0xff,0x7f,0xff,0xff,0x7f,0xff,0xff,0x00,0x01,0xfe,0x00,0x03,0xfc,0x00,0x03,0xf8,0x00,0x07,0xf8,0x00,0x0f,0xf0,0x00,0x1f,
0xe0,0x00,0x3f,0xc0,0x00,0x7f,0x80,0x00,0x7f,0x80,0x00,0xff,0x00,0x01,0xfe,0x00,0x03,0xfc,0x00,0x07,0xf8,0x00,0x0f,0xf0,
0x00,0x1f,0xf0,0x00,0x1f,0xe0,0x00,0x3f,0xc0,0x00,0x7f,0x80,0x00,0xff,0xff,0xff,0xff,0xff,0xff,0xff,0xff,0xff,0xff,0xff,
0xff,0xff,0xff,0xff,0xff,0xff,0xff,0x00,0x0f,0x00,0x00,0x1f,0x00,0x00,0x3f,0x00,0x00,0x7e,0x00,0x00,0xfc,0x00,0x01,0xf0,
0x00,0x00,0x00,0x00,0x00,0x00,0x00,0x00,0x00,0x00,0x00,0x00,0x00,0xff,0xff,0xe0,0xff,0xff,0xe0,0xff,0xff,0xe0,0xff,0xff,
0xe0,0xff,0xff,0xe0,0x00,0x1f,0xe0,0x00,0x3f,0xc0,0x00,0x7f,0x80,0x00,0xff,0x00,0x01,0xfe,0x00,0x03,0xfc,0x00,0x07,0xf8,
0x00,0x0f,0xf0,0x00,0x1f,0xe0,0x00,0x3f,0xc0,0x00,0x7f,0x80,0x00,0xff,0x00,0x00,0xff,0xff,0xf0,0xff,0xff,0xf0,0xff,0xff,
0xf0,0xff,0xff,0xf0,0xff,0xff,0xf0,0x00,0x3c,0x00,0x00,0x7e,0x00,0x00,0x7e,0x00,0x00,0x7e,0x00,0x00,0x7e,0x00,0x00,0x3c,
0x00,0x00,0x00,0x00,0x00,0x00,0x00,0x00,0x00,0x00,0x7f,0xff,0xff,0x7f,0xff,0xff,0x7f,0xff,0xff,0x7f,0xff,0xff,0x7f,0xff,
0xff,0x7f,0xff,0xff,0x00,0x01,0xfe,0x00,0x03,0xfc,0x00,0x07,0xf8,0x00,0x0f,0xf8,0x00,0x1f,0xf0,0x00,0x1f,0xe0,0x00,0x3f,
0xc0,0x00,0x7f,0x80,0x00,0xff,0x00,0x01,0xfe,0x00,0x01,0xfe,0x00,0x03,0xfc,0x00,0x07,0xf8,0x00,0x0f,0xf0,0x00,0x1f,0xe0,
0x00,0x1f,0xc0,0x00,0x3f,0xc0,0x00,0x7f,0x80,0x00,0xff,0xff,0xff,0xff,0xff,0xff,0xff,0xff,0xff,0xff,0xff,0xff,0xff,0xff,
0xff,0xff,0xff,0xff,0x00,0xf0,0x00,0x01,0xf8,0x00,0x01,0xf8,0x00,0x01,0xf8,0x00,0x01,0xf8,0x00,0x00,0xf0,0x00,0x00,0x00,
0x00,0x00,0x00,0x00,0x00,0x00,0x00,0x00,0x00,0x00,0xff,0xff,0xe0,0xff,0xff,0xe0,0xff,0xff,0xe0,0xff,0xff,0xe0,0xff,0xff,
0xe0,0x00,0x1f,0xe0,0x00,0x3f,0xc0,0x00,0x7f,0x80,0x00,0xff,0x00,0x01,0xfe,0x00,0x03,0xfc,0x00,0x07,0xf8,0x00,0x0f,0xf0,
0x00,0x1f,0xe0,0x00,0x3f,0xc0,0x00,0x7f,0xc0,0x00,0xff,0x80,0x00,0xff,0xff,0xf0,0xff,0xff,0xf0,0xff,0xff,0xf0,0xff,0xff,
0xf0,0xff,0xff,0xf0,0x0f,0xc1,0xf8,0x07,0xe3,0xf0,0x03,0xf7,0xe0,0x01,0xff,0xc0,0x00,0xff,0x80,0x00,0x3e,0x00,0x00,0x1c,
0x00,0x00,0x00,0x00,0x00,0x00,0x00,0x00,0x00,0x00,0x7f,0xff,0xff,0x7f,0xff,0xff,0x7f,0xff,0xff,0x7f,0xff,0xff,0x7f,0xff,
0xff,0x7f,0xff,0xff,0x00,0x01,0xfe,0x00,0x03,0xfc,0x00,0x03,0xf8,0x00,0x07,0xf8,0x00,0x0f,0xf0,0x00,0x1f,0xe0,0x00,0x3f,
0xc0,0x00,0x7f,0x80,0x00,0x7f,0x80,0x00,0xff,0x00,0x01,0xfe,0x00,0x03,0xfc,0x00,0x07,0xf8,0x00,0x0f,0xf0,0x00,0x1f,0xf0,
0x00,0x1f,0xe0,0x00,0x3f,0xc0,0x00,0x7f,0x80,0x00,0xff,0xff,0xff,0xff,0xff,0xff,0xff,0xff,0xff,0xff,0xff,0xff,0xff,0xff,
0xff,0xff,0xff,0xff,0x7c,0x0f,0xc0,0x3e,0x1f,0x80,0x1f,0x3f,0x00,0x0f,0xfe,0x00,0x07,0xfc,0x00,0x03,0xf8,0x00,0x01,0xf0,
0x00,0x00,0x40,0x00,0x00,0x00,0x00,0x00,0x00,0x00,0x00,0x00,0x00,0xff,0xff,0xe0,0xff,0xff,0xe0,0xff,0xff,0xe0,0xff,0xff,
0xe0,0xff,0xff,0xe0,0x00,0x1f,0xe0,0x00,0x3f,0xc0,0x00,0x7f,0x80,0x00,0xff,0x00,0x01,0xfe,0x00,0x03,0xfc,0x00,0x07,0xf8,
0x00,0x0f,0xf0,0x00,0x1f,0xe0,0x00,0x3f,0xc0,0x00,0x7f,0x80,0x00,0xff,0x00,0x00,0xff,0xff,0xf0,0xff,0xff,0xf0,0xff,0xff,
0xf0,0xff,0xff,0xf0,0xff,0xff,0xf0,0xff,0xff,0xe0,0xc0,0x00,0x60,0xc0,0x00,0x60,0xa0,0x00,0xa0,0xa0,0x00,0xa0,0x90,0x01,
0x20,0x88,0x02,0x20,0x88,0x02,0x20,0x84,0x04,0x20,0x84,0x04,0x20,0x82,0x08,0x20,0x81,0x10,0x20,0x81,0x10,0x20,0x80,0xa0,
0x20,0x80,0xa0,0x20,0x80,0x40,0x20,0x80,0xa0,0x20,0x80,0xa0,0x20,0x81,0x10,0x20,0x81,0x10,0x20,0x82,0x08,0x20,0x84,0x04,
0x20,0x84,0x04,0x20,0x88,0x02,0x20,0x88,0x02,0x20,0x90,0x01,0x20,0xa0,0x00,0xa0,0xa0,0x00,0xa0,0xc0,0x00,0x60,0xc0,0x00,
0x60,0xff,0xff,0xe0,0xff,0xff,0xe0,0xc0,0x00,0x60,0xc0,0x00,0x60,0xa0,0x00,0xa0,0xa0,0x00,0xa0,0x90,0x01,0x20,0x88,0x02,
0x20,0x88,0x02,0x20,0x84,0x04,0x20,0x84,0x04,0x20,0x82,0x08,0x20,0x81,0x10,0x20,0x81,0x10,0x20,0x80,0xa0,0x20,0x80,0xa0,
0x20,0x80,0x40,0x20,0x80,0xa0,0x20,0x80,0xa0,0x20,0x81,0x10,0x20,0x81,0x10,0x20,0x82,0x08,0x20,0x84,0x04,0x20,0x84,0x04,
0x20,0x88,0x02,0x20,0x88,0x02,0x20,0x90,0x01,0x20,0xa0,0x00,0xa0,0xa0,0x00,0xa0,0xc0,0x00,0x60,0xc0,0x00,0x60,0xff,0xff,
0xe0,0xff,0xff,0xe0,0xc0,0x00,0x60,0xc0,0x00,0x60,0xa0,0x00,0xa0,0xa0,0x00,0xa0,0x90,0x01,0x20,0x88,0x02,0x20,0x88,0x02,
0x20,0x84,0x04,0x20,0x84,0x04,0x20,0x82,0x08,0x20,0x81,0x10,0x20,0x81,0x10,0x20,0x80,0xa0,0x20,0x80,0xa0,0x20,0x80,0x40,
0x20,0x80,0xa0,0x20,0x80,0xa0,0x20,0x81,0x10,0x20,0x81,0x10,0x20,0x82,0x08,0x20,0x84,0x04,0x20,0x84,0x04,0x20,0x88,0x02,
0x20,0x88,0x02,0x20,0x90,0x01,0x20,0xa0,0x00,0xa0,0xa0,0x00,0xa0,0xc0,0x00,0x60,0xc0,0x00,0x60,0xff,0xff,0xe0,0xff,0xff,
0xe0,0xff,0xff,0xe0,0xff,0xff,0xe0,0xff,0xff,0xe0,0xff,0xff,0xe0,0xff,0xff,0xff,0xff,0x80,0xff,0xff,0xff,0xff,0x80,0xff,
0xff,0xff,0xff,0x80,0xff,0xff,0xff,0xff,0x80,0xff,0xff,0xff,0xff,0x80,0x1e,0x1e,0x1c,0x3c,0x38,0x78,0x7c,0x7e,0xff,0xff,
0xff,0xff,0x7e,0x3c,0x7e,0x7e,0xff,0xff,0xff,0xff,0x7e,0x1e,0x1c,0x3c,0x3c,0x38,0x78,0x78,0x1e,0x0f,0x00,0x1e,0x0f,0x00,
0x1c,0x0e,0x00,0x3c,0x1e,0x00,0x38,0x1c,0x00,0x78,0x3c,0x00,0x7c,0x3e,0x00,0x7e,0x3f,0x00,0xff,0x7f,0x80,0xff,0x7f,0x80,
0xff,0x7f,0x80,0xff,0x7f,0x80,0x7e,0x3f,0x00,0x3c,0x1e,0x00,0x7e,0x3f,0x00,0x7e,0x3f,0x00,0xff,0x7f,0x80,0xff,0x7f,0x80,
0xff,0x7f,0x80,0xff,0x7f,0x80,0x7e,0x3f,0x00,0x1e,0x0f,0x00,0x1c,0x0e,0x00,0x3c,0x1e,0x00,0x3c,0x1e,0x00,0x38,0x1c,0x00,
0x78,0x3c,0x00,0x78,0x3c,0x00,0x07,0xc0,0x1f,0xf0,0x3f,0xf8,0x7f,0xfc,0x7f,0xfc,0xff,0xfe,0xff,0xfe,0xff,0xfe,0xff,0xfe,
0xff,0xfe,0x7f,0xfc,0x7f,0xfc,0x3f,0xf8,0x1f,0xf0,0x07,0xc0,0x7e,0x0f,0xc1,0xf8,0x7e,0x0f,0xc1,0xf8,0xff,0x1f,0xe3,0xfc,
0xff,0x1f,0xe3,0xfc,0xff,0x1f,0xe3,0xfc,0xfe,0x1f,0xc3,0xf8,0x7e,0x0f,0xc1,0xf8,0xff,0xff,0xe0,0xc0,0x00,0x60,0xc0,0x00,
0x60,0xa0,0x00,0xa0,0xa0,0x00,0xa0,0x90,0x01,0x20,0x88,0x02,0x20,0x88,0x02,0x20,0x84,0x04,0x20,0x84,0x04,0x20,0x82,0x08,
0x20,0x81,0x10,0x20,0x81,0x10,0x20,0x80,0xa0,0x20,0x80,0xa0,0x20,0x80,0x40,0x20,0x80,0xa0,0x20,0x80,0xa0,0x20,0x81,0x10,
0x20,0x81,0x10,0x20,0x82,0x08,0x20,0x84,0x04,0x20,0x84,0x04,0x20,0x88,0x02,0x20,0x88,0x02,0x20,0x90,0x01,0x20,0xa0,0x00,
0xa0,0xa0,0x00,0xa0,0xc0,0x00,0x60,0xc0,0x00,0x60,0xff,0xff,0xe0,0xff,0xff,0xe0,0xc0,0x00,0x60,0xc0,0x00,0x60,0xa0,0x00,
0xa0,0xa0,0x00,0xa0,0x90,0x01,0x20,0x88,0x02,0x20,0x88,0x02,0x20,0x84,0x04,0x20,0x84,0x04,0x20,0x82,0x08,0x20,0x81,0x10,
0x20,0x81,0x10,0x20,0x80,0xa0,0x20,0x80,0xa0,0x20,0x80,0x40,0x20,0x80,0xa0,0x20,0x80,0xa0,0x20,0x81,0x10,0x20,0x81,0x10,
0x20,0x82,0x08,0x20,0x84,0x04,0x20,0x84,0x04,0x20,0x88,0x02,0x20,0x88,0x02,0x20,0x90,0x01,0x20,0xa0,0x00,0xa0,0xa0,0x00,
0xa0,0xc0,0x00,0x60,0xc0,0x00,0x60,0xff,0xff,0xe0,0x00,0x0f,0xfc,0x00,0x00,0x3f,0xff,0x00,0x00,0x7f,0xff,0x80,0x00,0xff,
0xff,0xc0,0x01,0xff,0xff,0xe0,0x03,0xfc,0x0f,0xf0,0x03,0xf0,0x03,0xe0,0x07,0xf0,0x03,0x00,0x07,0xe0,0x00,0x00,0x07,0xe0,
0x00,0x00,0x7f,0xff,0xe0,0x00,0x7f,0xff,0xc0,0x00,0xff,0xff,0xc0,0x00,0x0f,0xc0,0x00,0x00,0x0f,0xc0,0x00,0x00,0x0f,0xc0,
0x00,0x00,0x7f,0xff,0x00,0x00,0x7f,0xfe,0x00,0x00,0xff,0xfe,0x00,0x00,0x07,0xe0,0x00,0x00,0x07,0xe0,0x00,0x00,0x07,0xe0,
0x00,0x00,0x07,0xf0,0x03,0x80,0x03,0xf8,0x03,0xe0,0x03,0xfc,0x0f,0xf0,0x01,0xff,0xff,0xe0,0x00,0xff,0xff,0xc0,0x00,0x7f,
0xff,0x80,0x00,0x3f,0xff,0x00,0x00,0x0f,0xfc,0x00,0x00,0x00,0x40,0x00,0xff,0xff,0xfc,0xff,0xff,0xfc,0xff,0xff,0xfc,0xff,
0xff,0xfc,0xff,0xff,0xfc,
};
const home_glyph_t home_glyphs[] = {
{32,0,0,0,0,0,4},
{33,0,2,8,1,-8,4},
{34,8,4,2,1,-8,6},
{35,10,9,8,0,-8,9},
{36,26,7,10,1,-9,9},
{37,36,11,8,1,-8,13},
{38,52,8,8,1,-8,9},
{39,60,2,2,1,-8,4},
{40,62,3,10,1,-8,5},
{41,72,3,10,1,-8,5},
{42,82,5,4,0,-8,5},
{43,86,6,6,1,-6,8},
{44,92,2,3,1,-1,3},
{45,95,4,1,1,-3,6},
{46,96,2,2,1,-2,4},
{47,98,5,10,0,-8,5},
{48,108,7,8,1,-8,9},
{49,116,4,8,0,-8,5},
{50,124,6,8,1,-8,8},
{51,132,7,8,0,-8,8},
{52,140,7,8,1,-8,9},
{53,148,6,8,1,-8,8},
{54,156,6,8,1,-8,8},
{55,164,6,8,1,-8,8},
{56,172,7,8,1,-8,9},
{57,180,6,8,1,-8,8},
{58,188,2,6,1,-6,4},
{59,194,2,8,1,-6,4},
{60,202,6,6,1,-6,8},
{61,208,6,3,1,-4,8},
{62,211,6,6,1,-6,8},
{63,217,6,8,1,-8,8},
{64,225,9,8,1,-7,11},
{65,241,8,8,0,-8,8},
{66,249,7,8,1,-8,9},
{67,257,7,8,1,-8,9},
{68,265,7,8,1,-8,9},
{69,273,6,8,1,-8,8},
{70,281,6,8,1,-8,7},
{71,289,8,8,1,-8,9},
{72,297,7,8,1,-8,9},
{73,305,4,8,1,-8,6},
{74,313,6,8,-1,-8,7},
{75,321,7,8,1,-8,9},
{76,329,6,8,1,-8,7},
{77,337,9,8,1,-8,11},
{78,353,7,8,1,-8,9},
{79,361,8,8,1,-8,10},
{80,369,7,8,1,-8,9},
{81,377,9,8,1,-8,10},
{82,393,7,8,1,-8,9},
{83,401,7,8,1,-8,9},
{84,409,7,8,1,-8,9},
{85,417,7,8,1,-8,9},
{86,425,7,8,0,-8,8},
{87,433,10,8,0,-8,11},
{88,449,8,8,0,-8,8},
{89,457,8,8,-1,-8,8},
{90,465,6,8,1,-8,8},
{91,473,4,10,1,-8,5},
{92,483,5,10,0,-8,5},
{93,493,4,10,0,-8,5},
{94,503,5,4,1,-8,7},
{95,507,5,1,0,0,5},
{96,508,1,1,1,-8,3},
{97,509,6,6,1,-6,8},
{98,515,6,8,1,-8,8},
{99,523,5,6,1,-6,7},
{100,529,6,8,1,-8,8},
{101,537,6,6,1,-6,8},
{102,543,4,8,1,-8,6},
{103,551,6,8,1,-6,8},
{104,559,6,8,1,-8,8},
{105,567,3,9,0,-9,4},
{106,576,4,11,-1,-9,4},
{107,587,6,8,1,-8,7},
{108,595,3,8,1,-8,4},
{109,603,10,6,1,-6,12},
{110,615,6,6,1,-6,8},
{111,621,6,6,1,-6,8},
{112,627,6,8,1,-6,8},
{113,635,8,8,1,-6,8},
{114,643,4,6,1,-6,5},
{115,649,5,6,1,-6,7},
{116,655,4,8,1,-8,6},
{117,663,6,6,1,-6,8},
{118,669,6,6,0,-6,6},
{119,675,8,6,0,-6,9},
{120,681,6,6,0,-6,6},
{121,687,5,8,1,-6,6},
{122,695,5,6,1,-6,7},
{123,701,4,10,1,-8,6},
{124,711,2,12,1,-10,4},
{125,723,4,10,1,-8,5},
{126,733,5,2,1,-5,6},
{160,735,0,0,0,0,4},
{161,735,2,8,1,-6,4},
{162,743,5,8,1,-7,6},
{163,751,6,8,1,-8,7},
{164,759,6,5,1,-7,8},
{165,764,7,8,0,-8,8},
{166,772,2,11,1,-9,4},
{167,783,6,10,1,-8,8},
{168,793,4,1,1,-8,6},
{169,794,8,8,1,-8,10},
{170,802,4,4,1,-9,5},
{171,806,6,5,1,-5,8},
{172,811,7,4,0,-5,8},
{173,815,6,9,0,-9,6},
{174,824,8,8,1,-8,10},
{175,832,4,1,1,-8,6},
{176,833,4,4,1,-8,6},
{177,837,6,6,1,-6,8},
{178,843,4,4,0,-9,5},
{179,847,3,4,1,-9,5},
{180,851,1,1,1,-8,3},
{181,852,6,9,0,-9,6},
{182,861,6,10,0,-8,6},
{183,871,2,2,1,-4,4},
{184,873,2,2,1,-1,4},
{185,875,2,4,1,-9,4},
{186,879,3,4,1,-9,5},
{187,883,6,5,1,-5,8},
{188,888,9,8,1,-8,10},
{189,904,9,8,1,-8,11},
{190,920,10,8,1,-8,11},
{191,936,5,8,1,-7,7},
{192,944,8,11,0,-11,8},
{193,955,8,11,0,-11,8},
{194,966,8,11,0,-11,8},
{195,977,8,11,0,-11,8},
{196,988,8,10,0,-10,8},
{197,998,7,10,1,-10,9},
{198,1008,11,8,-1,-8,11},
{199,1024,7,10,1,-8,9},
{200,1034,6,11,1,-11,8},
{201,1045,6,11,1,-11,8},
{202,1056,6,11,1,-11,8},
{203,1067,7,10,1,-10,8},
{204,1077,4,11,1,-11,6},
{205,1088,4,11,1,-11,6},
{206,1099,4,11,1,-11,6},
{207,1110,4,10,1,-10,6},
{208,1120,8,8,1,-8,10},
{209,1128,7,11,1,-11,9},
{210,1139,8,10,1,-10,10},
{211,1149,8,10,1,-10,10},
{212,1159,8,10,1,-10,10},
{213,1169,8,11,1,-11,10},
{214,1180,8,10,1,-10,10},
{215,1190,5,6,1,-6,6},
{216,1196,8,8,1,-8,10},
{217,1204,7,10,1,-10,9},
{218,1214,7,10,1,-10,9},
{219,1224,7,11,1,-11,9},
{220,1235,7,10,1,-10,9},
{221,1245,8,11,-1,-11,8},
{222,1256,7,8,1,-8,9},
{223,1264,7,8,1,-8,9},
{224,1272,6,8,1,-9,8},
{225,1280,6,8,1,-9,8},
{226,1288,6,8,1,-9,8},
{227,1296,6,9,1,-9,8},
{228,1305,6,8,1,-8,8},
{229,1313,6,10,1,-10,8},
{230,1323,10,6,1,-6,12},
{231,1335,5,8,1,-6,7},
{232,1343,6,8,1,-9,8},
{233,1351,6,8,1,-9,8},
{234,1359,6,8,1,-9,8},
{235,1367,6,8,1,-8,8},
{236,1375,3,8,-1,-9,4},
{237,1383,4,8,0,-9,4},
{238,1391,4,8,0,-9,4},
{239,1399,4,8,0,-8,4},
{240,1407,6,8,1,-9,8},
{241,1415,6,9,1,-9,8},
{242,1424,6,8,1,-9,8},
{243,1432,6,8,1,-9,8},
{244,1440,6,8,1,-9,8},
{245,1448,6,9,1,-9,8},
{246,1457,6,8,1,-8,8},
{247,1465,6,6,1,-6,8},
{248,1471,6,6,1,-7,8},
{249,1477,6,8,1,-9,8},
{250,1485,6,8,1,-9,8},
{251,1493,6,8,1,-9,8},
{252,1501,6,8,1,-8,8},
{253,1509,5,10,1,-9,6},
{254,1519,6,10,1,-8,8},
{255,1529,6,10,-1,-8,6},
{256,1539,8,10,-1,-10,8},
{257,1549,6,8,1,-8,8},
{258,1557,8,10,0,-10,8},
{259,1567,6,8,1,-8,8},
{260,1575,7,10,1,-8,8},
{261,1585,6,8,1,-6,8},
{262,1593,7,10,1,-10,9},
{263,1603,5,8,1,-9,7},
{264,1611,6,9,0,-9,6},
{265,1620,6,9,0,-9,6},
{266,1629,7,10,1,-10,9},
{267,1639,5,8,1,-8,7},
{268,1647,7,11,1,-11,9},
{269,1658,5,8,1,-9,7},
{270,1666,7,11,1,-11,9},
{271,1677,8,8,1,-8,9},
{272,1685,8,8,1,-8,10},
{273,1693,7,8,1,-8,8},
{274,1701,6,10,1,-10,8},
{275,1711,6,8,1,-8,8},
{276,1719,6,9,0,-9,6},
{277,1728,6,9,0,-9,6},
{278,1737,6,10,1,-10,8},
{279,1747,6,8,1,-8,8},
{280,1755,6,10,1,-8,7},
{281,1765,6,8,1,-6,8},
{282,1773,6,11,1,-11,8},
{283,1784,6,8,1,-9,8},
{284,1792,6,9,0,-9,6},
{285,1801,6,9,0,-9,6},
{286,1810,8,10,1,-10,9},
{287,1820,6,11,1,-9,8},
{288,1831,8,10,1,-10,9},
{289,1841,6,10,1,-8,8},
{290,1851,8,12,1,-8,9},
{291,1863,6,11,1,-10,8},
{292,1874,6,9,0,-9,6},
{293,1883,6,9,0,-9,6},
{294,1892,8,8,1,-8,10},
{295,1900,7,8,-1,-8,8},
{296,1908,6,9,0,-9,6},
{297,1917,6,9,0,-9,6},
{298,1926,4,10,1,-10,6},
{299,1936,4,8,1,-8,5},
{300,1944,6,9,0,-9,6},
{301,1953,6,9,0,-9,6},
{302,1962,4,10,1,-8,6},
{303,1972,3,11,0,-9,4},
{304,1983,4,10,1,-10,6},
{305,1993,3,6,0,-6,4},
{306,1999,11,8,1,-8,13},
{307,2015,6,11,0,-9,7},
{308,2026,6,9,0,-9,6},
{309,2035,6,9,0,-9,6},
{310,2044,7,11,1,-8,8},
{311,2055,5,11,1,-8,7},
{312,2066,6,9,0,-9,6},
{313,2075,6,11,1,-11,7},
{314,2086,3,11,1,-11,4},
{315,2097,5,11,1,-8,7},
{316,2108,3,11,1,-8,4},
{317,2119,6,8,1,-8,7},
{318,2127,4,8,1,-8,5},
{319,2135,6,9,0,-9,6},
{320,2144,6,9,0,-9,6},
{321,2153,7,8,0,-8,7},
{322,2161,4,8,0,-8,5},
{323,2169,7,11,1,-11,9},
{324,2180,6,8,1,-9,8},
{325,2188,7,11,1,-8,9},
{326,2199,6,9,1,-6,8},
{327,2208,7,11,1,-11,9},
{328,2219,6,8,1,-9,8},
{329,2227,6,9,0,-9,6},
{330,2236,6,9,0,-9,6},
{331,2245,6,9,0,-9,6},
{332,2254,6,9,0,-9,6},
{333,2263,6,9,0,-9,6},
{334,2272,6,9,0,-9,6},
{335,2281,6,9,0,-9,6},
{336,2290,8,10,1,-10,10},
{337,2300,6,8,1,-9,8},
{338,2308,12,8,1,-8,13},
{339,2324,11,6,1,-6,13},
{340,2336,7,11,1,-11,9},
{341,2347,4,8,1,-9,5},
{342,2355,6,9,0,-9,6},
{343,2364,6,9,0,-9,6},
{344,2373,7,10,1,-11,9},
{345,2383,4,8,1,-9,5},
{346,2391,7,10,1,-10,9},
{347,2401,5,8,1,-9,7},
{348,2409,6,9,0,-9,6},
{349,2418,6,9,0,-9,6},
{350,2427,7,10,1,-8,9},
{351,2437,5,8,1,-6,7},
{352,2445,7,11,1,-11,9},
{353,2456,5,8,1,-9,7},
{354,2464,7,10,1,-8,9},
{355,2474,4,10,1,-8,6},
{356,2484,7,11,1,-11,9},
{357,2495,5,9,1,-9,6},
{358,2504,6,9,0,-9,6},
{359,2513,6,9,0,-9,6},
{360,2522,6,9,0,-9,6},
{361,2531,6,9,0,-9,6},
{362,2540,7,10,1,-10,9},
{363,2550,6,8,1,-8,8},
{364,2558,6,9,0,-9,6},
{365,2567,6,9,0,-9,6},
{366,2576,7,11,1,-11,9},
{367,2587,6,10,1,-10,8},
{368,2597,7,11,1,-11,9},
{369,2608,6,8,1,-9,8},
{370,2616,7,10,1,-8,9},
{371,2626,6,8,1,-6,8},
{372,2634,10,11,0,-11,11},
{373,2656,8,8,0,-9,9},
{374,2664,8,10,-1,-11,8},
{375,2674,5,10,1,-9,6},
{376,2684,8,10,0,-10,8},
{377,2694,6,11,1,-11,8},
{378,2705,5,8,1,-9,7},
{379,2713,6,10,1,-10,8},
{380,2723,5,8,1,-8,7},
{381,2731,6,11,1,-11,8},
{382,2742,5,8,1,-9,7},
{383,2750,6,9,0,-9,6},
{8208,2759,6,9,0,-9,6},
{8209,2768,6,9,0,-9,6},
{8211,2777,5,1,1,-3,7},
{8212,2778,9,1,1,-3,11},
{8216,2780,2,3,1,-8,3},
{8217,2783,2,3,1,-8,3},
{8220,2786,4,3,1,-8,6},
{8221,2789,5,3,1,-8,6},
{8226,2792,4,4,1,-5,6},
{8230,2796,8,2,1,-2,10},
{8242,2798,6,9,0,-9,6},
{8243,2807,6,9,0,-9,6},
{8364,2816,8,8,0,-8,8},
{8722,2824,6,1,1,-3,7},
{32,2825,0,0,0,0,5},
{33,2825,3,11,1,-11,5},
{34,2836,5,3,1,-11,7},
{35,2839,10,11,1,-11,12},
{36,2861,9,13,1,-12,11},
{37,2887,15,11,1,-11,17},
{38,2909,10,11,1,-11,12},
{39,2931,2,3,1,-11,4},
{40,2934,4,14,1,-11,6},
{41,2948,4,14,1,-11,6},
{42,2962,6,6,1,-11,8},
{43,2968,8,8,1,-8,10},
{44,2976,3,5,1,-2,5},
{45,2981,5,1,1,-4,7},
{46,2982,3,3,1,-3,5},
{47,2985,6,13,0,-11,7},
{48,2998,9,11,1,-11,11},
{49,3020,5,11,0,-11,7},
{50,3031,8,11,1,-11,10},
{51,3042,8,11,0,-11,9},
{52,3053,9,11,1,-11,11},
{53,3075,8,11,1,-11,10},
{54,3086,8,11,1,-11,10},
{55,3097,8,11,1,-11,10},
{56,3108,8,11,1,-11,10},
{57,3119,8,11,1,-11,10},
{58,3130,3,8,1,-8,5},
{59,3138,3,11,1,-8,5},
{60,3149,8,8,1,-8,10},
{61,3157,8,4,1,-6,10},
{62,3161,8,8,1,-8,10},
{63,3169,8,11,0,-11,9},
{64,3180,11,11,1,-9,13},
{65,3202,10,11,0,-11,11},
{66,3224,9,11,1,-11,11},
{67,3246,9,11,1,-11,11},
{68,3268,9,11,1,-11,11},
{69,3290,8,11,1,-11,10},
{70,3301,8,11,1,-11,9},
{71,3312,10,11,1,-11,12},
{72,3334,9,11,1,-11,11},
{73,3356,5,11,1,-11,7},
{74,3367,7,11,1,-11,9},
{75,3378,9,11,1,-11,10},
{76,3400,8,11,1,-11,9},
{77,3411,12,11,1,-11,14},
{78,3433,9,11,1,-11,11},
{79,3455,11,11,1,-11,13},
{80,3477,8,11,1,-11,10},
{81,3488,12,11,1,-11,13},
{82,3510,8,11,1,-11,10},
{83,3521,8,11,1,-11,10},
{84,3532,9,11,1,-11,11},
{85,3554,9,11,1,-11,11},
{86,3576,10,11,0,-11,10},
{87,3598,14,11,0,-11,14},
{88,3620,10,11,0,-11,11},
{89,3642,10,11,-1,-11,10},
{90,3664,8,11,1,-11,10},
{91,3675,4,14,1,-11,6},
{92,3689,7,13,0,-11,7},
{93,3702,4,14,1,-11,6},
{94,3716,7,6,1,-11,9},
{95,3722,6,1,0,0,6},
{96,3723,2,2,1,-11,5},
{97,3725,7,8,1,-8,9},
{98,3733,8,11,1,-11,10},
{99,3744,7,8,1,-8,8},
{100,3752,8,11,1,-11,10},
{101,3763,8,8,1,-8,10},
{102,3771,5,11,1,-11,7},
{103,3782,8,11,1,-8,10},
{104,3793,7,11,1,-11,9},
{105,3804,3,11,0,-11,4},
{106,3815,4,14,-1,-11,4},
{107,3829,7,11,1,-11,9},
{108,3840,4,11,1,-11,5},
{109,3851,12,8,1,-8,14},
{110,3867,7,8,1,-8,9},
{111,3875,8,8,1,-8,10},
{112,3883,8,11,1,-8,10},
{113,3894,10,11,1,-8,10},
{114,3916,5,8,1,-8,6},
{115,3924,7,8,1,-8,9},
{116,3932,5,10,1,-10,7},
{117,3942,7,8,1,-8,9},
{118,3950,8,8,0,-8,8},
{119,3958,11,8,0,-8,12},
{120,3974,8,8,0,-8,9},
{121,3982,8,11,0,-8,8},
{122,3993,7,8,1,-8,9},
{123,4001,6,14,0,-11,6},
{124,4015,2,16,1,-13,4},
{125,4031,6,14,0,-11,6},
{126,4045,8,2,1,-6,10},
{160,4047,0,0,0,0,5},
{161,4047,3,11,1,-8,5},
{162,4058,7,10,1,-9,8},
{163,4068,8,11,1,-11,10},
{164,4079,7,8,1,-10,9},
{165,4087,11,11,0,-11,11},
{166,4109,2,16,1,-13,4},
{167,4125,8,14,1,-11,10},
{168,4139,5,1,1,-11,7},
{169,4140,11,11,1,-11,13},
{170,4162,5,5,1,-11,6},
{171,4167,8,6,1,-7,10},
{172,4173,9,5,0,-6,10},
{173,4183,8,12,0,-12,8},
{174,4195,11,11,1,-11,13},
{175,4217,5,1,1,-10,7},
{176,4218,5,5,1,-11,7},
{177,4223,8,8,1,-8,10},
{178,4231,5,7,1,-13,7},
{179,4238,4,7,1,-13,6},
{180,4245,3,2,1,-11,5},
{181,4247,8,12,0,-12,8},
{182,4259,8,14,0,-11,9},
{183,4273,3,3,1,-6,5},
{184,4276,3,3,1,-1,5},
{185,4279,3,7,0,-13,4},
{186,4286,4,5,1,-11,6},
{187,4291,8,6,1,-7,10},
{188,4297,11,11,1,-11,13},
{189,4319,12,11,1,-11,14},
{190,4341,12,11,1,-11,14},
{191,4363,8,11,1,-9,9},
{192,4374,10,14,0,-14,11},
{193,4402,10,14,0,-14,11},
{194,4430,10,14,0,-14,11},
{195,4458,10,14,0,-15,11},
{196,4486,9,13,1,-13,11},
{197,4512,10,13,-1,-13,10},
{198,4538,15,11,-1,-11,15},
{199,4560,9,14,1,-11,11},
{200,4588,8,14,1,-14,10},
{201,4602,8,14,1,-14,10},
{202,4616,8,14,1,-14,10},
{203,4630,8,13,1,-13,10},
{204,4643,5,14,1,-14,7},
{205,4657,5,14,1,-14,7},
{206,4671,5,15,1,-15,7},
{207,4686,5,13,1,-13,7},
{208,4699,10,11,1,-11,12},
{209,4721,9,14,1,-15,11},
{210,4749,11,14,1,-14,13},
{211,4777,11,14,1,-14,13},
{212,4805,11,14,1,-14,13},
{213,4833,11,14,1,-15,13},
{214,4861,11,13,1,-13,13},
{215,4887,7,7,1,-8,9},
{216,4894,11,11,1,-11,13},
{217,4916,9,14,1,-14,11},
{218,4944,9,14,1,-14,11},
{219,4972,9,14,1,-14,11},
{220,5000,9,13,1,-13,11},
{221,5026,10,14,-1,-14,10},
{222,5054,8,11,1,-11,10},
{223,5065,8,11,1,-11,10},
{224,5076,7,11,1,-12,9},
{225,5087,7,11,1,-12,9},
{226,5098,7,11,1,-12,9},
{227,5109,7,11,1,-12,9},
{228,5120,7,11,1,-11,9},
{229,5131,7,13,1,-13,9},
{230,5144,13,8,1,-8,15},
{231,5160,7,11,1,-8,8},
{232,5171,8,11,1,-12,10},
{233,5182,8,11,1,-12,10},
{234,5193,8,11,1,-12,10},
{235,5204,8,11,1,-11,10},
{236,5215,3,11,1,-11,5},
{237,5226,4,11,1,-11,5},
{238,5237,5,11,-1,-11,5},
{239,5248,5,11,0,-11,5},
{240,5259,8,11,1,-12,10},
{241,5270,7,11,1,-12,9},
{242,5281,8,11,1,-12,10},
{243,5292,8,11,1,-12,10},
{244,5303,8,11,1,-12,10},
{245,5314,8,11,1,-12,10},
{246,5325,8,11,1,-11,10},
{247,5336,8,8,1,-8,10},
{248,5344,8,8,1,-9,10},
{249,5352,7,11,1,-11,9},
{250,5363,7,11,1,-11,9},
{251,5374,7,11,1,-11,9},
{252,5385,7,11,1,-11,9},
{253,5396,8,14,0,-11,8},
{254,5410,8,14,1,-11,10},
{255,5424,7,14,1,-11,8},
{256,5438,11,13,0,-13,11},
{257,5464,7,11,1,-11,9},
{258,5475,10,14,0,-14,11},
{259,5503,7,11,1,-11,9},
{260,5514,10,14,-1,-11,11},
{261,5542,7,10,1,-8,9},
{262,5552,9,14,1,-14,11},
{263,5580,7,11,1,-12,8},
{264,5591,8,12,0,-12,8},
{265,5603,8,12,0,-12,8},
{266,5615,9,13,1,-13,11},
{267,5641,7,11,1,-11,8},
{268,5652,9,15,1,-15,11},
{269,5682,7,11,1,-12,8},
{270,5693,9,14,1,-14,11},
{271,5721,11,11,1,-11,11},
{272,5743,10,11,1,-11,12},
{273,5765,10,11,1,-11,11},
{274,5787,8,13,1,-13,10},
{275,5800,8,11,1,-11,10},
{276,5811,8,12,0,-12,8},
{277,5823,8,12,0,-12,8},
{278,5835,8,13,1,-13,10},
{279,5848,8,11,1,-11,10},
{280,5859,8,14,1,-11,10},
{281,5873,8,11,1,-8,10},
{282,5884,8,14,1,-14,10},
{283,5898,8,11,1,-12,10},
{284,5909,8,12,0,-12,8},
{285,5921,8,12,0,-12,8},
{286,5933,10,14,1,-14,12},
{287,5961,8,14,1,-11,10},
{288,5975,10,13,1,-13,12},
{289,6001,8,14,1,-11,10},
{290,6015,10,15,1,-11,12},
{291,6045,8,15,1,-13,10},
{292,6060,8,12,0,-12,8},
{293,6072,8,12,0,-12,8},
{294,6084,11,11,1,-11,13},
{295,6106,9,11,0,-11,10},
{296,6128,8,12,0,-12,8},
{297,6140,8,12,0,-12,8},
{298,6152,5,13,1,-13,7},
{299,6165,5,11,1,-11,6},
{300,6176,8,12,0,-12,8},
{301,6188,8,12,0,-12,8},
{302,6200,5,14,1,-11,7},
{303,6214,3,13,1,-11,5},
{304,6227,5,13,1,-13,7},
{305,6240,3,8,1,-8,5},
{306,6248,14,11,1,-11,16},
{307,6270,7,14,0,-11,8},
{308,6284,8,12,0,-12,8},
{309,6296,8,12,0,-12,8},
{310,6308,9,15,1,-11,11},
{311,6338,7,15,1,-11,9},
{312,6353,8,12,0,-12,8},
{313,6365,8,14,1,-14,9},
{314,6379,4,14,1,-14,5},
{315,6393,8,15,1,-11,9},
{316,6408,4,15,1,-11,5},
{317,6423,8,11,1,-11,9},
{318,6434,5,11,1,-11,6},
{319,6445,8,12,0,-12,8},
{320,6457,8,12,0,-12,8},
{321,6469,10,11,0,-11,10},
{322,6491,5,11,0,-11,5},
{323,6502,9,14,1,-14,11},
{324,6530,7,11,1,-11,9},
{325,6541,9,15,1,-11,11},
{326,6571,7,12,1,-8,9},
{327,6583,9,14,1,-14,11},
{328,6611,7,11,1,-11,9},
{329,6622,8,12,0,-12,8},
{330,6634,8,12,0,-12,8},
{331,6646,8,12,0,-12,8},
{332,6658,8,12,0,-12,8},
{333,6670,8,12,0,-12,8},
{334,6682,8,12,0,-12,8},
{335,6694,8,12,0,-12,8},
{336,6706,11,14,1,-14,13},
{337,6734,8,11,1,-12,10},
{338,6745,15,11,1,-11,17},
{339,6767,14,8,1,-8,16},
{340,6783,8,14,1,-14,10},
{341,6797,5,11,1,-11,6},
{342,6808,8,12,0,-12,8},
{343,6820,8,12,0,-12,8},
{344,6832,8,13,1,-14,10},
{345,6845,5,11,1,-11,6},
{346,6856,8,14,1,-14,10},
{347,6870,7,11,1,-12,9},
{348,6881,8,12,0,-12,8},
{349,6893,8,12,0,-12,8},
{350,6905,8,14,1,-11,10},
{351,6919,7,11,1,-8,9},
{352,6930,8,15,1,-15,10},
{353,6945,7,11,1,-12,9},
{354,6956,9,14,1,-11,11},
{355,6984,5,13,1,-10,7},
{356,6997,9,14,1,-14,11},
{357,7025,6,12,1,-12,7},
{358,7037,8,12,0,-12,8},
{359,7049,8,12,0,-12,8},
{360,7061,8,12,0,-12,8},
{361,7073,8,12,0,-12,8},
{362,7085,9,13,1,-13,11},
{363,7111,7,11,1,-11,9},
{364,7122,8,12,0,-12,8},
{365,7134,8,12,0,-12,8},
{366,7146,9,14,1,-14,11},
{367,7174,7,13,1,-13,9},
{368,7187,9,14,1,-14,11},
{369,7215,7,11,1,-11,9},
{370,7226,9,13,1,-11,11},
{371,7252,7,10,1,-8,9},
{372,7262,14,14,0,-14,14},
{373,7290,11,11,0,-11,12},
{374,7312,10,14,-1,-15,10},
{375,7340,8,14,0,-11,8},
{376,7354,9,13,-1,-13,9},
{377,7380,8,14,1,-14,10},
{378,7394,7,11,1,-11,9},
{379,7405,8,13,1,-13,10},
{380,7418,7,11,1,-11,9},
{381,7429,8,14,1,-14,10},
{382,7443,7,11,1,-11,9},
{383,7454,8,12,0,-12,8},
{8208,7466,8,12,0,-12,8},
{8209,7478,8,12,0,-12,8},
{8211,7490,7,1,1,-4,9},
{8212,7491,12,1,1,-4,14},
{8216,7493,3,5,1,-11,5},
{8217,7498,3,5,1,-11,5},
{8220,7503,6,5,1,-11,8},
{8221,7508,6,5,1,-11,8},
{8226,7513,5,5,1,-6,7},
{8230,7518,11,3,1,-3,13},
{8242,7524,8,12,0,-12,8},
{8243,7536,8,12,0,-12,8},
{8364,7548,9,11,1,-11,11},
{8722,7570,8,2,1,-5,10},
{32,7572,0,0,0,0,7},
{33,7572,4,14,1,-14,6},
{34,7586,6,5,1,-14,8},
{35,7591,15,14,1,-14,16},
{36,7619,12,18,1,-16,14},
{37,7655,20,14,1,-14,22},
{38,7697,15,14,1,-14,16},
{39,7725,3,5,1,-14,5},
{40,7730,6,19,1,-15,8},
{41,7749,6,19,1,-15,8},
{42,7768,8,7,1,-14,10},
{43,7775,11,11,1,-11,13},
{44,7797,4,6,1,-2,6},
{45,7803,7,2,1,-6,9},
{46,7805,4,4,1,-4,6},
{47,7809,8,18,1,-16,10},
{48,7827,12,14,1,-14,14},
{49,7855,7,14,0,-14,9},
{50,7869,11,14,1,-14,13},
{51,7897,11,14,1,-14,13},
{52,7925,12,14,1,-14,14},
{53,7953,11,14,1,-14,13},
{54,7981,11,14,1,-14,13},
{55,8009,11,14,1,-14,13},
{56,8037,12,14,1,-14,14},
{57,8065,11,14,1,-14,13},
{58,8093,4,11,1,-11,6},
{59,8104,4,15,1,-11,6},
{60,8119,11,11,1,-11,12},
{61,8141,11,6,1,-8,13},
{62,8153,11,11,1,-11,12},
{63,8175,11,14,0,-14,12},
{64,8203,16,16,1,-14,18},
{65,8235,14,14,0,-14,15},
{66,8263,12,14,1,-14,14},
{67,8291,13,14,1,-14,15},
{68,8319,13,14,1,-14,15},
{69,8347,11,14,1,-14,13},
{70,8375,10,14,1,-14,12},
{71,8403,14,14,1,-14,16},
{72,8431,13,14,1,-14,15},
{73,8459,7,14,1,-14,9},
{74,8473,11,14,0,-14,12},
{75,8501,12,14,1,-14,14},
{76,8529,11,14,1,-14,12},
{77,8557,16,14,1,-14,18},
{78,8585,13,14,1,-14,15},
{79,8613,15,14,1,-14,17},
{80,8641,12,14,1,-14,14},
{81,8669,16,15,1,-14,17},
{82,8699,12,14,1,-14,14},
{83,8727,12,14,1,-14,14},
{84,8755,13,14,1,-14,15},
{85,8783,12,14,1,-14,14},
{86,8811,14,14,0,-14,14},
{87,8839,19,14,0,-14,19},
{88,8881,13,14,1,-14,15},
{89,8909,13,14,1,-14,14},
{90,8937,12,14,1,-14,14},
{91,8965,6,19,1,-15,7},
{92,8984,9,18,0,-16,10},
{93,9020,6,19,1,-15,8},
{94,9039,10,8,1,-15,13},
{95,9055,9,2,0,0,9},
{96,9059,4,3,1,-15,6},
{97,9062,10,11,1,-11,12},
{98,9084,11,15,1,-15,13},
{99,9114,10,11,1,-11,11},
{100,9136,11,15,1,-15,13},
{101,9166,11,11,1,-11,13},
{102,9188,7,15,1,-15,9},
{103,9203,11,16,1,-11,13},
{104,9235,10,15,1,-15,12},
{105,9265,4,16,1,-16,6},
{106,9281,6,19,-2,-15,5},
{107,9300,10,15,1,-15,12},
{108,9330,5,16,1,-16,7},
{109,9346,17,11,1,-11,19},
{110,9379,10,11,1,-11,12},
{111,9401,11,11,1,-11,13},
{112,9423,11,15,1,-11,13},
{113,9453,14,15,1,-11,14},
{114,9483,7,11,1,-11,8},
{115,9494,10,11,1,-11,12},
{116,9516,7,14,1,-14,9},
{117,9530,10,11,1,-11,12},
{118,9552,11,11,0,-11,11},
{119,9574,16,11,0,-11,16},
{120,9596,10,11,1,-11,12},
{121,9618,10,15,-1,-11,11},
{122,9648,10,11,1,-11,12},
{123,9670,7,19,1,-15,9},
{124,9689,3,21,1,-17,5},
{125,9710,7,19,1,-15,9},
{126,9729,10,4,1,-9,12},
{160,9737,0,0,0,0,7},
{161,9737,4,15,1,-11,6},
{162,9752,10,14,1,-12,11},
{163,9780,12,14,1,-14,14},
{164,9808,10,9,2,-11,14},
{165,9826,13,14,1,-14,15},
{166,9854,3,21,1,-17,5},
{167,9875,11,18,1,-14,13},
{168,9911,7,3,1,-16,9},
{169,9914,15,15,1,-15,17},
{170,9944,6,6,1,-16,8},
{171,9950,11,9,1,-10,14},
{172,9968,12,7,1,-9,14},
{173,9982,10,16,1,-16,12},
{174,10014,15,15,1,-15,17},
{175,10044,6,2,1,-15,8},
{176,10046,7,7,1,-15,9},
{177,10053,11,11,1,-11,13},
{178,10075,6,8,1,-17,8},
{179,10083,6,8,2,-17,9},
{180,10091,4,3,1,-15,6},
{181,10094,10,16,1,-16,12},
{182,10126,10,18,1,-14,12},
{183,10162,4,4,1,-7,6},
{184,10166,4,4,1,0,6},
{185,10170,4,8,1,-17,6},
{186,10178,6,7,1,-16,8},
{187,10185,11,9,2,-10,14},
{188,10203,16,14,1,-14,18},
{189,10231,16,14,1,-14,18},
{190,10259,17,14,2,-14,20},
{191,10301,11,15,1,-11,12},
{192,10331,14,19,0,-19,15},
{193,10369,14,19,1,-19,15},
{194,10407,14,19,0,-19,15},
{195,10445,14,19,-1,-19,15},
{196,10483,13,19,1,-19,15},
{197,10521,14,19,1,-19,16},
{198,10559,20,14,0,-14,21},
{199,10601,13,18,1,-14,15},
{200,10637,11,19,1,-19,13},
{201,10675,11,19,1,-19,13},
{202,10713,11,19,1,-19,13},
{203,10751,11,19,1,-19,13},
{204,10789,7,19,1,-19,9},
{205,10808,7,19,1,-19,9},
{206,10827,7,19,1,-19,9},
{207,10846,7,19,1,-19,9},
{208,10865,14,14,1,-14,16},
{209,10893,13,19,1,-19,15},
{210,10931,15,19,1,-19,17},
{211,10969,15,19,1,-19,17},
{212,11007,15,20,1,-20,17},
{213,11047,15,19,1,-19,17},
{214,11085,15,19,1,-19,17},
{215,11123,10,9,1,-11,12},
{216,11141,15,14,1,-14,17},
{217,11169,12,19,1,-19,14},
{218,11207,12,19,1,-19,14},
{219,11245,12,19,1,-19,14},
{220,11283,12,19,1,-19,14},
{221,11321,13,19,1,-19,15},
{222,11359,12,14,1,-14,14},
{223,11387,12,14,1,-14,14},
{224,11415,10,16,1,-16,12},
{225,11447,10,15,1,-15,12},
{226,11477,10,16,1,-16,12},
{227,11509,10,15,1,-15,12},
{228,11539,10,16,1,-16,12},
{229,11571,10,18,1,-18,12},
{230,11607,18,11,1,-11,20},
{231,11640,10,15,1,-11,12},
{232,11670,11,16,1,-16,13},
{233,11702,11,16,1,-16,13},
{234,11734,11,16,1,-16,13},
{235,11766,11,16,1,-16,13},
{236,11798,5,15,1,-15,7},
{237,11813,6,15,0,-15,6},
{238,11828,8,15,-1,-15,6},
{239,11843,7,15,0,-15,7},
{240,11858,11,16,1,-17,13},
{241,11890,10,15,1,-15,12},
{242,11920,11,16,1,-16,13},
{243,11952,11,16,1,-16,13},
{244,11984,11,16,1,-16,13},
{245,12016,11,15,1,-15,13},
{246,12046,11,16,1,-16,13},
{247,12078,11,11,1,-11,13},
{248,12100,11,11,1,-12,13},
{249,12122,10,16,1,-16,12},
{250,12154,10,16,1,-16,12},
{251,12186,10,16,1,-16,12},
{252,12218,10,16,1,-16,12},
{253,12250,10,19,-1,-15,11},
{254,12288,11,19,1,-15,13},
{255,12326,10,19,1,-15,11},
{256,12364,14,18,0,-18,14},
{257,12400,10,14,1,-14,12},
{258,12428,14,19,0,-19,15},
{259,12466,10,14,1,-14,12},
{260,12494,15,18,0,-14,15},
{261,12530,11,15,1,-11,12},
{262,12560,13,19,1,-19,15},
{263,12598,10,16,1,-16,12},
{264,12630,10,16,1,-16,12},
{265,12662,10,16,1,-16,12},
{266,12694,13,19,1,-19,15},
{267,12732,10,16,1,-16,11},
{268,12764,13,19,1,-19,15},
{269,12802,10,16,1,-16,11},
{270,12834,13,19,1,-19,15},
{271,12872,15,15,1,-15,15},
{272,12902,14,14,1,-14,16},
{273,12930,13,16,1,-16,14},
{274,12962,11,18,1,-18,13},
{275,12998,11,14,1,-14,13},
{276,13026,10,16,1,-16,12},
{277,13058,10,16,1,-16,12},
{278,13090,11,19,1,-19,13},
{279,13128,11,16,1,-16,13},
{280,13160,11,18,1,-14,13},
{281,13196,11,15,1,-11,13},
{282,13226,11,19,1,-19,13},
{283,13264,11,16,1,-16,13},
{284,13296,10,16,1,-16,12},
{285,13328,10,16,1,-16,12},
{286,13360,14,19,1,-19,16},
{287,13398,11,19,1,-14,13},
{288,13436,14,19,1,-19,16},
{289,13474,11,20,1,-15,13},
{290,13514,14,19,1,-14,16},
{291,13552,11,21,1,-16,13},
{292,13594,10,16,1,-16,12},
{293,13626,10,16,1,-16,12},
{294,13658,15,14,1,-14,17},
{295,13686,12,15,0,-15,13},
{296,13716,10,16,1,-16,12},
{297,13748,10,16,1,-16,12},
{298,13780,7,18,1,-18,9},
{299,13798,6,14,1,-14,7},
{300,13812,10,16,1,-16,12},
{301,13844,10,16,1,-16,12},
{302,13876,7,18,1,-14,9},
{303,13894,4,20,1,-16,6},
{304,13914,7,19,1,-19,9},
{305,13933,5,11,0,-11,6},
{306,13944,19,14,1,-14,21},
{307,13986,10,19,1,-15,12},
{308,14024,10,16,1,-16,12},
{309,14056,10,16,1,-16,12},
{310,14088,12,20,1,-14,14},
{311,14128,10,20,1,-15,12},
{312,14168,10,16,1,-16,12},
{313,14200,11,19,1,-19,12},
{314,14238,5,20,1,-20,7},
{315,14258,11,20,1,-14,12},
{316,14298,5,22,1,-16,7},
{317,14320,11,14,1,-14,12},
{318,14348,6,15,1,-15,8},
{319,14363,10,16,1,-16,12},
{320,14395,10,16,1,-16,12},
{321,14427,13,14,1,-14,14},
{322,14455,6,16,1,-16,8},
{323,14471,13,19,1,-19,15},
{324,14509,10,15,1,-15,12},
{325,14539,13,19,1,-14,15},
{326,14577,10,17,1,-11,12},
{327,14611,13,19,1,-19,15},
{328,14649,10,16,1,-16,12},
{329,14681,10,16,1,-16,12},
{330,14713,10,16,1,-16,12},
{331,14745,10,16,1,-16,12},
{332,14777,10,16,1,-16,12},
{333,14809,10,16,1,-16,12},
{334,14841,10,16,1,-16,12},
{335,14873,10,16,1,-16,12},
{336,14905,15,20,1,-20,17},
{337,14945,11,16,1,-16,13},
{338,14977,21,14,1,-14,23},
{339,15019,19,11,1,-11,21},
{340,15052,12,19,1,-19,14},
{341,15090,7,15,1,-15,8},
{342,15105,10,16,1,-16,12},
{343,15137,10,16,1,-16,12},
{344,15169,12,19,1,-19,14},
{345,15207,8,16,0,-16,8},
{346,15223,12,19,1,-19,14},
{347,15261,10,16,1,-16,12},
{348,15293,10,16,1,-16,12},
{349,15325,10,16,1,-16,12},
{350,15357,12,18,1,-14,14},
{351,15393,10,15,1,-11,12},
{352,15423,12,19,1,-19,14},
{353,15461,10,16,1,-16,12},
{354,15493,13,18,1,-14,15},
{355,15529,7,18,1,-14,9},
{356,15547,13,19,1,-19,15},
{357,15585,8,17,1,-17,9},
{358,15602,10,16,1,-16,12},
{359,15634,10,16,1,-16,12},
{360,15666,10,16,1,-16,12},
{361,15698,10,16,1,-16,12},
{362,15730,12,19,1,-19,14},
{363,15768,10,14,1,-14,12},
{364,15796,10,16,1,-16,12},
{365,15828,10,16,1,-16,12},
{366,15860,12,21,1,-21,14},
{367,15902,10,18,1,-18,12},
{368,15938,12,19,1,-19,14},
{369,15976,10,16,1,-16,12},
{370,16008,12,18,1,-14,14},
{371,16044,10,15,1,-11,12},
{372,16074,19,19,0,-19,19},
{373,16131,16,15,0,-15,16},
{374,16161,13,19,1,-19,14},
{375,16199,10,19,-1,-15,11},
{376,16237,13,19,-1,-19,13},
{377,16275,12,19,1,-19,14},
{378,16313,10,16,1,-16,12},
{379,16345,12,19,1,-19,14},
{380,16383,10,15,1,-15,12},
{381,16413,12,19,1,-19,14},
{382,16451,10,16,1,-16,12},
{383,16483,10,16,1,-16,12},
{8208,16515,10,16,1,-16,12},
{8209,16547,10,16,1,-16,12},
{8211,16579,9,2,1,-6,11},
{8212,16583,16,2,1,-6,18},
{8216,16587,4,6,1,-14,6},
{8217,16593,4,6,1,-14,6},
{8220,16599,8,6,1,-14,10},
{8221,16605,8,6,1,-14,10},
{8226,16611,7,7,1,-9,9},
{8230,16618,14,4,1,-4,16},
{8242,16626,10,16,1,-16,12},
{8243,16658,10,16,1,-16,12},
{8364,16690,14,14,0,-14,15},
{8722,16718,11,2,1,-6,13},
{32,16722,0,0,0,0,9},
{33,16722,6,20,2,-20,10},
{34,16742,9,7,1,-20,11},
{35,16756,21,20,1,-20,23},
{36,16816,16,25,1,-22,18},
{37,16866,28,20,1,-20,30},
{38,16946,20,21,1,-21,22},
{39,17009,4,7,1,-20,6},
{40,17016,8,25,1,-20,10},
{41,17041,8,25,1,-20,10},
{42,17066,11,10,2,-20,15},
{43,17086,15,15,1,-15,17},
{44,17116,6,9,1,-5,8},
{45,17125,10,3,1,-9,12},
{46,17131,6,5,1,-5,8},
{47,17136,12,24,1,-21,13},
{48,17184,17,20,1,-20,19},
{49,17244,9,20,1,-20,13},
{50,17284,15,20,1,-20,17},
{51,17324,15,20,1,-20,18},
{52,17364,17,20,1,-20,19},
{53,17424,15,20,1,-20,18},
{54,17464,15,20,2,-20,19},
{55,17504,15,20,1,-20,17},
{56,17544,16,20,1,-20,18},
{57,17584,15,20,1,-20,17},
{58,17624,6,15,1,-15,8},
{59,17639,6,18,1,-15,8},
{60,17657,15,15,1,-15,17},
{61,17687,15,9,2,-12,19},
{62,17705,15,15,1,-15,17},
{63,17735,15,20,0,-20,16},
{64,17775,21,21,1,-18,23},
{65,17838,20,20,0,-20,20},
{66,17898,17,20,2,-20,20},
{67,17958,17,20,1,-20,19},
{68,18018,18,20,2,-20,21},
{69,18078,15,20,2,-20,18},
{70,18118,14,20,2,-20,17},
{71,18158,19,20,1,-20,21},
{72,18218,17,20,2,-20,21},
{73,18278,10,20,1,-20,12},
{74,18318,14,20,1,-20,17},
{75,18358,17,20,2,-20,20},
{76,18418,14,20,2,-20,17},
{77,18458,22,20,2,-20,26},
{78,18518,18,20,2,-20,22},
{79,18578,20,20,1,-20,22},
{80,18638,16,20,2,-20,19},
{81,18678,21,21,1,-20,22},
{82,18741,17,20,2,-20,19},
{83,18801,16,20,1,-20,18},
{84,18841,17,20,1,-20,19},
{85,18901,17,20,2,-20,21},
{86,18961,19,20,0,-20,19},
{87,19021,25,20,1,-20,27},
{88,19101,19,20,1,-20,21},
{89,19161,18,20,1,-20,20},
{90,19221,17,20,1,-20,19},
{91,19281,8,26,2,-21,11},
{92,19307,11,24,1,-21,13},
{93,19355,8,26,1,-21,11},
{94,19381,14,11,2,-20,17},
{95,19403,12,3,0,1,12},
{96,19409,6,5,1,-22,9},
{97,19414,14,15,1,-15,17},
{98,19444,15,21,2,-21,18},
{99,19486,14,15,1,-15,15},
{100,19516,15,21,1,-21,18},
{101,19558,15,15,1,-15,17},
{102,19588,10,21,1,-21,12},
{103,19630,15,21,1,-15,18},
{104,19672,14,21,2,-21,18},
{105,19714,7,22,0,-22,9},
{106,19736,9,27,-2,-22,8},
{107,19790,14,21,2,-21,17},
{108,19832,8,21,2,-21,10},
{109,19853,24,15,2,-15,28},
{110,19898,14,15,2,-15,18},
{111,19928,15,15,1,-15,17},
{112,19958,15,20,2,-15,18},
{113,19998,19,20,1,-15,18},
{114,20058,9,15,2,-15,12},
{115,20088,14,15,1,-15,16},
{116,20118,10,19,1,-19,12},
{117,20156,14,15,2,-15,18},
{118,20186,15,15,0,-15,16},
{119,20216,21,15,1,-15,22},
{120,20261,15,15,1,-15,16},
{121,20291,15,20,0,-15,16},
{122,20331,14,15,1,-15,16},
{123,20361,10,26,0,-21,11},
{124,20413,4,29,2,-24,8},
{125,20442,10,26,1,-21,11},
{126,20494,14,5,1,-10,16},
{160,20504,0,0,0,0,9},
{161,20504,6,20,2,-15,10},
{162,20524,13,20,1,-17,15},
{163,20564,16,20,2,-20,19},
{164,20604,15,13,1,-16,17},
{165,20630,18,20,1,-20,20},
{166,20690,4,29,2,-24,8},
{167,20719,16,25,1,-20,18},
{168,20769,10,4,1,-21,12},
{169,20777,21,20,2,-20,25},
{170,20837,8,9,2,-21,12},
{171,20846,16,12,2,-13,19},
{172,20870,16,10,1,-12,19},
{173,20890,13,21,1,-21,16},
{174,20932,21,20,2,-20,25},
{175,20992,9,3,1,-20,11},
{176,20998,10,10,1,-21,12},
{177,21018,15,15,2,-15,19},
{178,21048,9,12,2,-24,13},
{179,21072,9,12,1,-24,12},
{180,21096,6,4,1,-21,9},
{181,21100,13,21,1,-21,16},
{182,21142,15,25,0,-20,15},
{183,21192,6,5,2,-10,10},
{184,21197,7,6,1,-2,9},
{185,21203,6,12,1,-24,9},
{186,21215,9,9,2,-21,13},
{187,21233,16,12,2,-13,19},
{188,21257,23,20,1,-20,26},
{189,21317,23,20,1,-20,26},
{190,21377,25,20,1,-20,28},
{191,21457,15,20,1,-15,17},
{192,21497,19,26,-1,-26,20},
{193,21575,19,26,1,-26,20},
{194,21653,20,26,0,-26,20},
{195,21731,19,25,1,-26,20},
{196,21806,20,25,0,-25,20},
{197,21881,19,26,-1,-26,19},
{198,21959,27,20,1,-20,29},
{199,22039,18,25,1,-20,20},
{200,22114,15,26,2,-26,18},
{201,22166,15,26,2,-26,18},
{202,22218,15,26,2,-26,18},
{203,22270,15,25,2,-25,18},
{204,22320,10,26,1,-26,12},
{205,22372,10,26,1,-26,12},
{206,22424,12,26,0,-26,12},
{207,22476,10,25,1,-25,12},
{208,22526,20,20,1,-20,22},
{209,22586,18,25,2,-26,22},
{210,22661,20,27,1,-27,22},
{211,22742,20,26,1,-26,22},
{212,22820,20,26,1,-26,22},
{213,22898,20,25,1,-26,22},
{214,22973,20,26,1,-26,22},
{215,23051,14,13,1,-14,16},
{216,23077,20,20,1,-20,22},
{217,23137,17,26,2,-26,21},
{218,23215,17,26,2,-26,21},
{219,23293,17,27,2,-27,21},
{220,23374,17,26,2,-26,21},
{221,23452,19,26,1,-26,20},
{222,23530,16,20,2,-20,19},
{223,23570,16,20,2,-20,19},
{224,23610,14,21,1,-21,17},
{225,23652,14,21,1,-21,17},
{226,23694,14,21,1,-21,17},
{227,23736,14,20,1,-21,17},
{228,23776,14,21,1,-21,17},
{229,23818,14,24,1,-24,17},
{230,23866,25,15,1,-15,27},
{231,23926,14,20,1,-15,16},
{232,23966,15,21,1,-21,17},
{233,24008,15,21,1,-21,17},
{234,24050,15,21,1,-21,17},
{235,24092,15,21,1,-21,17},
{236,24134,7,21,0,-21,9},
{237,24155,9,21,0,-21,9},
{238,24197,10,21,0,-21,9},
{239,24239,10,21,0,-21,9},
{240,24281,15,21,1,-22,17},
{241,24323,14,20,2,-21,18},
{242,24363,15,22,1,-22,17},
{243,24407,15,21,1,-21,17},
{244,24449,15,22,1,-22,17},
{245,24493,15,20,1,-21,17},
{246,24533,15,21,1,-21,17},
{247,24575,15,15,1,-15,17},
{248,24605,15,15,1,-16,17},
{249,24635,14,21,2,-21,18},
{250,24677,14,21,2,-21,18},
{251,24719,14,21,2,-21,18},
{252,24761,14,21,2,-21,18},
{253,24803,15,26,0,-21,16},
{254,24855,15,25,2,-20,18},
{255,24905,14,26,-1,-21,15},
{256,24957,19,25,1,-25,21},
{257,25032,14,20,1,-20,17},
{258,25072,20,25,0,-25,20},
{259,25147,14,20,1,-20,17},
{260,25187,21,25,0,-20,21},
{261,25262,15,20,1,-15,17},
{262,25302,18,26,1,-26,20},
{263,25380,14,21,1,-21,16},
{264,25422,13,21,1,-21,16},
{265,25464,13,21,1,-21,16},
{266,25506,18,26,1,-26,20},
{267,25584,14,21,1,-21,16},
{268,25626,17,26,1,-26,19},
{269,25704,14,22,1,-22,15},
{270,25748,18,26,2,-26,21},
{271,25826,20,21,1,-21,21},
{272,25889,20,20,1,-20,22},
{273,25949,18,21,1,-21,18},
{274,26012,15,25,2,-25,18},
{275,26062,15,20,1,-20,17},
{276,26102,13,21,1,-21,16},
{277,26144,13,21,1,-21,16},
{278,26186,15,25,2,-25,18},
{279,26236,15,21,1,-21,17},
{280,26278,15,25,2,-20,18},
{281,26328,15,20,1,-15,17},
{282,26368,15,26,2,-26,18},
{283,26420,15,22,1,-22,17},
{284,26464,13,21,1,-21,16},
{285,26506,13,21,1,-21,16},
{286,26548,19,26,1,-26,21},
{287,26626,15,26,1,-20,18},
{288,26678,19,26,1,-26,21},
{289,26756,15,27,1,-21,18},
{290,26810,19,27,1,-20,21},
{291,26891,15,29,1,-23,18},
{292,26949,13,21,1,-21,16},
{293,26991,13,21,1,-21,16},
{294,27033,20,20,1,-20,22},
{295,27093,16,21,-1,-21,17},
{296,27135,13,21,1,-21,16},
{297,27177,13,21,1,-21,16},
{298,27219,10,25,1,-25,12},
{299,27269,9,20,1,-20,10},
{300,27309,13,21,1,-21,16},
{301,27351,13,21,1,-21,16},
{302,27393,10,25,1,-20,12},
{303,27443,7,28,0,-23,9},
{304,27471,10,25,1,-25,12},
{305,27521,7,15,0,-15,9},
{306,27536,26,20,1,-20,29},
{307,27616,15,27,0,-22,16},
{308,27670,13,21,1,-21,16},
{309,27712,13,21,1,-21,16},
{310,27754,17,28,2,-20,20},
{311,27838,15,29,2,-21,17},
{312,27896,13,21,1,-21,16},
{313,27938,14,26,2,-26,17},
{314,27990,8,27,2,-27,10},
{315,28017,14,28,2,-20,17},
{316,28073,8,29,2,-21,10},
{317,28102,14,20,2,-20,17},
{318,28142,9,21,2,-21,12},
{319,28184,13,21,1,-21,16},
{320,28226,13,21,1,-21,16},
{321,28268,17,20,0,-20,18},
{322,28328,10,21,0,-21,10},
{323,28370,18,26,2,-26,22},
{324,28448,14,21,2,-21,18},
{325,28490,18,28,2,-20,22},
{326,28574,14,23,2,-15,18},
{327,28620,18,26,2,-26,22},
{328,28698,14,21,2,-21,18},
{329,28740,13,21,1,-21,16},
{330,28782,13,21,1,-21,16},
{331,28824,13,21,1,-21,16},
{332,28866,13,21,1,-21,16},
{333,28908,13,21,1,-21,16},
{334,28950,13,21,1,-21,16},
{335,28992,13,21,1,-21,16},
{336,29034,20,26,1,-26,22},
{337,29112,15,22,1,-22,17},
{338,29156,29,20,1,-20,31},
{339,29236,26,15,1,-15,28},
{340,29296,17,26,2,-26,19},
{341,29374,9,21,2,-21,12},
{342,29416,13,21,1,-21,16},
{343,29458,13,21,1,-21,16},
{344,29500,17,26,2,-26,19},
{345,29578,11,21,1,-21,12},
{346,29620,16,26,1,-26,18},
{347,29672,14,21,1,-21,16},
{348,29714,13,21,1,-21,16},
{349,29756,13,21,1,-21,16},
{350,29798,16,25,1,-20,18},
{351,29848,14,20,1,-15,16},
{352,29888,16,26,1,-26,18},
{353,29940,14,22,1,-22,16},
{354,29984,17,25,1,-20,19},
{355,30059,10,23,1,-18,12},
{356,30105,17,26,1,-26,19},
{357,30183,11,23,1,-23,12},
{358,30229,13,21,1,-21,16},
{359,30271,13,21,1,-21,16},
{360,30313,13,21,1,-21,16},
{361,30355,13,21,1,-21,16},
{362,30397,17,25,2,-25,21},
{363,30472,14,20,2,-20,18},
{364,30512,13,21,1,-21,16},
{365,30554,13,21,1,-21,16},
{366,30596,17,28,2,-28,21},
{367,30680,14,24,2,-24,18},
{368,30728,17,27,2,-27,21},
{369,30809,14,22,2,-22,17},
{370,30853,17,25,2,-20,21},
{371,30928,14,20,2,-15,18},
{372,30968,25,26,1,-26,27},
{373,31072,21,21,1,-21,22},
{374,31135,18,26,1,-26,20},
{375,31213,15,26,0,-21,16},
{376,31265,18,25,1,-25,20},
{377,31340,17,26,1,-26,19},
{378,31418,14,21,1,-21,16},
{379,31460,17,25,1,-25,19},
{380,31535,14,21,1,-21,16},
{381,31577,17,26,1,-26,19},
{382,31655,14,21,1,-21,16},
{383,31697,13,21,1,-21,16},
{8208,31739,13,21,1,-21,16},
{8209,31781,13,21,1,-21,16},
{8211,31823,13,3,1,-9,15},
{8212,31829,23,3,1,-9,25},
{8216,31838,5,9,1,-20,7},
{8217,31847,5,9,1,-20,7},
{8220,31856,12,9,1,-20,14},
{8221,31874,12,9,1,-20,14},
{8226,31892,10,10,2,-13,14},
{8230,31912,20,5,1,-5,22},
{8242,31927,13,21,1,-21,16},
{8243,31969,13,21,1,-21,16},
{8364,32011,18,20,1,-20,20},
{8722,32071,15,3,1,-9,18},
{32,32077,0,0,0,0,20},
{33,32077,12,44,4,-43,20},
{34,32165,19,15,3,-43,25},
{35,32210,45,44,2,-44,49},
{36,32474,36,55,2,-49,40},
{37,32749,58,45,2,-44,62},
{38,33109,43,46,3,-45,47},
{39,33385,7,15,3,-43,13},
{40,33400,17,56,3,-46,22},
{41,33568,17,56,2,-46,22},
{42,33736,23,23,4,-43,31},
{43,33805,33,32,3,-32,39},
{44,33965,12,20,3,-11,18},
{45,34005,20,8,2,-20,24},
{46,34029,12,12,3,-11,18},
{47,34053,26,52,1,-46,28},
{48,34261,36,45,3,-44,42},
{49,34486,19,43,3,-43,29},
{50,34615,32,44,2,-44,37},
{51,34791,33,45,2,-44,38},
{52,35016,36,43,2,-43,40},
{53,35231,32,44,3,-43,38},
{54,35407,33,45,3,-44,39},
{55,35632,32,43,1,-43,35},
{56,35804,34,45,3,-44,40},
{57,36029,31,44,3,-44,37},
{58,36205,12,33,3,-32,18},
{59,36271,12,42,3,-33,18},
{60,36355,32,34,3,-33,37},
{61,36491,33,19,3,-26,39},
{62,36586,32,33,3,-33,37},
{63,36718,32,45,1,-44,34},
{64,36898,46,46,2,-39,50},
{65,37174,42,44,1,-44,43},
{66,37438,35,43,4,-43,40},
{67,37653,39,45,2,-44,42},
{68,37878,38,43,4,-43,44},
{69,38093,32,43,4,-43,38},
{70,38265,30,44,4,-44,36},
{71,38441,41,45,2,-44,46},
{72,38711,37,43,4,-43,45},
{73,38926,21,43,3,-43,27},
{74,39055,31,44,1,-43,36},
{75,39231,37,43,4,-43,42},
{76,39446,31,44,4,-44,36},
{77,39622,47,43,4,-43,55},
{78,39880,38,43,4,-43,46},
{79,40095,44,45,2,-44,48},
{80,40365,35,44,4,-43,40},
{81,40585,47,48,2,-44,49},
{82,40873,37,44,4,-44,42},
{83,41093,36,45,2,-44,40},
{84,41318,37,43,1,-43,39},
{85,41533,36,44,4,-43,44},
{86,41753,40,44,1,-44,41},
{87,41973,55,44,1,-44,57},
{88,42281,42,43,1,-43,44},
{89,42539,41,44,-1,-44,41},
{90,42803,35,43,2,-43,39},
{91,43018,16,56,4,-46,22},
{92,43130,26,52,1,-46,28},
{93,43338,16,56,2,-46,22},
{94,43450,30,23,4,-43,37},
{95,43542,26,7,0,1,26},
{96,43570,12,9,3,-46,18},
{97,43588,31,34,2,-33,36},
{98,43724,32,47,4,-46,38},
{99,43912,30,34,2,-33,33},
{100,44048,34,47,2,-46,38},
{101,44283,33,34,2,-33,36},
{102,44453,21,46,1,-46,24},
{103,44591,33,46,2,-33,39},
{104,44821,29,46,4,-46,36},
{105,45005,15,49,1,-48,19},
{106,45103,19,59,-5,-49,17},
{107,45280,31,46,4,-46,36},
{108,45464,16,46,3,-46,20},
{109,45556,49,33,4,-33,57},
{110,45787,29,33,4,-33,36},
{111,45919,33,34,2,-33,37},
{112,46089,32,43,4,-33,38},
{113,46261,41,45,2,-34,38},
{114,46531,19,33,4,-33,24},
{115,46630,30,34,1,-33,32},
{116,46766,21,40,1,-40,24},
{117,46886,29,33,4,-32,37},
{118,47018,32,32,1,-32,34},
{119,47146,45,32,1,-32,47},
{120,47338,33,32,1,-32,35},
{121,47498,32,43,0,-33,33},
{122,47670,29,32,2,-32,32},
{123,47798,21,56,2,-46,25},
{124,47966,9,65,4,-55,17},
{125,48096,21,56,2,-46,24},
{126,48264,29,13,3,-24,35},
{160,48316,0,0,0,0,20},
{161,48316,12,44,4,-33,20},
{162,48404,30,44,2,-38,33},
{163,48580,34,45,4,-44,40},
{164,48805,32,32,3,-37,38},
{165,48933,42,44,0,-44,42},
{166,49197,9,65,4,-55,17},
{167,49327,33,56,1,-45,35},
{168,49607,22,9,3,-46,28},
{169,49634,44,45,3,-44,50},
{170,49904,18,19,3,-45,25},
{171,49961,35,27,3,-30,42},
{172,50096,33,23,3,-26,39},
{173,50211,27,45,3,-45,34},
{174,50391,44,45,3,-44,50},
{175,50661,19,6,3,-43,25},
{176,50679,20,20,3,-44,26},
{177,50739,32,32,3,-32,38},
{178,50867,19,24,3,-50,25},
{179,50939,19,24,4,-50,26},
{180,51011,12,10,4,-47,18},
{181,51031,27,45,3,-45,34},
{182,51211,30,54,2,-44,33},
{183,51427,12,12,4,-22,20},
{184,51451,14,13,3,-1,20},
{185,51477,12,24,3,-50,18},
{186,51525,19,18,3,-44,25},
{187,51579,34,27,4,-30,42},
{188,51714,48,43,3,-43,54},
{189,51972,48,43,3,-43,55},
{190,52230,52,44,4,-44,59},
{191,52538,33,45,1,-33,34},
{192,52763,42,57,1,-57,43},
{193,53105,42,57,1,-57,43},
{194,53447,42,57,1,-57,43},
{195,53789,43,55,0,-55,43},
{196,54119,42,56,1,-56,44},
{197,54455,42,55,-1,-55,43},
{198,54785,59,43,-1,-43,61},
{199,55129,38,56,2,-44,42},
{200,55409,32,57,4,-57,38},
{201,55637,32,57,4,-57,38},
{202,55865,32,57,4,-57,38},
{203,56093,32,56,4,-56,38},
{204,56317,21,57,3,-57,27},
{205,56488,21,57,3,-57,27},
{206,56659,25,57,1,-57,27},
{207,56887,22,56,3,-56,28},
{208,57055,42,43,1,-43,45},
{209,57313,38,55,4,-55,46},
{210,57588,44,58,2,-57,48},
{211,57936,44,58,2,-57,48},
{212,58284,44,58,2,-57,48},
{213,58632,44,56,2,-55,48},
{214,58968,44,57,2,-56,48},
{215,59310,28,28,3,-30,34},
{216,59422,44,45,2,-44,48},
{217,59692,36,58,4,-57,44},
{218,59982,36,58,4,-57,44},
{219,60272,36,58,4,-57,44},
{220,60562,36,57,4,-56,44},
{221,60847,41,57,-1,-57,41},
{222,61189,35,43,4,-43,40},
{223,61404,34,45,4,-44,39},
{224,61629,31,47,2,-46,36},
{225,61817,31,48,2,-47,36},
{226,62009,31,47,2,-46,36},
{227,62197,31,46,2,-45,36},
{228,62381,31,47,2,-46,36},
{229,62569,31,52,2,-51,36},
{230,62777,53,34,2,-33,57},
{231,63015,30,45,2,-33,33},
{232,63195,33,48,2,-47,36},
{233,63435,33,48,2,-47,36},
{234,63675,33,47,2,-46,36},
{235,63910,33,47,2,-46,36},
{236,64145,15,48,0,-47,19},
{237,64241,19,47,1,-46,19},
{238,64382,24,47,-3,-46,19},
{239,64523,22,47,0,-46,20},
{240,64664,33,47,2,-47,37},
{241,64899,29,45,4,-45,36},
{242,65079,33,47,2,-46,37},
{243,65314,33,47,2,-46,37},
{244,65549,33,48,2,-47,37},
{245,65789,33,46,2,-45,37},
{246,66019,33,47,2,-46,37},
{247,66254,33,33,3,-33,39},
{248,66419,33,36,2,-34,37},
{249,66599,29,47,4,-46,37},
{250,66787,29,47,4,-46,37},
{251,66975,29,48,4,-47,37},
{252,67167,29,47,4,-46,37},
{253,67355,32,58,0,-48,33},
{254,67587,32,56,4,-46,38},
{255,67811,32,57,1,-47,34},
{256,68039,43,55,0,-55,43},
{257,68369,31,44,2,-43,36},
{258,68545,42,56,1,-56,43},
{259,68881,31,45,2,-44,36},
{260,69061,43,55,1,-44,44},
{261,69391,31,45,2,-34,36},
{262,69571,38,58,2,-57,42},
{263,69861,30,48,2,-47,33},
{264,70053,27,45,3,-45,34},
{265,70233,27,45,3,-45,34},
{266,70413,39,57,2,-56,42},
{267,70698,30,47,2,-46,33},
{268,70886,39,58,2,-57,42},
{269,71176,30,47,2,-46,33},
{270,71364,38,57,4,-57,44},
{271,71649,43,47,2,-46,44},
{272,71931,42,43,1,-43,45},
{273,72189,38,47,2,-46,38},
{274,72424,32,55,4,-55,38},
{275,72644,33,44,2,-43,36},
{276,72864,27,45,3,-45,34},
{277,73044,27,45,3,-45,34},
{278,73224,32,56,4,-56,38},
{279,73448,33,47,2,-46,36},
{280,73683,32,55,4,-44,38},
{281,73903,33,45,2,-34,36},
{282,74128,32,57,4,-57,38},
{283,74356,33,47,2,-46,36},
{284,74591,27,45,3,-45,34},
{285,74771,27,45,3,-45,34},
{286,74951,41,56,2,-55,46},
{287,75287,33,58,2,-45,39},
{288,75577,41,57,2,-56,46},
{289,75919,33,59,2,-46,39},
{290,76214,41,61,2,-44,46},
{291,76580,33,63,2,-50,39},
{292,76895,27,45,3,-45,34},
{293,77075,27,45,3,-45,34},
{294,77255,43,43,1,-43,45},
{295,77513,35,46,-2,-46,36},
{296,77743,27,45,3,-45,34},
{297,77923,27,45,3,-45,34},
{298,78103,21,55,3,-55,27},
{299,78268,19,44,1,-43,19},
{300,78400,27,45,3,-45,34},
{301,78580,27,45,3,-45,34},
{302,78760,21,55,3,-44,27},
{303,78925,15,60,1,-49,19},
{304,79045,21,56,3,-56,27},
{305,79213,14,33,1,-32,19},
{306,79279,56,44,3,-43,63},
{307,79587,32,59,1,-49,36},
{308,79823,27,45,3,-45,34},
{309,80003,27,45,3,-45,34},
{310,80183,38,60,4,-43,43},
{311,80483,32,63,4,-46,36},
{312,80735,27,45,3,-45,34},
{313,80915,31,57,4,-57,36},
{314,81143,16,59,3,-59,20},
{315,81261,31,61,4,-44,36},
{316,81505,16,63,3,-46,20},
{317,81631,31,44,4,-44,36},
{318,81807,20,46,3,-46,23},
{319,81945,27,45,3,-45,34},
{320,82125,27,45,3,-45,34},
{321,82305,36,44,1,-44,38},
{322,82525,19,46,2,-46,22},
{323,82663,38,57,4,-57,46},
{324,82948,29,47,4,-47,36},
{325,83136,38,60,4,-43,46},
{326,83436,29,50,4,-33,36},
{327,83636,38,57,4,-57,46},
{328,83921,29,47,4,-47,36},
{329,84109,27,45,3,-45,34},
{330,84289,27,45,3,-45,34},
{331,84469,27,45,3,-45,34},
{332,84649,27,45,3,-45,34},
{333,84829,27,45,3,-45,34},
{334,85009,27,45,3,-45,34},
{335,85189,27,45,3,-45,34},
{336,85369,44,59,2,-58,48},
{337,85723,33,48,2,-47,37},
{338,85963,61,45,2,-44,65},
{339,86323,57,34,2,-33,60},
{340,86595,37,57,4,-57,42},
{341,86880,19,47,4,-47,24},
{342,87021,27,45,3,-45,34},
{343,87201,27,45,3,-45,34},
{344,87381,37,56,4,-56,42},
{345,87661,24,47,2,-47,24},
{346,87802,36,58,2,-57,40},
{347,88092,30,47,1,-46,32},
{348,88280,27,45,3,-45,34},
{349,88460,27,45,3,-45,34},
{350,88640,36,56,2,-44,40},
{351,88920,30,45,1,-33,32},
{352,89100,36,58,2,-57,40},
{353,89390,30,47,1,-46,32},
{354,89578,37,55,1,-43,39},
{355,89853,21,52,1,-40,24},
{356,90009,37,57,1,-57,39},
{357,90294,25,50,1,-50,24},
{358,90494,27,45,3,-45,34},
{359,90674,27,45,3,-45,34},
{360,90854,27,45,3,-45,34},
{361,91034,27,45,3,-45,34},
{362,91214,36,55,4,-54,44},
{363,91489,29,44,4,-43,37},
{364,91665,27,45,3,-45,34},
{365,91845,27,45,3,-45,34},
{366,92025,36,60,4,-59,44},
{367,92325,29,52,4,-51,37},
{368,92533,36,58,4,-57,44},
{369,92823,31,48,4,-47,37},
{370,93015,36,55,4,-44,44},
{371,93290,29,44,4,-33,37},
{372,93466,55,57,1,-57,57},
{373,93865,45,46,1,-46,47},
{374,94141,41,57,-1,-57,41},
{375,94483,32,57,0,-47,33},
{376,94711,40,56,1,-56,42},
{377,94991,35,57,2,-57,39},
{378,95276,29,47,2,-47,32},
{379,95464,35,56,2,-56,39},
{380,95744,29,46,2,-46,32},
{381,95928,35,57,2,-57,39},
{382,96213,29,47,2,-47,32},
{383,96401,27,45,3,-45,34},
{8208,96581,27,45,3,-45,34},
{8209,96761,27,45,3,-45,34},
{8211,96941,27,7,3,-19,33},
{8212,96969,48,7,3,-19,54},
{8216,97011,12,20,3,-43,18},
{8217,97051,12,20,3,-44,18},
{8220,97091,25,20,3,-43,31},
{8221,97171,25,20,3,-44,31},
{8226,97251,21,21,3,-27,27},
{8230,97314,44,12,3,-11,50},
{8242,97386,27,45,3,-45,34},
{8243,97566,27,45,3,-45,34},
{8364,97746,40,45,1,-44,43},
{8722,97971,33,7,3,-19,38},
{32,98006,0,0,0,0,15},
{33,98006,9,33,3,-33,15},
{34,98072,14,11,2,-33,18},
{35,98094,34,33,1,-33,37},
{36,98259,27,41,1,-37,29},
{37,98423,44,34,1,-33,46},
{38,98627,32,35,2,-34,35},
{39,98767,6,11,2,-33,10},
{40,98778,12,42,2,-34,16},
{41,98862,12,42,2,-34,16},
{42,98946,18,17,3,-33,24},
{43,98997,24,24,2,-24,28},
{44,99069,9,15,2,-8,13},
{45,99099,15,6,1,-15,17},
{46,99111,9,9,2,-9,13},
{47,99129,19,39,1,-35,21},
{48,99246,27,35,2,-34,31},
{49,99386,15,33,2,-33,22},
{50,99452,24,33,1,-33,27},
{51,99551,24,34,2,-33,29},
{52,99653,27,33,1,-33,30},
{53,99785,25,34,2,-33,29},
{54,99921,25,35,3,-34,31},
{55,100061,24,33,1,-33,26},
{56,100160,26,34,2,-33,30},
{57,100296,23,33,2,-33,27},
{58,100395,9,24,2,-24,13},
{59,100443,9,31,2,-24,13},
{60,100505,24,25,2,-25,27},
{61,100580,24,15,2,-20,29},
{62,100625,24,25,2,-25,27},
{63,100700,24,33,1,-33,26},
{64,100799,34,35,2,-30,38},
{65,100974,32,33,0,-33,33},
{66,101106,27,33,3,-33,31},
{67,101238,28,35,2,-34,32},
{68,101378,28,33,3,-33,33},
{69,101510,24,33,3,-33,29},
{70,101609,23,33,3,-33,27},
{71,101708,31,34,2,-33,35},
{72,101844,28,33,3,-33,34},
{73,101976,16,33,2,-33,20},
{74,102042,24,34,0,-33,27},
{75,102144,28,33,3,-33,32},
{76,102276,23,33,3,-33,26},
{77,102375,35,33,3,-33,41},
{78,102540,29,33,3,-33,35},
{79,102672,32,34,2,-33,36},
{80,102808,26,33,3,-33,30},
{81,102940,35,35,2,-33,36},
{82,103115,27,33,3,-33,31},
{83,103247,27,34,1,-33,29},
{84,103383,28,33,1,-33,30},
{85,103515,27,34,3,-33,33},
{86,103651,29,33,1,-33,31},
{87,103783,41,33,1,-33,43},
{88,103981,31,33,1,-33,33},
{89,104113,31,33,-1,-33,31},
{90,104245,26,33,2,-33,30},
{91,104377,12,43,3,-35,17},
{92,104463,19,39,1,-35,21},
{93,104580,12,43,2,-35,17},
{94,104666,22,18,3,-33,28},
{95,104720,19,6,0,0,19},
{96,104738,9,7,2,-35,14},
{97,104752,24,25,1,-24,27},
{98,104827,24,36,3,-35,28},
{99,104935,22,25,1,-24,24},
{100,105010,26,36,1,-35,29},
{101,105154,25,26,1,-25,27},
{102,105258,16,35,1,-35,18},
{103,105328,25,34,1,-24,29},
{104,105464,22,35,3,-35,28},
{105,105569,11,37,1,-37,14},
{106,105643,14,45,-4,-37,12},
{107,105733,24,35,3,-35,27},
{108,105838,12,35,3,-35,16},
{109,105908,37,24,3,-24,43},
{110,106028,22,24,3,-24,28},
{111,106100,25,26,1,-25,27},
{112,106204,24,32,3,-24,28},
{113,106300,31,33,1,-25,28},
{114,106432,15,25,3,-25,18},
{115,106482,23,26,1,-25,25},
{116,106560,16,31,1,-31,19},
{117,106622,22,25,3,-24,28},
{118,106697,24,24,1,-24,25},
{119,106769,34,24,1,-24,36},
{120,106889,24,24,1,-24,26},
{121,106961,24,32,0,-24,25},
{122,107057,22,24,2,-24,25},
{123,107129,16,42,1,-34,19},
{124,107213,7,49,3,-41,13},
{125,107262,16,42,1,-34,18},
{126,107346,22,10,2,-18,26},
{160,107376,0,0,0,0,15},
{161,107376,9,33,3,-25,15},
{162,107442,22,33,1,-29,23},
{163,107541,26,35,3,-34,30},
{164,107681,23,23,3,-28,29},
{165,107750,30,33,1,-33,32},
{166,107882,7,49,3,-41,13},
{167,107931,25,42,1,-34,27},
{168,108099,17,7,2,-35,21},
{169,108120,33,34,2,-33,37},
{170,108290,13,14,3,-33,19},
{171,108318,25,20,3,-22,31},
{172,108398,25,18,2,-21,30},
{173,108470,21,34,2,-34,25},
{174,108572,33,34,2,-33,37},
{175,108742,14,5,2,-33,18},
{176,108752,15,15,2,-33,19},
{177,108782,24,24,3,-24,30},
{178,108854,14,19,3,-38,20},
{179,108892,14,19,3,-38,20},
{180,108930,9,8,3,-36,14},
{181,108946,21,34,2,-34,25},
{182,109048,23,41,1,-33,25},
{183,109171,9,9,3,-17,15},
{184,109189,10,10,2,-2,14},
{185,109209,9,19,3,-38,15},
{186,109247,15,14,2,-33,20},
{187,109275,25,20,3,-22,31},
{188,109355,35,33,3,-33,41},
{189,109520,36,33,3,-33,42},
{190,109685,39,33,3,-33,45},
{191,109850,24,32,1,-24,25},
{192,109946,31,43,1,-43,33},
{193,110118,31,43,1,-43,33},
{194,110290,32,43,0,-43,33},
{195,110462,32,42,0,-42,33},
{196,110630,33,43,0,-43,33},
{197,110845,32,42,0,-42,32},
{198,111013,45,33,0,-33,47},
{199,111211,29,42,2,-33,32},
{200,111379,24,43,3,-43,29},
{201,111508,24,43,3,-43,29},
{202,111637,24,43,3,-43,29},
{203,111766,24,43,3,-43,29},
{204,111895,16,43,2,-43,20},
{205,111981,16,43,2,-43,20},
{206,112067,18,43,1,-43,20},
{207,112196,17,43,2,-43,21},
{208,112325,32,33,1,-33,35},
{209,112457,29,42,3,-42,35},
{210,112625,32,44,2,-43,36},
{211,112801,32,44,2,-43,36},
{212,112977,32,44,2,-43,36},
{213,113153,32,43,2,-42,36},
{214,113325,32,44,2,-43,36},
{215,113501,21,22,2,-24,26},
{216,113567,32,34,2,-33,36},
{217,113703,27,45,3,-44,33},
{218,113883,27,45,3,-44,33},
{219,114063,27,45,3,-44,33},
{220,114243,27,44,3,-43,33},
{221,114419,31,43,-1,-43,31},
{222,114591,26,33,3,-33,30},
{223,114723,26,35,3,-34,30},
{224,114863,24,36,1,-35,27},
{225,114971,24,36,1,-35,27},
{226,115079,24,36,1,-35,27},
{227,115187,24,35,1,-34,27},
{228,115292,24,36,1,-35,27},
{229,115400,24,40,1,-39,27},
{230,115520,40,26,1,-25,42},
{231,115650,22,34,1,-25,24},
{232,115752,25,36,1,-35,27},
{233,115896,25,36,1,-35,27},
{234,116040,25,36,1,-35,27},
{235,116184,25,36,1,-35,27},
{236,116328,11,35,1,-35,15},
{237,116398,14,36,1,-36,14},
{238,116470,18,35,-2,-35,15},
{239,116575,17,35,0,-35,16},
{240,116680,25,36,1,-36,28},
{241,116824,22,34,3,-34,28},
{242,116926,25,36,1,-35,27},
{243,117070,25,36,1,-35,27},
{244,117214,25,37,1,-36,27},
{245,117362,25,35,1,-34,27},
{246,117502,25,36,1,-35,27},
{247,117646,24,26,2,-25,28},
{248,117724,25,26,1,-26,27},
{249,117828,22,36,3,-35,28},
{250,117936,22,36,3,-35,28},
{251,118044,22,36,3,-35,28},
{252,118152,22,36,3,-35,28},
{253,118260,24,43,0,-35,25},
{254,118389,24,42,3,-34,28},
{255,118515,25,43,0,-35,25},
{256,118687,32,42,0,-42,32},
{257,118855,24,34,1,-33,27},
{258,118957,32,42,0,-42,33},
{259,119125,24,35,1,-34,27},
{260,119230,32,41,0,-33,33},
{261,119394,24,32,1,-24,27},
{262,119490,29,44,2,-43,32},
{263,119666,22,36,1,-35,24},
{264,119774,21,34,2,-34,25},
{265,119876,21,34,2,-34,25},
{266,119978,29,44,2,-43,32},
{267,120154,22,36,1,-35,24},
{268,120262,28,44,2,-43,32},
{269,120438,22,36,1,-35,24},
{270,120546,28,43,3,-43,33},
{271,120718,32,36,1,-35,33},
{272,120862,32,33,1,-33,35},
{273,120994,28,36,1,-35,28},
{274,121138,24,42,3,-42,29},
{275,121264,25,34,1,-33,27},
{276,121400,21,34,2,-34,25},
{277,121502,21,34,2,-34,25},
{278,121604,24,43,3,-43,29},
{279,121733,25,36,1,-35,27},
{280,121877,24,41,3,-33,29},
{281,122000,25,33,1,-25,27},
{282,122132,24,43,3,-43,29},
{283,122261,25,36,1,-35,27},
{284,122405,21,34,2,-34,25},
{285,122507,21,34,2,-34,25},
{286,122609,31,43,2,-42,35},
{287,122781,25,44,1,-34,29},
{288,122957,31,44,2,-43,35},
{289,123133,25,45,1,-35,29},
{290,123313,31,45,2,-33,35},
{291,123493,25,48,1,-38,29},
{292,123685,21,34,2,-34,25},
{293,123787,21,34,2,-34,25},
{294,123889,33,33,1,-33,35},
{295,124054,26,35,-1,-35,28},
{296,124194,21,34,2,-34,25},
{297,124296,21,34,2,-34,25},
{298,124398,16,42,2,-42,20},
{299,124482,14,33,1,-33,15},
{300,124548,21,34,2,-34,25},
{301,124650,21,34,2,-34,25},
{302,124752,16,41,2,-33,20},
{303,124834,11,45,1,-37,14},
{304,124924,16,43,2,-43,20},
{305,125010,11,24,1,-24,15},
{306,125058,42,34,2,-33,47},
{307,125262,24,45,1,-37,27},
{308,125397,21,34,2,-34,25},
{309,125499,21,34,2,-34,25},
{310,125601,28,46,3,-33,32},
{311,125785,23,48,3,-35,27},
{312,125929,21,34,2,-34,25},
{313,126031,23,43,3,-43,26},
{314,126160,12,45,3,-45,16},
{315,126250,23,45,3,-33,26},
{316,126385,12,48,3,-35,16},
{317,126481,23,33,3,-33,26},
{318,126580,15,35,3,-35,18},
{319,126650,21,34,2,-34,25},
{320,126752,21,34,2,-34,25},
{321,126854,27,33,1,-33,28},
{322,126986,14,35,1,-35,16},
{323,127056,29,43,3,-43,35},
{324,127228,22,36,3,-36,28},
{325,127336,29,45,3,-33,35},
{326,127516,22,37,3,-24,28},
{327,127627,29,43,3,-43,35},
{328,127799,22,35,3,-35,28},
{329,127904,21,34,2,-34,25},
{330,128006,21,34,2,-34,25},
{331,128108,21,34,2,-34,25},
{332,128210,21,34,2,-34,25},
{333,128312,21,34,2,-34,25},
{334,128414,21,34,2,-34,25},
{335,128516,21,34,2,-34,25},
{336,128618,32,45,2,-44,36},
{337,128798,25,37,1,-36,27},
{338,128946,45,34,2,-33,49},
{339,129150,43,26,1,-25,45},
{340,129306,27,43,3,-43,31},
{341,129478,15,35,3,-35,18},
{342,129548,21,34,2,-34,25},
{343,129650,21,34,2,-34,25},
{344,129752,27,43,3,-43,31},
{345,129924,17,35,2,-35,18},
{346,130029,27,45,1,-44,29},
{347,130209,23,36,1,-35,25},
{348,130317,21,34,2,-34,25},
{349,130419,21,34,2,-34,25},
{350,130521,27,42,1,-33,29},
{351,130689,23,34,1,-25,25},
{352,130791,27,44,1,-43,29},
{353,130967,23,36,1,-35,25},
{354,131075,28,42,1,-33,30},
{355,131243,16,39,1,-30,19},
{356,131321,28,43,1,-43,30},
{357,131493,18,38,1,-38,18},
{358,131607,21,34,2,-34,25},
{359,131709,21,34,2,-34,25},
{360,131811,21,34,2,-34,25},
{361,131913,21,34,2,-34,25},
{362,132015,27,43,3,-42,33},
{363,132187,22,34,3,-33,28},
{364,132289,21,34,2,-34,25},
{365,132391,21,34,2,-34,25},
{366,132493,27,46,3,-45,33},
{367,132677,22,40,3,-39,28},
{368,132797,27,45,3,-44,33},
{369,132977,22,36,3,-35,27},
{370,133085,27,41,3,-33,33},
{371,133249,22,32,3,-24,28},
{372,133345,41,43,1,-43,43},
{373,133603,34,35,1,-35,36},
{374,133778,31,43,-1,-43,31},
{375,133950,24,43,0,-35,25},
{376,134079,31,43,-1,-43,31},
{377,134251,26,43,2,-43,30},
{378,134423,22,35,2,-35,25},
{379,134528,26,43,2,-43,30},
{380,134700,22,35,2,-35,25},
{381,134805,26,43,2,-43,30},
{382,134977,22,35,2,-35,25},
{383,135082,21,34,2,-34,25},
{8208,135184,21,34,2,-34,25},
{8209,135286,21,34,2,-34,25},
{8211,135388,20,6,2,-15,24},
{8212,135406,36,6,2,-15,40},
{8216,135436,9,15,2,-33,13},
{8217,135466,9,16,2,-34,13},
{8220,135498,19,15,2,-33,23},
{8221,135543,19,16,2,-34,23},
{8226,135591,16,16,3,-20,22},
{8230,135623,33,10,2,-9,37},
{8242,135673,21,34,2,-34,25},
{8243,135775,21,34,2,-34,25},
{8364,135877,30,35,1,-34,33},
{8722,136017,24,5,2,-14,29},
{32,136032,0,0,0,0,3},
{33,136032,1,7,1,-7,3},
{34,136039,3,2,1,-7,5},
{35,136041,7,7,0,-7,7},
{36,136048,5,8,1,-7,7},
{37,136056,9,7,1,-7,11},
{38,136070,6,7,1,-7,8},
{39,136077,1,2,1,-7,3},
{40,136079,2,9,1,-7,4},
{41,136088,2,9,1,-7,4},
{42,136097,3,3,1,-7,5},
{43,136100,5,5,1,-5,7},
{44,136105,2,3,0,-1,3},
{45,136108,3,1,1,-3,5},
{46,136109,2,1,1,-1,4},
{47,136110,4,8,0,-7,4},
{48,136118,5,7,1,-7,7},
{49,136125,3,7,0,-7,4},
{50,136132,5,7,1,-7,7},
{51,136139,5,7,0,-7,6},
{52,136146,6,7,1,-7,8},
{53,136153,5,7,0,-7,6},
{54,136160,5,7,1,-7,7},
{55,136167,5,7,1,-7,7},
{56,136174,5,7,1,-7,7},
{57,136181,5,7,1,-7,7},
{58,136188,2,5,1,-5,4},
{59,136193,2,7,1,-5,4},
{60,136200,5,5,1,-5,7},
{61,136205,5,3,1,-4,7},
{62,136208,5,5,1,-5,7},
{63,136213,4,7,-1,-7,5},
{64,136220,7,7,1,-6,9},
{65,136227,6,7,0,-7,7},
{66,136234,5,7,1,-7,7},
{67,136241,5,7,1,-7,7},
{68,136248,6,7,1,-7,8},
{69,136255,5,7,1,-7,6},
{70,136262,4,7,1,-7,6},
{71,136269,7,7,1,-7,8},
{72,136276,6,7,1,-7,8},
{73,136283,3,7,1,-7,5},
{74,136290,4,7,1,-7,6},
{75,136297,5,7,1,-7,7},
{76,136304,4,7,1,-7,5},
{77,136311,7,7,1,-7,9},
{78,136318,6,7,1,-7,8},
{79,136325,7,7,1,-7,9},
{80,136332,5,7,1,-7,7},
{81,136339,7,7,1,-7,9},
{82,136346,5,7,1,-7,7},
{83,136353,5,7,1,-7,7},
{84,136360,6,7,1,-7,8},
{85,136367,5,7,1,-7,7},
{86,136374,6,7,0,-7,6},
{87,136381,9,7,0,-7,9},
{88,136395,6,7,0,-7,7},
{89,136402,5,7,1,-7,6},
{90,136409,5,7,1,-7,7},
{91,136416,2,9,1,-7,4},
{92,136425,4,8,0,-7,4},
{93,136433,2,9,1,-7,4},
{94,136442,4,4,1,-7,6},
{95,136446,4,1,0,0,4},
{96,136447,1,1,1,-7,3},
{97,136448,5,5,1,-5,6},
{98,136453,5,7,1,-7,7},
{99,136460,4,5,1,-5,5},
{100,136465,5,7,1,-7,7},
{101,136472,5,5,1,-5,7},
{102,136477,3,7,0,-7,3},
{103,136484,5,7,1,-5,7},
{104,136491,4,7,1,-7,6},
{105,136498,2,7,0,-7,3},
{106,136505,2,9,-1,-7,3},
{107,136514,4,7,1,-7,6},
{108,136521,2,7,1,-7,3},
{109,136528,7,5,1,-5,9},
{110,136533,4,5,1,-5,6},
{111,136538,5,5,1,-5,7},
{112,136543,5,7,1,-5,7},
{113,136550,7,7,1,-5,7},
{114,136557,3,5,1,-5,4},
{115,136562,4,5,1,-5,6},
{116,136567,3,6,0,-6,3},
{117,136573,4,5,1,-5,6},
{118,136578,5,5,0,-5,5},
{119,136583,7,5,0,-5,7},
{120,136588,5,5,0,-5,5},
{121,136593,5,7,0,-5,5},
{122,136600,4,5,1,-5,6},
{123,136605,3,9,1,-7,4},
{124,136614,1,10,1,-8,3},
{125,136624,3,9,0,-7,4},
{126,136633,5,2,0,-5,5},
{160,136635,0,0,0,0,3},
{161,136635,1,7,1,-5,3},
{162,136642,5,6,1,-5,6},
{163,136648,5,7,1,-7,7},
{164,136655,4,4,1,-6,6},
{165,136659,6,7,0,-7,6},
{166,136666,1,10,1,-8,3},
{167,136676,5,9,1,-7,7},
{168,136685,4,1,0,-7,4},
{169,136686,7,7,1,-7,9},
{170,136693,3,3,1,-7,5},
{171,136696,4,4,1,-4,6},
{172,136700,5,4,0,-4,6},
{173,136704,5,7,0,-7,5},
{174,136711,7,7,1,-7,9},
{175,136718,3,1,0,-7,4},
{176,136719,3,3,1,-7,5},
{177,136722,5,5,1,-5,7},
{178,136727,3,4,0,-8,4},
{179,136731,3,4,0,-8,4},
{180,136735,1,1,1,-7,3},
{181,136736,5,7,0,-7,5},
{182,136743,4,9,1,-7,6},
{183,136752,2,1,1,-3,4},
{184,136753,2,2,0,-1,3},
{185,136755,2,4,0,-8,2},
{186,136759,3,3,0,-7,3},
{187,136762,4,4,1,-4,6},
{188,136766,8,6,0,-6,8},
{189,136772,8,6,0,-6,8},
{190,136778,8,7,1,-7,9},
{191,136785,5,7,1,-6,6},
{192,136792,6,9,0,-9,7},
{193,136801,6,9,0,-9,7},
{194,136810,6,9,0,-9,7},
{195,136819,6,10,0,-10,7},
{196,136829,6,9,0,-9,7},
{197,136838,6,9,-1,-9,7},
{198,136847,8,7,1,-7,10},
{199,136854,5,9,1,-7,7},
{200,136863,5,9,1,-9,6},
{201,136872,5,9,1,-9,6},
{202,136881,5,9,1,-9,6},
{203,136890,5,9,1,-9,6},
{204,136899,3,9,1,-9,5},
{205,136908,3,9,1,-9,5},
{206,136917,3,9,1,-9,5},
{207,136926,4,9,1,-9,5},
{208,136935,6,7,1,-7,8},
{209,136942,6,10,1,-10,8},
{210,136952,7,9,1,-9,9},
{211,136961,7,9,1,-9,9},
{212,136970,7,10,1,-10,9},
{213,136980,7,10,1,-10,9},
{214,136990,7,9,1,-9,9},
{215,136999,4,4,1,-4,5},
{216,137003,7,7,1,-7,9},
{217,137010,5,9,1,-9,7},
{218,137019,5,9,1,-9,7},
{219,137028,5,10,1,-10,7},
{220,137038,5,9,1,-9,7},
{221,137047,5,9,1,-9,6},
{222,137056,5,7,1,-7,7},
{223,137063,5,7,1,-7,7},
{224,137070,5,7,1,-8,6},
{225,137077,5,7,1,-8,6},
{226,137084,5,7,1,-8,6},
{227,137091,5,8,1,-8,6},
{228,137099,5,7,1,-7,6},
{229,137106,5,9,1,-9,6},
{230,137115,8,5,1,-5,10},
{231,137120,4,7,1,-5,5},
{232,137127,5,7,1,-8,7},
{233,137134,5,7,1,-8,7},
{234,137141,5,7,1,-8,7},
{235,137148,5,7,1,-7,7},
{236,137155,2,7,0,-8,3},
{237,137162,3,7,0,-8,3},
{238,137169,3,7,-1,-8,3},
{239,137176,3,7,-1,-7,3},
{240,137183,5,7,1,-8,7},
{241,137190,4,8,1,-8,6},
{242,137198,5,7,1,-8,7},
{243,137205,5,7,1,-8,7},
{244,137212,5,7,1,-8,7},
{245,137219,5,8,1,-8,7},
{246,137227,5,7,1,-7,7},
{247,137234,5,5,1,-5,7},
{248,137239,5,5,1,-6,7},
{249,137244,4,7,1,-8,6},
{250,137251,4,7,1,-8,6},
{251,137258,4,7,1,-8,6},
{252,137265,4,7,1,-7,6},
{253,137272,5,9,0,-8,5},
{254,137281,5,9,1,-7,7},
{255,137290,5,9,0,-7,5},
{256,137299,6,9,0,-9,7},
{257,137308,5,7,1,-7,6},
{258,137315,6,10,0,-10,7},
{259,137325,5,7,1,-7,6},
{260,137332,7,9,0,-7,7},
{261,137341,5,7,1,-5,6},
{262,137348,5,9,1,-9,7},
{263,137357,4,7,1,-8,5},
{264,137364,5,7,0,-7,5},
{265,137371,5,7,0,-7,5},
{266,137378,5,9,1,-9,7},
{267,137387,4,7,1,-7,5},
{268,137394,5,9,1,-9,7},
{269,137403,4,7,1,-8,5},
{270,137410,6,10,1,-10,8},
{271,137420,7,7,1,-7,7},
{272,137427,6,7,1,-7,8},
{273,137434,6,7,1,-7,7},
{274,137441,5,9,1,-9,6},
{275,137450,5,7,1,-7,7},
{276,137457,5,7,0,-7,5},
{277,137464,5,7,0,-7,5},
{278,137471,5,9,1,-9,6},
{279,137480,5,7,1,-7,7},
{280,137487,5,9,1,-7,6},
{281,137496,5,7,1,-5,7},
{282,137503,5,10,1,-10,6},
{283,137513,5,7,1,-8,7},
{284,137520,5,7,0,-7,5},
{285,137527,5,7,0,-7,5},
{286,137534,7,10,1,-10,8},
{287,137544,5,10,1,-8,7},
{288,137554,7,9,1,-9,8},
{289,137563,5,9,1,-7,7},
{290,137572,7,10,1,-7,8},
{291,137582,5,10,1,-8,7},
{292,137592,5,7,0,-7,5},
{293,137599,5,7,0,-7,5},
{294,137606,8,7,0,-7,8},
{295,137613,5,7,0,-7,6},
{296,137620,5,7,0,-7,5},
{297,137627,5,7,0,-7,5},
{298,137634,3,9,1,-9,5},
{299,137643,3,7,0,-7,3},
{300,137650,5,7,0,-7,5},
{301,137657,5,7,0,-7,5},
{302,137664,3,9,1,-7,5},
{303,137673,2,9,0,-7,3},
{304,137682,3,9,1,-9,5},
{305,137691,2,5,0,-5,3},
{306,137696,8,7,1,-7,10},
{307,137703,5,9,0,-7,6},
{308,137712,5,7,0,-7,5},
{309,137719,5,7,0,-7,5},
{310,137726,5,10,1,-7,7},
{311,137736,4,10,1,-7,6},
{312,137746,5,7,0,-7,5},
{313,137753,4,9,1,-9,5},
{314,137762,2,9,1,-9,3},
{315,137771,5,10,1,-7,6},
{316,137781,2,10,1,-7,4},
{317,137791,4,7,1,-7,5},
{318,137798,3,7,1,-7,4},
{319,137805,5,7,0,-7,5},
{320,137812,5,7,0,-7,5},
{321,137819,6,7,0,-7,6},
{322,137826,3,7,0,-7,3},
{323,137833,6,9,1,-9,8},
{324,137842,4,7,1,-8,6},
{325,137849,6,10,1,-7,8},
{326,137859,4,8,1,-5,6},
{327,137867,6,10,1,-10,8},
{328,137877,4,7,1,-8,6},
{329,137884,5,7,0,-7,5},
{330,137891,5,7,0,-7,5},
{331,137898,5,7,0,-7,5},
{332,137905,5,7,0,-7,5},
{333,137912,5,7,0,-7,5},
{334,137919,5,7,0,-7,5},
{335,137926,5,7,0,-7,5},
{336,137933,7,9,1,-9,9},
{337,137942,5,7,1,-8,7},
{338,137949,10,7,1,-7,11},
{339,137963,9,5,1,-5,11},
{340,137973,5,9,1,-9,7},
{341,137982,3,7,1,-8,4},
{342,137989,5,7,0,-7,5},
{343,137996,5,7,0,-7,5},
{344,138003,5,9,1,-9,7},
{345,138012,3,7,1,-8,4},
{346,138019,5,9,1,-9,7},
{347,138028,4,7,1,-8,6},
{348,138035,5,7,0,-7,5},
{349,138042,5,7,0,-7,5},
{350,138049,5,9,1,-7,7},
{351,138058,4,7,1,-5,6},
{352,138065,5,9,1,-9,7},
{353,138074,4,7,1,-8,6},
{354,138081,6,9,1,-7,8},
{355,138090,3,8,0,-6,3},
{356,138098,6,10,1,-10,8},
{357,138108,4,8,0,-8,3},
{358,138116,5,7,0,-7,5},
{359,138123,5,7,0,-7,5},
{360,138130,5,7,0,-7,5},
{361,138137,5,7,0,-7,5},
{362,138144,5,9,1,-9,7},
{363,138153,4,7,1,-7,6},
{364,138160,5,7,0,-7,5},
{365,138167,5,7,0,-7,5},
{366,138174,5,9,1,-9,7},
{367,138183,4,9,1,-9,6},
{368,138192,5,10,1,-10,7},
{369,138202,4,7,1,-8,6},
{370,138209,5,9,1,-7,7},
{371,138218,4,7,1,-5,6},
{372,138225,9,9,0,-9,9},
{373,138243,7,7,0,-8,7},
{374,138250,5,9,1,-9,6},
{375,138259,5,9,0,-8,5},
{376,138268,5,9,1,-9,6},
{377,138277,5,9,1,-9,7},
{378,138286,4,7,1,-8,6},
{379,138293,5,9,1,-9,7},
{380,138302,4,7,1,-7,6},
{381,138309,5,10,1,-10,7},
{382,138319,4,7,1,-8,6},
{383,138326,5,7,0,-7,5},
{8208,138333,5,7,0,-7,5},
{8209,138340,5,7,0,-7,5},
{8211,138347,4,1,1,-3,6},
{8212,138348,7,1,1,-3,9},
{8216,138349,2,3,0,-7,3},
{8217,138352,2,3,0,-7,3},
{8220,138355,4,3,0,-7,5},
{8221,138358,4,3,1,-7,5},
{8226,138361,3,3,1,-4,5},
{8230,138364,6,1,1,-1,8},
{8242,138365,5,7,0,-7,5},
{8243,138372,5,7,0,-7,5},
{8364,138379,6,7,0,-7,7},
{8722,138386,5,1,0,-3,6},
{32,138387,0,0,0,0,14},
{33,138387,8,30,3,-30,14},
{34,138417,13,10,2,-30,17},
{35,138437,31,30,1,-30,34},
{36,138557,25,38,1,-34,27},
{37,138709,40,32,1,-31,42},
{38,138869,29,33,2,-32,31},
{39,139001,5,10,2,-30,9},
{40,139011,12,39,2,-32,15},
{41,139089,12,39,1,-32,15},
{42,139167,16,16,3,-30,22},
{43,139199,22,22,2,-22,26},
{44,139265,8,14,2,-7,12},
{45,139279,14,5,1,-14,16},
{46,139289,8,7,2,-7,12},
{47,139296,17,36,1,-32,19},
{48,139404,25,32,2,-31,29},
{49,139532,13,30,2,-30,19},
{50,139592,22,31,1,-31,25},
{51,139685,23,31,1,-30,26},
{52,139778,25,30,1,-30,28},
{53,139898,22,31,2,-30,26},
{54,139991,23,32,2,-31,27},
{55,140087,22,30,1,-30,24},
{56,140177,24,31,2,-30,28},
{57,140270,22,30,2,-30,26},
{58,140360,8,22,2,-22,12},
{59,140382,8,29,2,-22,12},
{60,140411,22,23,2,-23,25},
{61,140480,22,14,2,-19,26},
{62,140522,22,23,2,-23,25},
{63,140591,22,30,1,-30,24},
{64,140681,31,32,1,-27,33},
{65,140809,29,30,0,-30,30},
{66,140929,24,30,3,-30,28},
{67,141019,26,31,1,-30,28},
{68,141143,26,30,3,-30,30},
{69,141263,22,30,3,-30,27},
{70,141353,21,30,3,-30,25},
{71,141443,28,31,1,-30,31},
{72,141567,25,30,3,-30,31},
{73,141687,15,30,2,-30,19},
{74,141747,21,31,1,-30,25},
{75,141840,25,30,3,-30,29},
{76,141960,21,30,3,-30,25},
{77,142050,32,30,3,-30,38},
{78,142170,26,30,3,-30,32},
{79,142290,30,31,1,-30,32},
{80,142414,24,30,3,-30,28},
{81,142504,32,32,1,-30,33},
{82,142632,25,30,3,-30,29},
{83,142752,25,31,1,-30,27},
{84,142876,25,30,1,-30,27},
{85,142996,25,31,3,-30,31},
{86,143120,27,30,1,-30,28},
{87,143240,37,30,1,-30,39},
{88,143390,28,30,1,-30,30},
{89,143510,28,30,-1,-30,28},
{90,143630,24,30,1,-30,26},
{91,143720,11,39,3,-32,15},
{92,143798,17,36,1,-32,19},
{93,143906,11,39,1,-32,15},
{94,143984,20,16,3,-30,26},
{95,144032,18,5,0,0,18},
{96,144047,8,6,2,-32,13},
{97,144053,22,23,1,-22,25},
{98,144122,22,33,3,-32,26},
{99,144221,20,24,1,-23,22},
{100,144293,23,33,1,-32,25},
{101,144392,23,24,1,-23,25},
{102,144464,14,32,1,-32,16},
{103,144528,22,32,1,-22,25},
{104,144624,20,32,3,-32,25},
{105,144720,10,34,0,-34,12},
{106,144788,12,41,-3,-34,11},
{107,144870,21,32,3,-32,25},
{108,144966,11,32,2,-32,14},
{109,145030,34,23,3,-23,39},
{110,145145,20,23,3,-23,25},
{111,145214,23,24,1,-23,25},
{112,145286,22,30,3,-23,26},
{113,145376,28,30,1,-23,26},
{114,145496,13,22,3,-22,17},
{115,145540,21,24,1,-23,23},
{116,145612,14,28,1,-28,17},
{117,145668,20,23,2,-22,25},
{118,145737,22,22,1,-22,23},
{119,145803,31,22,1,-22,33},
{120,145891,22,22,1,-22,24},
{121,145957,21,29,1,-22,23},
{122,146044,20,22,1,-22,22},
{123,146110,14,39,1,-32,17},
{124,146188,6,45,3,-38,12},
{125,146233,15,39,1,-32,17},
{126,146311,20,10,2,-17,24},
{160,146341,0,0,0,0,14},
{161,146341,8,29,3,-22,14},
{162,146370,20,30,1,-26,22},
{163,146460,23,31,3,-30,28},
{164,146553,21,22,2,-27,25},
{165,146619,28,30,-1,-30,28},
{166,146739,6,45,3,-38,12},
{167,146784,23,38,1,-31,25},
{168,146898,15,6,2,-32,19},
{169,146910,31,31,2,-30,35},
{170,147034,12,13,2,-31,17},
{171,147060,24,19,2,-21,29},
{172,147117,22,16,2,-19,26},
{173,147165,19,31,2,-31,23},
{174,147258,31,31,2,-30,35},
{175,147382,13,4,2,-30,17},
{176,147390,14,14,2,-31,18},
{177,147418,22,22,2,-22,26},
{178,147484,13,17,2,-35,17},
{179,147518,13,17,3,-35,18},
{180,147552,8,6,3,-32,13},
{181,147558,19,31,2,-31,23},
{182,147651,21,37,1,-30,23},
{183,147762,8,8,2,-15,12},
{184,147770,9,10,2,-2,13},
{185,147790,8,17,2,-35,12},
{186,147807,13,13,2,-31,17},
{187,147833,23,19,3,-21,29},
{188,147890,33,30,2,-30,37},
{189,148040,33,30,2,-30,37},
{190,148190,35,31,3,-31,40},
{191,148345,22,29,1,-22,23},
{192,148432,29,39,0,-39,30},
{193,148588,29,39,1,-39,30},
{194,148744,29,40,0,-40,30},
{195,148904,29,38,1,-39,30},
{196,149056,29,39,-1,-39,29},
{197,149212,29,38,-1,-38,29},
{198,149364,41,30,-1,-30,43},
{199,149544,26,38,1,-30,28},
{200,149696,22,39,3,-39,27},
{201,149813,22,39,3,-39,27},
{202,149930,22,40,3,-40,27},
{203,150050,22,39,3,-39,27},
{204,150167,15,40,2,-40,19},
{205,150247,15,39,2,-39,19},
{206,150325,17,40,1,-40,19},
{207,150445,15,39,2,-39,19},
{208,150523,29,30,1,-30,31},
{209,150643,26,38,3,-39,32},
{210,150795,30,41,1,-40,32},
{211,150959,30,41,1,-40,32},
{212,151123,30,41,1,-40,32},
{213,151287,30,39,1,-39,32},
{214,151443,30,40,1,-39,32},
{215,151603,20,20,2,-22,24},
{216,151663,30,31,1,-30,32},
{217,151787,25,41,3,-40,31},
{218,151951,25,41,3,-40,31},
{219,152115,25,41,3,-40,31},
{220,152279,25,40,3,-39,31},
{221,152439,28,39,-1,-39,28},
{222,152595,24,30,3,-30,28},
{223,152685,24,32,3,-31,28},
{224,152781,22,33,1,-32,25},
{225,152880,22,33,1,-32,25},
{226,152979,22,33,1,-32,25},
{227,153078,22,32,1,-32,25},
{228,153174,22,33,1,-32,25},
{229,153273,22,37,1,-36,25},
{230,153384,36,24,1,-23,38},
{231,153504,20,30,1,-22,22},
{232,153594,23,34,1,-33,25},
{233,153696,23,33,1,-32,25},
{234,153795,23,33,1,-32,25},
{235,153894,23,33,1,-32,25},
{236,153993,10,32,1,-32,14},
{237,154057,13,32,0,-32,13},
{238,154121,15,33,-1,-33,13},
{239,154187,15,32,0,-32,14},
{240,154251,23,34,1,-34,26},
{241,154353,20,31,3,-32,25},
{242,154446,23,33,1,-32,25},
{243,154545,23,33,1,-32,25},
{244,154644,23,34,1,-33,25},
{245,154746,23,32,1,-32,25},
{246,154842,23,33,1,-32,25},
{247,154941,22,22,2,-22,26},
{248,155007,23,24,1,-23,25},
{249,155079,20,34,2,-33,25},
{250,155181,20,33,2,-32,25},
{251,155280,20,33,2,-32,25},
{252,155379,20,33,2,-32,25},
{253,155478,21,40,1,-33,23},
{254,155598,22,39,3,-32,26},
{255,155715,21,40,1,-33,23},
{256,155835,29,38,-1,-38,29},
{257,155987,22,31,1,-30,25},
{258,156080,29,39,0,-39,30},
{259,156236,22,32,1,-31,25},
{260,156332,29,38,-1,-30,30},
{261,156484,22,30,1,-22,24},
{262,156574,26,41,1,-40,29},
{263,156738,20,33,1,-32,22},
{264,156837,19,31,2,-31,23},
{265,156930,19,31,2,-31,23},
{266,157023,27,40,1,-39,29},
{267,157183,20,33,1,-32,22},
{268,157282,26,41,1,-40,28},
{269,157446,20,34,1,-33,22},
{270,157548,26,40,3,-40,30},
{271,157708,30,33,1,-32,30},
{272,157840,29,30,1,-30,31},
{273,157960,26,33,1,-32,26},
{274,158092,22,38,3,-38,27},
{275,158206,23,31,1,-30,25},
{276,158299,19,31,2,-31,23},
{277,158392,19,31,2,-31,23},
{278,158485,22,39,3,-39,27},
{279,158602,23,33,1,-32,25},
{280,158701,22,38,3,-30,27},
{281,158815,23,31,1,-23,25},
{282,158908,22,40,3,-40,27},
{283,159028,23,34,1,-33,25},
{284,159130,19,31,2,-31,23},
{285,159223,19,31,2,-31,23},
{286,159316,28,40,1,-39,31},
{287,159476,22,41,1,-31,25},
{288,159599,28,40,1,-39,31},
{289,159759,22,42,1,-32,25},
{290,159885,28,42,1,-30,31},
{291,160053,22,44,1,-34,25},
{292,160185,19,31,2,-31,23},
{293,160278,19,31,2,-31,23},
{294,160371,30,30,1,-30,32},
{295,160491,24,32,-1,-32,25},
{296,160587,19,31,2,-31,23},
{297,160680,19,31,2,-31,23},
{298,160773,15,38,2,-38,19},
{299,160849,13,30,1,-30,14},
{300,160909,19,31,2,-31,23},
{301,161002,19,31,2,-31,23},
{302,161095,15,38,2,-30,19},
{303,161171,10,41,0,-33,12},
{304,161253,15,39,2,-39,19},
{305,161331,10,22,0,-22,13},
{306,161375,39,31,2,-30,44},
{307,161530,22,41,0,-34,24},
{308,161653,19,31,2,-31,23},
{309,161746,19,31,2,-31,23},
{310,161839,26,42,3,-30,30},
{311,162007,21,44,3,-32,25},
{312,162139,19,31,2,-31,23},
{313,162232,21,39,3,-39,25},
{314,162349,11,41,2,-41,14},
{315,162431,21,41,3,-30,25},
{316,162554,11,44,2,-32,14},
{317,162642,21,30,3,-30,25},
{318,162732,13,32,2,-32,16},
{319,162796,19,31,2,-31,23},
{320,162889,19,31,2,-31,23},
{321,162982,25,30,0,-30,26},
{322,163102,13,32,1,-32,15},
{323,163166,26,39,3,-39,32},
{324,163322,20,32,3,-32,25},
{325,163418,26,41,3,-30,32},
{326,163582,20,35,3,-23,25},
{327,163687,26,40,3,-40,32},
{328,163847,20,33,3,-33,25},
{329,163946,19,31,2,-31,23},
{330,164039,19,31,2,-31,23},
{331,164132,19,31,2,-31,23},
{332,164225,19,31,2,-31,23},
{333,164318,19,31,2,-31,23},
{334,164411,19,31,2,-31,23},
{335,164504,19,31,2,-31,23},
{336,164597,30,41,1,-40,32},
{337,164761,23,34,1,-33,25},
{338,164863,42,31,1,-30,45},
{339,165049,39,24,1,-23,41},
{340,165169,25,39,3,-39,29},
{341,165325,13,32,3,-32,17},
{342,165389,19,31,2,-31,23},
{343,165482,19,31,2,-31,23},
{344,165575,25,39,3,-39,29},
{345,165731,17,33,1,-33,17},
{346,165830,25,41,1,-40,27},
{347,165994,21,33,1,-32,23},
{348,166093,19,31,2,-31,23},
{349,166186,19,31,2,-31,23},
{350,166279,25,38,1,-30,27},
{351,166431,21,31,1,-23,23},
{352,166524,25,41,1,-40,27},
{353,166688,21,34,1,-33,23},
{354,166790,25,38,1,-30,27},
{355,166942,14,36,1,-28,17},
{356,167014,25,40,1,-40,27},
{357,167174,17,35,1,-35,17},
{358,167279,19,31,2,-31,23},
{359,167372,19,31,2,-31,23},
{360,167465,19,31,2,-31,23},
{361,167558,19,31,2,-31,23},
{362,167651,25,39,3,-38,31},
{363,167807,20,31,2,-30,25},
{364,167900,19,31,2,-31,23},
{365,167993,19,31,2,-31,23},
{366,168086,25,43,3,-42,31},
{367,168258,20,37,2,-36,25},
{368,168369,25,42,3,-41,31},
{369,168537,21,33,2,-32,25},
{370,168636,25,38,3,-30,31},
{371,168788,20,30,2,-22,25},
{372,168878,37,40,1,-40,39},
{373,169078,31,32,1,-32,33},
{374,169206,28,40,-1,-40,28},
{375,169366,21,40,1,-33,23},
{376,169486,27,39,1,-39,29},
{377,169642,24,39,1,-39,26},
{378,169759,20,32,1,-32,22},
{379,169855,24,39,1,-39,26},
{380,169972,20,32,1,-32,22},
{381,170068,24,40,1,-40,26},
{382,170188,20,33,1,-33,22},
{383,170287,19,31,2,-31,23},
{8208,170380,19,31,2,-31,23},
{8209,170473,19,31,2,-31,23},
{8211,170566,19,5,2,-14,23},
{8212,170581,33,5,2,-14,37},
{8216,170606,8,14,2,-30,12},
{8217,170620,8,14,2,-30,12},
{8220,170634,17,14,2,-30,21},
{8221,170676,17,14,2,-30,21},
{8226,170718,15,15,2,-19,19},
{8230,170748,30,7,2,-7,34},
{8242,170776,19,31,2,-31,23},
{8243,170869,19,31,2,-31,23},
{8364,170962,28,31,0,-30,29},
{8722,171086,22,5,2,-13,26},
};
const home_font_t home_fonts[8] = {
{12,0,333},
{16,333,333},
{22,666,333},
{30,999,333},
{64,1332,333},
{48,1665,333},
{10,1998,333},
{44,2331,333},
};
